Expedition.Leg,Site_Number,Hole,Core_Number,Core_Type,Core_Top_MBSF,Core_Bottom_MBSF,Age,Description,Core_ID
156,949,B,1,X,244.1,246.39,middle Miocene,"CLAYSTONE WITH NANNOFOSSILS Major Lithology: Light olive gray (5Y 6/1 - 10Y 6/1), bioturbated, mottled, claystone with nannofossils. Poorly consolidated. Moderately disturbed by drilling, with 4-5 cm ""biscuits."" Structural Features: True bedding inclination is 19-33 degrees. Whole Round Sampling: IW: Section 1, 120-150 cm.",CORE 244.1 - 246.39 MBSF
156,949,B,2,X,253.8,263.41,indeterminate,"CLAYSTONE WITH NANNOFOSSILS and CLAYSTONE Major Lithologies: Section 1-Section 2, cm: Gray to light olive gray (5Y 6/1-10Y 6/1), bioturbated, mottled claystone with nannofossils. Section 2, cm-CC: Gray to light olive gray (5Y 6/1-10Y 5Y 6/1) and light brownish gray (10YR 6/1 6/1), bioturbated, mottled claystone. Zoophycos at Section 2, 107 cm. Dark olive green mud chips occur in Sections 5-7. Moderately deformed, with 2-5 cm ""biscuits."" Structural Features: Section 3, 129 cm to Section 5,15 cm and Section 6, 48-61 cm exhibit millimeter- to decimeter-scale zones of intense scaly fabric. True dip of zones is 22-62 degrees; they show reverse sense of displacement. In Section 4, zones alternate with fracture networks and intact intervals. Light brownish gray color occurs mainly in close to deformed intervals. True bedding inclination is 12-41 degrees. Whole Round Sampling: AM: Section 1, 28-42 and 60-74 cm. WB: Section 2, 72-88 cm. MK: Section 3, 0-40 cm. IW: Section 5, 110-150 cm. GZ: Section 6, 11-26 cm.",CORE 253.8 - 263.41 MBSF
156,949,B,3,X,263.5,272.48,indeterminate,"CLAYSTONE Major Lithology: Light olive gray (5Y 6/1-10Y 6/1) to light brownish gray (2.5Y 6/1), bioturbated, mottled claystone. Abundant Zoophycos in Section 5, 58-102 cm. Bioturbation is generally slight, but moderate to strong locally. Dark gray to dark green mud clasts in Section 1, 31-33 cm; Section 3, 1-9 cm; Section 4, 0-150 cm; and Section 6, 0-72 cm. Section 1, 43-85 contains bioturbated and dispersed ash. Structural Features: Few minor faults with normal not determinable sense of displacement. Several intervals of fracture networks. Local millimeter-scale zone of scaly fabric. True bedding inclination is 34-60 degrees. Whole Round Sampling: AF: Section 2, 87-101 cm. HT: Section 4, 16-32 cm. IW: Section 5, 110-150 cm.",CORE 263.5 - 272.48 MBSF
156,949,B,4,X,273.1,275.04,indeterminate,"CLAYSTONE indeterminate Major Lithology: Light olive gray (5Y 6/1-1OY 6/1), bioturbated claystone. Moderately deformed, with 2-4 cm ""biscuits."" Structural Features: Green and pink veins, 0.5-1.0 cm thick, in Section 1, 86-96 cm; patches fragments of same vein material in Section 1, 40-42 cm and CC, 14-20 cm. Vein in Section 1, 40-42 cm is mixture of phillipsite and smectite. True bedding dip is 68 degrees. Whole Round Sampling: IW: Section 1, 125-150 cm.",CORE 273.1 - 275.04 MBSF
156,949,B,5,X,282.8,292.68,indeterminate,"CLAYSTONE Major Lithology: Light olive gray (5Y 6/1), bioturbated, mottled ciaystone, with patches of light brownish gray (2.5Y 6/1) ciaystone in Section 1, 50-70 cm; Section 3, 62-72 cm; Section 5, 60-70 and 129-136 cm; and Section 6, 32-46 cm. Thin patches of greenish gray ciaystone in Section 3, 60-68 and 106-108 cm; and Section 7, 38-43 cm. Darker mottled zones are slightly coarser grained, and contain more altered volcanic material than background sediment. Scattered mud clasts occur in Sections 3 and 6-CC. Chondrites occur in Section 6 at 63-64 and 76-77 cm. Generally moderately deformed by drilling, with 1-6 cm ""biscuits."" Structural Features: Subhorizontal, 1-cm-thick phillipsite vein in Section 2, 3-6 cm. <1-mm- thick rhodochrosite veins, most with iteep true dips, in Section 2, 26-32 cm; Section 3, 82-93 and 127-131 m; Section 4, 68-77 and 95-102 cm; Section 5, 73-80 cm; Section 6, 144-150 cm; CC, 3-13 cm. These veins occur in fractured intervals; ome have acted as normal faults with :entimeter-scale offsets. Sediment- filled vein structures with steep apparent dips also common. Low-dip, entimeter- to decimeter-scale zones of intense scaly fabric in Section 4, 55-65 cm and Section 5, 61-65 cm. True bedding inclination 0-23 degrees. Whole Round Sampling: WB: Section 1 94-110 cm. MK: Section 2 110-150 cm. JA: Section 4, 43-56 cm. IW: Section 4, 110-150 cm. Z: Section 6, 78-94 cm. HT: Section 6, 114-130 cm.",CORE 282.8 - 292.68 MBSF
156,949,B,6,X,292.4,292.52,indeterminate,CLAYSTONE Major Lithology: One chunk of gray-olive gray (5Y 6/1) claystone.,CORE 292.4 - 292.52 MBSF
156,949,B,7,X,302.1,311.75,late Miocene-early Pliocene,"CLAYSTONE WITH NANNOFOSSILS Major Lithology: Light brownish gray (2.5Y 6/1-2.5Y 6/2-1OYR 6/2), bioturbated, mottled claystone with nannofossils. Scattered mud chips in Sections 3, 6, and 7. Zoophycos occurs in Section 5, 12-16 cm and Section 6, 100-110 cm; Chondrites in Section 4, 149-150 cm. Moderately deformed by drilling, with 2-5 cm ""biscuits."" Minor Lithology: Dark gray to black volcanic ash layers in Section 1, 125-140 cm and Section 2, 58-67 cm. Layers have sharp bases and are surrounded by greenish gray zones. Base of black ash in Section 2 is laminated. Greenish gray (5GY 6/1) dispersed ash in Section 5, 40-60 cm. Structural Features: Several normal and reverse faults, fractured intervals, and isolated, moderately dipping, millimeter- to centimeter-scale zones of intense scaly fabric. True bedding inclination is 7-34 degrees. Whole Round Sampling: IW: Section 2, 110-150 cm; Section 6, 110-150 cm. PH: Section 3, 14-25 cm. JA: Section 4, 42-55 cm. HT: Section 4, 119-135 cm. GZ: Section 5, 118-134 cm. WB: Section 6, 62-77 cm.",CORE 302.1 - 311.75 MBSF
156,949,B,8,X,311.6,311.6,NA,NO RECOVERY,CORE 311.6 - 311.6 MBSF
156,949,B,9,X,321.3,321.3,NA,NO RECOVERY,CORE 321.3 - 321.3 MBSF
156,949,B,10,X,330.9,330.9,NA,NO RECOVERY,CORE 330.9 - 330.9 MBSF
156,949,B,11,X,340.6,340.6,NA,NO RECOVERY,CORE 340.6 - 340.6 MBSF
156,949,B,12,X,345.4,345.4,NA,NO RECOVERY,CORE 345.4 - 345.4 MBSF
156,949,B,13,X,350.2,354.12,indeterminate,"CLAYSTONE WITH NANNOFOSSILS and CLAYSTONE Major Lithologies: Section 1: Light olive gray (10Y 6/1), bioturbated, mottled claystone with nannofossils. Section 2-CC: Light olive gray (5Y6/1-10Y 6/1), A bioturbated claystone. Zoophycos in Section 2 at 26-28, 43, and 53 cm; Chondrites in Section 3, 13 cm. 1.5- cm- to 5-cm-thick olive gray, light brown, and reddish brown color bands indeterminate in Section 2, 70-97 cm. Generally moderately deformed by drilling, with 2-4 cm ""biscuits."" Structural Features: Zones of intense scaly fabric in Section 2, 67-137 cm and CC, 27-32 cm; their true dip is 23-39 degrees, show reverse sense of displacement. Scaly zone in Section 2 exhibits color bands. True bedding dip is 3-12 degrees. Whole Round Sampling: PB: Section 1, 49-66 cm. IW: Section 1, 110-150 cm.",CORE 350.2 - 354.12 MBSF
156,949,B,14,X,354.9,364.73,indeterminate,"CLAYSTONE Major Lithology: Light olive gray (5Y 6/1-10Y 6/1) to light brownish gray (2.5Y 6/1), mottled claystone. Intact ""biscuits"" display moderate to intense bioturbation. Scattered mud chips in Sections 1-3. Core is very deformed by drilling and is probably mostly drilling breccia and slurry, as 5 m were cored and 9.83 were recovered. 1-2 cm ""biscuits."" Minor Lithology: Greenish gray (2.5GY 6/1) volcanic ash with disrupted laminae in Section 3, 69-75 cm. Structural Features: Low-dip zones of intense scaly fabric in Section 1, 29-47 and 60-74 cm; and Section 6, 72-74 cm. In Section 1, these zones are separated by fractured interval. Boundaries are cut by steep reverse faults with centimeter-scale offsets. Whole Round Sampling: PB: Section 1, 105-121 cm. MK: Section 2, 0 cm. GZ: Section 2, 54-70 cm. JA: Section 4, 33-45 cm. HT: Section 4, 62-78 cm. IW: Section 5, 110-150 cm.",CORE 354.9 - 364.73 MBSF
156,949,B,15,X,359.9,369.43,indeterminate,"CLAYSTONE Major Lithology: Light olive gray (5Y 6/1-10Y 6/1) to gray (2.5Y 6/1), mildly bioturbated, mottled claystone. Small dark gray clasts in Section 2, 7-10 cm. Horizontal Zoophycos in Section 3, 52 cm; Section 4, 20-40 cm; and Section 4, 90 cm. Moderately to severely deformed by drilling, with 1-5 cm ""biscuits."" Minor Lithology: Irregular darker layer of carbonate-rich silty claystone in Section 6, 67-69 cm. Structural Features: Sediment-filled veins in Section 3, 139-144 cm and Section 6, 74-78 cm. True bedding dip is 1-16 degrees. Whole Round Sampling: IW: Section 2, 110-150 cm; Section 5, 110-150 cm. HT: Section 3, 84-100 cm. PB: Section 3, 122-138 cm. GZ: Section4, 41-57 cm. WB: Section 5, 28-44 cm; Section 6, 119-135 cm. PH: Section 5, 65-76 cm. SP: Section 6, 57-65 cm.",CORE 359.9 - 369.43 MBSF
156,949,B,16,X,369.5,369.6,indeterminate,CLAYSTONE Major Lithology: Two chunks of light olive gray (5Y 6/1) claystone.,CORE 369.5 - 369.6 MBSF
156,949,B,17,X,379.1,379.39,indeterminate,"CLAYSTONE Major Lithology: Small chunks of light olive gray (5Y 6/1), bioturbated claystone. Whole Round Sampling: IW: CC, 0-6 cm.",CORE 379.1 - 379.39 MBSF
156,949,B,18,X,388.8,388.8,NA,NO RECOVERY,CORE 388.8 - 388.8 MBSF
156,949,B,19,X,398.8,403.91,indeterminate,"CLAYSTONE WITH RADIOLARIANS Major Lithology: Slightly mottled and bioturbated claystone with radiolarians. Pale yellowish brown (10YR 6/2) in Sections 1 through 4, 2.5 cm; greenish gray (2.5GY 6/1) in Section 4, 2.5-21.5 cm; light brownish gray (2.5Y 6/2) in Section 4, 21.5-92. Mottles are either slightly orange (rarer) greenish gray. Manganese(?) staining in Section 2 at 20 cm, 51-55, 84, and 106-107 cm. Moderately deformed by drilling, with 1-3 cm ""biscuits."" Structural Features: Two faults in Sections 1 and 2. Low- dip, centimeter- to decimeter-scale zones of moderate to intense scaly sx fabric in Section 3, 73-80 and 119-150 cm; and Section 4, 0-3 cm, alternating with fracture networks and incipient scaly fabric. Sediment-filled veins in Section 4, 43-52 cm. Whole Round Sampling: WB: Section 1, 33-50 cm. HT: Section 2, 32-48 cm. IW: Section 2, 60-100 cm. GZ: Section 3, 34-50 cm. JA: Section 3, 95-106 cm. ",CORE 398.8 - 403.91 MBSF
156,949,B,20,X,408.1,408.1,NA,NO RECOVERY,CORE 408.1 - 408.1 MBSF
156,949,B,21,X,417.7,417.7,NA,NO RECOVERY,CORE 417.7 - 417.7 MBSF
156,949,B,22,X,427.4,436.97,early Miocene,"CLAYSTONE and SILTSTONE Major Lithologies: Section 1-Section 3, 52 cm: Light brownish gray (2.5Y6/1), locally mottled and bioturbated claystone, 1 containing scattered large radiolarians and irregular patches of scaly fabric. Section 3, 52 cm-CC: Two interbedded sediment types: (1) Variegated light brownish gray (2.5Y 6/1), greenish gray (5GY 6/1), and light olive gray (5Y 6/1) mottled claystone. (2) Greenish gray (2.5GY 6/1-5GY 6/1) siltstone, usually with fairly sharp base and slightly mixed top. Some beds appear normally graded and/or have cross-laminae.  Siltstone intervals occur in Section 3, 52-57, 98-99, and 105-107 cm; Section 4, 62-63 and 120-121 cm; Section 5, 61, 64-72, and 102-103 cm; Section 6, 0-4, 100-108, and 135 cm-Section 7, 3 and 38-39 cm; and in the Core Catcher. Siltstone in Section 1 grades from sandy at the base to silty at the top. Color changes below Section 3, 52 cm on too fine a scale to be shown accurately on this barrel sheet; see visual core descriptions for more detailed color information. Steep normal faults with up to 2.5-cm- thick zones of intense scaly fabric in Sections 1, 113-131 cm; Section 3, Section 4, 0-15 cm. Bedding-parallel, millimeter- to decimeter-scale zones of ntense scaly fabric and intervals of stratal disruption in Sections 5, 108 cm-CC. True bedding dip is 6-36 degrees. Steepest dips result from stratal disruption. Whole Round Sampling: GZ: Section 2, 0-16 cm. VIK: Section 2, 110-150 cm. SP: Section 3, 0-13 cm. HT: Section 4, 38-54 cm. W: Section 5, 110-150 cm.",CORE 427.4 - 436.97 MBSF
156,949,B,23,X,437.1,437.25,indeterminate,CLAYSTONE Major Lithology: Three chunks of light brownish gray- light olive gray (2.5Y 6/2-5Y 6/2) claystone.,CORE 437.1 - 437.25 MBSF
156,949,B,24,X,446.7,446.7,NA,NO RECOVERY,CORE 446.7 - 446.7 MBSF
156,949,B,25,H,458.4,464.23,late Oligocene,"SILTY CLAYSTONE and CLAYEY SILTSTONE Major Lithologies: Section 1 through Section 2, 48 cm and Section 2, 75-115 cm: Gray to light olive gray (5Y 6/1-10Y 6/1) to greenish gray (5GY 6/1) silty claystone and clayey siltstone. Fairly sharp color boundaries and local horizontal laminae. Section 2,115 cm through CC: Greenish gray (5GY 6/1) drilling flow-in. Vertically streaked throughout. Minor Lithology: Thin micrite bed, with sharp base, Section 1, 105-107 cm. Gray (5Y 6/1)  laminae and sharp base and top, in Section 2, 48-75 cm. Two bedding-parallel, millimeter-scale zones of intense scaly fabric. True bedding dip is 1 to 12 degrees. ",CORE 458.4 - 464.23 MBSF
