Expedition.Leg,Site_Number,Hole,Core_Number,Core_Type,Core_Top_MBSF,Core_Bottom_MBSF,Age,Description,Core_ID
156,949,C,1,R,401,401,NA,NO RECOVERY,CORE 401 - 401 MBSF
156,949,C,2,R,405.9,406,early Miocene,"CLAYSTONE WITH RADIOLARIANS Major Lithology: One chunk of light olive gray (5Y 6/2) claystone with radiolarians. Whole Round Sampling: IW:CC, 5-10 cm.",CORE 405.9 - 406 MBSF
156,949,C,3,R,415.6,415.6,NA,NO RECOVERY,CORE 415.6 - 415.6 MBSF
156,949,C,4,R,425.2,425.88,early Miocene?,"CLAYSTONE Major Lithology: Light olive gray (5Y 6/2) claystone, with weak greenish gray (5GY 6/1) mottles. Mostly drilling breccia and slurry. Whole Round Sampling: IW: Section 1, 0-4 cm.",CORE 425.2 - 425.88 MBSF
156,949,C,5,R,434.9,435.04,indeterminate,CLAYSTONE Major Lithology: Two chunks of brownish gray (10YR 6/3) and dark olive gray (5Y 6/1) mottled claystone. Drilling breccia.,CORE 434.9 - 435.04 MBSF
156,949,C,6,R,444.5,444.65,indeterminate,"CLAYSTONE Major Lithology: One chunk of gray (5Y 5/1) claystone, with scattered olive green and light brownish mud chips. Drilling breccia. Whole Round Sampling: IW: CC, 0-7 cm.",CORE 444.5 - 444.65 MBSF
156,949,C,7,R,454.1,455.21,late Oligocene,"CLAYSTONE Major Lithology: Claystone, variegated dark olive green to light greenish gray to reddish dark brown to yellowish brown. Reddish brown intervals contain nannofossils. Color changes on too fine a scale to be illustrated; refer to VCDs for detailed information. Structural Features: True bedding dips probably subhorizontal. Whole Round Sampling: IW: Section 1, 80-90 cm.",CORE 454.1 - 455.21 MBSF
