"Expedition","Site_Number","Hole","Core_Number","Core_Type","Core_Top_MBSF","Core_Bottom_MBSF","Age","Description","Core_ID"
208,"1266","A","1","H",0,10.04,""," FORAMINIFER-BEARING NANNOFOSSIL OOZE Major Lithology: Light gray brown and medium brown foraminifer-bearing nannofossil ooze alternating on a 30 to 100 cm scale. Large pinkish brown burrows/blebs distributed throughout. Black and brown oxides occur as nodules in Sections 3, 4 and 5. Minor Lithology: Notes: Darker lithology has higher oxide content. Core Disturbance: Mild ","CORE  0 - 10.04  MBSF"
208,"1266","A","2","H",9.5,19.43,""," FORAMINIFER-BEARING NANNOFOSSIL OOZE AND NANNOFOSSIL OOZE Major Lithology: Medium brown nannofossil ooze alternating with light gray brown foraminifer-bearing nannofossil ooze on a meter to decimeter scale. Large pinkish blebs visible in dark lithologies. Oxides occurring in nodules are more common in dark lithology. Core Disturbance: Mild to moderate. ","CORE  9.5 - 19.43  MBSF"
208,"1266","A","3","H",19,28.4,""," FORAMINIFER-BEARING NANNOFOSSIL OOZE Major Lithology: Medium brown (20 -30 cm thick) foraminifer-bearing nannofossil ooze interbedded with light gray brown foraminifer-bearing nannofossil ooze on a 1 to 1.5 meter scale. Minor Lithology: Foraminifer ooze occurs at Section 5, 128-130 cm; Section 6, 16-52 cm. These are interpreted as turbidite deposits. Bioturbation: Mild disruption ","CORE  19 - 28.4  MBSF"
208,"1266","A","4","H",28.5,37.45,""," FORAMINIFER-BEARING NANNOFOSSIL OOZE AND NANNOFOSSIL OOZE Major Lithology: Light gray nannofossil ooze aternating with light brown foraminifer-bearing nannofossil ooze on meter scale. Boundaries between color bands are diffuse. Minor Lithology: Slightly indurated, 1 cm thick ""chalky"" layers in Section 6, 30 and 40 cm. Notes: Scyphoshaera sp. present in darker layers. Bioturbation: No bioturbation visible. Core Disturbance: Severe disruption at Section 1, 130 - 150 cm. ","CORE  28.5 - 37.45  MBSF"
208,"1266","A","5","H",38,47.95,""," FORAMINIFER-BEARING NANNOFOSSIL OOZE Major Lithology: Light gray, very homogeneous foraminifer-bearing nannofossil ooze. Core Disturbance: Moderate. ","CORE  38 - 47.95  MBSF"
208,"1266","A","6","H",47.5,57.38,""," FORAMINIFER-BEARING NANNOFOSSIL OOZE Major Lithology: Light gray foraminifer-bearing nannofossil ooze disrupted by periodic, coarse foraminifer-rich turbidite layers. Minor Lithology: Oxide-rich foraminifer ooze and foraminifer-bearing nannofossil ooze. Dark brown to black layers occur at the base of turbidites in coarser foraminifer ooze. Notes: Void occurring at Section 3, 55 to 97 cm was position of coarse turbidite layer prior to core splitting. ","CORE  47.5 - 57.38  MBSF"
208,"1266","A","7","H",57,66.94,""," NANNOFOSSIL OOZE Major Lithology: Light gray to white nannofossil ooze with thin (cm) black oxide bands interlayered at cm to dm scale. Transition to light pale yellow nannofossil ooze at Section 6, 57 cm. Core Disturbance: Section 1, 0 -12 cm extremely disturbed. ","CORE  57 - 66.94  MBSF"
208,"1266","A","8","H",66.5,76.23,""," NANNOFOSSIL OOZE AND CLAY-BEARING NANNOFOSSIL OOZE Major Lithology: Light gray to light brown nannofossil ooze containing pinkish blebs with oxide haloes, Section 1 through 5. Medium brown clay-bearing nannofossil ooze lacking bioturbation or pinkish blebs. Notes: Lithologic transition may occur at Section 1, 30 cm; Section 6, cc. ","CORE  66.5 - 76.23  MBSF"
208,"1266","A","9","H",76,84.66,""," NANNOFOSSIL OOZE AND CLAY-BEARING NANNOFOSSIL OOZE Major Lithology: Light gray brown nannofossil ooze with pinkish blebs alternating with a dark brown clay-bearing nannofossil ooze with minor vertical burrows (Section 3, 20 to 85 cm). Notes: Abrupt transition into clay-bearing nannofossil ooze at Section 4, 130 cm. Bioturbation: Moderate where visible. Core Disturbance: Extreme flow-in in sections 5, 6 and CC. ","CORE  76 - 84.66  MBSF"
208,"1266","A","10","H",84.6,93.98,""," CLAY-BEARING NANNOFOSSIL OOZE AND CLAYEY NANNOFOSSIL OOZE Major Lithology: Light brown clay-bearing nannofossil ooze alternating with a medium to dark brown clayey nannofossil ooze on a decimeter to meter scale. Notes: Possible inclination of bedding planes at Section 1, 100 to 140 cm; Section 2, 55 to 75 cm. This core correlates with 1266C-4H. Bioturbation: Moderate when visible in darker layers. Core Disturbance: Mild bowing of laminae. ","CORE  84.6 - 93.98  MBSF"
208,"1266","A","11","H",94.1,103.81,""," NANNOFOSSIL OOZE Major Lithology: Light brown nannofossil ooze alternating on decimeter to meter scale with a medium to dark brown nannofossil ooze with small but greater amount of clay. Bioturbation: Moderate throughout. ","CORE  94.1 - 103.81  MBSF"
208,"1266","A","12","H",103.6,113.76,""," NANNOFOSSIL OOZE AND CLAY-BEARING NANNOFOSSIL OOZE Major Lithology: Light brown nannofossil ooze alternates with medium to dark brown clay-bearing nannofossil ooze at decimeter and meter scales. Notes: Darker lithology contains zeolites and greater clay content than white lithology. Bioturbation: Moderate were visible at color changes ","CORE  103.6 - 113.76  MBSF"
208,"1266","A","13","H",113.1,123.22,""," CLAY-BEARING NANNOFOSSIL OOZE AND NANNOFOSSIL OOZE Major Lithology: Light brown nannofossil ooze and darker, medium brown clay-bearing nannofossil ooze alternate on meter scale. Minor Lithology: Laminations of pinkish brown nannofossil ooze in Section 7 and CC. Notes: Nannofossil ooze shows extensive dissolution of foraminifers. Dark clayey layers often contain abundant zeolites (phillipsite) and Fe-oxides. Bioturbation: Dark layers show burrows (>20 cm long) extending into underlying lithologies. Core Disturbance: Mild to moderate. ","CORE  113.1 - 123.22  MBSF"
208,"1266","A","14","H",122.6,132.48,""," NANNOFOSSIL OOZE AND CLAY-BEARING NANNOFOSSIL OOZE Major Lithology: Subtle alternation of light brown nannofossil ooze and dark to medium brown clay-bearing nannofossil ooze. Pinkish-brown blebs distributed sparsely throughout lighter layers. ","CORE  122.6 - 132.48  MBSF"
208,"1266","A","15","H",132.1,141.98,""," NANNOFOSSIL OOZE AND CLAY-BEARING NANNOFOSSIL OOZE Major Lithology: Light brown nannofossil ooze alternating with medium brown clay-bearing nannofossil ooze on meter scale. Notes: Indurated layers at Section 2, 55 cm; Section 4, 90 cm. Bioturbation: Burrows visible throughout where color contrast present. Core Disturbance: Moderate to minor. ","CORE  132.1 - 141.98  MBSF"
208,"1266","A","16","H",141.6,151.73,""," NANNOFOSSIL OOZE AND CLAY-BEARING NANNOFOSSIL OOZE Major Lithology: Light brown nannofossil ooze alternates with medium brown clay-bearing nannofossil ooze on 0.5 to 1 meter scale. Pinkish-brown (2-3 cm) blebs/burrows present sporadically throughout core. ","CORE  141.6 - 151.73  MBSF"
208,"1266","A","17","H",151.1,160.33,""," NANNOFOSSIL OOZE Major Lithology: Light brown nannofossil ooze with occassional medium brown laminations and layers. Pinkish blebs locally present throughout core. Bioturbation: Moderate where visible. ","CORE  151.1 - 160.33  MBSF"
208,"1266","A","18","H",160.6,170.39,""," NANNOFOSSIL OOZE Major Lithology: Light brown nannofossil ooze with occassional pinkish blebs and thin darker clay-bearing intervals. Notes: Thin indurated layers at Section 1, 13-17 cm; Section 4, 17-21cm. Bioturbation: moderate ","CORE  160.6 - 170.39  MBSF"
208,"1266","A","19","H",170.1,179.12,""," NANNOFOSSIL OOZE Major Lithology: Light brown nannofossil ooze with layers of small dark blotches suggestive of bioturbation of a cm-laminated, light-dark layered sediment. Pink blebs occur sporadically throughout. ","CORE  170.1 - 179.12  MBSF"
208,"1266","A","20","H",179.6,189.23,""," NANNOFOSSIL OOZE Major Lithology: Light brown nannofossil ooze with darker blotches throughout. This fabric is suggestive of bioturbated, light-dark sediment. Bioturbation: Common ","CORE  179.6 - 189.23  MBSF"
208,"1266","A","21","H",189.1,199.15,""," CLAY-BEARING NANNOFOSSIL OOZE Major Lithology: Medium brown clay-bearing nannofossil ooze is generally homogenous except for sporadically occurring pinkish blebs. Lithology has a fabric suggesting cm-scaled bedding that has been disrupted by bioturbation. Minor Lithology: Clayey nannofossil ooze occurs as dark brown layers (Section 1, 44 to 50 cm). Oxides occur concentrated as small nodules. Bioturbation: Moderate throughout Core Disturbance: Slight disturbance in Sections 5 and 6. ","CORE  189.1 - 199.15  MBSF"
208,"1266","A","22","H",198.6,208.72,""," NANNOFOSSIL OOZE AND CLAY-BEARING NANNOFOSSIL OOZE Major Lithology: Light gray brown nannofossil ooze and clay-bearing nannofossil ooze-bearing nannofossil ooze alternating on 1 to 2 meter scale. Indurated, chalky horizons and layers of concentrated oxides sporadically present troughout core. Pinkish blebs present but uncommon. Minor Lithology: Reddish brown clayey nannofossil ooze, Section 3, 12 to 18 cm. Notes: Lighter lithology, nannofossil ooze, contains more foraminifers than darker layers. Bioturbation: Moderate ","CORE  198.6 - 208.72  MBSF"
208,"1266","A","23","H",208.1,215.07,""," NANNOFOSSIL OOZE AND CLAY-BEARING NANNOFOSSIL OOZE Major Lithology: Light brown nannofossil ooze and medium brown clay-bearing nannofossil ooze alternate on meter scale. Pinkish blebs occassionally present. Notes: Calcareous dinoflagellate cysts present. ","CORE  208.1 - 215.07  MBSF"
208,"1266","A","24","H",215,215.93,""," CLAYEY NANNOFOSSIL OOZE Major Lithology: Medium to light brown clayey nannofossil ooze exhibiting vague laminations.","CORE  215 - 215.93  MBSF"
208,"1266","A","25","H",215.9,217.18,""," NANNOFOSSIL OOZE Major Lithology: Light to medium brown nannofossil ooze with thin indurated layers. Slight variation in color suggests cm-scale laminations. Core Disturbance: Void at Section 1, 93-98 cm.","CORE  215.9 - 217.18  MBSF"
208,"1266","A","26","X",217.1,218.71,""," CLAY-BEARING NANNOFOSSIL OOZE Major Lithology: Light to medium brown clay-bearing nannofossil ooze. Coring Disturbance: Very extensive","CORE  217.1 - 218.71  MBSF"
208,"1266","A","27","X",221.6,230.99,""," NANNOFOSSIL OOZE AND CLAY-BEARING NANNOFOSSIL OOZE Major Lithology: Light brown nannofossil ooze alternating with medium brown clayey-nannofossil ooze on decimeter scale. Minor Lithology: Ash-bearing nannofossil ooze occurs as thin layers: Section 3, 118 - 121 cm; and CC, 12-14 cm. Core Disturbance: Moderate biscuit formation throughout; Section 1, 1 - 57 cm severe. ","CORE  221.6 - 230.99  MBSF"
208,"1266","A","28","X",231.1,237.43,""," NANNOFOSSIL OOZE AND CLAY-BEARING NANNOFOSSIL OOZE Major Lithology: Light brown nannofossil ooze alternates with medium brown clay-bearing nannofossil ooze on 20-40 cm scale. Minor Lithology: Medium to dark brown clayey nannofossil ooze, Section 2, 116 - 125 cm. Core Disturbance: Section 1 biscuits; remainder moderate. ","CORE  231.1 - 237.43  MBSF"
208,"1266","A","29","X",240.7,250.11,""," NANNOFOSSIL OOZE AND CLAY-BEARING NANNOFOSSIL OOZE Major Lithology: Light brown nannofossil ooze alternates with medium brown clay-bearing nannofossil ooze on 0.5 - 1.0 meter scale. Minor Lithology: Pinkish nannofossil ooze occurring in blebs and laminae. ","CORE  240.7 - 250.11  MBSF"
208,"1266","A","30","X",250.3,259.98,""," CLAY-BEARING NANNOFOSSIL OOZE Major Lithology: Light brown nannofossil ooze alternates with medium brown clay-bearing nannofossil ooze on meter scale. Minor Lithology: Dark brown to red nannofossil clay and clayey nannofossil ooze, Section 2, 58 - 64 cm. ","CORE  250.3 - 259.98  MBSF"
208,"1266","A","31","X",260,265.29,""," NANNOFOSSIL OOZE AND CLAY-BEARING NANNOFOSSIL OOZE Major Lithology: Medium to dark brown clayey nannofossil ooze grades into nannofossil clay at Section 3, 15 - 35 cm. Nannofossil ooze comprise the lower part of core, Section 3, 35 through CC. Minor Lithologies: Reddish brown nannofossil clay at Section 3, 15 - 35 is the Paleocene/Eocene boundary. Chert occurs as a discrete nodule at Section 3, 107 cm. Notes: Abundant Zygroblithus bijugutus. This core contains the Paleocene/Eocene boundary. Core Disturbance: Section 1 biscuits; remainder moderate.","CORE  260 - 265.29  MBSF"
208,"1266","A","32","X",269.7,277.52,""," NANNOFOSSIL OOZE AND NANNOFOSSIL CHALK Major LIthologies: Light gray brown nannofossil ooze interbedded with sparse cm-thick layers of nannofossil chalk. Minor Lithologies: Sporadic chert nodules and thin layers of altered volcanic ash. ","CORE  269.7 - 277.52  MBSF"
208,"1266","A","33","X",279.3,287.49,""," NANNOFOSSIL CHALK AND NANNOFOSSIL OOZE Major Lithologies: Light brown nannofossil ooze and nannofossil chalk. Minor Lithology: Chert occurs locally as nodules. Bioturbation: Moderate throughout ","CORE  279.3 - 287.49  MBSF"
208,"1266","A","34","X",288.9,295.21,""," NANNOFOSSIL CHALK AND NANNOFOSSIL OOZE Major Lithologies: Light brown nannofossil ooze and nannofossil chalk. Minor Lithology: Chert occurs locally as nodules. Clay-bearing nannofossil chalks occur sporadically throughout core. Bioturbation: Moderate throughout ","CORE  288.9 - 295.21  MBSF"
208,"1266","B","1","H",0,7.65,""," NANNOFOSSIL OOZE Major Lithologies: Medium brown nannofossil ooze with abundant 2 - 4 cm pinkish blebs distributed throughout core. Bioturbation: Moderate throughout ","CORE  0 - 7.65  MBSF"
208,"1266","B","2","X",220,229.61,""," NANNOFOSSIL OOZE Major Lithologies: Pinkish brown nannofossil ooze, Section 1, 0 cm through Section 2, 12 cm. Light brown nannofossil ooze Section 2, 12cm through CC. Minor Lithology: Pinkish nannofossil ooze occurring in blebs. Bioturbation: Moderate throughout ","CORE  220 - 229.61  MBSF"
208,"1266","B","3","X",229.5,239.27,""," NANNOFOSSIL OOZE Major Lithologies: Light brown nannofossil ooze alternating with medium brown nannofossil chalk at meter scale. Minor lithology: Pinkish blebs of nannofossil ooze scattered throughout. Notes: Darker lithology contains slightly more clay and oxides. Bioturbation: Moderate throughout ","CORE  229.5 - 239.27  MBSF"
208,"1266","B","4","X",239,248.68,""," NANNOFOSSIL OOZE Major Lithologiy: Light and medium brown nannofossil ooze alternating on meter scale. Occassional pinkish blebs and layers distributed throughout core. Minor Lithology: Dark to medium brown clayey nannofossil ooze, Section 1, 130 - 135 cm. Bioturbation: Moderate throughout. ","CORE  239 - 248.68  MBSF"
208,"1266","B","5","H",248.5,258.49,""," FORAMINIFER-BEARING NANNOFOSSIL OOZE AND CLAY-BEARING NANNOFOSSIL OOZE Major Lithologies: Light brown foraminifer-bearing nannofossil ooze alternating with darker, medium brown clay-bearing nannofossil ooze. Pinkish brown blebs scattered throughout. Minor Lithology: Reddish clay-bearing nannofossil ooze, Section 4, 85 - 93 cm. Notes: Cm-scale laminations present at Section 6, 100 - 150 cm. Bioturbation: Moderate throughout. ","CORE  248.5 - 258.49  MBSF"
208,"1266","B","6","H",258,268.25,""," NANNOFOSSIL CHALK AND FORAMINIFER-BEARING NANNOFOSSIL OOZE Major Lithologies: Light reddish brown foraminifer-bearing nannofossil ooze alternating with light brown to gray nannofossil ooze at a decimeter scale. Excellent color banding throughout. Minor Lithology: Ashy clay, clay-bearing nannofossil ooze, and nannofossil clay occur throughout in thin medium brown bands. Notes: This core contains the Paleocene/Eocene boundary, CC, 25 cm. Bioturbation: Moderate throughout. ","CORE  258 - 268.25  MBSF"
208,"1266","B","7","X",267.5,275.89,""," NANNOFOSSIL CHALK AND NANNOFOSSIL OOZE Major Lithologies: Light to medium gray nannofossil ooze alternating with nannofossil chalk. Minor Lithology: Chert occurs locally as nodules, (i.e., Section 3, 80 cm). Bioturbation: Moderate throughout ","CORE  267.5 - 275.89  MBSF"
208,"1266","B","8","X",273,281.51,""," NANNOFOSSIL CHALK AND NANNOFOSSIL OOZE Major Lithologies: Light gray and pinkish nannofossil ooze and nannofossil chalk. Dominately light gray Section 1, 60 cm through Section 4, 34 cm. Minor Lithology: Thin ash layer at Section 5, 47 cm. Bioturbation: Moderate throughout ","CORE  273 - 281.51  MBSF"
208,"1266","B","9","X",282.6,292.37,""," NANNOFOSSIL OOZE AND NANNOFOSSIL CHALK Major Lithologies: Light pinkish-brown nannofossil ooze and nannofossil chalk alternating on a cm scale. Minor Lithology: Chert occurs locally as nodules (Section 4, 56 - 60 cm). Notes: Dense chalk at Section 5, 112-135 cm. Bioturbation: Moderate throughout ","CORE  282.6 - 292.37  MBSF"
208,"1266","B","10","X",292.2,302.13,""," NANNOFOSSIL OOZE AND NANNOFOSSIL CHALK Major Lithologies: Light pinkish-brown nannofossil ooze and nannofossil chalk alternating at a decimeter to centimeter scale. Minor Lithology: Chert occurs locally as nodules, Section 4, 0 - 7 cm; and Section CC, 22 - 23 cm. Bioturbation: Rare ","CORE  292.2 - 302.13  MBSF"
208,"1266","B","11","X",301.8,311.23,""," NANNOFOSSIL OOZE AND NANNOFOSSIL CHALK Major Lithologies: Light brown and pinkish-brown nannofossil ooze and nannofossil chalk. Minor Lithology: Chert occurs locally as nodules, Section 4, 117-121 cm. Bioturbation: Moderate throughout ","CORE  301.8 - 311.23  MBSF"
208,"1266","B","12","X",311.4,318.85,""," NANNOFOSSIL OOZE AND NANNOFOSSIL CHALK Major Lithologies: Light brown to gray nannofossil ooze and nannofossil chalk. Bioturbation: Rare Core Disruption: Extreme in Section 1 through 4, and CC; moderate in Section 5. ","CORE  311.4 - 318.85  MBSF"
208,"1266","C","1","H",62,71.61,""," NANNOFOSSIL OOZE Major Lithologies: Light gray to white nannofossil ooze with cm-scale black oxide laminations, Section 1, 0 cm through Section 5, 59 cm. Light brown to pale yellow nannofossil ooze. Bioturbation: Moderate throughout ","CORE  62 - 71.61  MBSF"
208,"1266","C","2","H",71.5,81.5,""," NANNOFOSSIL OOZE AND CLAY-BEARING NANNOFOSSIL OOZE Major Lithologies: Light gray to brown nannofossil ooze alternating with medium brown clay-bearing nannofossil ooze. Bioturbation: Moderate. ","CORE  71.5 - 81.5  MBSF"
208,"1266","C","3","H",81,88.45,""," FORAMINIFER-BEARING NANNOFOSSIL OOZE AND CLAY-BEARING NANNOFOSSIL OOZE Major Lithologies: Light brown foraminifer-bearing nannofossil ooze and alternating on 0.5 to 1.0 meter scale with medium brown clay-bearing nannofossil ooze. Minor Lithology: Nannofossil ooze. Bioturbation: Moderate throughout. ","CORE  81 - 88.45  MBSF"
208,"1266","C","4","H",88.4,98.23,""," NANNOFOSSIL OOZE AND CLAY-BEARING NANNOFOSSIL OOZE Major Lithologies: Light brown nannofossil ooze laminated with medium brown clay-bearing nannofossil ooze at cm-scale. Minor Lithology: Clayey nannofossil ooze, Section 1, 140-150 cm. Bioturbation: Moderate where visible at color changes. ","CORE  88.4 - 98.23  MBSF"
208,"1266","C","5","H",97.9,107.4,""," NANNOFOSSIL OOZE AND CLAY-BEARING NANNOFOSSIL OOZE Major Lithologies: Light brown nannofossil ooze alternating with medium brown nannofossil ooze on cm- to dm-scale. Minor Lithology: Pinkish brown nannofossil ooze occurs in thin bands or as blebs. Bioturbation: Minor throughout ","CORE  97.9 - 107.4  MBSF"
208,"1266","C","6","H",107.4,116,""," NANNOFOSSIL OOZE AND CLAY-BEARING NANNOFOSSIL OOZE Major Lithologies: Medium to light gray-brown nannofossil ooze alternates with medium brown clay-bearing nannofossil ooze at cm-scale. Minor Lithology: Dark brown layers are clayey nannofossil ooze that grade from clay-bearing nannofossil ooze. Upper contact is bioturbated, but not gradational with overlying nannofossil ooze. Notes: Slump visible at Section 2, 125-150 cm. Bioturbation: Moderate throughout. ","CORE  107.4 - 116  MBSF"
208,"1266","C","7","H",116,125.04,""," NANNOFOSSIL OOZE AND CLAY-BEARING NANNOFOSSIL OOZE Major Lithologies: Light brown nannofossil ooze and medium to dark clay-bearing nannofossil ooze alternating on meter scale. Minor Lithology: Dark brown clayey nannofossil ooze contains abundant zeolites (phillipsite), Section 1, 100 cm. Bioturbation: Moderate throughout. ","CORE  116 - 125.04  MBSF"
208,"1266","C","8","H",125.5,135.03,""," NANNOFOSSIL OOZE Major Lithologies: Light brown nannofossil ooze alternating with slightly darker lithology on a meter scale. Occassional pinkish blebs are present. ","CORE  125.5 - 135.03  MBSF"
208,"1266","C","9","H",135,144.07,""," NANNOFOSSIL OOZE Major Lithologies: Light to medium brown nannofossil ooze alternates with diffuse layers of darker nannofossil ooze on a meter scale. Pinkish blebs distributed sproadically in lighter layers. Bioturbation: Moderate throughout. ","CORE  135 - 144.07  MBSF"
208,"1266","C","10","H",144.5,154.54,""," NANNOFOSSIL OOZE AND CLAY-BEARING NANNOFOSSIL OOZE Major Lithologies: Light brown nannofossil ooze and medium brown clay-bearing nannofossil ooze alternating on meter scale. Pinkish brown blebs (1-3 cm) distributed throughout core. Bioturbation: Moderate throughout. ","CORE  144.5 - 154.54  MBSF"
208,"1266","C","11","H",154,163.89,""," NANNOFOSSIL OOZE Major Lithologies: Light brown nannofossil ooze with occassional medium brown layers. Pinkish blebs scattered throughout core. Bioturbation: Moderate throughout. ","CORE  154 - 163.89  MBSF"
208,"1266","C","12","H",163.5,173.03,""," NANNOFOSSIL OOZE Major Lithology: Light brown nannofossil ooze with subtle dark mottling. Pinkish blebs occur sporadically. Bioturbation: Moderate throughout. ","CORE  163.5 - 173.03  MBSF"
208,"1266","C","13","H",173,182.54,""," NANNOFOSSIL OOZE Major Lithology: Light brown nannofossil ooze. Minor Lithology: Pinkish nannofossil ooze filling blebs scattered throughout core. Bioturbation: Moderate throughout. ","CORE  173 - 182.54  MBSF"
208,"1266","C","14","H",182.5,192.32,""," NANNOFOSSIL OOZE Major Lithology: Light brown nannofossil ooze. Pinkish nannofossil ooze fills 1-2 cm blebs. Bioturbation: Moderate throughout. ","CORE  182.5 - 192.32  MBSF"
208,"1266","C","15","X",245,254.65,""," NANNOFOSSIL OOZE AND CLAY-BEARING NANNOFOSSIL OOZE Major Lithologies: Clay-bearing nannofossil ooze with color alternation of cm-thick medium brown layers and decimeter thick light brown horizons. Minor Lithology: Light pinkish white nannofossil ooze occurring in rare blebs. Bioturbation: Moderate throughout. ","CORE  245 - 254.65  MBSF"
208,"1266","C","16","H",254.5,264.58,""," CLAY-BEARING NANNOFOSSIL OOZE Major Lithologies: Very light brown clay-bearing nannofossil ooze with cm- to dm-scale color oscillations. Rare pinkish white nannofossil ooze blebs scattered throughout core. Minor Lithology: Dark brown nannofossil clay at Section 1, 5-10 cm. Red nannofossil clay at Section 2, 40-50 cm. Bioturbation: Moderate throughout. ","CORE  254.5 - 264.58  MBSF"
208,"1266","C","17","H",264,273.93,""," CLAY-BEARING NANNOFOSSIL OOZE Major Lithologies: Light to medium brown clay-bearing nannofossil ooze containing pinkish white blebs of nannofossil ooze dominate above clay layer at Section 3, 65-112 cm. Below this reddish clay, foraminifer-bearing nannofossil ooze alternates with nannofossil ooze on a decimeter scale. Minor Lithology: The interval at Section 3, 112 to 65 comprises dark reddish brown nannofossil clay grading upward into clayey nannofossil ooze, and then into clay-bearing nannofossil ooze. Note: This core contains the Paleocene/Eocene boundary. Bioturbation: Moderate throughout. ","CORE  264 - 273.93  MBSF"
208,"1266","C","18","H",273.5,282.78,""," NANNOFOSSIL OOZE AND NANNOFOSSIL CHALK Major Lithologies: Light brown and pinkish-brown nannofossil ooze and nannofossil chalk. White blebs (2-3 cm) occur sporadically in upper part. Minor Lithology: Clayey nannofossil ooze, Section 5, 40-41 cm. Bioturbation: Not visible. Core Distrubance: Section 1, 1-7 cm extreme. ","CORE  273.5 - 282.78  MBSF"
208,"1266","C","19","X",282.7,291.77,""," NANNOFOSSIL OOZE Major Lithology: Light brown and pinkish-brown nannofossil ooze. Minor Lithology: Chert, Section 6, 105-110 cm. Bioturbation: Moderate throughout. ","CORE  282.7 - 291.77  MBSF"
208,"1266","C","20","X",315,320.98,""," NANNOFOSSIL CHALK Major Lithology: Light brown to gray nannofossil chalk exhibits little color variation. Bioturbation: Well preserved burrow structures suggest moderate bioturbation. ","CORE  315 - 320.98  MBSF"
208,"1266","C","21","X",324.6,333.13,""," NANNOFOSSIL CHALK Major Lithologies: Light brown and pinkish-brown nannofossil ooze and nannofossil chalk. Bioturbation: Moderate throughout ","CORE  324.6 - 333.13  MBSF"
