"Expedition","Site_Number","Hole","Core_Number","Core_Type","Core_Top_MBSF","Core_Bottom_MBSF","Age","Description","Core_ID"
208,"1263","A","2","H",2.3,11.76,""," FORAMINIFER-BEARING NANNOFOSSIL OOZE Major Lithology: Light gray to brown foraminifer-bearing nannofossil ooze with white blebs of nannofossil ooze and distinct color variations. Dark horizon in Section 3, 60-80 cm is coarser-grained. Minor Lithology: Light gray nannofossil ooze in Section 6, 57-130 cm. ","CORE  2.3 - 11.76  MBSF"
208,"1263","A","3","H",11.8,21.27,""," FORAMINIFER-BEARING NANNOFOSSIL OOZE Major Lithology: Light gray to brown foraminifer-bearing nannofossil ooze with common blebs of white nannofossil ooze. ","CORE  11.8 - 21.27  MBSF"
208,"1263","A","4","H",21.3,30.9,""," FORAMINIFER-BEARING NANNOFOSSIL OOZE Major Lithology: Light gray to brown foraminifer-bearing nannofossil ooze Disturbance: Extremely soupy in Section 1, 0-80 cm. Moderately soupy in Section 1, 80 cm through Section CC. ","CORE  21.3 - 30.9  MBSF"
208,"1263","A","6","H",40.3,49.15,""," FORAMINIFER-BEARING NANNOFOSSIL OOZE Major Lithology: Light gray to brown foraminifer-bearing nannofossil ooze. Minor Lithology: Ooze recrystallized to microspar in Section 2, 111-124 cm; Section 4, 110-111 cm. Disturbance: Moderately soupy throughout core. Bioturbation: Moderate throughout. ","CORE  40.3 - 49.15  MBSF"
208,"1263","A","7","H",49.8,59.66,""," FORAMINIFER-BEARING NANNOFOSSIL OOZE Major Lithology: Light gray to brown foraminifer-bearing nannofossil ooze with scattered blebs of pinkish-white foraminifer-bearing nannofossil ooze. Disturbance: Moderately soupy throughout core. ","CORE  49.8 - 59.66  MBSF"
208,"1263","A","8","H",59.3,68.4,""," FORAMINIFER-BEARING NANNOFOSSIL OOZE Major Lithology: Light gray to brown foraminifer-bearing nannofossil ooze with scattered burrows and blebs associated with pinkish-white foraminifer-bearing nannofossil ooze. Disturbance: Moderately soupy throughout core. Bioturbation: Moderate throughout. ","CORE  59.3 - 68.4  MBSF"
208,"1263","A","9","H",68.8,78.26,""," FORAMINIFER-BEARING NANNOFOSSIL OOZE Major Lithology: Light gray to brown foraminifer-bearing nannofossil ooze. Minor Lithology: Scattered blebs of coarser-grained pinkish-white foraminifer-bearing, microspar nannofossil ooze. Disturbance: Moderately soupy throughout core. Bioturbation: Common throughout. ","CORE  68.8 - 78.26  MBSF"
208,"1263","A","10","H",78.3,88.23,""," NANNOFOSSIL OOZE Major Lithology: Light to medium gray nannofossil ooze. Disturbance: Slightly soupy with intervals of moderate soupiness throughout core. ","CORE  78.3 - 88.23  MBSF"
208,"1263","A","11","H",87.8,96.67,""," NANNOFOSSIL OOZE Major Lithology: Medium to light gray nannofossil ooze. Minor Lithology: Concentration of organic debris in Section 3, 33-37 cm above lighter-colored interval. Disturbance: Section 4, 42-51 cm; Section 4, 85 cm through Section 5, 42 cm are moderately deformed. Bioturbation: Moderate throughout. ","CORE  87.8 - 96.67  MBSF"
208,"1263","A","12","H",97.3,104.12,""," NANNOFOSSIL OOZE Major Lithology: Light gray brown nannofossil ooze with light blebs with dark halos. Minor amounts of quartz silt, calcareous dinoflagellate cysts, and foraminifers are present throughout. Disturbance: Section 5, 13-33 cm is extremely disturbed. ","CORE  97.3 - 104.12  MBSF"
208,"1263","A","14","H",116.3,124.1,""," NANNOFOSSIL OOZE Major Lithology: Nannofossil ooze oscillating between light gray and gray at decimeter scale, with white blebs (1-4 cm diameter) throughout core. Blebs are haloed by darker material containing extremely fine black to brown oxides. ","CORE  116.3 - 124.1  MBSF"
208,"1263","A","15","H",125.8,135.3,""," NANNOFOSSIL OOZE Major Lithology: Medium grey nannofossil ooze with cm-scale whiter blebs rimmed by dark halos. Minor Lithology: Light grey to brown foraminifer-bearing nannofossil ooze oscillates with nannofossil ooze at decimeter scale. Disturbance: Moderate to light. ","CORE  125.8 - 135.3  MBSF"
208,"1263","A","16","H",135.3,144.93,""," NANNOFOSSIL OOZE Major Lithology: Light gray to light brown nannofossil ooze with occasional <10-cm thick chalky intervals and common whiter blebs with darker halos. Minor Lithology: White foraminifer-bearing nannofossil ooze. Disturbance: Minor throughout. ","CORE  135.3 - 144.93  MBSF"
208,"1263","A","17","H",144.8,154.1,""," FORAMINIFER-BEARING NANNOFOSSIL OOZE Major Lithology: Medium to light gray foraminifer-bearing nannofossil ooze, with occasional white blebs in Section 1 through 3. Minor Lithology: Pinkish-white nannofossil chalk in Section 6. Disturbance: Section 4, 71-80 cm, seriously disturbed. ","CORE  144.8 - 154.1  MBSF"
208,"1263","A","18","H",154.3,163.48,""," NANNOFOSSIL OOZE Major Lithology: Light to medium gray nannofossil ooze interbedded with pinkish-white nannofossil ooze. Minor Lithology: Ash-bearing nannofossil ooze in Section 4, 16 cm, 70 cm. ","CORE  154.3 - 163.48  MBSF"
208,"1263","A","19","H",163.8,173.35,""," NANNOFOSSIL OOZE AND NANNOFOSSIL CHALK Major Lithology: Nannofossil ooze of variable greenish-gray color oscillating with lighter pinkish-white intervals of nannofossil chalk. Disturbance: Moderately to extremely disturbed in chalky intervals cut by wireline (Section 3, 127-131; Section 4, 89-97, 116-117). Section 6, 15-150 cm is extremely disturbed. ","CORE  163.8 - 173.35  MBSF"
208,"1263","A","20","H",173.3,182,""," NANNOFOSSIL OOZE Major Lithology: Oscillating intervals of medium gray and light gray nannofossil ooze. Minor Lithologies: Clay-bearing ash was recovered in Section 3, 19-22 cm. Section 3, 127-129 cm contains nannofossil-bearing clay with ash. Disturbance: Section 2, 85-145 cm moderately disturbed. Bioturbation: Moderate throughout. ","CORE  173.3 - 182  MBSF"
208,"1263","A","21","H",182.8,192.5,""," NANNOFOSSIL OOZE Major Lithology: Oscillating intervals of light gray nannofossil ooze and pinkish white chalky nannofossil ooze. Minor Lithology: Section 1, 81-87 cm contains volcanic ash. Disturbance: Section 2, 85-145 cm is moderately disturbed. Bioturbation: Moderate throughout. ","CORE  182.8 - 192.5  MBSF"
208,"1263","A","22","H",192.3,201.52,""," NANNOFOSSIL OOZE Major Lithology: Oscillating intervals of lighter and darker gray nannofossil ooze. Minor Lithology: Section 1, 80-83 cm contains a dark bleb of clay-bearing nannofossil ooze. Disturbance: Section 3 through Section 4, and Section 6, 47-115 cm is extremely deformed. Section 5, 0-86 cm; Section 6, 7-47 cm; and Section 6, 115 cm through Section 7 is moderately deformed. ","CORE  192.3 - 201.52  MBSF"
208,"1263","A","23","H",201.8,208.11,""," NANNOFOSSIL OOZE and CLAY-BEARING NANNOFOSSIL OOZE END-MEMBERS Major Lithology: Oscillating intervals of light gray nannofossil ooze and dark gray clay-bearing nannofossil ooze. Minor Lithologies: Chert was recovered in Section 1, 48-52 cm. Section 3, 36-37 cm is a nannofossil-bearing ash, and Section 3, 129-133 is a clay-bearing ash. Disturbance: Section 1, 0-41 cm is slightly deformed, and Section 1, 41-54 cm is extremely deformed. ","CORE  201.8 - 208.11  MBSF"
208,"1263","A","24","H",208.1,217.84,""," NANNOFOSSIL OOZE Major Lithology: Oscillating intervals of light gray and pinkish gray nannofossil ooze in Section 1 through 4. Section 5 through Section CC contains oscillating intervals of medium gray & light brown nannofossil ooze. Minor Lithology: Clay-bearing ash was recovered in Section 2, 98-100 cm. Section 1, 0-14 cm contains abundant chert nodules likely washed into core top. Disturbance: Section 1, 0-14 cm is extremely deformed. ","CORE  208.1 - 217.84  MBSF"
208,"1263","A","25","H",217.6,220.29,""," NANNOFOSSIL OOZE Major Lithology: Medium gray to brown nannofossil ooze. Bioturbation: Moderate throughout. ","CORE  217.6 - 220.29  MBSF"
208,"1263","A","26","H",222.6,232.34,""," NANNOFOSSIL OOZE Major Lithology: Medium gray to brown nannofossil ooze. Minor Lithology: Pink-white nannofossil ooze at Section 1, 4-14 cm and Section 2, 110-119 cm. Clay-bearing nannofossil ooze in Section 1, 108-110 cm. Disturbance: Section 3, 95 cm through Section 6, 150 cm is moderately deformed. ","CORE  222.6 - 232.34  MBSF"
208,"1263","A","27","H",232.1,241.4,""," NANNOFOSSIL OOZE Major Lithology: Medium gray nannofossil ooze with subtle color oscillations at the decimeter scale, with occasional blebs Minor Lithology: Medium brown to dark gray clay-bearing nannofossil ooze in Section 2, 143 cm and Section 3, 10 cm. Disturbance: Section 1 is moderately deformed. Section 2, 100-118 is extremely deformed and soupy. Section 3 through 5 are moderately deformed. ","CORE  232.1 - 241.4  MBSF"
208,"1263","A","28","H",241.6,251.37,""," NANNOFOSSIL OOZE Major Lithology: Light brown to gray nannofossil ooze with lighter-colored blebs. Minor Lithology: Clay-bearing nannofossil chalk in Section 3, 62-66 cm and Section 6, 107-115 cm. Disturbance: Section 3, 62-66 cm and Section 6, 107-115 is slightly disturbed. ","CORE  241.6 - 251.37  MBSF"
208,"1263","A","29","H",251.1,260.89,""," NANNOFOSSIL OOZE Major Lithology: Medium gray nannofossil ooze with lighter blebs throughout, becoming chalky in thin (~5 cm) intervals on a decimeter scale. Minor Lithology: Reddish brown clayey nannofossil ooze, Section 1, 2-7 cm. ","CORE  251.1 - 260.89  MBSF"
208,"1263","A","30","H",260.6,270.63,""," NANNOFOSSIL OOZE Major Lithology: Light gray nannofossil ooze. Minor Lithology: Nannofossil chalk to clayey nannofossil chalk as ~5 cm-thick intervals at a decimeter scale throughout the dominant lithology. Minor Lithology: Chert nodules, Section 3, 35-39cm; Section 4 working half, 118-122 cm. ","CORE  260.6 - 270.63  MBSF"
208,"1263","A","31","H",270.1,271.65,""," NANNOFOSSIL OOZE Major Lithology: Light gray to brown nannofossil ooze and nannofossil chalk. with a zeolite- and altered ash- enriched layer in Section 1, 131 cm. Minor Lithology: Light gray nannofossil chalk, Section 1, 8-12 cm and 108-131 cm. Yellow zeolite- and altered Ash-rich layer, Section 1, 131 cm.","CORE  270.1 - 271.65  MBSF"
208,"1263","A","32","H",271.6,281.66,""," NANNOFOSSIL OOZE Major Lithology: Oscillating light and dark gray nannofossil ooze. Minor Lithology: Dark gray nannofossil chalk at Section 1, 89-94 cm; and Section 4, 0-8 cm. ","CORE  271.6 - 281.66  MBSF"
208,"1263","A","33","H",281.1,284.2,""," NANNOFOSSIL OOZE Major Lithology: Medium gray nannofossil ooze. Minor Lihologies: Clay-bearing nannofossil ooze, Section 2, 122-139 cm. Nannofossil clay, Section CC. Disturbance: Section 2, 129-131 cm no core recovery. ","CORE  281.1 - 284.2  MBSF"
208,"1263","A","34","X",284.1,288.88,""," NANNOFOSSIL OOZE Major Lithology: Oscillating intervals of medium gray and brown nannofossil ooze in Section 1, 34 cm through Section CC. Minor Lithology: Reddish brown nannofossil bearing clay was recovered in Section 1, 31-32 cm; clay-bearing ash in Section 1, 32-33 cm; nannofossil-bearing clayey ash in Section 1, 33-34 cm. Comments: Lithologic transition at Section 1, 34 cm marks the Paleocene-Eocene boundary. Chert nodules in Section 2, 25-32 cm, and 48-54 cm. Disturbance: Section 2, 25-32 cm, 74-76 cm is moderately deformed.","CORE  284.1 - 288.88  MBSF"
208,"1263","A","35","X",290.3,296.66,""," NANNOFOSSIL OOZE Major Lithology: Medium gray nannofossil ooze Minor Lithologies: Reddish brown nannofossil bearing clay at Section 1, 0-6 cm; nannofossil chalk at Section 1, 6-20 cm; clay-bearing nannofossil ooze at Section 2, 94-100 cm. Comments: Chert nodules in Section 5, 16-19 cm, and 27-29 cm. Disturbance: Section 1, 18-20 cm; Section 2, 29-35 cm; and Section 5, 15-30 cm is moderately deformed. ","CORE  290.3 - 296.66  MBSF"
208,"1263","A","36","X",300,304.45,""," NANNOFOSSIL OOZE Major Lithology: Medium to light gray nannofossil ooze. Minor Lithology: Nannofossil chalk at Section 1, 112-119 cm; Section 3, 71-78 cm, 98-109 cm. Section 3, 79-81 cm contains chert. Disturbance: Drilling disturbance is moderate throughout this core. ","CORE  300 - 304.45  MBSF"
208,"1263","A","37","X",307.1,312.2,""," NANNOFOSSIL OOZE Major Lithology: Light to medium gray nannofossil ooze. Minor Lithologies: Nannofossil chalk present at Section 1, 36-41 cm; Section 2, 59-70 cm, and 136-142 cm. Chert present at Section 1, 0-11 cm. Disturbance: Section 1, 0-17 cm shows extreme drilling disturbance. ","CORE  307.1 - 312.2  MBSF"
208,"1263","A","38","X",316.7,323.5,""," NANNOFOSSIL OOZE Major Lithology: Medium to light gray nannofossil ooze Minor Lithology: Nannofossil chalk at Section 1, 31-36 cm. Comments: Chert nodule at Section 4, 24-27 cm. ","CORE  316.7 - 323.5  MBSF"
208,"1263","A","39","X",326.4,332.15,""," NANNOFOSSIL CHALK Major Lithology: Medium gray nannofossil chalk. Minor Lithology: Medium gray nannofossil ooze occurs as thin (~3-10 cm) intervals in Section 1 through Section 2. Comments: Chert nodules at Section 1, 37-43 cm. Disturbance: A core void exists in Section 1, 7-11 cm, and 147-151 cm. Moderate drilling disturbance at Section 1, 0-37 cm. Section 2, 18-26 cm, 40-61 cm; and Section CC, 20-38 cm are moderately deformed. ","CORE  326.4 - 332.15  MBSF"
208,"1263","A","40","X",336,340.12,""," NANNOFOSSIL CHALK Major Lithology: Medium to dark gray nannofossil chalk. Disturbance: Section 1; and Section CC, 10-35 cm are moderately disturbed. Section 2 is slightly disturbed. ","CORE  336 - 340.12  MBSF"
208,"1263","B","1","H",46,55.5,""," FORAMINIFER-BEARING NANNOFOSSIL OOZE Major Lithology: Light brown to gray foraminifer-bearing nannofossil ooze, with wispy layers of black iron/manganese fine grains and cm-scale, irregularly-shaped, lighter-colored blebs with black iron/manganese grain halos. Minor Lithology: Light gray to white nannofossil ooze extensively recrystallized to microspar. Disturbance: Section 5, 120-130 cm is extensively disturbed. ","CORE  46 - 55.5  MBSF"
208,"1263","B","2","H",55.5,64.33,""," NANNOFOSSIL OOZE Major Lithology: Nannofossil ooze, with occasional blebs. ","CORE  55.5 - 64.33  MBSF"
208,"1263","B","3","H",65,74.53,""," FORAMINIFER-BEARING NANNOFOSSIL OOZE Major Lithology: Light gray brown foraminifer-bearing nannofossil ooze, with wispy layers of black iron/manganese fine grains; cm-scale, irregularly-shaped, lighter-colored blebs with black iron/manganese grain halos; and microspar. ","CORE  65 - 74.53  MBSF"
208,"1263","B","4","H",74.5,84.09,""," NANNOFOSSIL OOZE Major lithology: Nannofossil ooze ","CORE  74.5 - 84.09  MBSF"
208,"1263","B","5","H",84,93.5,""," NANNOFOSSIL OOZE Major Lithology: Light gray brown nannofossil ooze, with cm-scale, irregularly-shaped, lighter-colored blebs with black iron/manganese grain halos. Disturbance: Section 6, 60-120 is moderately disturbed. ","CORE  84 - 93.5  MBSF"
208,"1263","B","6","H",93.5,103.22,""," NANNOFOSSIL OOZE Major Lithology: Light gray to brown nannofossil Ooze ","CORE  93.5 - 103.22  MBSF"
208,"1263","B","7","H",103,112.74,""," NANNOFOSSIL OOZE Major Lithology: Light gray to brown nannofossil ooze with diffuse laminations present on centimeter to decimeter scale. Minor Lithology: Foraminifer-bearing nannofossil ooze, Section 3, 56-61 cm. Bioturbation: Moderate to slight. ","CORE  103 - 112.74  MBSF"
208,"1263","B","8","H",112.5,122.3,""," NANNOFOSSIL OOZE Major lithology: Nannofossil ooze Comment: Scattered burrows in Section 1 through Section CC with dark halos composed of oxide. ","CORE  112.5 - 122.3  MBSF"
208,"1263","B","9","H",122,131.87,""," NANNOFOSSIL OOZE Major Lithology: Light gray to brown nannofossil ooze Minor Lithology: Black nodules concentrated at Section 1, 89-92 cm and throughout core. ","CORE  122 - 131.87  MBSF"
208,"1263","B","10","H",131.5,141.14,""," NANNOFOSSIL OOZE Major Lithology: Light gray and light brown nannofossil ooze oscillate at decimeter intervals throughout core. Minor Lithology: Clay-bearing volcanic ash at Section 3, 37-38 cm. ","CORE  131.5 - 141.14  MBSF"
208,"1263","B","11","H",141,150.81,""," NANNOFOSSIL OOZE Major Lithology: Nannofossil ooze ","CORE  141 - 150.81  MBSF"
208,"1263","B","12","H",150.5,160.51,""," NANNOFOSSIL OOZE Major Lithology: Light gray and light brown nannofossil ooze oscillate at decimeter intervals throughout core. Minor Lithology: Foraminifer-bearing nannofossil ooze at Section 2, 142-150 cm; Section 8. 19-23 cm, 39-46 cm; and Section CC, 12-14 cm. ","CORE  150.5 - 160.51  MBSF"
208,"1263","B","13","H",160,169.62,""," NANNOFOSSIL OOZE Major Lithology: Light gray and hard, light pinkish-brown nannofossil ooze oscillate at decimeter intervals throughout core. Minor Lithology: ","CORE  160 - 169.62  MBSF"
208,"1263","B","14","H",169.5,178.57,""," FORAMINIFERA-BEARING NANNOFOSSIL OOZE Major Lithology: Light to medium gray foraminifera-bearing nannofossil ooze. Minor Lithology: Nannofossil ooze at ~2-10 cm intervals throughout core. Section CC, 8-10 cm contains ash. Disturbance: Section 3, 19-26 cm, and 136-151 cm is moderately deformed. ","CORE  169.5 - 178.57  MBSF"
208,"1263","B","15","H",177,186.84,""," FORAMINIFER-BEARING NANNOFOSSIL OOZE AND NANNOFOSSIL OOZE Major Lithology: Medium gray foraminifer-bearing nannofossil ooze alternates with thin layers of pinkish nannofossil ooze throughout the core. Minor Lithologies: Volcanic ash-bearing clayey nannofossil ooze at Section 1, 99-101 cm. Ash-bearing clay at Section CC, 6-7 cm. ","CORE  177 - 186.84  MBSF"
208,"1263","B","16","H",186.5,196.26,""," NANNOFOSSIL OOZE Major Lithology: Medium gray and pinkish-gray nannofossil ooze Oscillating at intervals of 10-50 cm throughout core. Minor Lithology: Ash at Section 1, 100-101cm. ","CORE  186.5 - 196.26  MBSF"
208,"1263","B","18","H",197.2,201.03,""," NANNOFOSSIL OOZE Major Lithology: Nannofossil ooze alternating between gray and white on the decimeter scale. Gray sections have white blebs throughout that lack black halos. Minor Lithology: Ash- and clay-bearing nannofossil ooze, Section 2, 60-62 cm. Scattered ash particles are found above this horizon, grading out on the centimeter scale. Minor Lithology: Chert nodule, Section 2, 133-139 cm. Disturbance: Section 2, 50-133 cm is moderately deformed, probably caused by down-core movement of chert nodule during splitting.","CORE  197.2 - 201.03  MBSF"
208,"1263","B","19","H",201,204.89,""," NANNOFOSSIL OOZE Major Lithology: Light gray to pinkish-gray nannofossil ooze oscillates at the decimeter scale. Disturbance: Section 3, 19-33 cm is extremely disturbed. Section 3, 57-66 is moderately disturbed and soupy. ","CORE  201 - 204.89  MBSF"
208,"1263","B","20","H",204.9,214.79,""," NANNOFOSSIL OOZE Major Lithology: Light gray to greenish gray nannofossil ooze alternates with layers of light gray to white nannofossil ooze at 10-30 cm scale. Minor Lithology: Clay-bearing ashy nannofossil ooze in Section 5, 62 cm. ","CORE  204.9 - 214.79  MBSF"
208,"1263","B","21","H",214.4,224.4,""," NANNOFOSSIL OOZE, CLAY-BEARING NANNOFOSSIL OOZE Major Lithology: Light gray nannofossil goose alternating mit brown clay-bearing nannofossil ooze. White blebs are present in Section 1 and Section 2. Brown layers are more rich in clay. Comment: Rich in nannofossil, Xygrablithus sp. Disturbance: Core is extensively disturbed, bordering on flow-in. ","CORE  214.4 - 224.4  MBSF"
208,"1263","B","22","H",223.9,233.79,""," NANNOFOSSIL OOZE Major Lithology: Light brown to gray nannofossil ooze alternating with 10-20 cm pinkish white layers. Minor Lithology: Foraminifer-bearing nannofossil ooze in Section 1, 71-73 cm. Disturbance: Section 4, 10-30 cm is extremely disturbed. ","CORE  223.9 - 233.79  MBSF"
208,"1263","B","23","H",233.4,243.37,""," NANNOFOSSLE OOZE, CHALKY NANNOFOSSIL OOZE Major Lithology: Light gray to light brown nannofossil ooze with chalky intervals and occasional white blebs. Minor Lithiology: Clayey nannofossil ooze, Section 1, 123 cm. ","CORE  233.4 - 243.37  MBSF"
208,"1263","B","24","H",242.9,252.67,""," NANNOFOSSIL OOZE Major Lithology: Light gray to brown nannofossil ooze with some thin darker layers. Disturbance: Extremely disturbed in Section 3, 20-70, 100-120 cm and Section 6, 90-110, 125-132 cm. ","CORE  242.9 - 252.67  MBSF"
208,"1263","B","25","H",252.4,261.9,""," NANNOFOSSIL OOZE Major Lithology: Nannofossil ooze with irregularly shaped haloed blebs throughout. ","CORE  252.4 - 261.9  MBSF"
208,"1263","B","26","X",261.9,271.55,""," NANNOFOSSIL OOZE Major Lithology: Medium to light gray nannofossil ooze with white blebs rimmed by dark haloes throughout core. Minor Lithology: Chert chips in Section 6, 49-52 cm at the edges of the core. ","CORE  261.9 - 271.55  MBSF"
208,"1263","B","27","X",271.1,280.6,""," NANNOFOSSIL OOZE AND CHALKY NANNOFOSSIL OOZE Major Lithology: Light gray nannofossil ooze alternates with 1-2 cm chalky nannofossil ooze layers at the decimeter scale. ","CORE  271.1 - 280.6  MBSF"
208,"1263","B","28","X",280.7,284.28,""," NANNOFOSSIL OOZE Major Lithology: Nannofossil ooze with no visible structure or bedding. Minor Lithology: Nannofossil chalk, core catcher, 0-40 cm. Disturbance: Entire core is moderately disturbed. Chalk in core catcher is biscuited. ","CORE  280.7 - 284.28  MBSF"
208,"1263","B","29","X",290.3,300.22,""," NANNOFOSSIL OOZE Major Lithology: Nannofossle ooze with increasing foraminifer component down-core. Minor Lithology: Chert nodule in working half, Core Catcher, 2-6 cm. Disturbance: Section 1, 0-20 and 139-150 cm are extremely disturbed. Section 3, 0-20 cm is downhole contamination. ","CORE  290.3 - 300.22  MBSF"
208,"1263","B","30","X",300,301.83,""," NANNOFOSSIL OOZE Major Lithology: Nannofossil ooze Minor Lithology: Section CC, 0-8 cm; and Section 1, 121-123 cm contains limestone. Chalk is present in Section 1, 6-24 cm, and 84-92 cm. Disturbance: Extreme drilling disturbance is reported in Section 1, 0-24 cm.","CORE  300 - 301.83  MBSF"
208,"1263","B","31","X",309.6,315.08,""," NANNOFOSSIL OOZE Major lithology: Nannofossil ooze. Disturbance: Moderate disturbance in Section 2, 0-102 cm. Comment: Chert nodules at Section 3, 115-122 and Section 4, 7-11 cm. ","CORE  309.6 - 315.08  MBSF"
208,"1263","B","32","X",319.2,325.66,""," NANNOFOSSIL OOZE Major lithology: Nannofossil ooze. Minor lithologies: Nannofossil chalk at Section 1, 0-5 cm, 14-20 cm, 98-101 cm; Chert recovered in Section 1, 5-14 cm. Disturbance: Section 1, 0-149 cm is moderately disturbed and Section 2, 0-150 cm is slightly disturbed. ","CORE  319.2 - 325.66  MBSF"
208,"1263","B","33","X",328.9,337.06,""," NANNOFOSSIL CHALK AND NANNOFOSSIL OOZE Major lithology: Section 1 through Section 2, 117 cm is nannofossil ooze. Section 2, 117 cm through Section CC contains oscillating intervals of nannofossil chalk and nannofossil ooze. Disturbance: Entire core is moderately disturbed (""bisquiting"" by XCB). Section 1, 143-151 cm; Section 2, 149-151 cm; and Section 6, 62-64 cm contain core voids. ","CORE  328.9 - 337.06  MBSF"
208,"1263","C","1","H",90,99.86,""," FORAMINIFER-BEARING NANNOFOSSIL OOZE Major Lithology: Light brown and pinkish brown foraminifer-bearing nannofossil ooze oscillating at centimeter to decimeter scale. Bioturbbation: Moderate throughout. ","CORE  90 - 99.86  MBSF"
208,"1263","C","2","H",99.5,108.86,""," FORAMINIFER-BEARING NANNOFOSSIL OOZE Major Lithology: Medium to light gray brown foraminifer-bearing nannofossil ooze. Bioturbation: Moderate throughout. ","CORE  99.5 - 108.86  MBSF"
208,"1263","C","3","H",109,118.59,""," NANNOFOSSIL OOZE Major Lithology: Medium to light gray brown nannofossil ooze. Bioturbation: Moderate throughout. Comments: Scattered blebs with high concentrations of organic matter are present throughout. ","CORE  109 - 118.59  MBSF"
208,"1263","C","4","H",193,202.31,""," NANNOFOSSIL OOZE Major Lithology: Nannofossil ooze oscillating between light gray brown and white on the decimeter scale. Disturbance: Section 5, 60-100 cm is soupy. Section 6, 0 cm to Core Catcher, 13 cm has extreme flow-in. ","CORE  193 - 202.31  MBSF"
208,"1263","C","5","H",202.5,206.67,""," NANNOFOSSIL OOZE, CLAY-BEARING NANNOFOSSIL OOZE Major Lithology: Light gray to light brown nannofossil ooze and clay-bearing nannofossil ooze interbedded on a decimeter scale. Minor Lithology: Section 3, 99 cm, brown clayey nannofossil ooze layer with a minor volcanigenic component. ","CORE  202.5 - 206.67  MBSF"
208,"1263","C","6","H",212,221.76,""," NANNOFOSSIL OOZE Major Lithology: Nannofossil ooze with alternating darker and lighter layers. Light layers are more dominant up-core, and Section 1 is all light lithologies. Irregular white blebs with dark halos throughout. Disturbance: Section 1, 58-61 cm is a core void. ","CORE  212 - 221.76  MBSF"
208,"1263","C","7","H",221.5,225.35,""," NANNOFOSSIL OOZE, CLAY-BEARING NANNOFOSSIL OOZE Major Lithology: light gray nannofossil ooze and medium brown clay-bearing nannofossil ooze alternating at the decimeter scale with dark haloed whitish blebs throughout. There is a thin dark layer at Section 2, 130 cm. Minor Lithology: Foraminifer-bearing clayey nannofossil ooze at the base of the core catcher. ","CORE  221.5 - 225.35  MBSF"
208,"1263","C","8","H",225.4,235.05,""," NANNOFOSSIL OOZE Major Lithology: Light to medium gray nannofossil ooze with dark haloed light blebs. Minor Lithology: Medium gray to brown foraminifer-bearing nannofossil ooze and clay-bearing nannofossil ooze alternating throughout core. ","CORE  225.4 - 235.05  MBSF"
208,"1263","C","9","H",234.9,244.86,""," CLAY-BEARING NANNOFOSSIL OOZE Major Lithology: Light gray to light brown clay-bearing nannofossil ooze with alternating color bands on a decimeter scale. Sections 5 and 6 contain some lighter blebs. Disturbance: Section 1, 79-81 cm is a core void. Section 4, 60-90 cm and 140-150 cm and Section 5, 51-65 cm are moderately disturbed. ","CORE  234.9 - 244.86  MBSF"
208,"1263","C","10","H",244.4,254.4,""," NANNOFOSSIL OOZE Major Lithology; Light gray to light brown nannofossil ooze oscillating with chalky intervals at the centimeter to decimeter scale. Minor Lithology: Dense reddish clay in Section 7, 5-11 cm. Comments: Reddish clay may correspond to similar horizon from Site 1262. Smear slide from Section 6, 8 cm contains a bloom of Tribrachiatus orthostylus. ","CORE  244.4 - 254.4  MBSF"
208,"1263","C","11","H",253.9,263.92,""," NANNOFOSSIL OOZE Major Lithology: Light gray to brown nannofossil ooze. Bioturbation: Moderate throughout. ","CORE  253.9 - 263.92  MBSF"
208,"1263","C","12","H",263.4,273.15,""," NANNOFOSSIL OOZE Major Lithology: Light gray to brown nannofossil ooze. Disturbance: Moderate disturbance in Section 3, 73-87 cm; and Section 1, 94-96 cm. Section 4, 77-78 cm contains core voids. Comments: Chert nodule at Section 3, 75-84 cm.","CORE  263.4 - 273.15  MBSF"
208,"1263","C","13","H",272.9,282.98,""," NANNOFOSSIL OOZE Major Lithology: Light gray to brown nannofossil ooze. Minor Lithology: Gray nannofossil chalk at Section 3, 125-130 cm; Section 5, 68-71 cm; and Section 6, 97-102 cm. Bioturbation: Moderate ","CORE  272.9 - 282.98  MBSF"
208,"1263","C","14","H",282.4,285.6,""," NANNOFOSSIL OOZE Major Lithology: Nannofossil ooze is the predominant lithology. Minor Lithologies: Nannofossil-clay-bearing volcanic ash at Section 2, 149-148 cm. Section 2, 148-140 cm is clayey ash. Section 2, 140-85 cm is volcanic ash-bearing nannofossil clay grading up-section into clay-bearing nannofossil ooze at 50 cm. Clay-bearing nannofossil ooze grades up-section into nannofossil ooze in Section 2, 0-50 cm. The contact between nannofossil ooze and clay-bearing volcanic ash in Section 2, 149 cm is the Paleocene/Eocene boundary.","CORE  282.4 - 285.6  MBSF"
208,"1263","C","15","H",285.6,285.75,""," NANNOFOSSIL-BEARING CLAY, NANNOFOSSIL OOZE Major Lithology: Section CC, 0-8 cm is nannofossil bearing clay. Section CC, 8-15 cm contains nannofossil ooze. Disturbance: Flow in is evident in Section CC.","CORE  285.6 - 285.75  MBSF"
208,"1263","C","16","X",285.7,289.05,""," NANNOFOSSIL OOZE Major Lithology: Light grey to brown nannofossil ooze. Minor Lithology: Nannofossil chalk at Section 1, 33-44 cm; and Section 2, 45-50 cm. Fragmented chert at Section 1, 0-10 cm. Disturbance: Section 1, 0-10 cm is moderately disturbed. ","CORE  285.7 - 289.05  MBSF"
208,"1263","D","1","H",272,275.25,""," NANNOFOSSIL OOZE Major lithology: Nannofossil ooze in Section 1, 0-6 cm, 8-62 cm, 64-150 cm; Section 2, 0-110 cm, and 113-151 cm. Minor Lithology: Nannofossil chalk in Section 1, 6-8 cm, 62-64 cm; and Section 2, 110-113 cm. Comment: Chert fragments in Section 2, 87-90 cm.","CORE  272 - 275.25  MBSF"
208,"1263","D","2","H",275.2,282.65,""," NANNOFOSSIL OOZE Major lithology: Light gray to brown nannofossil ooze. Comment: Chert nodule in Section 2, 17-21 cm. ","CORE  275.2 - 282.65  MBSF"
208,"1263","D","3","H",281.5,284.33,""," NANNOFOSSIL OOZE Major Lithology: Light gray to brown nannofossil ooze in Section 1, 0 cm through Section 2, 101 cm. Minor Lithology: Clay-bearing nannofossil ooze in Section CC, 0-32 cm.","CORE  281.5 - 284.33  MBSF"
208,"1263","D","4","H",284.3,286.62,""," NANNOFOSSIL OOZE, NANNOFOSSIL-BEARING VOLCANIC ASH CLAY, CLAYEY NANNOFOSSIL CHALK Major Lithologies: Section 1, 69 cm through Section CC contains nannofossil ooze. Section 1, 66-39 cm is nannofossil-bearing volcanic ash clay grading up-section to clayey nannofossil chalk in Section 1, 39-11 cm. Minor Lithologies: Section 1, 68-69 cm contains nannofossil volcanic ash. Volcanic ash clay was recovered in Section 1, 66-68 cm. Disturbance: Section 1, 0-11 cm cis a core void. Section 1, 60-65 cm is moderately disturbed. Comments: The nannofossil volcanic ash to volcanic ash clay contact in Section 1, 68 cm represents the Paleocene/Eocene boundary.","CORE  284.3 - 286.62  MBSF"
