Expedition.Leg,Site_Number,Hole,Core_Number,Core_Type,Core_Top_MBSF,Core_Bottom_MBSF,Age,Description,Core_ID
201,1231,A,1,H,0,10.13,Miocene-Pleistocene," RADIOLARIAN-BEARING SILT AND CLAY Major Lithology: Reddish brown, beige mottled and light gray RADIOLARIAN-BEARING SILT AND CLAY General Description: The upper part of the section is missing because the core did not recover the mudline. Reddish brown and beige mottled sediment is present in Section 1, 0-27 cm. The rest of the core is light gray and homogeneous. Burrows, some of them open, are very abundant throughout the core. Green laminae are present in Section 2, 80 cm, and gray alteration banding is at the bottom of Section 2.",CORE  0 - 10.13  MBSF
201,1231,B,1,H,0,3.4,Miocene-Pleistocene," RADIOLARIAN-BEARING QUARTZ- AND CLAY-RICH DIATOM OOZE and SPICULE-BEARING RADIOLARIAN AND CLAY-RICH DIATOM OOZE Major Lithology: 1. Brown and gray RADIOLARIAN-BEARING QUARTZ- AND CLAY-RICH DIATOM OOZE 2. Gray SPICULE-BEARING RADIOLARIAN AND CLAY-RICH DIATOM OOZE General Description: In the uppermost 64 cm of Section 1 lithology 1 is present with few gray burrows. Below Section 1 (64 cm) sharp transition to lithology 2 occurs. Burrows are commonly not filled with sediment, but are highlighted by black color. Section 1, 115-135 cm was sampled for microbiology. Section 2, 0-105 cm was sampled for microbiology.",CORE  0 - 3.4  MBSF
201,1231,B,2,H,3.4,13.02,Miocene-Pleistocene," RADIOLARIAN-BEARING DIATOM-RICH SILT AND CLAY Major Lithology: Pale yellow to light gray and greenish gray RADIOLARIAN-BEARING DIATOM-RICH SILT AND CLAY General Description: The sediment is pale yellow to light gray in Sections 1 through 5. Below sharp boundary in Section 6, 30 cm the color is greenish gray, partially dark banded. Open burrows are common throughout the core. Pyrite is present as macroscopic grains with metallic luster in Section 5. Section 2, 0-115 cm was sampled for microbiology. Section 5, 0-5 cm was sampled for microbiology.",CORE  3.4 - 13.02  MBSF
201,1231,B,3,H,12.9,22.64,Miocene-Pleistocene," DIATOM- AND SILT-RICH CLAY Major Lithology: Greenish gray DIATOM- AND SILT-RICH CLAY General Description: Dark gray zones have clear alteration banding. Dark alteration halos occur around burrows. Burrows are black due to the presence of pyrite-rich silt. Rare green laminae are present. Section 2, 0-88 cm was sampled for microbiology. Section 5, 0-9 cm was sampled for microbiology.",CORE  12.9 - 22.64  MBSF
201,1231,B,4,H,22.4,32.44,"22.4-31.1 mbsf: Miocene-Pleistocene, 31.1-32.44 mbsf: late Oligocene-Miocene"," DIATOM- AND RADIOLARIAN-BEARING SILTY CLAY Major Lithology: Very homogeneous, green gray DIATOM- AND RADIOLARIAN-BEARING SILTY CLAY General Description: Section 1, 0-30 cm is more rich in diatoms and has some lamination. The rest of the core is very homogeneous. Burrows are filled with coarser material. A burrow in Section 5, 80 cm has dark alteration halo. Below Section 6, 80 cm the color grades to orange yellow. Section 2, 0 -82 cm was sampled for microbiology. Section 5, 0-5 cm, was sampled for microbiology.",CORE  22.4 - 32.44  MBSF
201,1231,B,5,H,31.9,41.91,late Oligocene-Miocene," DIATOM- AND RADIOLARIAN-BEARING SILTY CLAY Major Lithology: Orange yellow DIATOM- AND RADIOLARIAN-BEARING SILTY CLAY General Description: The sediment is more green in Sections 1 and 2. In Section 3 through -CC black altered zones are present, which are slightly more rich in pyrite. Burrows are very well preserved in these zones. Open burrows in Section 1 contain semi-lithified clasts. Section 2, 0-74 cm was sampled for microbiology. Section 5, 0-5 cm was sampled for microbiology.",CORE  31.9 - 41.91  MBSF
201,1231,B,6,H,41.4,51.33,late Oligocene-Miocene," SILTY CLAY Major Lithology: Dark brown homogeneous SILTY CLAY General Description: In Section 1 the sediment is orange yellow with dark zone in the top 5 cm. Section 3 through CC is dark brown. Burrows are present in several intervals. Burrows have light orange yellow alteration halos. Reddish mottles are present in Section 3. Semi-opaque clasts appear throughout the core. Section 2, 0-124 cm was sampled for microbiology. Section 5, 0-50 cm was sampled for microbiology.",CORE  41.4 - 51.33  MBSF
201,1231,B,7,H,50.9,60.44,"50.9-55.4 mbsf: late Oligocene-Miocene, 55.4-60.44 mbsf: late Oligocene to late Eocene"," SILT-RICH CLAY and NANNOFOSSIL OOZE Major Lithology: 1. Dark brown SILT-RICH CLAY 2. White beige NANNOFOSSIL OOZE General Description: The transition between lithology 1 and 2 is not sharp but gradual and extends from the base of Section 3 to Section 4, 50 cm. Section 2, 0-75 cm was sampled for microbiology. Section 5, 0-27 cm was sampled for microbiology.",CORE  50.9 - 60.44  MBSF
201,1231,B,8,H,60.4,69.58,late Oligocene to late Eocene," NANNOFOSSIL OOZE Major Lithology: Light beige, dark brown and orange pale brown NANNOFOSSIL OOZE General Description: Sections 1 through 4 are light beige. In Section 4, at 74 cm, sharp boundary to dark brown diatom- and clay-bearing nannofossil ooze is present. In Section 5 through CC the sediment becomes more orange pale brown and is burrowed. Section 2, 0-81 cm was sampled for microbiology. Section 5, 0-7 cm was sampled for microbiology.",CORE  60.4 - 69.58  MBSF
201,1231,B,9,H,69.9,79.66,late Oligocene to late Eocene," NANNOFOSSIL OOZE Major Lithology: Orange-brown NANNOFOSSIL OOZE Minor Lithology: Brown bioturbated CLAY-RICH DIATOM OOZE General Description: The minor lithology is in the uppermost 65 cm of Section 1. The boundary between minor lithology and major lithology is characterized by several burrows. The major lithology, orange-brown nannofossil ooze, is throughout the core. It is very homogeneous, and only few scattered mottles, perhaps indicating bioturbation, are present. Section 2, 0-97 cm was sampled for microbiology. Section 5, 0-7 cm was sampled for microbiology.",CORE  69.9 - 79.66  MBSF
201,1231,B,10,H,79.4,89.05,late Oligocene to late Eocene," FORAMINIFER-BEARING NANNOFOSSIL OOZE Major Lithology: Orange to orange-brown FORAMINIFER-BEARING NANNOFOSSIL OOZE General Description: Several lighter specks of pure nannofossil ooze were observed thorught the core. Two darker bands are in Section 5. Section 2, 0-80 cm was sampled for microbiology. Section 5, 0-5 cm was sampled for microbiology.",CORE  79.4 - 89.05  MBSF
201,1231,B,11,H,88.9,98.41,late Oligocene to late Eocene," FORAMINIFER-BEARING NANNOFOSSIL OOZE Major Lithology: Orange to pale orange FORAMINIFER-BEARING NANNOFOSSIL OOZE General Description: Light orange bands of pure nannofossil ooze were observed in Section 6. Section 2, 60-67 cm was sampled for microbiology. Section 5, 40-135 cm was sampled for microbiology.",CORE  88.9 - 98.41  MBSF
201,1231,B,12,H,98.4,108.05,late Oligocene to late Eocene," NANNOFOSSIL OOZE Major Lithology: Pale yellow and pale red NANNOFOSSIL OOZE General Description: The sediment is very homogeneous throughout. Almost no structures were found, only very few weak mottles are present. The color grades from pale yellow into pale red brown throughout the core. A few volcanic clasts and foraminifers are present. Section 2, 0-116 cm was sampled for microbiology. Section 5, 0-3 cm was sampled for microbiology. Drilled from 107.9 to 109.4 mbsf.",CORE  98.4 - 108.05  MBSF
201,1231,B,13,H,109.4,114.57,late Oligocene to late Eocene," NANNOFOSSIL OOZE Major Lithology: Reddish brown and brown NANNOFOSSIL OOZE. General Description: Color grades from reddish brown to brown in Section 1. Section 4 is more compacted and has lighter layers and very dark brown layer at the bottom. Forminifers are present throughout the core. The sediments are slightly mottled. Section 3, 0-79 cm was sampled for microbiology.",CORE  109.4 - 114.57  MBSF
201,1231,B,14,X,114.4,114.5,late Oligocene to late Eocene, The entire core was sampled for microbiology.,CORE  114.4 - 114.5  MBSF
201,1231,C,1,H,0,5.64,Miocene-Pleistocene," RADIOLARIAN-BEARING DIATOM-RICH SILT AND CLAY Major Lithology: Light gray RADIOLARIAN-BEARING DIATOM-RICH SILT AND CLAY General Description: The diatom content is very high at the top of the core, but decreases with depth. The fine grained component consists mostly of biogenic silica. The top 50 cm is reddish brown and yellow gray with mottling and open burrows. It is rich in semi-opaque clasts.",CORE  0 - 5.64  MBSF
201,1231,C,2,H,5.6,15.23,Miocene-Pleistocene, RADIOLARIAN-BEARING DIATOM-RICH SILT AND CLAY Major Lithology: Gray and green black laminated RADIOLARIAN-BEARING DIATOM-RICH SILT AND CLAY General Description: At the bottom of Section 4 the gray color grades to green. Black laminae are rich in pyrite.,CORE  5.6 - 15.23  MBSF
201,1231,D,1,H,0,7.76,Miocene-Pleistocene," RADIOLARIAN-BEARING DIATOM-RICH SILTY CLAY Major Lithology: Light gray homogeneous and intensively bioturbated RADIOLARIAN-BEARING DIATOM-RICH SILTY CLAY General Description: The top 60 cm of Section 1 is brown. The rest of the core is light gray, homogeneous and intensively bioturbated. Green lamination is present at the top of Section 3. A burrow filled with 3 mm-scale fecal pellets is present in Section 5, 20 cm.",CORE  0 - 7.76  MBSF
201,1231,D,2,H,7.8,17.31,Miocene-Pleistocene, RADIOLARIAN-BEARING DIATOM-RICH Major Lithology: Beige and green gray RADIOLARIAN-BEARING DIATOM-RICH General Description: The beige color of Section 1 grades to green gray through Section 2. Black banding is sporadically present in Sections 2 through 4. The upper half of the core is moderately bioturbated.,CORE  7.8 - 17.31  MBSF
201,1231,D,3,H,17.3,27.1,Miocene-Pleistocene, DIATOM-RICH SILT AND CLAY Major Litholgy: Greenish gray and gray DIATOM-RICH SILT AND CLAY General Description: The greenish color of Sections 1 to 5 grades to gray in Section 6. Black burrows are common in Sections 1 through 5. Sections 6 through CC are very homogenous.,CORE  17.3 - 27.1  MBSF
201,1231,D,4,H,26.8,36.62,"26.8-32.1 mbsf: Miocene-Pleistocene, 32.1-36.62 mbsf: late Oligocene-Miocene"," DIATOM-RICH CLAY Major Lithology: Pale green, faintly banded and orange brown DIATOM-RICH CLAY General Description: Color changes in Section 4 from faintly banded pale green to pale orange brown. The clay fraction consists mostly of biogenic silica.",CORE  26.8 - 36.62  MBSF
201,1231,D,5,H,36.3,46.03,late Oligocene-Miocene," QUARTZ-BEARING VOLCANIC GLASS-RICH CLAY Major Lithology: Pink to orange QUARTZ-BEARING VOLCANIC GLASS-RICH CLAY Minor Lithology: Dark brown QUARTZ- AND FELDSPAR-BEARING OPAQUE MINERAL AND VOLCANIC GLASS-RICH CLAY General Description: Section 1 through Section 6, 90 cm, are characterized by alternation between major and minor lithology. The darker bands composed of the minor lithology are about 20 to 40 cm thick and characterized by slightly to moderate bioturbation. Below Section 6, 90 cm, the color of the sediment is red to brown.",CORE  36.3 - 46.03  MBSF
201,1231,D,6,H,45.8,55.33,late Oligocene-Miocene," VOLCANIC GLASS- AND OPAQUE MINERAL-RICH CLAY Major Lithology: Brown to dark brown VOLCANIC GLASS- AND OPAQUE MINERAL-RICH CLAY Minor Lithology: Brown to light brown VOLCANIC GLASS- AND NANNOFOSSIL-BEARING FELDSPAR-, QUARTZ-, DIATOM-, AND OPAQUE MINERAL-RICH CLAY. General Description: Several circular to ellipsoidal burrows are present throughout most of the core. The burrows are orange and composed of VOLCANIC GLASS- AND NANNOFOSSIL-RICH CLAY. In Section 6, burrows are mostly of Planolites type, and an orange layer charcterized by vertical burrows is between 20 and 30 cm. A dark, sulfide-rich layer is in Section 4 at about 80 cm. A color change is in Section 4 at 45 cm. Below that depth, sediment color is lighter brown and the minor lithology is the dominant one.",CORE  45.8 - 55.33  MBSF
201,1231,D,7,H,55.3,62.07,late Oligocene to late Eocene, NANNOFOSSIL OOZE Major lithology: White to cream NANNOFOSSIL OOZE General Description: In Section 1 between 10 and 30 cm is transition from brown clay-rich sediment as described in Core 1231D-6H to white nannofossil ooze. The transition is also charcterized by few burrows.,CORE  55.3 - 62.07  MBSF
201,1231,D,8,H,64.8,73.48,late Oligocene to late Eocene, NANNOFOSSIL OOZE Major Lithology: Brown and white NANNOFOSSIL OOZE General Description: A sharp color change between white to cream nannofossil ooze to dark brown nannofossil ooze is in Section 1 at about 65 cm. Moderate bioturbation of mostly Planolites-type trace fossils characterizes both Sections 1 and 2. Alternating darker brown and pale brown nannofossil ooze layers characterize the rest of the core.,CORE  64.8 - 73.48  MBSF
201,1231,D,9,H,74.3,83.93,late Oligocene to late Eocene, NANNOFOSSIL OOZE Major Lithology: Orange yellow NANNOFOSSIL OOZE General Description: The sediment is very homogeneous and burrowing is weak throughout. Section 1 is poorly preserved. In Section 4 yellow burrowed zone with dark alteration halo is present.,CORE  74.3 - 83.93  MBSF
201,1231,D,10,H,83.8,93.57,late Oligocene to late Eocene, FORAMINIFER-BEARING NANNOFOSSIL OOZE Major Lithology: Orange brown FORAMINIFER-BEARING NANNOFOSSIL OOZE General Description: The core is homogeneous with very few burrows.,CORE  83.8 - 93.57  MBSF
201,1231,D,11,H,93.3,102.01,late Oligocene to late Eocene, FORAMINIFER-BEARING NANNOFOSSIL OOZE Major Lithology: Homogeneous pale orange brown FORAMINIFER-BEARING NANNOFOSSIL OOZE,CORE  93.3 - 102.01  MBSF
201,1231,D,12,H,102.8,112.26,late Oligocene to late Eocene, FORAMINIFER-BEARING NANNOFOSSIL OOZE Major Lithology: Homogeneous pale orange brown to dark brown FORAMINIFER-BEARING NANNOFOSSIL OOZE General Description: The top 50 cm is soupy. A major color change from pale orange brown to dark brown is in Section 5.,CORE  102.8 - 112.26  MBSF
201,1231,D,13,X,112.3,114.7,late Oligocene to late Eocene," FORAMINIFER- AND OXIDE-BEARING NANNOFOSSIL OOZE Major Lithology: Dark brown laminated FORAMINIFER- AND OXIDE-BEARING NANNOFOSSIL OOZE Section CC, 0-35 was sampled for microbiology.",CORE  112.3 - 114.7  MBSF
201,1231,E,1,H,0,5.71,Miocene-Pleistocene," RADIOLARIAN-BEARING DIATOM-RICH SILTY CLAY Major Lithology: Gray to green RADIOLARIAN-BEARING DIATOM-RICH SILTY CLAY General Description: Several open burrows were observed in Section 2. Weak banding given by the alternation of the major lithology with darker green layers is present throughout Section 3. The entire Section 1 was sampled for burrow studies. Section 2, 0-10 cm was sampled for microbiology.",CORE  0 - 5.71  MBSF
201,1231,E,2,H,3,12.13,Miocene-Pleistocene," QUARTZ-BEARING DIATOM-RICH SILTY CLAY Major Lithology: Gray to green QUARTZ-BEARING DIATOM-RICH SILTY CLAY General Description: The gray color dominates Section 1 throughout, whereas sediments of Sections 6 to CC are mostly green. Mottled sediments are at the bottom of Section 3 and faint lamination characterizes Section 6. Section 5, 0-57 cm was sampled for microbiology.",CORE  3 - 12.13  MBSF
201,1231,E,3,H,12.5,21.96,Miocene-Pleistocene," RADIOLARIAN-BEARING CLAY-RICH DIATOM OOZE Major Lithology: Pale green RADIOLARIAN-BEARING CLAY-RICH DIATOM OOZE General Description: The sediment of this core is characterized by purple to gray banding (particularly concentrated in Sections 1, 4, 5 and 6). Open burrows were observed in Sections 2 and 3. Section 5, 0-74 cm was sampled for microbiology.",CORE  12.5 - 21.96  MBSF
201,1231,E,4,H,22,31.88,Miocene-Pleistocene," DIATOM-RICH CLAY Major Lithology: Green to pale brown DIATOM-RICH CLAY General Description: A hard round nodule that consists of burrow with red, ferric mineral was found in Section 7 at about 55 cm. Section 5, 0-65 cm was sampled for microbiology.",CORE  22 - 31.88  MBSF
201,1231,E,5,H,31.5,41.05,late Oligocene-Miocene," FELDSPAR-, QUARTZ-, AND CLAY-RICH VOLCANIC GLASS Major Lithology: Pale brown to pink-orange FELDSPAR-, QUARTZ-, AND CLAY-RICH VOLCANIC GLASS General Description: Several bioturbated, dark brown bands are in Sections 4, 5, 6, and 7. Section 2, 0-5 cm was sampled for microbiology. Section 5, 0-55 cm was sampled for microbiology.",CORE  31.5 - 41.05  MBSF
201,1231,E,6,H,41,50.93,late Oligocene-Miocene," QUARTZ-, OPAQUE MINERAL-, AND ZEOLITE-BEARING NANNOFOSSIL-RICH CLAY Major Lithology: Dark brown QUARTZ-, OPAQUE MINERAL-, AND ZEOLITE-BEARING NANNOFOSSIL-RICH CLAY. Minor Lithology: Pale brown to pink-orange FELDSPAR-, QUARTZ-, AND CLAY-RICH VOLCANIC GLASS. General Description: The minor lithology is in Sections 1 and 2, where several burrows were observed. Below the top of Section 3, the major lithology is dominant. A few burrows with orange rims were observed in Section 3 and 4. Section 2, 0-20 cm was sampled for microbiology. Section 2, 120-150 cm was sampled for microbiology. Section 5, 0-45 cm was sampled for microbiology.",CORE  41 - 50.93  MBSF
201,1231,E,7,H,50.5,60.02,"50.5-56.5 mbsf: late Oligocene-Miocene, 56.5-60.02 mbsf: late Oligocene to late Eocene"," QUARTZ-, OPAQUE MINERAL-, AND ZEOLITE-BEARING NANNOFOSSIL-RICH CLAY Major Lithology: Dark brown QUARTZ-, OPAQUE MINERAL-, AND ZEOLITE-BEARING NANNOFOSSIL-RICH CLAY. Minor Lithology: Beige to white NANNOFOSSIL OOZE General Description: In Sections 1, 2 and 3 the main lithology dominates. The top of Section 2 (between 0 and 40 cm) is characterized by bioturbated transition from very dark brown to reddish brown sediments. In Sections 5 through CC the minor lithology dominates. The entire Section 4, 0-130 cm, was sampled for microbiology.",CORE  50.5 - 60.02  MBSF
201,1231,E,8,H,60,69.81,late Oligocene to late Eocene," NANNOFOSSIL OOZE Major Lithology: Light beige and brown NANNOFOSSIL OOZE General Description: In Section 1 through 4 the sediment is very homogeneous and has light beige color. In the lower part of the core (Section 5 through CC) it is brown and burrowed. Section 4, 0-45 cm was sampled for micobiology. Section 4, 105-150 cm was sampled for microbiology.",CORE  60 - 69.81  MBSF
201,1231,E,9,H,69.5,79.12,late Oligocene to late Eocene," NANNOFOSSIL OOZE Major Lithology: Brown and yellow NANNOFOSSIL OOZE General Description: The homogeneous and poorly burrowed sediment is mostly yellow, however brown zone is present in Sections 2 and 3. Section 2, 0-25 cm was sampled for microbiology Section 5, 0-5 cm was sampled for microbiology.",CORE  69.5 - 79.12  MBSF
201,1231,E,10,H,79,87.99,late Oligocene to late Eocene, NANNOFOSSIL OOZE Major Lithology: Orange yellow homogenous NANNOFOSSIL OOZE General Description: The sediment is very homogeneous and burrows are very rare.,CORE  79 - 87.99  MBSF
201,1231,E,11,H,88.5,98.45,late Oligocene to late Eocene," NANNOFOSSIL OOZE Major Lithology: Orange yellow NANNOFOSSIL OOZE General Description: The very homogeneous sediment becomes more brownish below Section 6, 70 cm. Burrowing is very rare throughout the core. Section 1, 98-150 cm was sampled for microbiology. Section 6, 0-5 cm was sampled for microbiology.",CORE  88.5 - 98.45  MBSF
201,1231,E,12,H,98,103.03,late Oligocene to late Eocene," NANNOFOSSIL OOZE Major Lithology: Orange yellow NANNOFOSSIL OOZE General Description: Very homogeneous sediment with rare light colored mottles. Section 3, 130-135 cm was sampled for microbiology.",CORE  98 - 103.03  MBSF
201,1231,E,13,H,107.5,117.4,late Oligocene to late Eocene," NANNOFOSSIL OOZE Major Lithology: Pale yellowish brown to brown NANNOFOSSIL OOZE General Description: Color darkens throughout the core. Section CC is well compacted and stiff, as is zone in the middle of Section 6. Planktonic foraminifers occur in this part of the core. Section 5, 130-135 was sampled for microbiology.",CORE  107.5 - 117.4  MBSF
201,1231,E,14,H,117,119.09,late Oligocene to late Eocene," VOLCANIC GLASS-RICH NANNOFOSSIL OOZE and VOLCANIC GLASS-RICH SILT Major Lithology: 1. Brown VOLCANIC GLASS-RICH NANNOFOSSIL OOZE 2. Dark brown VOLCANIC GLASS-RICH SILT General Description: Above Section 2, 30 cm, lithology 1 is present. The boundary to lithology 2 is sharp. Light yellow weathered pieces of volcanic glass have layered structure with molds and weathered rims. Section 3, 0-37 cm was sampled for microbiology.",CORE  117 - 119.09  MBSF
