Expedition.Leg,Site_Number,Hole,Core_Number,Core_Type,Core_Top_MBSF,Core_Bottom_MBSF,Age,Description,Core_ID
201,1225,A,1,H,0,4.29,Pleistocene to middle Miocene, RADIOLARIAN- AND DIATOM- AND FORAMINIFER-RICH NANNOFOSSIL OOZE Major Lithology: The major lithology is light gray and pale brown to brown RADIOLARIAN- AND DIATOM- AND FORAMINIFER-RICH NANNOFOSSIL OOZE. Several centimeter thick green NANNOFOSSIL OOZE laminae are present. General Description: Brown layers about 50 cm thick alternate with pale gray to pale green intervals about 130 cm thick. Mottled zones and dark specks (probably sulfides) are present throughout the core. Burrows are present between 2 and 2.5 m.,CORE  0 - 4.29  MBSF
201,1225,A,2,H,4.3,14.33,Pleistocene to middle Miocene," RADIOLARIAN- AND DIATOM- AND FORAMINIFER-BEARING NANNOFOSSIL OOZE Major Lithology: The major lithology is pale olive RADIOLARIAN- AND DIATOM- AND FORAMINIFER-BEARING NANNOFOSSIL OOZE. Pale brown and pale yellow layers have higher abundance of foraminifers (RADIOLARIAN- AND DIATOM-BEARING FORAMINIFER-RICH NANNOFOSSIL OOZE). General Description: Alternating pale olive and pale brown layers. Mottled zones and dark specks (probably pyrite) are present throughout the core. Section 3, 15-120 cm was sampled for microbiology.",CORE  4.3 - 14.33  MBSF
201,1225,A,3,H,13.8,23.65,Pleistocene to middle Miocene, FORAMINIFER-BEARING RADIOLARIAN- AND DIATOM-RICH NANNOFOSSIL OOZE Major Lithology: The major lithology is pale olive and pale brown RADIOLARIAN- AND DIATOM-RICH NANNOFOSSIL OOZE. General Description: Alternating pale olive and pale brown layers about 60 cm thick. Mottled zones and dark specks (probably pyrite) are present throughout the core.,CORE  13.8 - 23.65  MBSF
201,1225,A,4,H,23.3,33.11,Pleistocene to middle Miocene," RADIOLARIAN- AND FORAMINIFER-RICH NANNOFOSSIL OOZE Major Lithology: The major lithology of this core is light gray to greenish gray RADIOLARIAN- AND FORAMINIFER-RICH NANNOFOSSIL OOZE with interbedded intervals of more diatom-rich nannofossil ooze. Pale green, gray, and purple cm-scale bands are common. General Description: Mottled zones, cm-scale banding, and dark, sulfide-rich specks are present throughout the core. Sampling: Section 3, 15-83 cm was sampled for microbiology.",CORE  23.3 - 33.11  MBSF
201,1225,A,5,H,32.8,42.96,Pleistocene to middle Miocene," DIATOM- AND FORAMINIFER-RICH NANNOFOSSIL OOZE Major Lithology: The major lithology of this core is light gray to greenish gray DIATOM- AND FORAMINIFER-RICH NANNOFOSSIL OOZE. Pale green, gray, and purple cm-scale bands are common. General Description: Mottled zones, cm-scale banding, and dark, sulfide-rich specks are present throughout the core. Intensively banded interval in Section 6, 48-76 cm.",CORE  32.8 - 42.96  MBSF
201,1225,A,6,H,42.3,52.41,Pleistocene to middle Miocene," FORAMINIFER-RICH NANNOFOSSIL OOZE Major Lithology: The major lithology of this core is light gray to greenish gray FORAMINIFER-RICH NANNOFOSSIL OOZE. Pale green, gray, and purple cm-scale bands are common. General Description: Moderate bioturbation, mottling, cm-scale banding, and dark, sulfide-rich specks are present throughout the core. Section 3, 15-90 cm was sampled for microbiology.",CORE  42.3 - 52.41  MBSF
201,1225,A,7,H,51.8,61.75,Pleistocene to middle Miocene," DIATOM-BEARING RADIOLARIAN-RICH NANNOFOSSIL OOZE Major Lithology: The major lithology of this core is light gray to greenish gray DIATOM-BEARING RADIOLARIAN-RICH NANNOFOSSIL OOZE. Pale green, gray, and purple cm-scale bands are common. General Description: Mottled zones, cm-scale banding, burrows, and dark, sulfide-rich specks are present throughout the core.",CORE  51.8 - 61.75  MBSF
201,1225,A,8,H,61.3,71.31,Pleistocene to middle Miocene," RADIOLARIAN- AND DIATOM-RICH NANNOFOSSIL OOZE Major Lithology: The major lithology of this core is light gray to greenish gray RADIOLARIAN- AND DIATOM-RICH NANNOFOSSIL OOZE. Pale green and gray cm-scale bands are common. General Description: Mottled zones, bioturbation, cm-scale banding, and dark, sulfide-rich specks are present throughout the core. Sampling: Section 3, 15-72 cm was sampled for microbiology.",CORE  61.3 - 71.31  MBSF
201,1225,A,9,H,70.8,80.82,Pleistocene to middle Miocene," RADIOLARIAN- AND DIATOM-RICH NANNOFOSSIL OOZE Major Lithology: The major lithology of this core is light gray to brownish gray DIATOM- AND FORAMINIFER-RICH NANNOFOSSIL OOZE. The lower part of the core consists of FORAMINIFER- AND DIATOM-BEARING NANNOFOSSIL OOZE. Pale green, gray, and purple cm-scale bands are common. General Description: Mottled zones, bioturbation, cm-scale banding, and dark, sulfide-rich specks are present throughout the core.",CORE  70.8 - 80.82  MBSF
201,1225,A,10,H,80.3,90.36,Pleistocene to middle Miocene," DIATOM-RICH NANNOFOSSIL OOZE Major Lithology: The major lithology of this core is light gray DIATOM-RICH NANNOFOSSIL OOZE. Pale green, gray, and purple cm-scale bands are dominant throughout the core. General Description: Mottled zones, burrows with reaction halos, cm-scale banding, and dark, sulfide-rich specks are present throughout the core. Sections 2 and 3 show predominant banding that cuts across the weakly developed depositional layering. Alteration fronts are common, generally occuring as ellispoidal halos around burrows or mottles. Sampling: Section 2, 135-150 cm was sampled for physical properties. Sampling: Section 3, 15-72 cm was sampled for microbiology.",CORE  80.3 - 90.36  MBSF
201,1225,A,11,H,89.8,99.81,Pleistocene to middle Miocene," RADIOLARIAN- AND DIATOM-BEARING NANNOFOSSIL OOZE Major Lithology: The major lithology is pale olive, pale yellow and pale purple RADIOLARIAN- AND DIATOM-BEARING NANNOFOSSIL OOZE. General Description: Mostly pale olive with mottled zones and dark specks (probably pyrite) occuring throughout the core. Several pale brown and pale purple layers about 10 cm thick show fine scale banding. Alteration fronts are common, generally occuring as ellispoidal halos around burrows or mottles.",CORE  89.8 - 99.81  MBSF
201,1225,A,12,H,99.3,109.26,Pleistocene to middle Miocene," DIATOM-BEARING NANNOFOSSIL OOZE Major Lithology: Light gray DIATOM-BEARING NANNOFOSSIL OOZE General Description: The sediment is light gray to partly green laminated, and light pale yellow mottling is common through the whole core. Sporadically green 1-cm-thick bands are present. Section 3, 15-101 cm was sampled for microbiology.",CORE  99.3 - 109.26  MBSF
201,1225,A,13,H,108.8,118.83,Pleistocene to middle Miocene," DIATOM-BEARING NANNOFOSSIL OOZE Major Lithology: The major lithology is pale olive, pale yellow and pale purple DIATOM-BEARING NANNOFOSSIL OOZE. General Description: Mostly pale olive with mottled zones and dark specks (probably pyrite) occuring throughout the core. Several pale brown and pale purple layers show fine scale banding. Alteration fronts are common and in general they are present as ellipsoidal or curvilinear halos around burrows or mottles.",CORE  108.8 - 118.83  MBSF
201,1225,A,14,H,118.3,128.53,Pleistocene to middle Miocene," NANNOFOSSIL OOZE Major Lithology: The major lithology is white, pale yellow and pale olive NANNOFOSSIL OOZE. General Description: Mostly white and pale olive with several mottled zones and dark specks (probably pyrite) throughout the core. A few pale green layers about 1 cm thick are also present. Alteration fronts are common and in general they are developed as ellipsoidal or curvilinear halos around burrows or mottles. Section 3, 15-72 cm sampled for microbiology.",CORE  118.3 - 128.53  MBSF
201,1225,A,15,H,127.8,137.78,Pleistocene to middle Miocene," DIATOM BEARING NANNOFOSSIL OOZE Major Lithology: The major lithology is white, pale yellow and pale olive NANNOFOSSIL OOZE. General Description: Mostly white and pale olive with several mottled zones and dark specks (probably pyrite) throughout the core. A few pale green layers about 1 cm thick are also present. Alteration fronts are common and in general they are developed as ellipsoidal or curvilinear halos around burrows or mottles.",CORE  127.8 - 137.78  MBSF
201,1225,A,16,H,137.3,147.53,Pleistocene to middle Miocene," DIATOM RICH NANNOFOSSIL OOZE Major Lithology: The major lithology is white, pale yellow and pale olive DIATOM-RICH NANNOFOSSIL OOZE. General Description: Mostly white and pale olive with several mottled structures throughout the core. A few pale green layers about 1 cm thick are also present. Some pale brown and pale purple layers have fine scale banding . Alteration fronts are common and in general they are developed as ellipsoidal or curvilinear halos around burrows or mottles. Section 3, 15-72 cm sampled for microbiology.",CORE  137.3 - 147.53  MBSF
201,1225,A,17,H,146.8,156.36,Pleistocene to middle Miocene," DIATOM RICH NANNOFOSSIL OOZE Major Lithology: The major lithology is white, pale yellow and pale olive DIATOM-RICH NANNOFOSSIL OOZE. General Description: Mostly white and pale olive with several pale yellow mottled structures throughout the core. A few pale green layers about 1 cm thick are also present. Faint banding of pale brown and pale purple layers is also present. Alteration fronts are common and are developed as ellipsoidal or curvilinear halos around burrows or mottles and in few cases around perpendicular microfractures.",CORE  146.8 - 156.36  MBSF
201,1225,A,18,H,156.3,166.08,Pleistocene to middle Miocene," DIATOM-BEARING NANNOFOSSIL OOZE Major Lithology: The major lithology of this core is light gray to greenish gray DIATOM-BEARING NANNOFOSSIL OOZE. Pale green, yellow, and purple cm-scale bands are common. General Description: Mottled zones, bioturbation, cm-scale banding, and dark, sulfide-rich specks are present throughout the core. Small, pyritized burrows are in Section 2, 85-86 cm and 97-98 cm. Sampling: Section 3, 15-84 cm was sampled for microbiology.",CORE  156.3 - 166.08  MBSF
201,1225,A,19,H,165.8,175.78,Pleistocene to middle Miocene," RADIOLARIAN-BEARING DIATOM-RICH NANNOFOSSIL OOZE Major Lithology: The major lithology of this core is light gray to greenish gray RADIOLARIAN-BEARING DIATOM-RICH NANNOFOSSIL OOZE. Pale green, gray, yellow, and purple cm-scale bands are common. General Description: Mottled zones, bioturbation, cm-scale banding, and dark, sulfide-rich specks are present throughout the core.",CORE  165.8 - 175.78  MBSF
201,1225,A,20,H,175.3,185.26,Pleistocene to middle Miocene," DIATOM-RICH NANNOFOSSIL OOZE Major Lithology: The major lithology of this core is light gray to greenish gray DIATOM-RICH NANNOFOSSIL OOZE. Pale green, gray, yellow, and purple cm-scale bands are common. General Description: Mottled zones, bioturbation, cm-scale banding, and dark, sulfide-rich specks are present throughout the core. Sampling: Section 3, 15-72 cm was sampled for microbiology.",CORE  175.3 - 185.26  MBSF
201,1225,A,21,H,184.8,194.42,Pleistocene to middle Miocene," DIATOM-RICH NANNOFOSSIL OOZE Major Lithology: The major lithology of this core is light gray to greenish gray DIATOM-RICH NANNOFOSSIL OOZE. Pale green, gray, yellow, and purple cm-scale bands are common. General Description: Mottled zones, bioturbation, cm-scale banding, and dark, sulfide-rich specks are present throughout the core. Mottled and banded intervals seem to alternate.",CORE  184.8 - 194.42  MBSF
201,1225,A,22,H,194.3,204.26,Pleistocene to middle Miocene," DIATOM-RICH NANNOFOSSIL OOZE Major Lithology: The major lithology of this core is light gray to greenish gray DIATOM-RICH NANNOFOSSIL OOZE. Pale green, gray, yellow, and purple cm-scale bands are common. General Description: Mottled zones, bioturbation, cm-scale banding, and dark, sulfide-rich specks are present throughout the core. Several burrows with reaction halos are present in Section 1. Sampling: Section 3, 15-106 cm was sampled for microbiology. Drilled from 203.8 to 205.3 mbsf.",CORE  194.3 - 204.26  MBSF
201,1225,A,23,H,205.3,215.41,Pleistocene to middle Miocene, RADIOLARIAN-BEARING DIATOM-BEARING NANNOFOSSIL OOZE Major Lithology: Light gray RADIOLARIAN-BEARING DIATOM-RICH NANNOFOSSIL OOZE General Description: Pale green-yellow burrows are present in zones between diffuse pale green and purple laminated zones. Sporadic green cm-scaled bands and spots with opaque clasts (pyrite) are present.,CORE  205.3 - 215.41  MBSF
201,1225,A,24,H,214.8,224.85,Pleistocene to middle Miocene," DIATOM- AND RADIOLARIAN-BEARING NANNOFOSSIL OOZE Major Lithology: White to gray DIATOM- AND RADIOLARIAN-BEARING NANNOFOSSIL OOZE. General Description: White to gray homogenous sediment with pale yellow mottled or pale green-gray diffuse laminated zones. Sporadic cm-scaled green or black bands are present. Section 3, 15-95 cm was sampled for microbiology.",CORE  214.8 - 224.85  MBSF
201,1225,A,25,H,224.3,234.33,Pleistocene to middle Miocene," RADIOLARIAN BEARING DIATOM RICH NANNOFOSSIL OOZE Major Lithology: The major lithology is white, pale yellow and pale olive RADIOLARIAN BEARING DIATOM-RICH NANNOFOSSIL OOZE. General Description: Mostly pale gray, white and pale olive with several pale yellow mottled structures. Several pale green layers about 1 cm thick are present. Faint banding of pale brown and pale purple layers and fewer alteration fronts is also present.",CORE  224.3 - 234.33  MBSF
201,1225,A,26,H,233.8,243.82,Pleistocene to middle Miocene," DIATOM BEARING NANNOFOSSIL OOZE Major Lithology: The major lithology is white, pale yellow and pale olive DIATOM BEARING NANNOFOSSIL OOZE. General Description: Mostly white to pale gray with some pale yellow mottled and few pale purple layers showing faint banding. Section 3, 15-84 cm sampled for microbiology. Section 6, 135 -150 cm sampled for physical properties.",CORE  233.8 - 243.82  MBSF
201,1225,A,27,H,243.3,253.43,Pleistocene to middle Miocene," DIATOM BEARING NANNOFOSSIL OOZE Major Lithology: The major lithology is white, pale yellow and pale olive DIATOM BEARING NANNOFOSSIL OOZE. General Description: Mostly white to pale gray with few pale yellow mottles, pale purple layers showing faint banding, and pyrite specks. Vertical pale purple and pale yellow alteration bands are present in the lower part of the section.",CORE  243.3 - 253.43  MBSF
201,1225,A,29,P,262.2,263.61,Pleistocene to middle Miocene," DIATOM BEARING NANNOFOSSIL OOZE Major Lithology: The major lithology is white DIATOM BEARING NANNOFOSSIL OOZE. General Description: Mostly white to pale gray with few pale yellow mottles, pale purple layers showing faint banding.",CORE  262.2 - 263.61  MBSF
201,1225,A,30,H,264.2,272.99,Pleistocene to middle Miocene," NANNOFOSSIL-RICH DIATOM OOZE Major Lithology: Light-gray NANNOFOSSIL-RICH DIATOM OOZE General Description: Weak cm-scale pale purple banding and yellowish mottled zones are present at different levels in the core. Section 2, 15-72 cm was sampled for microbiology.",CORE  264.2 - 272.99  MBSF
201,1225,A,31,H,273.7,283.82,Pleistocene to middle Miocene," DIATOM-BEARING NANNOFOSSIL OOZE Major Lithology: Light-gray pale greenish DIATOM-BEARING NANNOFOSSIL OOZE. Minor Lithology: In Section 1, 0-62 cm the sediment is more rich in diatoms. General Description: Pale green and pale purple bands and yellowish burrows are present throughout the core.",CORE  273.7 - 283.82  MBSF
201,1225,A,32,H,283.2,293.2,Pleistocene to middle Miocene," DIATOM-RICH NANNOFOSSIL OOZE Major Lithology: Light gray DIATOM-RICH NANNOFOSSIL OOZE. General Description: Few cm-scaled pale purple bands and pale yellow mottles. Section 3, 15-85 cm was sampled for microbiology.",CORE  283.2 - 293.2  MBSF
201,1225,A,33,H,292.7,302.73,Pleistocene to middle Miocene, DIATOM-BEARING NANNOFOSSIL OOZE Major Lithology: Light gray DIATOM-BEARING NANNOFOSIL OOZE General Description: Pale yellow burrows and cm-scaled pale green to pale purple banding is present through the whole core. Two black mineralized burrows are present in Section 2 at 30 and 40 cm.,CORE  292.7 - 302.73  MBSF
201,1225,A,34,H,303.7,313.82,Pleistocene to middle Miocene," DIATOM-BEARING NANNOFOSSIL OOZE Major Lithology: Pale yellow light gray DIATOM-BEARING NANNOFOSSIL OOZE General Description: Homogenous pale yellow appearance with few white to gray mottles. Opaque clasts (pyrite) are present in brown layers or mottles or are disseminated throughout the core. Section 3, 15 - 96 cm was sampled for microbiology",CORE  303.7 - 313.82  MBSF
201,1225,A,35,X,313.2,320.45,"313.2-319.6 mbsf: Pleistocene to middle Miocene, 319.6-320.45 mbsf: NA"," DIATOM-RICH NANNOFOSSIL OOZE AND NANNOFOSSIL CHALK Major Lithology Pale yellow DIATOM-RICH NANNOFOSSIL OOZE and NANNOFOSSIL CHALK General Description: The homogenous pale yellow DIATOM-RICH NANNOFOSSIL OOZE of Section 1 and 2 changes to laminated NANNOFOSSIL CHALK in Section 3. The dark layers are rich in diatoms. Volcanic glass shards are disseminated in the chalk or in layers. Section 5, 27-93 cm and all 32 cm of core catcher was sampled for microbiology.",CORE  313.2 - 320.45  MBSF
201,1225,B,1,H,0,8.96,Pleistocene to middle Miocene, RADIOLARIAN-BEARING DIATOM- AND FORAMINIFER-RICH NANNOFOSSIL OOZE Major Lithology: The major lithology is pale gray and pale brown to brown RADIOLARIAN-BEARING DIATOM- AND FORAMINIFER-RICH NANNOFOSSIL OOZE. Several centimeter thick green NANNOFOSSIL OOZE laminae are present. General Description: Brown layers (probably manganese oxide) about 70 cm thick alternate with pale gray to pale brown intervals about 130 cm thick from top to 6.0 m. Pale green layer from 6.0 to bottom. Burrows are present throughout the core.,CORE  0 - 8.96  MBSF
201,1225,C,1,H,0,8.79,Pleistocene to middle Miocene," FORAMINIFER- , RADIOLARIAN- and DIATOM-BEARING NANNOFOSSIL OOZE Major Lithology: Light gray FORAMINIFER-, RADIOLARIAN- AND DIATOM-BEARING NANNOFOSSIL OOZE General Description: Greenish light-gray slightly banded, half meter scaled zones alternate with white-gray zones with mottles of the former lithology. Sporadic light green diatom-rich laminae are present. The first two sections have two dark brownish half meter scaled zones. Section 1, 47-85 cm and 95-140 cm were sampled for microbiology. Section 3, 15-65 and 85-140 cm were sampled for microbiology. Section 6, 15-90 and 75-87 cm were sampled for microbiology.",CORE  0 - 8.79  MBSF
201,1225,C,2,H,8.8,18.76,Pleistocene to middle Miocene, DIATOM- AND FORAMINIFERAL-BEARING NANNOFOSSIL-OOZE Major Lithology: Greenish light-gray DIATOM- AND FORAMINIFERAL-BEARING NANNOFOSSIL-OOZE General Description: Yellow-brown mottles are present throughout the core. Some of them can be clearly identified as burrow structures. A few dark black spots (pyrite) and green 5-mm scaled green bands are present.,CORE  8.8 - 18.76  MBSF
201,1225,C,3,H,18.3,28.34,Pleistocene to middle Miocene," FORAMINIFER-, DIATOM- AND RADIOLARIAN-BEARING NANNOFOSSIL OOZE Major Lithology: White-gray homogenous FORAMINIFER-, DIATOM- AND RADIOLARIAN-BEARING NANNOFOSSIL OOZE. General Description: The white-gray greenish sediment is partly mottled with yellow-gray patches. In the lower part of the core are zones with lamination-like banding. Black mottles are present mostly in the lower part of the core.",CORE  18.3 - 28.34  MBSF
201,1225,C,4,H,27.8,37.81,Pleistocene to middle Miocene," DIATOM-BEARING NANNOFOSSIL OOZE Major Lithology: Pale yellow to greenish-gray homogenous DIATOM-BEARING NANNOFOSSIL OOZE. General Description: The pale yellow to greenish-gray sediment is partly mottled with yellow-gray patches. Lamination-like banding is less dominant but is present throughout the core. Dark, pyrite-rich spots are rare.",CORE  27.8 - 37.81  MBSF
201,1225,C,5,H,37.3,46.61,Pleistocene to middle Miocene, DIATOM- AND FORAMINIFER-RICH NANNOFOSSIL OOZE Major Lithology: Pale yellowish gray to light gray DIATOM- AND FORAMINIFER-RICH NANNOFOSSIL OOZE. General Description: The pale yellowish gray sediment is partly mottled with yellow-gray patches. Lamination-like banding is present throughout the core. Pyrite-rich spots are rare.,CORE  37.3 - 46.61  MBSF
201,1225,C,6,H,46.8,56.82,Pleistocene to middle Miocene, FORAMINIFER-RICH NANNOFOSSIL OOZE Major Lithology: Pale greenish gray to light gray DIATOM- AND FORAMINIFER-RICH NANNOFOSSIL OOZE. General Description: The pale greenish gray sediment is mottled throughout with yellow-gray patches. Lamination-like banding is present intermittently throughout the core. Pyrite-rich spots are rare.,CORE  46.8 - 56.82  MBSF
201,1225,C,7,H,56.3,66.14,Pleistocene to middle Miocene," FORAMINIFER-, RADIOLARIAN- AND DIATOM-BEARING NANNOFOSSIL OOZE Major Lithology: Light-gray, homogenous, slightly banded (laminated?) FORAMINIFER-, RADIOLARIAN- AND DIATOM-BEARING NANNOFOSSIL OOZE. General Description: The core shows about 10 cycles of darker greenish and light-gray homogenous nannofossil ooze. The darker zones are slightly enriched with diatoms and radiolarians. The lower boundary of the dark zones is usually sharp with few burrows in the underlying sediment filled with darker material from above the boundary. The upper boundary of the dark zones is usually diffuse. Few black spots are present throughout the core.",CORE  56.3 - 66.14  MBSF
201,1225,C,8,H,65.8,75.82,Pleistocene to middle Miocene," DIATOM-BEARING NANNOFOSSIL OOZE Major Lithology: The major lithology of this core is pale green to pale yellow DIATOM-BEARING NANNOFOSSIL OOZE. General Description: Purple and green cm-scale bands, pale yellow burrows are present throughout the core. Sulfide-rich specks are present at the lower parts of the core.",CORE  65.8 - 75.82  MBSF
201,1225,C,9,H,75.3,85.17,Pleistocene to middle Miocene," DIATOM-BEARING NANNOFOSSIL OOZE Major Lithology: The major lithology of this core is greenish gray to pale green DIATOM-BEARING NANNOFOSSIL OOZE. Purple cm-scale bands are common. General Description: Mottled zones, bioturbation, cm-scale banding, and sulfide-rich specks are present throughout the core. Minor sedimentary normal fault is at 20 cm from the core top.",CORE  75.3 - 85.17  MBSF
201,1225,C,10,H,84.8,94.53,Pleistocene to middle Miocene," RADIOLARIAN-AND DIATOM-BEARING NANNOFOSSIL OOZE Major Lithology: The major lithology of the core is greenish gray to pale yellow RADIOLARIAN-AND DIATOM-BEARING NANNOFOSSIL OOZE. Purple cm-scale bands are common. General Description: Mottled zones, burrow with reaction halos, cm-scale banding, and dark sulfide-rich specks are present throughout the core. Section 4 shows alteration fronts as ellipsoidal halos around burrows or mottles.",CORE  84.8 - 94.53  MBSF
201,1225,C,11,H,94.3,104.21,Pleistocene to middle Miocene," RADIOLARIAN-BEARING DIATOM-RICH NANNOFOSSIL OOZE Major Lithology: The major lithology of the core is greenish gray to pale yellow RADIOLARIAN-AND DIATOM-BEARING NANNOFOSSIL OOZE. Purple cm-scale bands are common. General Description: Mottled zones, burrow with reaction halos, cm-scale banding, and dark sulfide-rich specks are present throughout the core.",CORE  94.3 - 104.21  MBSF
201,1225,C,12,H,103.8,113.44,Pleistocene to middle Miocene," DIATOM-RICH NANNOFOSSIL OOZE Major Lithology: The major lithology of the core is dark greenish gray to pale green DIATOM-RICH NANNOFOSSIL OOZE. Purple cm-scale bands are common. General Description: Mottled zones, burrow with reaction halos, cm-scale banding, and dark sulfide-rich specks are present throughout the core.",CORE  103.8 - 113.44  MBSF
201,1225,C,13,H,113.3,123.14,Pleistocene to middle Miocene, DIATOM-BEARING NANNOFOSSIL OOZE Major Lithology: Pale green light-gray DIATOM-BEARING NANNOFOSSIL OOZE General Description: Pale purple-green banded (probably laminated) zones are interlayered by pale green light gray zones with yellow-gray mottles. Black (pyrite?) spots and cm-scaled bands are present throughout the whole core. The latter are commonly surrounded by purple rims.,CORE  113.3 - 123.14  MBSF
201,1225,C,14,H,122.8,132.63,Pleistocene to middle Miocene, NANNOFOSSIL OOZE Major Lithology: Light greenish-gray NANNOFOSSIL OOZE General Description: Dark gray and pale purple banding and yellowish mottles (bioturbation) are present throughout the core.,CORE  122.8 - 132.63  MBSF
201,1225,C,15,H,132.3,142.1,Pleistocene to middle Miocene, DIATOM-BEARING NANNOFOSSIL-OOZE Major Lithology: Pale white-gray and purple-green banded DIATOM-BEARING NANNOFOSSIL-OOZE General Description: Banding is irregular and possibly disturbed by burrowing. Yellowish brown burrows are present throughout the core.,CORE  132.3 - 142.1  MBSF
201,1225,C,16,H,141.8,151.85,Pleistocene to middle Miocene," DIATOM-RICH NANNOFOSSIL OOZE Major Lithology: White-gray, yellowish gray mottled DIATOM-RICH NANNOFOSSIL OOZE General Description: The white-gray sediment is rather homogeneous. Pale purple banding is commonly coincident with dark bands and spots. Yellowish light-gray mottles and green/purple banding are present throughout the core.",CORE  141.8 - 151.85  MBSF
201,1225,C,17,H,151.3,160.82,Pleistocene to middle Miocene," DIATOM-RICH NANNOFOSSIL OOZE Major Lithology: White-gray DIATOM-RICH NANNOFOSSIL OOZE General Description: Green, pale purple and light yellow mottles are present throughout the core. Purplish color is common with black bands. The core is very rich in dark spots (pyrite).",CORE  151.3 - 160.82  MBSF
201,1225,C,18,H,160.8,170.46,Pleistocene to middle Miocene, DIATOM-BEARING NANNOFOSSIL OOZE Major Lithology: Pale yellowish gray to light gray DIATOM-BEARING NANNOFOSSIL OOZE. General Description: The pale yellowish gray sediment is mottled throughout the core with yellow-gray patches. Lamination-like banding occurs intermittently throughout the core. Pyrite-rich spots are rare.,CORE  160.8 - 170.46  MBSF
201,1225,C,19,H,170.3,180.16,Pleistocene to middle Miocene," RADIOLARIAN-BEARING DIATOM-RICH NANNOFOSSIL OOZE Major Lithology: White-gray RADIOLARIAN-BEARING DIATOM-RICH NANNOFOSSIL OOZE General Description: Green, pale purple lamination alternates with light yellow mottled zones. Purplish color is common with black bands. The core is very rich in dark spots (pyrite).",CORE  170.3 - 180.16  MBSF
201,1225,C,20,H,179.8,188.93,Pleistocene to middle Miocene," DIATOM-RICH NANNOFOSSIL OOZE Major Lithology: White-gray DIATOM-RICH NANNOFOSSIL OOZE General Description: Green, pale purple and light yellow mottles are present throughout the core. Purplish color is common with black bands. Dark spots (pyrite) are abundant.",CORE  179.8 - 188.93  MBSF
201,1225,C,21,H,189.3,199,Pleistocene to middle Miocene," DIATOM-RICH NANNOFOSSIL OOZE Major Lithology: The major lithology of the core is pale green to pale yellow DIATOM-RICH NANNOFOSSIL OOZE. Purple cm-scale bands are common. General Description: Mottled zones, pale yellow burrows, purple and green cm-scale banding, and dark sulfide-rich specks are present throughout the core.",CORE  189.3 - 199  MBSF
201,1225,C,22,H,198.8,208.45,Pleistocene to middle Miocene," DIATOM-RICH NANNOFOSSIL OOZE Major Lithology: The major lithology of the core is pale green to greenish gray DIATOM-RICH NANNOFOSSIL OOZE. Purple cm-scale bands are common. General Description: Mottled zones, pale yellow burrows, purple and green cm-scale banding are present throughout the core. Sections 3, 4 and 5 are darker greenish gray diatom-rich sediments with dark sulfide-rich specks.",CORE  198.8 - 208.45  MBSF
201,1225,C,23,H,208.3,218.19,Pleistocene to middle Miocene," DIATOM-RICH NANNOFOSSIL OOZE Major Lithology: The major lithology of the core is greenish gray to purple DIATOM-RICH NANNOFOSSIL OOZE. General Description: Pale yellow burrows, purple, green, white, and pale yellow cm-scale banding are present throughout the core.",CORE  208.3 - 218.19  MBSF
201,1225,C,24,H,217.8,227.82,Pleistocene to middle Miocene," DIATOM-BEARING NANNOFOSSIL OOZE Major Lithology: The major lithology of the core is greenish gray to purple DIATOM-RICH NANNOFOSSIL OOZE. General Description: Pale yellow burrows, purple and green cm-scale banding are present throughout the core. A few dark sulfide rich specks are present.",CORE  217.8 - 227.82  MBSF
201,1225,C,25,H,227.3,237.25,Pleistocene to middle Miocene," DIATOM-BEARING NANNOFOSSIL OOZE Major Lithology: The major lithology of the core is greenish gray to dark brown DIATOM-BEARING NANNOFOSSIL OOZE. General Description: Mottled zones, burrows, purple, green, white and dark brown cm-scale banding are present throughout the core. Dark brown parts are DIATOM-RICH NANNOFOSSIL OOZE.",CORE  227.3 - 237.25  MBSF
201,1225,C,26,H,236.8,246.88,Pleistocene to middle Miocene," DIATOM-RICH NANNOFOSSIL OOZE Major Lithology: The major lithology of the core is greenish gray to purple DIATOM-RICH NANNOFOSSIL OOZE. General Description: Mottled zones, burrows, purple, green and white cm-scale banding are present throughout the core. A few dark sulfide rich specks are present.",CORE  236.8 - 246.88  MBSF
201,1225,C,27,H,246.3,256.36,Pleistocene to middle Miocene," NANNOFOSSIL-RICH DIATOM OOZE Major Lithology: Pale greenish gray to light gray NANNOFOSSIL-RICH DIATOM OOZE. General Description: Section 1 through 5 of this pale greenish gray to light gray sediment are predominantly mottled with yellow-gray patches. Lamination-like banding is present intermittently throughout these sections. Pyrite-rich spots are rare. Sections 6 through CC have vertical pale grayish purple alteration bands, which cannot be attributed to drilling disturbance.",CORE  246.3 - 256.36  MBSF
201,1225,C,28,H,255.8,265.88,Pleistocene to middle Miocene, DIATOM-BEARING NANNOFOSSIL OOZE Major Lithology: Greenish light-gray DIATOM-BEARING NANNOFOSSIL OOZE General Description: Very homogenous greenish sediment. Minor green/yellow-gray/dark gray lamination is present. Purplish colors are also present. In the homogeneous parts are yellowish-gray patches.,CORE  255.8 - 265.88  MBSF
201,1225,C,29,H,265.3,272.16,Pleistocene to middle Miocene," DIATOM-BEARING NANNOFOSSIL OOZE AND NANNOFOSSIL-RICH DIATOM OOZE Major Lithology: Greenish brown-gray NANNOFOSSIL-RICH DIATOM OOZE General Description: The greenish light-gray DIATOM-BEARING NANNOFOSSIL OOZE becomes greenish gray mottled in the upper part of Section 3. Below 100 cm in Section 3, green-gray laminated NANNOFOSSIL-RICH DIATOM OOZE is present. This is the upper boundary of Subunit IE.",CORE  265.3 - 272.16  MBSF
201,1225,C,30,H,274.8,284.84,Pleistocene to middle Miocene," DIATOM-RICH NANNOFOSSIL OOZE Major Lithology: White-gray DIATOM-RICH NANNOFOSSIL OOZE General Description: Black spots are very rare. Pale green, purple and yellowish gray banding and weak yellowish mottling is present. A laminated chert nodule was found in the uppermost 15 cm of the core, at the same depth as in Hole 1225A.",CORE  274.8 - 284.84  MBSF
201,1225,C,31,H,284.3,294.39,Pleistocene to middle Miocene, DIATOM-BEARING NANNOFOSSIL OOZE Major Lithology: White gray DIATOM-BEARING NANNOFOSSIL OOZE General Description: Homogeneous white gray sediment with purplish-greenish banding and few yellowish patches.,CORE  284.3 - 294.39  MBSF
201,1225,C,32,P,293.8,294.82,Pleistocene to middle Miocene, DIATOM-BEARING NANNOFOSSIL OOZE Major Lithology: Greenish white-gray DIATOM-BEARING NANNOFOSSIL OOZE. General Description: The core is poorly preserved due to extrusion from the pressure core barrel and splitting by hand. It is homogeneous with some mottled texture.,CORE  293.8 - 294.82  MBSF
201,1225,C,33,H,295.8,299.04,Pleistocene to middle Miocene, DIATOM-BEARING NANNOFOSSIL OOZE Major Lithology: Homogenous greenish-gray DIATOM-BEARING NANNOFOSSIL OOZE General Description: The greenish white gray sediment contains yellowish mottles with few black spots. At the top of Section 2 laminated chert nodule was found.,CORE  295.8 - 299.04  MBSF
