Expedition.Leg,Site_Number,Hole,Core_Number,Core_Type,Core_Top_MBSF,Core_Bottom_MBSF,Age,Description,Core_ID
201,1227,A,1,H,0,5.59,Pleistocene," Section 1, 0-16 cm was sampled for microbiology. CLAY- AND SILT-RICH DIATOM OOZE Major Lithology: Olive green CLAY- AND SILT-RICH DIATOM OOZE Minor Lithologies: 1. Olive green DIATOM-BEARING FORAMINIFER-RICH SILT 2. CLAY-BEARING DIATOM OOZE General Description: The olive green sediments are laminated with the coarser laminae being more rich in foraminifers, clay, and silt. Accumulations of fish scales form dark spots. Lighter yellow layers are coarser grained and diatom-rich.",CORE  0 - 5.59  MBSF
201,1227,A,2,H,5.6,15.41,"5.6-11.1 mbsf: Pleistocene, 11.1-15.41 mbsf: Pliocene"," CLAY- AND SILT-RICH DIATOM OOZE, SILT-RICH FORAMINIFER OOZE, and DIATOM-BEARING FORAMINIFER-RICH SILT Major Lithology: 1. Olive green CLAY- AND SILT-RICH DIATOM OOZE 2. Soft, olive green SILT-RICH FORAMINIFER OOZE 3. Very dark brown DIATOM-BEARING FORAMINIFER-RICH SILT General Description: Below 60 cm in Section 1 the diatom ooze grades into dark olive green foraminifer ooze. The foraminifers are mostly benthic. A bone fragment was found at 39 cm. In Section 4 sharp contact with dark brown DIATOM-BEARING FORAMINIFER-RICH SILT is present. In this section, two phosphate nodules were also observed. Section 2, 40-102 cm was sampled for microbiology. Phosphate nodule Phosphate nodule Section 5, 0-118 cm was sampled for microbiology.",CORE  5.6 - 15.41  MBSF
201,1227,A,3,H,15.1,24.96,Pliocene," CLAY-BEARING DIATOM-RICH SILT Major Lithology: Dark brow to black CLAY-BEARING DIATOM-RICH SILT General Description: Sand sized benthic foraminifers were observed throughtout the core. In Section 1, 116-118 cm is reworked volcanic-glass layer. Slightly bioturbated zones were also observed. Section 2, 0-120 cm was sampled for microbiology. Section 5, 0-89 cm was sampled for microbiology.",CORE  15.1 - 24.96  MBSF
201,1227,A,4,H,24.6,35.57,Pliocene," DIATOM RICH CLAY Major Lithology: Dark brown to black DIATOM RICH CLAY with few scattered foraminifers. General Description: In Section 5, 62 cm, lighter interval is present, which includes cemented carbonate layer. Pyritized radiolarians and foraminifers were observed.",CORE  24.6 - 35.57  MBSF
201,1227,A,5,H,34.1,43.84,Pliocene," GLAUCONITE BEARING PYRITE RICH SILT Major Lithology: Dark brown, homogeneous GLAUCONITE BEARING PYRITE RICH SILT General Description: A few larger glauconite and pyrite clasts are present throughout the core. The clasts are coarser in Section 6 and 7. Section 3, 0-80 cm was sampled for microbiology. Section 5, 0-114 cm was sampled for microbiology.",CORE  34.1 - 43.84  MBSF
201,1227,A,6,H,43.6,50.07,Pliocene," PYRITE-BEARING DIATOM-RICH CLAY Major Lithology: Black to dark brown PYRITE-BEARING DIATOM-RICH CLAY General Description: Pyrite is common throughout the core. A brown red to pale red diatom-rich layer occurs in Section 3. Few burrows have been found in the lower part of the core. Section 2, 0-89 cm was sampled for microbiology. Section 4, 0-50 cm was sampled for microbiology.",CORE  43.6 - 50.07  MBSF
201,1227,A,7,H,53.1,56.82,late Miocene," CLAY- AND NANNOFOSSIL-BEARING DIATOM OOZE Major Lithology: Dark green CLAY- AND NANNOFOSSIL-BEARING DIATOM OOZE General Description: The sediment contains both homogeneous and bioturbated layers throughout the core. Section 2, 0-101 cm was sampled for microbiology.",CORE  53.1 - 56.82  MBSF
201,1227,A,8,H,62.6,62.98,late Miocene," NANNOFOSSIL- AND CLAY-BEARING DIATOM OOZE and GRAVEL Major Lithology: Olive green NANNOFOSSIL- AND CLAY-BEARING DIATOM OOZE and GRAVEL General Description: The core consists of gravel-sized dark green, olive, and white clasts, mixed with shell hash and olive green NANNOFOSSIL- AND CLAY-BEARING DIATOM OOZE.",CORE  62.6 - 62.98  MBSF
201,1227,A,9,H,72.1,78.58,late Miocene," DIATOM- AND CLAY-BEARING GRAVEL and CLAY- AND NANNOFOSSIL-BEARING DIATOM OOZE Major Lithologies: 1. White, black and green olive DIATOM- AND CLAY-BEARING GRAVEL 2. Dark olive, bioturbated CLAY- AND NANNOFOSSIL-BEARING DIATOM OOZE General Description: Dark gravel is present in the top 45 cm of Section 1. The gravel consists of mixed dolomite and phophate clasts. Dark olive sediments of the rest of the core are bioturbated and have low-angle inclination. Lamination is caused by variation in the content of diatoms, clay, and opaque clasts. Section 3, 0-95 cm was sampled for microbiology. Yellow speck, F-phophate?",CORE  72.1 - 78.58  MBSF
201,1227,A,10,H,81.6,88.96,late Miocene," CLAY- AND NANNOFOSSIL-BEARING DIATOM OOZE Major Lithology: Dark olive green CLAY- AND NANNOFOSSIL-BEARING DIATOM OOZE General Description: The first 45 cm consists of dark and gray gravel which is most likely washed from horizons above due to drilling. The gravel probably consists of dolomite and phosphate nodules. The rest of the core is very homogeneous with few volcanic ash accumulations. Section 2, 0-73 cm was sampled for microbiology.",CORE  81.6 - 88.96  MBSF
201,1227,A,11,H,91.1,95.55,late Miocene," CLAY- AND NANNOFOSSIL-BEARING DIATOM OOZE Major Lithology: Dark olive green CLAY- AND NANNOFOSSIL-BEARING DIATOM OOZE Minor Lithology: Orange PLAGIOCLASE-BEARING VOLCANIC GLASS General Description: In Section 1 (0-55 cm) the sediment is soupy due to drilling disturbance. Gravel is winnowed from sections above. It contains nodules that are most probably phosphate and dolomite. The rest of the core is homogenous dark olive green with white laminae rich in elongated diatoms. Orange spots with PLAGIOCLASE BEARING VOLCANIC GLASS are sporadically distributed. Section 2, 0-126 cm was sampled for microbiology.",CORE  91.1 - 95.55  MBSF
201,1227,A,12,H,100.6,107.6,late Miocene," CLAY- AND NANNOFOSSIL-BEARING DIATOM OOZE Major Lithology: Dark olive green CLAY- AND NANNOFOSSIL-BEARING DIATOM OOZE General Description: In Section 1, 0-30 cm gravel is present in soupy matrix, due to drilling disturbance. The dark olive green sediment is slightly laminated with lighter diatom rich laminae. Orange spots are rich in volcanic glass. A laminated dolomite nodule was found in Section 1, at 85 cm. Section 2, 0-105 cm was sampled for microbiology.",CORE  100.6 - 107.6  MBSF
201,1227,A,13,H,110.1,117.36,late Miocene," NANNOFOSSIL-BEARING DIATOM- and CLAY-RICH SILT Major Lithology: Dark olive green NANNOFOSSIL-BEARING DIATOM- and CLAY-RICH SILT General Description: The top 35 cm of Section 1 are enriched in gravel. This enrichment is due to drilling disturbance. A 3 cm thick gray volcanic ash layer is present in Section 3. Yellow specks containing volcanic glass shards are common throughout the core. Core 5 and 6 are more olive and show more pronounced lamination. Section 3, 15-100 cm and 115-135 cm were sampled for microbiology.",CORE  110.1 - 117.36  MBSF
201,1227,A,14,H,119.6,123.42,late Miocene," NANNOFOSSIL-RICH DIATOM OOZE Major Lithology: Greenish brown NANNOFOSSIL-RICH DIATOM OOZE General Description: The first 20 cm consists of white gravel which is most likely washed from horizons above due to drilling. Homogeneous greenish brown NANNOFOSSIL-RICH DIATOM OOZE with few foraminifer and silicoflagellate layers are present throughout the core. Section 2, 0-65 cm was sampled for microbiology. Section 2, 75-105 cm was sampled for microbiology.",CORE  119.6 - 123.42  MBSF
201,1227,A,16,M,131.1,131.25,late Miocene, Gravel from Fugro pressure corer.,CORE  131.1 - 131.25  MBSF
201,1227,A,17,H,132.1,133.73,late Miocene, CLAY-BEARING NANNOFOSSIL-RICH DIATOM OOZE Major Lithology: Dark brown CLAY-BEARING NANNOFOSSIL-RICH DIATOM OOZE with pyrite General Description: This core is very disturbed by drilling.,CORE  132.1 - 133.73  MBSF
201,1227,A,18,H,141.6,147.42,late Miocene," CLAY-BEARING NANNOFOSSIL-RICH DIATOM OOZE Major Lithology: Dark brown CLAY-BEARING NANNOFOSSIL-RICH DIATOM OOZE General Description: The core is highly disturbed and soupy throughout. Section 2, 53-72 cm was sampled for microbiology. Section 2, 85-135 cm was sampled for microbiology. Section 3, 35-54 cm void.",CORE  141.6 - 147.42  MBSF
201,1227,B,1,H,0,5.04,NA," CLAY- AND SILT-RICH DIATOM OOZE Major Lithology: Entire core consists of laminated CLAY- AND SILT-RICH DIATOM OOZE General Description: The thickness of light green and yellow laminae varies from 2 to 5 mm. Laminae consist of almost pure diatom ooze. Fish vertebra are in Section 1, 42 to 43 cm. Section 2, 57 to 69 cm contains burrow filled with unconsolidated FORAMINIFER OOZE.",CORE  0 - 5.04  MBSF
201,1227,B,2,H,5,14.98,NA," CLAY- AND SILT-RICH DIATOM OOZE PYRITE- AND GLAUCONITE-RICH FORAMINFER OOZE CLAY-BEARING DIATOM-RICH SILT Major Lithologies: From the top of the core through Section 5, 10 cm, the sediment consists of alternations of olive green CLAY- AND SILT-RICH DIATOM OOZE and PYRITE- AND GLAUCONITE-RICH FORAMINFER OOZE Below Section 5, 10 cm, the sediment is dark brown CLAY-BEARING DIATOM-RICH SILT Minor Lithology: Dark brown DIATOM-BEARING FORAMINIFER-RICH SILT General Description: Laminated olive green diatom ooze grades into olive green foraminifer ooze below 110 cm in Section 1 and is present again from Section 2, 121 cm through Section 4, 26 cm. Foraminifer ooze is present in Section 1, 110 cm through Section 2, 121 cm and Section 4, 26 cm through Section 5, 10 cm. Below Section 5, 10 cm, dark brown, slightly bioturbated silt is the dominant lithology. The base of the second diatom ooze interval is marked by 7 cm thick dark brown layer composed of DIATOM-BEARING FORAMINIFER-RICH SILT. A small yellow carbonate nodule occurs in Section 2, 112-114 cm. Phosphate nodules mark the top of the silty interval in Section 5, 10 cm. These nodules as well as the sharp contact between the over- and underlying intervals indicate the presence of unconformity at this depth.",CORE  5 - 14.98  MBSF
201,1227,B,3,H,14.5,24.15,NA," CLAY-BEARING DIATOM-RICH SILT Dominant Lithology: The entire core consists of homogeneous dark brown CLAY-BEARING DIATOM-RICH SILT General Description: Section 4 through 7 contain scattered sand-sized foraminifers, being slightly more abundant in Section 4 and 5. Two white spots are in Section 2, 55 to 58 cm.",CORE  14.5 - 24.15  MBSF
201,1227,D,1,H,0,7.53,Pleistocene," CLAY-RICH DIATOM OOZE and SHELL DEBRIS-BEARING FORAMINIFERAL OOZE Major Lithology: 1. Olive, well laminated CLAY-RICH DIATOM OOZE 2. Olive SHELL DEBRIS-BEARING FORAMINIFERAL OOZE General Description: Sections 2 to 4 consist of lithology 1. Dark green laminae alternate with white laminae. Some of them show angular lamination. In Section 5 and CC SHELL DEBRIS-BEARING FORAMINIFERAL OOZE is present. Coarser shell debris occurs in Section 5, at 97-105 cm. Entire Section 1 was sampled for microbiology and interstitial water analysis. IW: 0-15 cm, 60-75 cm, and100-115 cm Microbiology: 15-60 cm. 75-100 cm, and 115-150 cm Section 2, 0-21 cm was sampled for microbiology. Section 2, 45-77 cm was sampled for microbiology. Section 3, 0-72 cm and Section 4, 0-5 cm, was sampled for microbiology. Section 4, 0-5 cm was sampled for microbiology. Section 5, 0-81 cm was sampled for microbiology.",CORE  0 - 7.53  MBSF
201,1227,D,2,H,7.5,16.64,"7.5-14.6 mbsf: Pleistocene, 14.6-16.64 mbsf: Pliocene"," CLAY-RICH DIATOM OOZE and SILT-RICH FORAMINIFER OOZE Major Lithologies: 1. Laminated green CLAY-RICH DIATOM OOZE 2. Olive green SILT-RICH FORAMINIFER OOZE General Description: In Section 2, 12-19 cm dark olive silty layer with two bone fragments is present. The foraminifer ooze occurs in Section 2 through to Section 6. In Section 3 the sediment becomes more silt- and diatom-rich, and layers of volcanic-glass are present in Section 6.",CORE  7.5 - 16.64  MBSF
201,1227,D,3,H,17,26.97,Pliocene," DIATOM-BEARING CLAY- AND PYRITE-RICH SILT Major Lithology: Olive brown, bioturbated DIATOM-BEARING CLAY- AND PYRITE-RICH SILT Minor Lithology: CLAY-BEARING PYRITE-RICH QUARZ GLAUCONITE SILT General Description: Sediment in burrows consists of minor lithology.",CORE  17 - 26.97  MBSF
201,1227,D,4,H,26.5,36.39,Pliocene," PYRITE-, DIATOM- AND CLAY-RICH SILT Major Lithology: Dark olive green PYRITE-, DIATOM- AND CLAY-RICH SILT General Description: The entire core consists of dark olive green homogeneous sediment with few coarser burrows. Possible veinlets of very fine grained barite is present in Section 5, 90-110 cm. Section 4, 0-94 cm was sampled for microbiology. Section 6, 0-135 cm was sampled for microbiology.",CORE  26.5 - 36.39  MBSF
201,1227,D,5,H,36,43.38,Pliocene," FORAMINIFER-RICH SILTY CLAY Major Lithology: Dark olive green bioturbated FORAMINIFER-RICH SILTY CLAY General Description: The entire core consists of dark olive green sediment with fairly homogenous appearance. Slight bioturbation is present throughout the core. A barite nodule has been found in Section 4, 94-95 cm. Section 2, 0-99 cm was sampled for microbiology. Section 5, 0-62 cm and 86-91 cm was sampled for microbiology.",CORE  36 - 43.38  MBSF
201,1227,D,6,H,45.5,54.61,Pliocene," PYRITE-RICH GLAUCONITE SAND Major Lithology: Very dark olive green PYRITE-RICH GLAUCONITE SAND General Description: Fine-grained pyrite is present on the surface of 0.5-mm-scale round glauconite grains. Together they form very dark unlithified sand. A well rounded (terrigenous) pebble was found, surrounded by disseminated barite. 5-mm-scale clams with thick carbonate shells were found in the uppermost part of the core where the sediment is more clay- and silt-rich. A carbonate nodule was found in this interval. 3 cm-scale rounded terrigenous pebble in Section 3.",CORE  45.5 - 54.61  MBSF
201,1227,D,7,H,55,55.1,late Miocene," GRAVEL Major Lithology: White, dark green and black gravel.",CORE  55 - 55.1  MBSF
201,1227,D,8,H,64.5,66.2,late Miocene, GRAVEL Major Lithology: White green and black GRAVEL General Description: The core is very disturbed by the drilling process. A carbonate cemented glauconite nodule was found in Section CC. Entire Section 2 was sampled for microbiology (0-109 cm).,CORE  64.5 - 66.2  MBSF
201,1227,E,4,M,25.9,26.34,NA, Severely drilling disturbed Fugro Pressure core barrel interval.,CORE  25.9 - 26.34  MBSF
