Expedition.Leg,Site_Number,Hole,Core_Number,Core_Type,Core_Top_MBSF,Core_Bottom_MBSF,Age,Description,Core_ID
201,1228,A,1,H,0,4.83,Pleistocene-Holocene," DIATOM- BEARING SILT AND NANNOFOSSIL-BEARING SILT-RICH DIATOM OOZE Major Lithologies: 1. Dark olive, weakly laminated DIATOM- BEARING SILT 2. Intensively laminated olive green NANNOFOSSIL-BEARING SILT-RICH DIATOM OOZE Minor Lithologies: Olive green GLAUCONITE-BEARING QUARTZ-RICH LITHIC SILT General Description: Dark olive, weakly laminated sediment (Lithology 1) with high water content is present in Section 1. It is grades into more green diatom-rich sediment (Lithology 2) in the lower part of Section 2. A 10 to 20 cm thick olive green GLAUCONITE-BEARING QUARTZ-RICH LITHIC SILT layer is present at the bottom of Section 2 and the top of Section 3. Light gray clay- and silt-rich layers are present in Section 1, 99 cm and Section 2, 8 cm (presumably of volcanic origin). Fish remains are common, including two fish vertebra.",CORE  0 - 4.83  MBSF
201,1228,A,2,H,4.9,14.78,Pleistocene-Holocene," SILT-RICH DIATOM OOZE Major Lithology: Dark olive to olive green laminated SILT-RICH DIATOM OOZE General Description: Olive green diatom-rich laminated zones alternate at the m-scale with darker homogenous sediments. Pale gray ash? layers contain few isotropic clasts, but clay is very abundant. In Section 7, 5 cm thick zone of truncated high angular tabular bedding was observed. Section 2, 0-138 cm was sampled for microbiology. Section 5, 0-16 cm was sampled for microbiology.",CORE  4.9 - 14.78  MBSF
201,1228,A,3,H,14.4,24.2,Pleistocene-Holocene," CLAY-RICH DIATOM OOZE Major Lithology: Dark olive CLAY-RICH DIATOM OOZE with volcanic ash layer General Description: Dark olive CLAY-RICH DIATOM OOZE composed of ~1 thick, alternating intervals with weak and more intense lamination. Sections 1 and 5 are slightly bioturbated. A few small F-phosphates nodules as well as three blue and gray volcanic ash layers ranging in thickness from 4 to 6 cm are present. One ash layer in Section 7 has graded bedding and an erosional base. Section 2, 10-113 cm was sampled for microbiology. Section 5, 0-22 cm was sampled for microbiology.",CORE  14.4 - 24.2  MBSF
201,1228,A,4,H,23.9,33.35,Pleistocene-Holocene," DIATOM RICH CLAY Major Lithology: Dark brown to black DIATOM RICH CLAY with few scattered foraminifers. General Description: DIATOM-RICH CLAY intervals are poorly laminated and are interbedded with brown to green, well laminated silt layers with graded bedding and erosive contacts at their base. In Section 5, 62 cm, lighter colored interval is present, which includes cemented carbonate layer (dolomitic cement?). Several pyritized radiolarians and foraminifers were observed throughout the core. Section 6 contains three volcanic ash layers. Section 2, 0-105 cm was sampled for microbiology. Section 5, 0-17 cm was sampled for microbiology.",CORE  23.9 - 33.35  MBSF
201,1228,A,5,H,33.4,40.98,Pleistocene-Holocene," CLAY-RICH DIATOM OOZE AND DIATOM-RICH CLAYEY SILT Major Lithology: Dark brown to yellowish brown CLAY-RICH DIATOM OOZE and gray DIATOM-RICH CLAYEY SILT General Description: Sections 1-4, consist of an alternation between dark brown to yellowish brown CLAY-RICH DIATOM OOZE and normal graded silty sand layers containing sand-sized foraminifers. Erosional contacts and bioturbated zones were observed at the base of the silty sand layers. Fluid escape structures are present in Section 4. A gray DIATOM-RICH CLAYEY SILT layer in Section 5-CC shows slight banding. Section 2, 0-23 cm was sampled for microbiology. Section 2, 34-110 cm was sampled for microbiology. Section 5, 0-70 cm was sampled for microbiology.",CORE  33.4 - 40.98  MBSF
201,1228,A,6,H,42.9,52.17,Pleistocene-Holocene," DOLOMITE-BEARING DIATOM OOZE Major Lithology: Brown to olive slight to moderately laminated DOLOMITE-BEARING DIATOM OOZE with pale blue ash layers Minor Lithologies: 1) Light brown clay- and feldspar-rich silt. 2) Diatom-bearing clay-rich volcanic ash. 3) Homogeneous, clay-rich diatom ooze. 4) Yellow laminae of diatom ooze. Pink phosphate nodules are scattered throughout the core. An indurated layer is in Section 2, 70 cm.",CORE  42.9 - 52.17  MBSF
201,1228,A,7,H,52.4,62.36,"52.4-56.7 mbsf: Pleistocene-Holocene, 56.7-62.36 mbsf: Pliocene"," CLAY-RICH DIATOM OOZE and QUARTZ-BEARING CLAY-RICH SILT Major Lithologies: 1. Dark olive green CLAY-RICH DIATOM OOZE 2. Gray QUARTZ-BEARING CLAY-RICH SILT General Description: Lithology 1 with yellow laminae is present in Sections 1 and 2. The yellow laminae are partly cemented by carbonate (small rhombohedra are visible under the microscope). In Section 3, layer containing several phophate nodules overlies an erosional surface on top of lithologic Unit II (hiatus). This clay-rich silt forms ~10-m thick zone that is slightly bioturbated in Sections 6 and 7. Section 2, 0-100 cm was sampled for microbiology. Erosion surface with phosphatic sand and gravel. Section 5, 0-34 cm was sampled for microbiology.",CORE  52.4 - 62.36  MBSF
201,1228,A,8,H,61.9,71.69,Pliocene," DIATOM- AND QUARTZ-BEARING CLAY AND SILT and GLAUCONITE-BEARING QUARTZ-RICH LITHIC SAND Major Lithologies Gray homogeneous and green laminated DIATOM- AND QUARTZ-BEARING CLAY AND SILT Minor Lithology: Green-olive laminated GLAUCONITE-BEARING QUARTZ-RICH LITHIC SAND General Description: Homogeneous DIATOM- AND QUARTZ-BEARING CLAY AND SILT is present from Section 1 through Section 3, becoming progressively more laminated and diatom-rich downcore. In Section 4, green laminated and crossbedded sediment is present throughout the rest of the core. An erosional surface with an onlapping dark glauconite sand is present in Section 5, 50 cm. Phosphate nodule Section 3, 0-95 cm was sampled for microbiology.",CORE  61.9 - 71.69  MBSF
201,1228,A,9,H,71.4,77.92,Pliocene," DIATOM- AND QUARTZ-BEARING SILTY CLAY Major Lithology: Gray and olive DIATOM- AND QUARTZ-BEARING SILTY CLAY General Description: Dark olive green DIATOM- AND QUARTZ-BEARING SILTY CLAY grades into grayish, more clay-rich sediment toward the top of the core. Crossbedding is present in Section 3-5. Glauconite as well as few disseminated dolomite rhombohedra are present throughout the core. The top of the core is disturbed by drilling and is filled with gravel from higher stratigraphic levels. Section 2, 0-78 cm was sampled for microbiology.",CORE  71.4 - 77.92  MBSF
201,1228,A,10,H,80.9,87.8,Pliocene," DIATOM-BEARING AND -RICH SILTY CLAY Major Lithology: Olive green DIATOM-BEARING AND -RICH SILTY CLAY General Description: Strong drilling disturbance with soupy preservation and cm-sized pebbles of probably higher stratigraphic origin are present throughout the core. Section 1 is more grayish (similar to Section 9) caused by higher clay content compared to the rest of the core. Orange spots are rich in volcanic glass and probably represent altered clasts of volcanic origin. Section 2, 0-109 cm was sampled for microbiology.",CORE  80.9 - 87.8  MBSF
201,1228,A,11,H,90.4,92,Pliocene, DIATOM-BEARING CLAY-RICH SILT Major Lithology: Homogeneous green olive DIATOM-BEARING CLAY-RICH SILT General Description: The top 50 cm of Section 1 consists of soupy mix of gravel and thick-walled bivalve shells. These components most likely originate from higher stratigraphic levels and represent drilling artifacts. Several sandy layers are present in Section 2.,CORE  90.4 - 92  MBSF
201,1228,A,12,H,99.9,101.24,Pliocene," DIATOM-BEARING CLAY-RICH SILT Major Lithology: Green olive DIATOM-BEARING CLAY-RICH SILT General Description: Recovery only in Section 2, 0-24 cm. Section 1 consists of gravel washed in from higher stratigraphic levels by the drilling process. Gravel contains angular chert fragments and well rounded rock pebbles.",CORE  99.9 - 101.24  MBSF
201,1228,A,13,M,109.4,109.79,Pliocene," GRAVEL Well rounded as well as angular polymictic gravel, washed from higher stratigraphic levels recovered by the Fugro pressure corer.",CORE  109.4 - 109.79  MBSF
201,1228,A,14,H,110.4,118.42,Pliocene," DIATOM- AND QUARTZ-RICH FELDSPAR SILT AND SAND Major Lithology: Greenish gray DIATOM- AND QUARTZ-RICH FELDSPAR SILT and SAND Minor Lithology: Pale green and yellow of DIATOM OOZE General Description: Yellowish diatom-rich layers are present in ~10-cm spacing. Section 1 consists of gravel washed in from higher stratigraphic levels during the drilling process. Section 3, 0-106 cm was sampled for microbiology.",CORE  110.4 - 118.42  MBSF
201,1228,A,15,H,118.9,120.47,Pliocene," SILT Major Lithology: Dark gray silt. Very disturbed and soupy. Section 1, 100-131 cm was sampled for microbiology.",CORE  118.9 - 120.47  MBSF
201,1228,A,16,H,128.4,136.87,Pliocene," DIATOM-BEARING QUARTZ- AND FELDSPAR-RICH SANDY CLAY Major Lithology: Dark gray DIATOM-BEARING QUARTZ- AND FELDSPAR-RICH SANDY CLAY with FELDSPAR, QUARTZ AND DIATOM-RICH CLAY layers General Description: The first 35 cm of the core consists of black and gray gravel, which was most likely washed in from higher stratigraphic horizons during the drilling process. 0.5 to 2 cm thick FELDSPAR- QUARTZ- AND DIATOM-RICH CLAY layers are present throughout the core. A pink spot of undetermined composition but probably phosphate is in Section 1, 82 to 83 cm. Indurated diatom- and dolomite-rich silt layers are present in Section 2, 94 to 97 cm. Section 3, 0-85 cm was sampled for microbiology.",CORE  128.4 - 136.87  MBSF
201,1228,A,18,H,147.4,153.07,Pliocene," DIATOM-BEARING QUARTZ- AND FELDSPAR-RICH SANDY CLAY Major Lithology: Dark gray DIATOM-BEARING QUARTZ- AND FELDSPAR-RICH SANDY CLAY General Description: 0.5 to 3 cm thick FELDSPAR, QUARTZ- AND DIATOM-RICH CLAY layers are present in well-sorted dark gray DIATOM-BEARING QUARTZ- AND FELDSPAR-RICH SANDY CLAY. Section 3, 0-90 cm was sampled for microbiology.",CORE  147.4 - 153.07  MBSF
201,1228,A,19,H,156.9,160.31,Pliocene," FELDSPAR- AND QUARTZ-RICH SANDY SILT Major Lithology: Dark brown to dark gray well-sorted FELDSPAR- AND QUARTZ-RICH SANDY SILT General Description: The top 10 cm of Section 1 are rich in gravel, which was most likely washed in from higher stratigraphic horizons during the drilling process. Entire core has soupy texture due to drilling disturbance.",CORE  156.9 - 160.31  MBSF
201,1228,A,20,H,166.4,171.42,Pliocene," FELDSPAR- AND QUARTZ-RICH SANDY SILT Major Lithology: Dark brown to dark gray well sorted FELDSPAR- AND QUARTZ-RICH SANDY SILT General Description: The top 48 cm of Section 1 are rich in gravel, which was most likely washed in from higher stratigraphic horizons during the drilling process. Homogeneous dark brown to dark gray well-sorted FELDSPAR- AND QUARTZ-RICH SANDY SILT layers are present throughout the core.",CORE  166.4 - 171.42  MBSF
201,1228,A,21,H,175.9,178.81,Pliocene, CLAY-BEARING QUARTZ-FELDSPAR SAND Major Lithology: Green-gray weakly laminated CLAY-BEARING QUARTZ-FELDSPAR SAND General Description: Poor recovery with gravel in the top 20 cm of the core. Entire Section 2 was sampled for microbiology.,CORE  175.9 - 178.81  MBSF
201,1228,A,22,H,185.4,189.33,Pliocene," CLAY- BEARING QUARTZ-FELDSPAR SAND Major Lithology: Green gray and dark gray layered CLAY-BEARING QUARTZ-FELDSPAR SAND General Description: A ~5-cm large dolomite nodule as well as disseminated dolomite rhombohedra in the surrounding sediment are present in Section 1. Section 2, 0-132 cm was sampled for microbiology.",CORE  185.4 - 189.33  MBSF
201,1228,A,23,P,198.9,198.97,NA, Poor recovery due to gravel infill from higher stratigraphic levels during the drilling process.,CORE  198.9 - 198.97  MBSF
201,1228,B,1,H,0,6.73,NA," DIATOM-BEARING SILT AND NANNOFOSSIL-BEARING SILT-RICH DIATOM OOZE Major Lithologies: Dark brown DIATOM-BEARING SILT (Section 1 and Section 2, 0-70 cm) Greenish to brown NANNOFOSSIL-BEARING SILT-RICH DIATOM OOZE (below Section 2, 70 cm) A pink phopshate nodule is present in Section 2 at 50 cm. Sandy silt layers with sand-sized foraminifers are present in Sections 2 and 3.",CORE  0 - 6.73  MBSF
201,1228,B,2,H,6.8,16.65,NA," CLAY-RICH DIATOM OOZE Major Lithology: The core consists of weakly laminated to homogeneous brown to green CLAY-RICH DIATOM OOZE. General Description: Several laminae show low-angle cross lamination. A phosphate nodule is present in Section 3 at 50 cm, and carbonate nodule is present in Section 5 at 130 cm.",CORE  6.8 - 16.65  MBSF
201,1228,B,3,H,16.3,26.13,NA," CLAY-RICH DIATOM OOZE AND FORAMINIFER-RICH SILTY SAND Major Lithology: Sections 1 through 6, 27 cm and Sections 7, 24 cm through CC consist of dark olive laminated CLAY-RICH DIATOM OOZE. Section 6, 27 to 60 cm consists of FORAMINIFER-RICH SILTY SAND with abundant shell fragments. General Description: Diatom ooze contains yellow laminae. In Section 2, between 135 and 142 cm, rotational slumping is present. Gray, volcanogenic layers are present in Section 1, 122 cm and Section 5, 35 to 39 cm, 105 to 108 cm, and 112 to 113 cm. Sharp basal contacts may indicate reworking. F-phosphate is present in Section 5, 58 to 59 cm.",CORE  16.3 - 26.13  MBSF
201,1228,B,4,H,25.8,34.89,NA," CLAY-RICH DIATOM OOZE Major Lithology: Dark olive to brown CLAY-RICH DIATOM OOZE General Description: In Section 1 to 3 and in Section 6 the diatom ooze is well laminated. Two pale olive layers composed of foraminifer-rich silty sand and sand debris with normal grading are present in Section 4 (between 40 and 90 cm) and in Section 5 (between 40 and 150 cm). A phosphate nodule is in Section 5 at 56 cm, and gray ash layer is in Section 5 between 3 and 4 cm.",CORE  25.8 - 34.89  MBSF
201,1228,B,5,H,35.3,41.04,NA, FELDSPAR-BEARING CLAY-RICH DIATOM OOZE Major Lithology: Dark olive to brown FELDSPAR-BEARING CLAY-RICH DIATOM OOZE. General Descritpion: The sediment is weakly laminated and has discontinuous gray layers (Section 3) some of which have sharp basal contacts (Section 1). Two small phosphate nodules are present in Section 4 at 28 cm and 81 cm.,CORE  35.3 - 41.04  MBSF
201,1228,B,6,H,44.8,54.24,NA," DOLOMITE-BEARING DIATOM OOZE Major Lithology: Pale olive to brown DOLOMITE-BEARING DIATOM OOZE. Minor Lithology (Section 1): Olive, CLAY-RICH DIATOM OOZE General Descritpion: The sediment is characterized by yellow laminae composed of almost pure diatom ooze. Dolomite nodules are in Section 2, 96-104 cm and Section 4, 71-79 cm. A gray pyrite-rich silty layer with sharp basal contact is below the dolomite nodule in Section 4. A friable phopshate nodule is present in Section 1, 80-82 cm. Section 3, 0-115 cm was sampled for microbiology.",CORE  44.8 - 54.24  MBSF
201,1228,B,7,M,54.3,54.72,NA, Gravel and mud due to drilling disturbance.,CORE  54.3 - 54.72  MBSF
201,1228,C,1,H,0,7.53,NA," NANNOFOSSIL-BEARING, SILT-RICH DIATOM OOZE Major Lithology: Dark brown laminated NANNOFOSSIL-BEARING, SILT-RICH DIATOM OOZE grading into dark brown with gray and pale yellow laminae. General Description: Light gray laminae are in Section 2 at 10-11 cm. A carbonate cemented interval is in Section 2 at 120-128 cm. Cross lamination was observed at top of Section 3. Two gray layers are present in Section 5 at 18-20 cm and 78-79 cm.",CORE  0 - 7.53  MBSF
201,1228,E,1,H,0,7.33,NA," NANNOFOSSIL-BEARING, SILT-RICH DIATOM OOZE Major Lithology: Olive green NANNOFOSSIL-BEARING, SILT RICH DIATOM OOZE General Description: Sections 2 down to CC consist of laminated, olive green NANNOFOSSIL-BEARING, SILT RICH DIATOM OOZE. These sections are too fragmented and disturbed for detailed description. Section 1, 55-100 and 115-189 cm were sampled for microbiology. Bottom 11 cm of Section 1 remains after microbiology and interstitial water samples were taken. The interval is too disturbed for description. Section 2, 15-41 cm was sampled for microbiology. Section 3, 15-88 cm was sampled for microbiology. Section 4, 0-78 cm was sampled for microbiology.",CORE  0 - 7.33  MBSF
201,1228,E,2,M,7.3,9.2,NA, NANNOFOSSIL-BEARING SILT-RICH DIATOM OOZE Major Lithology: olive green NANNOFOSSIL-BEARING SILT-RICH DIATOM OOZE General Description: This core was recovered with the Fugro pressure corer and the original texture was destroyed by this process.,CORE  7.3 - 9.2  MBSF
