Expedition/Leg,Site,Hole,Core Number,Core Type,Top depth cored (m),Bottom depth recovered (m),Age,Description,Core ID
146,889,B,1,R,197,197,NA,NO RECOVERY,CORE 197 - 197 MBSF
146,889,B,2,R,206.4,206.45,upper Pliocene,"CARBONATE CONCRETION Major Lithology: CARBONATE CONCRETION, yellowish gray (6.7Y 7.8/0.7), with subparallel layering spaced 2-3 mm and an irregular surface. General Description: A thin section of the concretion was taken at 0-5 cm. ",CORE 206.4 - 206.45 MBSF
146,889,B,3,R,215.9,218.17,upper Pliocene,"FIRM CLAYEY SILT and CLAYEY SILT Major Lithologies: FIRM CLAYEY SILT, greenish black (2.4GY 1.4/0.3), soupy, fractured. Some integral, indurated pieces reach 5 cm to15 cm in length, individual coherent fragments are up to 3-5 cm long. No internal structures observed. CLAYEY SILT, olive black (9.7Y 2.1/0.7), soft, very disturbed, contains dispersed fine sand. Minor Lithology: CARBONATE CONCRETION, dark greenish gray (3.0G 3.6/0.2), 3-5 cm in diameter, with irregular surface. Observed in the uppermost part of Section 1. General Description: Observed disturbance apparently reflects fracturing in situ enhanced later by drilling. ",CORE 215.9 - 218.17 MBSF
146,889,B,4,R,225.3,228.17,upper Pliocene,"FIRM CLAYEY SILT Major Lithology: FIRM CLAYEY SILT, very dark gray (close to N2-N3), fractured. Semicoherent, indurated pieces up to 2 cm across. Some longer semicoherent intervals including one in Section 2, 35-60 cm. Minor Lithology: CARBONATE CONCRETION, light gray, 1.5-2 cm in diameter, with irregular surface. Observed in the uppermost part of Section 1. General Description: Observed disturbance probably reflects fracturing in situ enhanced later by drilling.",CORE 225.3 - 228.17 MBSF
146,889,B,5,R,234.8,235.22,upper Pliocene," FIRM CLAYEY SILT Major Lithology: FIRM CLAYEY SILT, olive black (9.9Y 1.1/0.4), fractured. Coherent fragments reach 4 cm across. ",CORE 234.8 - 235.22 MBSF
146,889,B,6,R,244.3,248.19,upper Pliocene,"CLAYEY SILT and SILTY CLAY Major Lithologies: CLAYEY SILT, olive black (7.4Y 2.1/1.0 to 9.1 Y 2.2/1.1), with sandy patches and isolated fragments of firm clayey silt. At Section 2, clayey silt contains shell fragments and aggregates of sponge spicules. SILTY CLAY, very dark olive gray (9.5Y 2.8/0.6), plastic and uniform. Minor Lithology: SANDY SILT, olive black (7.8Y 2.2/0.9), as very thin layers at the bottom of the core. General Description: All sediments of the core show weak reaction with HCI. ",CORE 244.3 - 248.19 MBSF
146,889,B,7,R,253.9,260.2,upper Pliocene,"CLAYEY SILT and SILTY CLAY Major Lithologies: CLAYEY SILT, very homogeneous, very dark greenish gray to greenish black (about 1GY 2/1). The structureless sediment shows shell fragments (Section 5, 65-95 cm) and portions of firm clayey silt, shattered to fragments of <1 cm in diameter. SILTY CLAY, dark olive black (about 9Y 2/1), is dominant in the upper three sections. Firm silty clay fragments are swimming in a clayey matrix, which is soupy at Section 1, 20-66 cm. Minor Lithology: An interval with CARBONATE CONCRETIONS up to 7.5 cm in diameter occurs at Section 4, 62-91 cm. The lithified material is olive gray (9.1 Y 3.6/0.7), fractured, and shows horizontal lamination on a mm-scale. General Description: The fine-grained sediment recovered at Core 146-889B-7R is slightly fractured in most sections. An interval in Section 4, 62-91 cm is remarkable for the massive carbonate concretions present there. ",CORE 253.9 - 260.2 MBSF
146,889,B,8,R,262.7,269.46,upper Pliocene,"CLAYEY SILT and SILTY CLAY Major Lithologies: Dark olive gray (about 9Y 3/1) CLAYEY SILT and olive black (about 9Y 2/1) SILTY CLAY. In many areas these are mixed, probably tectonically and also by the drilling and handling disturbance, to produce a swirled and/or mottled effect. Minor Lithologies: At the base of Section 4 two minor lithologies are interbedded with the CLAYEY SILT. At Section 4, 104 cm to 118 cm, CLAY is less dark colored (olive gray, 8.7Y 3.4/0.5), and at Section 4, 120 cm to 130 cm, PYRITE-RICH SILT occurs. These lithologies form less than 5% of the core. General Description: Observed disturbance of the core material probably reflects deformation in situ enhanced by drilling. Defined layers are horizontal, except an inclined contact at Section 2, 90-100 cm. The latter seems to reflect convolute deformation.",CORE 262.7 - 269.46 MBSF
146,889,B,9,R,271.6,273.87,upper Pliocene,"SILTY CLAY TO CLAYEY SILT and CLAY Major Lithologies: SILTY CLAY TO CLAYEY SILT, olive black (about 9Y 2/1), slightly fragmented due to drilling process. Indurated fragments are present in a clayey, sometimes soupy (Section 2, 34-74 cm) matrix. Sedimentary structures are not observed; a single shell fragment occurs at Section 1, 55 cm. At the top of the core (Section 1,0-11 cm), CLAY of very dark olive gray to olive black color (8.7Y 2.5/0.5) is observed. General Description: Structureless silty clay to clayey silt and clay is found in Core 146-889B-9R. ",CORE 271.6 - 273.87 MBSF
146,889,B,10,R,280.4,284.37,upper Pliocene,"FIRM SILTY CLAY Major Lithology: FIRM SILTY CLAY, olive black (about 9Y 2/1), slightly mixed up by deformation and drilling. Transitional fining upward sequence from homogeneous soft silty clay (Section 1, 119 cm upward) to silty clay, fractured, with indurated fragments (<1 cm in diameter), supported by a firm matrix. General Description: Recovered sediment is homogeneous FIRM SILTY CLAY. Sedimentary features are not preserved. Fracturing shows no preferred orientation. ",CORE 280.4 - 284.37 MBSF
146,889,B,11,R,289.3,289.3,NA,NO RECOVERY,CORE 289.3 - 289.3 MBSF
146,889,B,12,R,298.2,304.22,upper Pliocene,"CLAYEY SILT Major Lithology: CLAYEY SILT, very dark greenish gray to dark olive gray (about 1.5GY 3/1 to9Y3/1). Intervals of fragmented firm clayey silt intercallate with semiplastic intervals. The latter contain isolated, angular, firm fragments (up to 5 cm) with the same color and composition. Minor Lithology: CARBONATE CONCRETION, light gray pieces up to 4 cm, subrounded, with chert inclusions. In Section 1, 45 cm, a single black pebble 1.5 cm across (dropstone ?), partly coated by pyrite. General Description: Changes of color and softness of the sediment throughout the entire core, with no observed variation in mineral composition. ",CORE 298.2 - 304.22 MBSF
146,889,B,13,R,307.1,311.56,upper Pliocene,"FIRM CLAYEY SILT WITH GLAUCONY and CLAYEY SILT WITH GLAUCONY Major Lithologies: FIRM CLAYEY SILT WITH GLAUCONY, very dark greenish gray (about 1GY 3/1), fractured into small angular fragments. CLAYEY SILT WITH GLAUCONY, greenish to olive black (about 1GY 2/1 to 9Y 2/1), soft and plastic, with small angular fragments of firm clayey silt. Sediments of the entire core contain glaucony in the form of dark green spherules and subangular grains, abundant in Sections 1, 55-85 cm, Section 3,110-146 cm, and Section CC. General Description: Sediments in Section 1 seem to be an analogue to those in Section 146-889A-40H-1. A carbonate concretion is present in the firm clayey silt at the top of Section 3. ",CORE 307.1 - 311.56 MBSF
146,889,B,14,R,315.8,317.85,upper Pliocene,"FIRM CLAYEY SILT and CLAYEY SILT Major Lithologies: FIRM CLAYEY SILT, greenish black (0.3GY 2.1/0.9), heavily fractured. CLAYEY SILT, very dark greenish gray (1.9GY 2.9/0.8), with dispersed sand-size glauconite grains; soft and plastic, as a rule with small angular fragments of firm clayey silt. Minor Lithology: CARBONATE CONCRETIONS, dark gray, broken into angular pieces, restricted to inclined (45�) layer in the Section 1, 10-15 cm. General Description: Evidence of bedding disruption and tectonic disturbance can be seen, indicating that fracturing is likely to represent in situ fracturing enhanced by drilling. ",CORE 315.8 - 317.85 MBSF
146,889,B,15,R,324.6,326.99,upper Pliocene,"FIRM CLAYEY SILT Major Lithology: FIRM CLAYEY SILT, greenish black (about 1GY 1.5/0.6), heavily fractured. Minor Lithologies: SANDY SILT, very dark greenish gray or greenish black, soft, with small (up to 5 mm) angular fragments of firm clayey silt in Section 2, 0-13 cm. Contains a subangular carbonate-cemented mud clast with feldspars, glaucony, and foraminifers. SAND is found in a dipping layer in Section 1, 50 cm. General Description: A more coherent layer of fractured, firm clayey silt, 2 cm thick and dipping at 45�, is present in Section 1, 60-70 cm.",CORE 324.6 - 326.99 MBSF
146,889,B,16,R,333.3,333.33,upper Pliocene,"CARBONATE-CEMENTED CLAYEY SILTSTONE Major Lithology: CARBONATE-CEMENTED CLAYEY SILTSTONE, gray, broken into angular fragments (up to 4 cm long). General Description: 3 cm recovered. ",CORE 333.3 - 333.33 MBSF
146,889,B,17,R,342.1,343.71,upper Pliocene,"FIRM CLAYEY SILT Major Lithology: FIRM CLAYEY SILT, black to greenish black (9.5GY 0.4/0.5 to 0.8GY 1.7/0.7), with indurated fragments up to 4 cm across. Minor Lithology: CARBONATE-CEMENTED SILT, dark gray, at the top of the Section 1. One piece contains a shell fragment. At Section 1,136-138 cm, carbonate cementation is also observed. ",CORE 342.1 - 343.71 MBSF
146,889,B,18,R,351,352.04,upper Pliocene,"FIRM CLAYEY SILT Major Lithology: FIRM CLAYEY SILT, greenish black (6 6GY 0 9/1 0 to 1 4GY 2 3/0 9) intensively fractured into angular fragments. Contains glaucony, as spherules (up to 3 mm in diameter) and as subangular grains. A single carbonate-bearing mud clast is observed at Section 1, 36 cm. ",CORE 351 - 352.04 MBSF
146,889,B,19,R,359.9,360.1,upper Pliocene,"CARBONATE CONCRETIONS Major Lithology: CARBONATE CONCRETIONS of two principal types: 1. Strongly lithified, dark greenish gray (8.8 GY 3.8/0.8), with very fine clastic material. As a rule, these have very smooth, chert-like, fracture surfaces. 2. Weakly lithified, dark olive gray (9.1 Y 2.9/0.6), with coarser material (fine to medium sand). ",CORE 359.9 - 360.1 MBSF
146,889,B,20,R,368.7,368.87,upper Pliocene,"FIRM CLAYEY SILT Major Lithology: FIRM CLAYEY SILT, greenish black (2.2GY 1.1/0.6), fractured. Minor Lithology: Two types of CARBONATE CONCRETIONS are observed in the core. 1) Medium gray, cemented strongly, fine-grained. 2) Poorly lithified, very dark greenish gray, with sand-sized particles. General Description: A smear slide was taken at 5 cm, and a paleontology sample was taken at the base of the Core Catcher. ",CORE 368.7 - 368.87 MBSF
146,889,B,21,R,377.6,378.33,upper Pliocene,"FIRM CLAYEY SILT Major Lithology: FIRM CLAYEY SILT, olive black (about 9Y 2/0.8), fractured into indurated fragments up to 1 cm across. The silt contains up to 30% sand-sized pellets. Minor Lithology: CARBONATE CONCRETION, light gray when dry, dark gray when wet, with bioturbated fine sand-size material. A 1 cm x 0.5 cm nodule of glauconite, and a number of smaller grit-sized nodules are present in Section 1-8 cm. General Description: Subangular clast of noncarbonate siltstone and dispersed glaucony grains are observed in the upper part of Section 1. ",CORE 377.6 - 378.33 MBSF
