Expedition.Leg,Site_Number,Hole,Core_Number,Core_Type,Core_Top_MBSF,Core_Bottom_MBSF,Age,Description,Core_ID
160,967,A,1,H,0,9.3,middle Pleistocene-late Pleistocene,"NANNOFOSSIL OOZE and CLAY Major Lithologies: The sediment in this core consists of dark gray (10YR 4/1) to gray (5Y 5/1) NANNOFOSSIL OOZE, and gray (5Y 5/1) CLAY. Minor Lithology: Six dark olive gray (5Y 3/2) through very dark gray (5Y 3/1) to black (5Y 2.5/1) SAPROPELS are present in this core. Most have sharp color contacts and are faintly to well laminated. Bioturbation is evident at sapropel boundaries. General Description: The lighter-colored intervals in the dominant lithology display slight to moderate bioturbation, whereas the dark-colored intervals are structureless. Within the clay layers a color grading from gray (5Y 5/1) to pale brown (10YR 6/3) is present. ",CORE  0 - 9.3  MBSF
160,967,A,2,H,9.3,19.11,middle Pleistocene,"NANNOFOSSIL OOZE AND CLAY Major Lithology: The sediment in this core consists of lightly to moderately bioturbated gray (5Y 5/1) light gray (5Y 6/1) to light brownish gray (10YR 6/2) NANNOFOSSIL OOZE together with interbeds of gray (5Y 5/1) structureless CLAY. Minor Lithologies: Five dark olive gray (5Y 3/2) through very dark gray (5Y 3/1) to black (5Y 2.5/1) SAPROPELS are present in this core. All display intermittent lamination. Most are bioturbated throughout. Dark gray decimeter- thick beds of SILT and FORAMINIFER SILT are present in Sections 1 and 2. General Description: Much of the core comprises decimeter-thick beds that display color grading from gray (5Y 5/1) clay to light yellowish brown (10YR 6/2) nannofossil ooze. There are two microfaults in this core, one at the top of Section 4, the other toward the base of Section 5.",CORE  9.3 - 19.11  MBSF
160,967,A,3,H,18.8,28.71,middle Pleistocene,"NANNOFOSSIL OOZE and NANNOFOSSIL CLAY Major Lithologies: This core consists of light gray (10Y 7/1) to gray (5Y 6/1) NANNOFOSSIL OOZE and NANNOFOSSIL CLAY. Minor Lithologies: Six dark olive gray (5Y 3/2) through very dark gray (5Y 3/1) to black (5Y 2.5/1) SAPROPELS occur. Most of these beds are bioturbated. They are between 0.5 cm to 14 cm thick and some of them are composite, containing an interbed of dark gray pyritic clay. Decimeter-thick beds of dark gray CLAY are present. These are color graded from dark gray clay to gray (5Y 5/1) nannofossil clay. ",CORE  18.8 - 28.71  MBSF
160,967,A,4,H,28.3,38.2,early Pleistocene,"NANNOFOSSIL OOZE AND NANNOFOSSIL CLAY Major Lithology: The sediment in this core is gray (5Y 5/1 to 10YR 6/1) NANNOFOSSIL OOZE and NANNOFOSSIL CLAY, color banded at decimeter to meter scale. Minor Lithologies: Twelve dark olive gray (5Y 3/2) through very dark gray (5Y 3/1) to black (5Y 2.5/1) SAPROPELS occur. Most of these beds are finely laminated. They are between 5 cm and 25 cm thick.",CORE  28.3 - 38.2  MBSF
160,967,A,5,H,37.8,47.93,late Pliocene-early Pleistocene,"NANNOFOSSIL OOZE Major Lithology: This core consists of light gray (10Y 7/2) to gray (10Y 6/1) NANNOFOSSIL OOZE. Minor Lithologies: Nine dark olive gray (5Y 3/2) through very dark gray (5Y 3/1) to black (5Y 2.5/1) SAPROPELS occur. These beds are composed of foraminifer- bearing and commonly silty nannofossil ooze between 5%-10% organic carbon concentrations. Most of these beds are finely laminated. They are between 3 cm and 20 cm thick and several of them are composite, containing one two 0.2 cm to 5 cm interbeds laminae of dark gray pyritic clay. A 10-cm thick bed of FORAMINIFER NANNOFOSSIL OOZE occurs at Section 5, 120-130 General Description: The dominant lithology contains pale and dark color bands on a centimeter to decimeter scale and is mottled in places. Some relatively foraminifer-rich horizons occur.",CORE  37.8 - 47.93  MBSF
160,967,A,6,H,47.3,57.24,late Pliocene-early Pleistocene,"NANNOFOSSIL OOZE Major Lithology: The sediment in this core is NANNOFOSSIL OOZE color banded at decimeter to meter scale through a series of browns (10YR 6/1-10YR 7/2). Minor Lithologies: Twelve SAPROPELS occur throughout this core. They range between 2 to 25 cm in thickness and generally have sharp boundaries, are occasionally laminated, and contain foraminifers.",CORE  47.3 - 57.24  MBSF
160,967,A,7,H,56.8,66.63,late Pliocene,"CLAYEY NANNOFOSSIL OOZE Major Lithology: The sediment of this core is CLAYEY NANNOFOSSIL OOZE color banded at decimeter to meter scale through a range of browns and grays (10YR- 5Y). Foraminifers are occasionally concentrated as infillings in burrows. Minor Lithologies: Six dark olive gray (5Y 3/2) through very dark gray (5Y 3/1) to black (5Y 2.5/1) SAPROPELS occur. Most of these beds are finely laminated. They are between 3 cm and 20 cm thick and several of them are composite, containing one two 0.2-cm to 5-cm interbeds laminae of dark gray  pyritic clay.",CORE  56.8 - 66.63  MBSF
160,967,A,8,H,66.3,76.16,Pliocene,"CLAYEY NANNOFOSSIL OOZE Major Lithology: The dominant sediment in this core is CLAYEY NANNOFOSSIL OOZE color banded at decimeter to meter scale through a range of browns and grays (10YR7/3-5Y7/1). Minor Lithologies: Five dark olive gray (5Y 3/2) through very dark gray (5Y 3/1) to black (5Y 2.5/1) SAPROPELS occur. Most of these beds are finely laminated. They are between 3 cm and 20 cm thick and several of them are composite, containing one or two 0.2-cm to 5-cm interbeds laminae of dark gray (N4) pyritic clay. ",CORE  66.3 - 76.16  MBSF
160,967,A,9,H,75.8,85.8,Pliocene,"NANNOFOSSIL OOZE Major Lithology: The dominant sediment in this core is NANNOFOSSIL OOZE color banded at decimeter to meter scale through a range of browns and grays (10YR 6/1-5Y7/2). Minor Lithologies: Thirteen dark olive gray (5Y 3/2) through very dark gray (5Y 3/1) to black (5Y 2.5/1) SAPROPELS occur. Most of these beds are finely laminated. They are between 3 cm and 20 cm thick, and several of them are composite, containing one or two 0.2- cm to 5-cm interbeds laminae of dark gray (N4) pyritic clay.",CORE  75.8 - 85.8  MBSF
160,967,A,10,H,85.3,95.26,Pliocene,"NANNOFOSSIL OOZE WITH FORAMINIFERS Major Lithology: The dominant sediment in this core is slightly to moderately bioturbated NANNOFOSSIL OOZE with FORAMINIFERS color banded at decimeter to meter scale through a range of browns and grays (5YR 6/1-10YR6/4). Minor Lithologies: Five dark olive gray (5Y 3/2) through very dark gray (5Y 3/1) to black (5Y 2.5/1) SAPROPELS occur. Most of these beds are finely laminated. They are between 3 cm and 20 cm thick and several of them are composite, containing one or two 0.2 to 5-cm interbeds laminae of dark gray (N4) pyritic clay.",CORE  85.3 - 95.26  MBSF
160,967,A,11,H,94.8,104.79,Pliocene,NANNOFOSSIL OOZE AND NANNOFOSSIL CLAY Major Lithology: The dominant sediment in this core is slightly bioturbated NANNOFOSSIL OOZE and NANNOFOSSIL CLAY color banded at decimeter to meter scale through a range of browns (7.5YR 5/6-1OYR 8/1). Minor Lithologies: Decimeter thick white (1OYR 8/1) beds of FORAMINIFER SAND and NANNOFOSSIL OOZE with FORAMINIFERS occur throughout the core.,CORE  94.8 - 104.79  MBSF
160,967,A,12,H,104.3,113.55,early Pliocene,NANNOFOSSIL OOZE WITH FORAMINIFERS Major Lithology: The dominant sediment in this core is slightly to moderately bioturbated NANNOFOSSIL OOZE with FORAMINIFERS color banded at decimeter to meter scale through a range of browns and grays (7.5YR 6/3-7.5YR7/1).,CORE  104.3 - 113.55  MBSF
160,967,A,13,H,113.8,123.55,early Pliocene,"NANNOFOSSIL OOZE WITH FORAMINIFERS Major Lithology: The dominant sediment in this core is slightly to moderately bioturbated NANNOFOSSIL OOZE with FORAMINIFERS color banded at decimeter to meter scale through a range of browns and grays (7.5YR 6/4 - 10YR 7/3) General Description: Sections 4, 5, 6, and 7 contain sediment that has been disturbed by drilling.",CORE  113.8 - 123.55  MBSF
160,967,A,14,X,123.3,131.17,early Pliocene,CALCAREOUS OOZE Major Lithology: The sediment in this core is unconsolidated gray to brown (5Y 7/2-1OYR 7/3) CALCAREOUS OOZE. Foraminifers are concentrated in occasional horizons.,CORE  123.3 - 131.17  MBSF
160,967,A,15,X,129.1,134.39,early Pliocene,CALCAREOUS OOZE Major Lithology: The sediment in this core is gray (5GY 7/1-5Y 7/1) CALCAREOUS OOZE. General Description: The entire core has been disturbed by drilling.,CORE  129.1 - 134.39  MBSF
160,967,A,16,X,138.7,140.05,middle Eocene,CALCAREOUS OOZE Majory Lithology: The sediment in this core is green- gray (5GY 6/1) CALCAREOUS OOZE. General Description: The core has been significantly disturbed by drilling.,CORE  138.7 - 140.05  MBSF
