Expedition.Leg,Site_Number,Hole,Core_Number,Core_Type,Core_Top_MBSF,Core_Bottom_MBSF,Age,Description,Core_ID
160,969,A,1,H,0,7.68,late Pleistocene,"NANNOFOSSIL OOZE and NANNOFOSSIL CLAY Major Lithologies: The sediment in this core is NANNOFOSSIL OOZE and NANNOFOSSIL CLAY color banded at decimeter to meter scale through a range of browns and grays (10YR 6/2-5Y6/1). Minor Lithologies: Six SAPROPELS occur in this core. They range in thickness from 5 to 25 cm, generally have sharp contacts, and are olive gray (5Y 4/2). The upper portions of some are significantly burrowed. Five ASH horizon bands occur in this core. These range in thickness from about 1 to 10 cm.",CORE  0 - 7.68  MBSF
160,969,A,2,H,7.7,17.54,late Pleistocene,"NANNOFOSSIL OOZE Major Lithology: The sediment in this core is NANNOFOSSIL OOZE which is color banded at millimeter to decimeter scale through a range of browns and grays (10YR6/4to5GY6/1). Minor Lithologies: One ""oxidized"" SAPROPEL occurs in Section 1, 73-79 cm. This layer is moderately to heavily burrowed by Chondrites, and has a sharp top and gradational base. It contains hematite. General Description: Several horizons of brown (10YR 5/8) stained and mottled sediment are present, including Section 3, 51-62 cm, Section 4, 67-72 cm, and Section 5, 12-19 cm. Foraminifers are present in variable concentrations, generally more abundant in paler sediment. Sediments are color banded at a centimeter to decimeter scale throughout, although rarer intervals of millimeter scale banding also occur (Section 5, 46-95 cm).",CORE  7.7 - 17.54  MBSF
160,969,A,3,H,17.2,27.05,early Pleistocene,"NANNOFOSSIL OOZE and FORAMINIFER NANNOFOSSIL OOZE Major Lithologies: This core consists of yellowish brown (10YR 5/4) through light gray (10YR 7/1 to 5Y 7/1) and gray NANNOFOSSIL OOZE and FORAMINIFER NANNOFOSSIL OOZE. Minor Lithologies: Six dark gray (5Y 4/1) through very dark gray (5Y 3/1) to black (5Y 2.5/1) SAPROPELS occur below Section 2, 100 cm. Some of these horizons consist of two discrete beds which individually vary between 1-11 cm in thickness. A pale olive (5Y 6/4) bed occurs in Section 2, 59-71 cm that has the distinctive appearance of an oxidized sapropel. A series of 5-cm- to 10-cm-thick beds that are color graded from slightly darker (light brownish gray; 2.5Y 6/2) NANNOFOSSIL CLAY to paler (light N5 gray; 10YR 7/2) NANNOFOSSIL OOZE, occur in Section 4, 70-110 cm.",CORE  17.2 - 27.05  MBSF
160,969,A,4,H,26.7,36.5,early Pleistocene," NANNOFOSSIL OOZE and FORAMINIFER NANNOFOSSIL OOZE Major Lithologies: The sediment in this core is light brownish gray (2.5Y 6/2) to light olive gray (5Y 6/2) NANNOFOSSIL OOZE and FORAMINIFER NANNOFOSSIL OOZE. Minor Lithologies: Seven SAPROPELS occur in this core. These layers vary in color from black to olive gray (5Y 5/2). Lighter bands in the base of sapropel beds commonly contain abundant foraminifers. The top few centimeters of the sapropels commonly show Chondrites burrows. General Description: The sediment in this core shows thin to medium color banding which is due to compositional difference and to diagenetic fronts. Bands of light yellowish brown (2.5YR 6/4) staining occur in Section 2, 130-140 cm, and Section 3, 27 cm.",CORE  26.7 - 36.5  MBSF
160,969,A,5,H,36.2,46.18,late Pliocene,"NANNOFOSSIL CLAY and NANNOFOSSIL CLAY WITH FORAMINIFERS Major Lithologies: The sediment in this core is light gray (10YR7/2) to gray (N6) NANNOFOSSIL CLAY and NANNOFOSSIL CLAY WITH FORAMINIFERS. Minor Lithology: Six dark gray (5Y 4/1) to very dark gray (5Y 3/1) SAPROPELS varying in thickness from 3 to 9 cm occur in this core. These layers commonly contain Chondrites burrows. General Description: The sediment in this core is horizontally color banded throughout. There is a change from gray nannofossil clay to very pale brown (10YR 7/3) nannofossil clay with foraminifers in Section 5, 120 cm. This core shows evidence of minor gas expansion cracks.",CORE  36.2 - 46.18  MBSF
160,969,A,6,H,45.7,55.39,Pliocene,"FORAMINIFER NANNOFOSSIL CLAY and FORAMINIFER NANNOFOSSIL OOZE Major Lithologies: The sediment in this core is gray (5Y 6/1) to greenish gray (5GY 6/1) FORAMINIFER NANNOFOSSIL CLAY in the upper four sections and FORAMINIFER NANNOFOSSIL OOZE in the lower part of the core. Minor Lithologies: Twelve black (2.5Y 2.5/0) to dark olive gray (5Y 3/2) SAPROPELS, varying in thickness from to 14 cm, occur in this core. These layers are commonly bioturbated by Chondrites in the upper few cm, although those in Section 3 show these burrows in the lower few centimeters. Tops are generally sharply defined, and bottom contacts are commonly gradational. Foraminifers are generally abundant in lighter bands within the sapropels. General Description: The sediment in this core shows centimeter- to decimeter-scale color banding which is a result of both compositional differences and diagenetic alteration. Bioturbation is generally slight to moderate. Burrow fills are commonly foraminifer-rich. This core shows evidence of gas expansion structures. ",CORE  45.7 - 55.39  MBSF
160,969,A,7,H,55.2,64.49,Pliocene,CLAYEY NANNOFOSSIL OOZE Major Lithology: The sediment in this core is light gray to pale brown (5Y 7/1 to 10YR 7/4) CLAYEY NANNOFOSSIL OOZE. Minor Lithologies: Three very dark gray (5Y 3/1) SAPROPELS which vary in thickness from 8 to 20 cm occur in this core. These beds are bioturbated and contacts with the dominant lithology are sharp. General Description: The sediment in the core is color banded at decimeter to meter scale and foraminifers are locally abundant in burrows and at some color band interfaces. ,CORE  55.2 - 64.49  MBSF
160,969,A,8,H,64.7,74.71,early Pliocene,"NANNOFOSSIL OOZE and CLAYEY NANNOFOSSIL OOZE Major Lithologies: The sediment in this core is NANNOFOSSIL OOZE and CLAYEY NANNOFOSSIL OOZE color banded at decimeter to meter scale through a range of browns, and grays, (10YR 7/2-5YR 7/4). i. jl Minor Lithologies: Several dark gray (5Y 5/1) and brown (10YR 6/4) distinctive color bands, 10-15 cm thick, occur in the core. These are generally more bioturbated than the dominant lithology and have relatively sharp bases and diffuse tops defined by a color differentiation with the latter. Foraminifers are frequently concentrated at the bases of these color bands as well as in thin distinct colored horizons up to 1 cm in thickness.",CORE  64.7 - 74.71  MBSF
160,969,A,9,H,74.2,84.3,early Pliocene,"CLAYEY NANNOFOSSIL OOZE Major Lithology: The sediment in this core is CLAYEY NANNOFOSSIL OOZE color banded at decimeter to meter scale through a range of browns and grays (5YR 6/4-1OYR 7/3). Minor Lithologies: One 4-cm-thick SAPROPEL occurs in Section 5, 71 cm. This bed is dark gray (10Y 3/1), has sharp contacts, and is bioturbated toward the top. A number of highly bioturbated, dark gray (10Y 5/2) distinct color bands up to 10 cm thick occur toward the top of the core.",CORE  74.2 - 84.3  MBSF
160,969,A,10,H,83.7,93.36,early Pliocene,"NANNOFOSSIL CLAY Major Lithology: The sediment in this core is NANNOFOSSIL CLAY color banded at decimeter to meter scale through light gray and white (5Y 7/1 to 10Y 8/1). Minor Lithologies: Four SAPROPELS with generally sharp contacts occur in this core. All have been bioturbated and one in Section 3, 60 cm has been cut by a small fault. There are several dark gray (10Y 5/1), heavily bioturbated horizons which grade pervasively into the background color of the dominant General Description: The core is bioturbated throughout and numerous thin (mm-scale) color horizons mark the limits of individual larger color bands.",CORE  83.7 - 93.36  MBSF
160,969,A,11,H,93.2,103.14,early Pliocene,NANNOFOSSIL CLAY Major Lithology: The sediment in this core is very pale brown to light greenish gray (10YR 7/3 to 10Y 7/1) NANNOFOSSIL CLAY. Minor Lithologies: Ten SAPROPELS which range in thickness from 5 to 15 cm occur in the core. All are bioturbated and some have been disturbed by drilling.,CORE  93.2 - 103.14  MBSF
160,969,A,12,H,102.7,104.77,Tertiary,"NANNOFOSSIL CLAY Major Lithology: The sediment in this core is structureless dark gray (5Y 4/1) NANNOFOSSIL CLAY. General Description: Section 3 has been severely disturbed by drilling (sucked-in). Very thin (mm- scale) calcareous silt horizons occur throughout the core, particularly at the top of Section 3.",CORE  102.7 - 104.77  MBSF
160,969,A,13,H,105.5,108.33,Tertiary,CALCAREOUS SILTY CLAY Major Lithology: The sediment in this core is structureless dark gray to green gray (5Y 4/1- 5GY4/1) CALCAREOUS SILTY CLAY. General Description: Numerous thin (mm-scale) calcareous silt horizons occur throughout the core.,CORE  105.5 - 108.33  MBSF
