Expedition.Leg,Site_Number,Hole,Core_Number,Core_Type,Core_Top_MBSF,Core_Bottom_MBSF,Age,Description,Core_ID
189,1171,A,1,H,0,7.07,Holocene to Pliocene,NANNOFOSSIL FORAMINIFER OOZE TO FORAMINIFER-BEARING NANNOFOSSIL OOZE Major lithology: Very pale brown (10YR 8/2 to 10YR 8/3) to white (N 6) nannofossil foraminifer ooze to foraminifer-bearing nannofossil ooze in Sections 4 and 5. Faint light greenish gray (5G 7/1) to bluish gray (5PB 6/1) laminations in Sections 2 to 4.,CORE  0 - 7.07  MBSF
189,1171,A,2,H,7.1,16.17,Holocene to Pliocene,"FORAMINIFER NANNOFOSSIL OOZE TO CLAY-BEARING FORAMINIFER NANNOFOSSIL OOZE Major lithology: Alternating intervals of white (N 8), light gray (5Y 7/1 to 5Y 7/2), pale olive (5Y 6/3), light olive gray (5Y 6/2) and light greenish gray (10Y 7/1) foraminifer nannofossil ooze to clay-bearing nannofossil ooze in Section 5, 25 cm. Minor lithology: Light gray (5Y 7/1) nannofossil foraminifer ooze in Section 3, 45 cm. Faint bluish gray (5PB 6/1) and light greenish gray (5G 7/1) laminations throughout. Pyrite staining throughout.",CORE  7.1 - 16.17  MBSF
189,1171,A,3,H,16.6,24.81,Holocene to Pliocene,"CLAY BEARING NANNOFOSSIL OOZE TO FORAMINIFER NANNOFOSSIL OOZE Major lithology: Alternating clay-bearing nannofossil ooze in Section 1, 70 cm to foraminifer nannofossil ooze in Section 3, 70 cm and Section 5, 70 cm. Pale olive (5Y 6/3), light greenish gray (10Y 7/1), light bluish gray (5PB 7/1), light greenish gray (5GY 8/1) and white (N 8) intervals. Very faint light bluish gray (5PB 7/1) and light greenish gray (5GY 7/1) laminations in Sections 1 to 4, and 6. Laminations more pronounced in Section 5. Pyrite staining throughout.",CORE  16.6 - 24.81  MBSF
189,1171,A,4,H,26.1,35.83,Holocene to Pliocene,"DIATOM-BEARING NANNOFOSSIL OOZE TO FORAMINIFER-BEARIN NANNOFOSSIL OOZE Major lithology: White (N 8 to 5Y 8/1) diatom-bearing nannofossil ooze in Section 4, 90 cm and Section 6, 90 cm and light bluish gray (10PB 8/1) foraminifer-bearing nannofossil ooze in Section 5, 90 cm. Pyrite staining throughout increasing downcore from Section 5, 80 cm. Two sharp contacts are identified in Section 5, 126 cm and in Section 6, 137 cm.",CORE  26.1 - 35.83  MBSF
189,1171,A,5,H,35.6,45.41,Holocene to Pliocene,"FORAMINIFER-BEARING NANNOFOSSIL OOZE Major lithology: White (5Y 8/1 to 2.5Y 8/1) foraminifer-bearing nannofossil ooze. Laminations and pyrite staining throughout. Bluish gray laminations contain more diatoms than the major lithology. Minor Lithology: White (5Y 8/1) diatom-bearing nannofossil ooze in Section 1, 60 cm.",CORE  35.6 - 45.41  MBSF
189,1171,A,6,H,45.1,55.22,early Pliocene to earliest Miocene,FORAMINIFER-BEARING NANNOFOSSIL OOZE Major lithology: White (5Y 8/1) foraminifer-bearing nannofossil ooze. Pyrite bands and staining scattered throughout.,CORE  45.1 - 55.22  MBSF
189,1171,A,7,H,54.6,64.25,early Pliocene to earliest Miocene,"NANNOFOSSIL OOZE Major lithology: White (5Y 8/1 to 8) nannofossil ooze. Sharp color contact from light bluish gray (10 7/1) to white (5Y 8/1) in Section 2, 118 cm. Faint gray laminations and pyrite staining occur infrequently.",CORE  54.6 - 64.25  MBSF
189,1171,A,8,H,64.1,73.1,early Pliocene to earliest Miocene,"NANNOFOSSIL OOZE AND FORAMINIFER-BEARING NANNOFOSSIL OOZE Major lithology: White (2.5Y 8/1) generally massive nannofossil ooze and foraminifer-bearing nannofossil ooze. Thinly bedded light bluish gray (5PB 8/1), foraminifer-bearing nannofossil ooze in Section 7, 5-96 cm.",CORE  64.1 - 73.1  MBSF
189,1171,A,9,H,73.6,82.45,early Pliocene to earliest Miocene,"FORAMINIFER-BEARING NANNOFOSSIL OOZE Major lithology: White (5Y 8/1) foraminifer-bearing nannofossil ooze. Silt-sized black grains, possibly pyrite and glauconite grains, evenly distributed from Sections 4 to 6.",CORE  73.6 - 82.45  MBSF
189,1171,A,10,H,83.1,92.71,early Pliocene to earliest Miocene,"NANNOFOSSIL OOZE TO FORAMINIER-BEARING NANNOFOSSIL OOZE Major lithology: White (2.5Y 8/1) nannofossil ooze to foraminifer-bearing nannofossil ooze. Downcore increase in foraminifer content. Very occasional silt-sized glauconite grains scattered throughout. Slightly higher concentration of glauconite in Sections 1 and 2. Occasional light greenish gray (5G 8/1) thin beds in Section 4, 75 cm to CC.",CORE  83.1 - 92.71  MBSF
189,1171,A,11,H,92.6,102.54,early Pliocene to earliest Miocene,"NANNOFOSSIL OOZE, FORAMINIFER-BEARING NANNOFOSSIL OOZE AND FORAMINIFER- AND DIATOM-BEARING NANNOFSSIL OOZE Major lithology: White (N 8) nannofossil ooze to foraminifer-bearing nannofossil ooze (Section 1, 70 cm) and foraminifer- and diatom-bearing nannofossil ooze (Section 3, 70 cm). Light greenish gray (5G 7/1) to bluish gray (5PB 5/1) laminations in Sections 1, 6, and 7. Very faint in Section 2, 0-50 cm. Pyrite staining in Section 1 to 3. Detrital glauconite throughout.",CORE  92.6 - 102.54  MBSF
189,1171,A,12,H,102.1,110.67,early Pliocene to earliest Miocene,"NANNOFOSSIL OOZE TO DIATOM-BEARING NANNOFOSSIL OOZE Major lithology: White (N 8) nannofossil ooze to diatom-bearing nannofossil ooze in Section 3, 50 cm. Light greenish gray (5G 7/1) to bluish gray (5PB 5/1) laminations; very faint in Section 6, 50 to 98 cm. Detrital glauconite throughout; rare in Section 6. Pyrite staining throughout.",CORE  102.1 - 110.67  MBSF
189,1171,A,13,X,111.6,113.71,early Pliocene to earliest Miocene,NANNOFOSSIL OOZE Major lithology: White (N 8) nannofossil ooze. Glauconite throughout. Greenish gray (5G 7/1) laminations.,CORE  111.6 - 113.71  MBSF
189,1171,A,14,X,114.8,120.58,early Pliocene to earliest Miocene,"NANNOFOSSIL OOZE TO FORAMINIFER NANNOFOSSIL OOZE Major lithology: White (N 8) nannofossil ooze to foraminifer nannofossil ooze. Glauconite throughout, more abundant in the foraminifer nannofossil ooze, Section 3, 40 cm. Pyrite staining throughout. Light bluish gray (5PB 8/1) layer in Section 2, 58-70 cm.",CORE  114.8 - 120.58  MBSF
189,1171,B,1,H,0,4.26,Holocene to Pliocene,"NANNOFOSSIL FORAMINIFER OOZE Major lithology: Very pale brown (10YR 8/2) to white (10YR 8/1 to 8/) nannofossil foraminifer ooze. Minor lithology: Very pale brown (10YR 8/2) clay- and nannofossil-bearing foraminifer ooze in Section 1, 40 cm. Faint light greenish gray (5G 7/1) to light bluish gray (5PB 7/1) laminations throughout. Rare silt-sized glauconite throughout.",CORE  0 - 4.26  MBSF
189,1171,B,2,H,4.3,13.84,Holocene to Pliocene,FORAMINIFER-BEARING NANNOFOSSIL OOZE Major lithology: White (N 8) to light greenish gray (10Y 7/1) and light gray (5Y 7/2) foraminifer-bearing nannofossil ooze. Faint light bluish gray (5PB 7/1) and light greenish gray (5G 7/1) laminations in Sections 2 to 7. Pyrite staining throughout. Faint traces of glauconite throughout.,CORE  4.3 - 13.84  MBSF
189,1171,B,3,H,13.8,23.22,Holocene to Pliocene,"CLAY-BEARING FORAMINIFER NANNOFOSSIL OOZE TO NANNOFOSSIL FORAMINIFER OOZE Major lithology: Light olive gray (5Y 6/2) to white (N 8) and light greenish gray (10Y 7/1) clay-bearing nannofossil ooze to foraminifer nannofossil ooze in Section 6, 100 cm. Minor lithology: White (N 8) clay-bearing nannofossil foraminifer ooze in Section 2, 105 cm. Light greenish gray (5G 7/1) to light bluish gray (5PB 7/1) laminations. Very faint in Sections 5 to 7. Pyrite throughout. Rare silt-sized glauconite throughout.",CORE  13.8 - 23.22  MBSF
189,1171,B,4,H,23.3,32.24,Holocene to Pliocene,CLAY-BEARING FORAMINIFER NANNOFOSSIL OOZE TO NANNOFOSSIL FORAMINIFER OOZE Major lithology: White (N 8) to light gray (5YR 7/1) and light greenish gray (10Y 8/1) clay-bearing foraminifer nannofossil ooze to nannofossil foraminifer ooze. Light greenish gray (5G 7/1) to light bluish gray (5PB 7/1) laminations. Faint in Sections 3 to 6. Pyrite staining throughout. Rare silt-sized glauconite throughout.,CORE  23.3 - 32.24  MBSF
189,1171,B,5,H,32.8,42.08,Holocene to Pliocene,"DIATOM-BEARING NANNOFOSSIL OOZE AND FORAMINIFER-BEARING NANNOFOSSIL OOZE Major lithology: Alternating bands of white (N 8), light greenish gray (5Y 7/2) and light bluish gray (5PB 8/1) diatom-bearing nannofossil ooze to about Section 4 and foraminifer-bearing nannofossil ooze downcore. Intervals with pyrite staining/bedding in Section 1, 85-110 cm; Section 2, 68-80 cm and in Section 6, 10-65 cm. Large rare burrows in light gray intervals in Section 3, 35-60 cm; Section 4, 120-130 cm and in Section 7, 20-40 cm.",CORE  32.8 - 42.08  MBSF
189,1171,B,6,H,42.3,52.09,early Pliocene to earliest Miocene,"FORAMINIFER-BEARING NANNOFOSSIL OOZE Major lithology: White (5Y 8/1) foraminifer-bearing nannofossil ooze. Silt-sized pyrite and glauconite grains evenly distributed downcore from Section 1, ~40 cm.",CORE  42.3 - 52.09  MBSF
189,1171,B,7,H,51.8,60.79,early Pliocene to earliest Miocene,"NANNOFOSSIL OOZE AND FORAMINIFER-BEARING NANNOFOSSIL OOZE Major lithology: White (N 8) nannofossil ooze, with an interval of foraminifer-bearing nannofossil ooze from Section 2, ~100 cm to Section 4, ~50 cm. Two sharp light bluish gray (5PB 8/1) contacts in Section 1, 83 cm and Section 5, 34 cm. Silt-sized pyrite and glauconite grains distributed evenly throughout. Faint thin laminations in Section 6, 40 cm to 150 cm.",CORE  51.8 - 60.79  MBSF
189,1171,B,8,H,61.3,70.8,early Pliocene to earliest Miocene,FORAMINIFER-BEARING NANNOFOSSIL OOZE AND NANNOFOSSIL OOZE Major lithology: White (N 8) foraminifer-bearing nannofossil ooze to nannofossil ooze (between Sections 4 and 6). Silt-sized pyrite and glauconite grains evenly distributed throughout.,CORE  61.3 - 70.8  MBSF
189,1171,B,9,H,70.8,80.28,early Pliocene to earliest Miocene,"NANNOFOSSIL OOZE TO FORAMINIFER-BEARING NANNOFOSSIL OOZE Major lithology: White (N 8) nannofossil ooze gradually changing to foraminifer-bearing nannofossil ooze in Section 2. Bluish gray (5B 6/1) pyrite beds scattered throughout. More abundant in Section 1, 63 cm to Section 2, 37 cm. Pyrite staining scattered throughout. Silt-sized pyrite and glauconite grains evenly distributed in Sections 4 to CC.",CORE  70.8 - 80.28  MBSF
189,1171,B,10,H,80.3,89.82,early Pliocene to earliest Miocene,"FORAMINIFER-BEARING NANNOFOSSIL OOZE Major lithology: White (N 8) and light bluish gray (5B 8/1) foraminifer-bearing nannofossil ooze. Minor lithology: White (N 8) diatom-bearing nannofossil ooze in Section 3, 40 cm. Faint light greenish gray laminations (10GY 8/1) in Section 5, 140 cm to Section 6, 20 cm and Section 6, 55-70 cm. Silt-sized pyrite and glauconite grains distributed evenly throughout.",CORE  80.3 - 89.82  MBSF
189,1171,B,11,H,89.8,97.98,early Pliocene to earliest Miocene,"FORAMINIFER-BEARING NANNOFOSSIL OOZE Major lithology: White (N 8) foraminifer-bearing nannofossil ooze. Very occasional silt-sized glauconite and pyrite grains, increasing in Section 5, 60-130 cm. Thin faint light greenish gray (10G 8/1) bedding in Sections 1 and 2.",CORE  89.8 - 97.98  MBSF
189,1171,B,12,H,99.3,109.13,early Pliocene to earliest Miocene,NANNOFOSSIL OOZE AND FORAMINIFER-BEARING NANNOFOSSIL OOZE Major lithology: White (N 8) nannofossil ooze to foraminifer-bearing nannofossil ooze in Section 4. Light greenish gray (10G 7/1) and occasional gray (N 5) alternating beds from Sections 2 to CC. Silt-sized pyrite and glauconite grains distributed evenly throughout.,CORE  99.3 - 109.13  MBSF
189,1171,C,1,H,0,9.7,Holocene to Pliocene,"FORAMINIFER-BEARING NANNOFOSSIL OOZE Major lithology: White (10YR 8/1) (N 8) and pale brown (10YR 8/2), light greenish gray (10Y 8/1 to 10Y 7/1) foraminifer-bearing nannofossil ooze. Minor lithology: White (10YR 8/1) clay- and foraminifer-bearing nannofossil ooze in Section 1, 50 cm. Light bluish gray (5PB 7/1) to light greenish gray (5G 7/1) laminations; faint in Sections 3, and 5 to 7. Pyrite staining throughout.",CORE  0 - 9.7  MBSF
189,1171,C,2,H,9.5,19.29,Holocene to Pliocene,"FORAMINIFER NANNOFOSSIL OOZE Major lithology: Alternating layers of white (N 8) to light gray (5Y 7/1) and light olive gray (5Y 6/2) foraminifer nannofossil ooze. Light greenish gray (5GY 8/1) layer in Section 7, 0-12 cm. Faint light bluish gray (5PB 7/1) and light greenish gray (5G 7/1) laminations throughout. Pyrite staining throughout.",CORE  9.5 - 19.29  MBSF
189,1171,C,3,H,19,28.61,Holocene to Pliocene,"FORAMINIFER NANNOFOSSIL OOZE Major lithology: White (N 8) foraminifer nannofossil ooze with light greenish gray (10GY 8/1) and light gray (5YR 7/1) intervals. Minor lithology: Very pale brown (10YR 8/2) nannofossil foraminifer ooze interval in Section 1, 0-10 cm, disturbed. Faint greenish gray (5G 6/1) and bluish gray (5PB 5/1) laminations throughout. Pyrite staining throughout. Rare silt-sized glauconite throughout.",CORE  19 - 28.61  MBSF
189,1171,C,4,H,28.5,37.85,Holocene to Pliocene,FORAMINIFER NANNOFOSSIL OOZE TO DIATOM-BEARING FORAMINIFER NANNOFOSSIL OOZE Major lithology: White (N 8) foraminifer nannofossil ooze to light greenish gray (10Y 8/1) diatom-bearing foraminifer nannofossil ooze. Pyrite staining throughout.,CORE  28.5 - 37.85  MBSF
189,1171,C,5,H,38,47.91,Holocene to Pliocene,FORAMINIFER-BEARING NANNOFOSSIL OOZE Major lithology: White (N 8) foraminifer-bearing nannofossil ooze. Greenish gray (5G 6/1) and bluish gray (5PB 6/1) laminations and beds. Faint laminations in Sections 3 and 6. Pyrite staining throughout.,CORE  38 - 47.91  MBSF
189,1171,C,6,H,47.5,57.49,early Pliocene to earliest Miocene,"FORAMINIFER NANNOFOSSIL OOZE Major lithology: White (N 8) foraminifer nannofossil ooze. Bluish gray (5PB 6/1) and rare greenish gray (5G 6/1) laminations throughout. White (N 8) laminations in Section 4, 83 cm and 112 cm. Light bluish gray (5PB 7/1 to 5PB 8/1) interval in Section 4, 123-135 cm. Pyrite staining throughout.",CORE  47.5 - 57.49  MBSF
189,1171,C,7,H,57,67.18,early Pliocene to earliest Miocene,"NANNOFOSSIL OOZE Major lithology: White (N 8) to rare light bluish gray (5PB 8/1) nannofossil ooze. Minor lithology: Grayish green (5G 5/2) foraminifer nannofossil ooze in Section 2, 138-139 cm and light bluish gray (5PB 8/1) foraminifer-bearing nannofossil ooze in Section 2, 17 cm. Faint greenish gray (5G 6/1) and bluish gray (5PB 6/1) laminations and layers. Very faint laminations in Sections 2, 3, and 4. Pale green (5G 6/2) lamination in Section 4, 147 cm. Bluish gray (5PB 7/1) laminations in Section 3,119-121 cm. Pyrite staining throughout.",CORE  57 - 67.18  MBSF
189,1171,C,8,H,66.5,75.39,early Pliocene to earliest Miocene,"NANNOFOSSIL OOZE AND FORAMINIFER-BEARING NANNOFOSSIL OOZE Major lithology: White (N 8) nannofossil ooze changing to foraminifer-bearing nannofossil ooze in Section 5. Interval grading from white (2.5Y 8/1) to light greenish gray (5GY 7/1) between Section 3, 130 cm to Section 4, 60 cm. Rare, occasional, silt-sized pyrite and glauconite grains scattered throughout.",CORE  66.5 - 75.39  MBSF
189,1171,C,9,H,76,85.69,early Pliocene to earliest Miocene,"FORAMINIFER-BEARING NANNOFOSSIL OOZE AND NANNOFOSSIL OOZE Major lithology: White (N 8) foraminifer-bearing nannofossil ooze to nannofossil ooze in Section 2. Faint light gray (N 7) pyrite laminations in Section 1, 70-130 cm. Very occasional silt-sized glauconite and pyrite grains scattered throughout.",CORE  76 - 85.69  MBSF
189,1171,C,10,H,85.5,94.48,early Pliocene to earliest Miocene,"FORAMINIFER-BEARING NANNOFOSSIL OOZE AND NANNOFOSSIL OOZE Major lithology: White (N 8) foraminifer-bearing nannofossil ooze to nannofossil ooze in Section 2. Regular light greenish gray (10G 8/1) laminations occur from Sections 3 to CC. Silt-sized pyrite grains occasionally scattered throughout. Light bluish gray 5PB 8/1 interval between Section 1, 130 cm and Section 2, 41 cm.",CORE  85.5 - 94.48  MBSF
189,1171,C,11,H,95,104.2,early Pliocene to earliest Miocene,"NANNOFOSSIL OOZE Major lithology: White (N 8) nannofossil ooze. Faint, rare light greenish gray (10G 8/1) laminations in Section 5, 60 cm and Section 6, 25 cm. Silt-sized pyrite and glauconite grains scattered throughout; more abundant in Section 2, 10-120 cm and Section 3, 30-90 cm.",CORE  95 - 104.2  MBSF
189,1171,C,12,X,104.5,109.97,early Pliocene to earliest Miocene,NANNOFOSSIL OOZE Major lithology: White (N 8) nannofossil ooze. Faint light greenish gray (5G 8/1) laminations and very rare silt-sized glauconite and pyrite grains scattered throughout.,CORE  104.5 - 109.97  MBSF
189,1171,C,13,X,110.2,115.77,early Pliocene to earliest Miocene,"NANNOFOSSIL OOZE AND FORAMINIFER-BEARING NANNOFOSSIL OOZE Major lithology: White (N 8) nannofossil ooze to foraminifer-bearing nannofossil ooze in Section 3, 40 cm to CC. Silt-sized glauconite and pyrite grains scattered throughout. Faint light greenish gray (10G 7/1 and 5G 8/1) and gray (N 6) laminations occur throughout.",CORE  110.2 - 115.77  MBSF
189,1171,C,14,X,115.2,123.54,early Pliocene to earliest Miocene,"NANNOFOSSIL OOZE AND FORAMINIFER-BEARING NANNOFOSSIL OOZE Major lithology: White (N 8) nannofossil ooze to foraminifer-bearing nannofossil ooze in Section 3. Silt-sized glauconite and pyrite grains scattered throughout, increasing in Section 4, 20 cm to Section 5, 80 cm. The increase is associated with an increase in foraminifer content.",CORE  115.2 - 123.54  MBSF
189,1171,C,15,X,124.8,134.5,early Pliocene to earliest Miocene,"FORAMINIFER-BEARING NANNOFOSSIL OOZE Major lithology: White (N 8) foraminifer-bearing nannofossil ooze. Silt-sized pyrite and glauconite grains increase in Section 2, 40 cm and are present throughout. Light greenish-gray (5G 7/1) and gray interval (N 7) in Section 4, 117 cm to Section 5, 50 cm.",CORE  124.8 - 134.5  MBSF
189,1171,C,16,X,134.5,139.71,early Pliocene to earliest Miocene,"CLAY- AND FORAMINIFER-BEARING NANNOFOSSIL OOZE TO FORAMINIFER-BEARING NANNOFOSSIL Major lithology: White (N 8), massive, clay-, foraminifer-bearing nannofossil ooze in Section 2, 62 cm to foraminifer-bearing nannofossil ooze. Light bluish gray (5PB 8/1) interval in Section 3, 50-150 cm and Section 4, 0-40 cm. Silt-sized pyrite grains throughout.",CORE  134.5 - 139.71  MBSF
189,1171,C,17,X,144.1,150.23,early Pliocene to earliest Miocene,"FORAMINIFER-BEARING NANNOFOSSIL OOZE Major lithology: White (N 8) to light greenish gray (10Y 8/1) in Section 3 massive foraminifer-bearing nannofossil ooze. Silt-sized pyrite and glauconite grains scattered throughout. More indurated intervals in Section 1, 127-132 cm and Section 2; 67-72 cm.",CORE  144.1 - 150.23  MBSF
189,1171,C,18,X,153.7,162.98,early Pliocene to earliest Miocene,"FORAMINIFER-BEARING NANNOFOSSIL OOZE TO NANNOFOSSIL OOZE Major lithology: White (N8) foraminifer-bearing nannofossil ooze in Section 2, 75 cm to nannofossil ooze in Section 6, 75 cm. Silt-sized pyrite and glauconite grains throughout. Pyrite staining in Section 5, 75-80 cm and 102-110 cm. Lithified nodules of ooze in Section 1, 51-56 cm; Section 3, 115-126 cm; Section 5,19-24 cm, and Section 6, 83-85 cm.",CORE  153.7 - 162.98  MBSF
189,1171,C,19,X,163.3,172.81,early Pliocene to earliest Miocene,"NANNOFOSSIL OOZE Major lithology: White (N 8) to light bluish gray (5PB 8/1) nannofossil ooze. Light greenish gray (5G 7/1) and bluish gray (5PB 5/1) laminations of variable thickness. Very faint in Section 4, 0-127 cm. Silt-sized glauconite and pyrite grains throughout. Faint pyrite staining throughout.",CORE  163.3 - 172.81  MBSF
189,1171,C,20,X,172.9,181.17,early Pliocene to earliest Miocene,"FORAMINIFER-BEARING NANNOFOSSIL Major lithology: White (N8) foraminifer-bearing nannofossil ooze. Very faint laminations throughout Section 6. Light greenish gray layer in Section 2, 29-64. Pyrite staining throughout. Silt-sized glauconite and pyrite grains throughout.",CORE  172.9 - 181.17  MBSF
189,1171,C,21,X,182.2,190.16,early Pliocene to earliest Miocene,"FORAMINIFER-BEARING NANNOFOSSIL OOZE Major lithology: White (N 8) foraminifer-bearing nannofossil ooze. Light bluish gray (5PB 8/1 to 5PB 7/1) layers in Section 2, 0-46 cm; Section 4, 87-105 cm; Section 6, 8-24 cm, 47-82 cm and CC, 0-8 cm, 15-18 cm. Light greenish gray (10Y 8/1) intervals in Section 3, 80-150 cm. Faint light greenish gray (5PB 7/1) and bluish gray (5PB 5/1) laminations. Silt-sized glauconite and pyrite grains throughout. More lithified intervals in Section 2, 95-102 cm and Section 3, 73-76 cm.",CORE  182.2 - 190.16  MBSF
189,1171,C,22,X,191.8,198.98,early Pliocene to earliest Miocene,"FORAMINIFER-BEARING TO FORAMINIFER NANNOFOSSIL OOZE Major lithology: White (N 8) to light greenish gray (10Y 8/1) foraminifer-bearing nannofossil ooze in Section 2, 90 cm to foraminifer nannofossil ooze in Section 5, 43 cm. Very faint light bluish gray layers (5PB 7/1) in Section 2, 50-51 cm and 100-102 cm. More lithified intervals in Section , 31-34 cm, 51-57 cm, 66 cm, 74 cm, 130-134 cm. Silt-sized glauconite and pyrite grains more abundant in Sections 2 to 4.",CORE  191.8 - 198.98  MBSF
189,1171,C,23,X,201.5,210.17,early Pliocene to earliest Miocene,"NANNOFOSSIL OOZE, FORAMINIFER NANNFOSSIL OOZE, FORAMINIFER-BEARIN NANNFOSSIL OOZE Major lithology: White (N 8) nannofossil ooze in Section 2, 40 cm; foraminifer nannofossil ooze in Section 4, 40 cm, and foraminifer-bearing nannofossil ooze in Section 6, 40 cm. Light greenish gray (5G 7/1) and bluish gray (5PB 6/1) laminations. Silt-sized glauconite grains and pyrite staining throughout. Lithified intervals in Section 1, 45-54 cm, 66-70 cm, 140-145 cm; Section 2, 0-10 cm, 120-126 cm, 146-147 cm; Section 4, 44-54 cm, 117-120 cm and Section 5, 45-50 cm, 77-80 cm, 125-130 cm.",CORE  201.5 - 210.17  MBSF
189,1171,C,24,X,211.1,219.79,early Pliocene to earliest Miocene,"NANNOFOSSIL CHALK AND FORAMINIFER-BEARING NANNOFOSSIL CHALK Major lithology: White (N 8 and 5Y 8/1) nannofossil chalk to foraminifer-bearing nannofossil chalk in Section 1, 50 cm and Section 3, 43 cm. Silt-sized glauconite and pyrite grains scattered throughout. Light bluish gray (10B 7/1) interval in Section 2, 96 cm to Section 3, 95 cm. Sharp color change from white (N 8) to light bluish gray (5PB 8/1) in Section 2, 95 cm. Light bluish gray (5PB 6/1) laminations in Section 2, 95-106 cm.",CORE  211.1 - 219.79  MBSF
189,1171,C,25,X,220.7,228.53,early Pliocene to earliest Miocene,"NANNOFOSSIL CHALK Major lithology: White (5Y 8/1) nannofossil chalk. Rare silt-sized pyrite and glauconite grains throughout; increasing in Section 5, 24-82 cm.",CORE  220.7 - 228.53  MBSF
189,1171,C,26,X,230.3,237.61,"230.3-233.7 mbsf: early Pliocene to earliest Miocene, 233.7-237.61 mbsf:  late Oligocene",FORAMINIFER-BEARING NANNOFOSSIL CHALK Major lithology: White (N 8) foraminifer-bearing nannofossil chalk. Silt-sized pyrite and glauconite grains scattered throughout.,CORE  230.3 - 237.61  MBSF
189,1171,C,27,X,239.6,247.38,late Oligocene,FORAMINIFER-BEARING NANNOFOSSIL CHALK Major lithology: White (N 8) foraminifer-bearing nannofossil chalk. Silt-sized pyrite and glauconite grains and rare sand-sized quartz and opaque mineral grains scattered throughout.,CORE  239.6 - 247.38  MBSF
189,1171,C,28,X,248.9,253.84,late Oligocene,"FORAMINIFER-BEARING NANNOFOSSIL CHALK Major lithology: White (N 8 and 2.5Y 8/1) foraminifer-bearing nannofossil chalk. Sand-sized grains occasionally observed downcore from Section 1, 40 cm. Silt-sized pyrite and glauconite scattered throughout.",CORE  248.9 - 253.84  MBSF
189,1171,C,29,X,258.5,264.88,late Oligocene,FORAMINIFER-BEARING NANNOFOSSIL CHALK Major lithology: White (N 8) to light greenish gray (5GY 8/1) foraminifer-bearing nannofossil chalk. Silt-sized glauconite and pyrite grains scattered throughout. Increase in siliceous content compared to cores upsection.,CORE  258.5 - 264.88  MBSF
189,1171,C,30,X,268.1,273.02,"268.1-269.8 mbsf: late Oligocene, 269.8-273.02 mbsf: latest Eocene","DIATOM-BEARING NANNOFOSSIL CHALK, DIATOM- AND FORAMINIFER-BEARING NANNOFOSSIL CHALK AND FORAMINIFER-BEARING NANNOFOSSIL CHALK Major lithology: White (N 8) and light greenish gray (10GY 8/1) diatom-bearing nannofossil chalk changing to diatom- and foraminifer-bearing nannofossil chalk in Section 2, 40 cm and to foraminifer-bearing nannofossil chalk in Section 3, 40 cm. Glauconite grains are abundant. Sharp lithologic change between major and minor lithology in CC, 20-28 cm. Frequent sand-sized glauconite grains scattered throughout, increasing in Section 3, 40-60 cm.",CORE  268.1 - 273.02  MBSF
189,1171,C,31,X,273.5,274.48,latest Eocene,"GLAUCONITIC SANDY SILT Major lithology: Dark greenish gray (5G 3/1) glauconitic sandy silt. Lithified sections in Section 1, 0-30 cm and Section 2, 5-13 cm. Alternating very dark grayish brown (10YR 3/2) to greenish black (10Y 5/1) lenses in Section 2, 5-13 cm. Note: Upper half of core dropped from liner. Section maybe out of order, and/or reversed.",CORE  273.5 - 274.48  MBSF
189,1171,D,1,R,247.6,250.32,late Oligocene,"FORAMINIFER-BEARING NANNOFOSSIL CHALK Major lithology: White (N 8) foraminifer-bearing nannofossil chalk. Rare silt-sized glauconite grains, increasing downcore in size and abundance. Lithified interval in Section 2, 90-100 cm.",CORE  247.6 - 250.32  MBSF
189,1171,D,2,R,257,260.73,late Oligocene,FORAMINIFER-BEARING NANNOFOSSIL CHALK Major lithology: White (N 8) and light greenish gray (10GY 8/1) foraminifer-bearing nannofossil chalk. Occasional silt-sized glauconite grains scattered throughout.,CORE  257 - 260.73  MBSF
189,1171,D,3,R,266.6,271.39,"266.6-269.8 mbsf: late Oligocene, 269.8-271.39 mbsf: latest Eocene","CARBONATE-, FORAMINIFER- AND CLAY-BEARING NANNOFOSSIL CHALK, FORAMNIFER- AND DIATOM-BEARING NANNOFOSSIL CHALK, CLAY-BEARING NANNOFOSSIL CHALK, AND GLAUCONITIC CLAYEY SILTSTONE Major lithology: White (5Y 8/1) carbonate-, foraminifer- and clay-bearing nannofossil chalk, foraminifer- and diatom-bearing nannofossil chalk, white (5Y 8/1) clay-bearing nannofossil chalk, foraminifer- and clay-bearing nannofossil chalk, and dark greenish gray (5GY 4/1), greenish black (5G 2.5/1), black (N2.5) glauconitic clayey siltstone. Minor lithology: White (5Y 8/1) nannofossil chalk in Section 3, 21 cm. Silt-sized and grain-sized glauconite throughout. Disturbance is mainly fractures and core breaks.",CORE  266.6 - 271.39  MBSF
189,1171,D,4,R,276.2,280.64,late to middle Eocene,"NANNOFOSSIL-BEARING CLAYEY RADIOLARIAN CHALK Major lithology: Olive gray (5Y 5/2) nannofossil-bearing clayey radiolarian chalk. Sand-sized glauconite throughout, more abundant in Section 1, 80-95 cm.",CORE  276.2 - 280.64  MBSF
189,1171,D,5,R,285.8,287.64,late to middle Eocene,"DIATOM-BEARING SILTY CLAYSTONE AND DIATOMACEOUS SILTY CLAYSTONE Major lithology: Black (N 2.5) to dark gray (5Y 4/1) diatom-bearing silty claystone in Section 2 and diatomaceous silty claystone in Section 1. Highly lithified in Section 1, 58-83 cm; lithified biscuits in Section 2, 45-54 cm.",CORE  285.8 - 287.64  MBSF
189,1171,D,6,R,293.8,295.31,late to middle Eocene,"SILTY CLAYSTONE Major lithology: Black (5Y 2.5/1) silty claystone. Core breaks in Section 1, 0-40 cm. Drilling disturbance in Section 1, 101-123 cm.",CORE  293.8 - 295.31  MBSF
189,1171,D,7,R,300.4,302.35,late to middle Eocene,"NANNOFOSSIL-BEARING DIATOMACEOUS CLAYSTONE Major Lithology: Pale olive (5Y 6/3) nannofossil-bearing clayey diatomite. Abundant Zoophycos bioturbation throughout. Section 1, 1-7 cm contains clast of glauconitic material from up-section. Fine sand-sized glauconite grains visible in Section 1, 100-150 cm.",CORE  300.4 - 302.35  MBSF
189,1171,D,8,R,305.4,307.89,late to middle Eocene,"NANNOFOSSIL-BEARING DIATOMACEOUS CLAYSTONE Major lithology: Pale olive (5Y 6/3) nannofossil-bearing diatomaceous claystone. Minor lithology: Pale olive (5Y 6/3) clayey diatomaceous chalk. Clay-layer in Section 1, 21.5 cm. Heavily fractured throughout. Silt-sized glauconite rare except in Section 2, 65-95 cm.",CORE  305.4 - 307.89  MBSF
189,1171,D,9,R,314.7,318.82,late to middle Eocene,"NANNOFOSSIL-BEARING DIATOMACEOUS CLAYSTONE, DIATOM-AND NANNOFOSSIL-BEARING CLAYSTONE, AND DIATOM-BEARING CLAYEY SILTSTONE Major lithologies: Olive (5Y 5/2) nannofossil-bearing diatomaceous claystone in Section 1, 0-100 cm. Greenish gray (10Y 6/1) diatom-and nannofossil-bearing claystone Section 1, 100 cm to Section 3, 50 cm. Dark grains of glauconite increase downcore as color grades to dark greenish gray (5GY 4/1). Fine gravel grains in Section 1, 15 cm and 22 cm. Rare Zoophycos traces.",CORE  314.7 - 318.82  MBSF
189,1171,D,10,R,324.3,330.83,late to middle Eocene,"DIATOMACEOUS CLAYSTONE Major Lithology: Olive (5Y 4/3 to 5Y 5/3) diatomaceous claystone. Fine sand-sized glauconite grains rare throughout; increases in Section 3 generally sandier. Section 1 contains burrows infilled with concentrated glauconite. A black (10YR 2/1) chert nodule is present in Section 4, 147 cm.",CORE  324.3 - 330.83  MBSF
189,1171,D,11,R,333.9,334.03,late to middle Eocene,"RADIOLARIAN SILTY CLAYSTONE Major lithology: Black (5Y 2.5/2) radiolarian silty claystone. Quartz, opaque black grains and radiolarians visible. Pressure solution surface with siliceous coating.",CORE  333.9 - 334.03  MBSF
189,1171,D,12,R,343.5,343.69,middle Eocene,SILTY CLAYSTONE Major lithology: Dark gray (5Y 4/1) silty claystone.,CORE  343.5 - 343.69  MBSF
189,1171,D,13,R,353.2,353.35,middle Eocene,CLAYSTONE Major lithology: Olive (5Y 5/3) claystone. Foraminifers and bedding visible.,CORE  353.2 - 353.35  MBSF
189,1171,D,14,R,362.8,363.33,middle Eocene,CLAYSTONE Major lithology: Olive gray (5Y 4/2) claystone.,CORE  362.8 - 363.33  MBSF
189,1171,D,15,R,372.4,374.4,middle Eocene,"CLAYSTONE Major lithology: Dark greenish gray (10Y 4/1) greenish gray (10Y 5/1) (very dark gray (5Y 3/1) claystone. Minor lithology: Clayey limestone in Section 3, 5-7 cm. Small siliceous tubes of unknown origin in Section 1, 40-51 cm.",CORE  372.4 - 374.4  MBSF
189,1171,D,16,R,382,385.23,middle Eocene,"CLAYSTONE Major lithology: Dark olive gray (5Y 3/2) claystone. Minor lithology: Olive (5Y 5/3) and olive brown (2.5Y 4/4) nannofossil-bearing claystone in Section 1, 110 cm and in Section 2, 122-135 cm. Faint bedding with lenses present in Sections 1 and 3. Bioturbation scattered throughout the core.",CORE  382 - 385.23  MBSF
189,1171,D,17,R,391.6,398.45,middle Eocene,CLAYSTONE Major lithology: Dark olive gray (5Y 3/2) and olive gray (5Y 5/2) claystone. Benthic foraminifers visible. Rare siliceous tubes evenly distributed throughout.,CORE  391.6 - 398.45  MBSF
189,1171,D,19,R,410.8,417.68,middle Eocene,"NANNOFOSSIL-BEARING CLAYSTONE Major lithology: Alternating dark greenish gray (10Y 4/1) and greenish gray (10Y 5/1) and greenish gray (5GY 6/1 to 10Y 5/1) intervals of nannofossil-bearing claystone. Minor lithology: greenish gray (10Y 5/1) clay-bearing carbonate in Section 1, 40 cm. Fine parallel to sub-parallel to bedding carbonate veins in Section 3, 80-83 cm, 100-112 cm; Section 4, 3-5 cm and in Section 5, 5-7 cm. Quartz veins, in Section 3, 4-17 cm.",CORE  410.8 - 417.68  MBSF
189,1171,D,20,R,420.4,428.71,middle Eocene,"GLAUCONITIC- BEARING SILTY, CLAYSTONE Major lithology: Olive gray (5Y 4/2) glauconitic bearing silty claystone in Section 1, 0-120 cm, with glauconite increasing downsection. Alternating intervals of dark olive gray (5Y 3/2) and olive gray (5Y 4/2) claystone in Section 1, 120 cm.",CORE  420.4 - 428.71  MBSF
189,1171,D,21,R,430,430.38,middle Eocene,CLAYSTONE Major lithology: Dark olive gray (5Y 3/2) claystone.,CORE  430 - 430.38  MBSF
189,1171,D,22,R,439.6,448.89,middle Eocene,"CLAYSTONE Major lithology: Olive gray (10Y 4/1) claystone. Large benthic foraminifers (Nodusaria Spp., Lenticulina Spp.) observed very occasionally throughout the core. Large shell fragment in Section 1, 20 cm.",CORE  439.6 - 448.89  MBSF
189,1171,D,23,R,449.2,453.63,middle Eocene,"CLAYSTONE Major lithology: Dark gray (5Y 4/1) claystone. Siliceous tubes of unknown origin present in Section 2, 90 cm; Section 3, 22-26 cm. Pyrite staining throughout.",CORE  449.2 - 453.63  MBSF
189,1171,D,24,R,458.8,464.37,middle Eocene,"CLAYSTONE Major lithology: Dark gray (5Y 4/1) claystone. Minor Lithology: White (5Y 8) massive lithified carbonate interval in CC, 7-30 cm. Common bioturbation with slightly compressed burrows throughout. Rare siliceous tubes of unknown origin present in Section 2, 100-150 cm. Clast of white crystalline barite present in Section 4, 61-73 cm.",CORE  458.8 - 464.37  MBSF
189,1171,D,25,R,468.5,476.86,middle Eocene,"CLAYSTONE Major Lithology: Very dark gray (5Y 3/1) claystone. Minor Lithology: Very dark gray (5Y 3/1) organic-bearing nannofossil claystone. Laminations present in Section 4, 68-70 cm. A greenish lamination is present in Section 1, 11 cm. Larger burrows occur throughout. Siliceous tubes of unknown origin are common throughout.",CORE  468.5 - 476.86  MBSF
189,1171,D,26,R,478.1,488.03,middle Eocene,CLAYSTONE Major lithology: Very dark gray (5Y 3/1) to dark gray (5Y 4/1) claystone. Siliceous tubes of unknowwn origin abondant throughout.,CORE  478.1 - 488.03  MBSF
189,1171,D,27,R,487.7,497.5,middle Eocene,NANNOFOSSIL-BEARING CLAYSTONE Major lithology: Alternating dark gray (5Y 4/1) to very dark gray (5Y 3/1) nannofossil-bearing claystone. Benthic foraminifers and siliceous tubes of unknown origin present throughout. Larger (cm-scale) burrows appear more common at color change boundaries.,CORE  487.7 - 497.5  MBSF
189,1171,D,28,R,497.3,505.78,middle Eocene,"NANNOFOSSIL-BEARING CLAYSTONE TO SILTY CLAYSTONE Major lithology: Olive gray (5Y 4/2) and dark olive gray (5Y 3/2) nannofossil-bearing claystone to silty claystone in Section 5, 60 cm. Rare silt-sized glauconite throughout. Abundant in Section 3, 0-50 cm. Rare benthics foraminifers throughout. Rare siliceous tubes throughout",CORE  497.3 - 505.78  MBSF
189,1171,D,29,R,507,516.84,middle Eocene,"CLAYSTONE AND SILTY CLAYSTONE Major lithology: Dark gray (5Y 3/2) claystone in Sections 1 and 6 and silty claystone in Section 1, 60 cm. Very faint laminations throughout. Silt-sized glauconite throughout. Siliceous tubes of unknown origin throughout, more abundant in Sections 1, 2, and 4. Large vertical burrows in Section 4, 41-55 cm; Section 5, 64-75 cm; Section 6, 52-64 cm. Burrow filled with foraminifers, quartz and siliceous tubes in Section 1, 19 cm.",CORE  507 - 516.84  MBSF
189,1171,D,30,R,516.6,524.63,middle Eocene,"SILTY CLAYSTONE AND CLAYSTONE Major lithology: Olive gray (5Y 4/2) silty claystone and claystone. Minor lithology: Olive gray (5Y 5/2) nannofossil-bearing claystone in Section 5, 65-90 cm. Rare siliceous tubes of unknown origin present throughout. Black lenses of fusain (fossil charcoal) in Section 3, 102 cm.",CORE  516.6 - 524.63  MBSF
189,1171,D,31,R,526.2,533.78,middle Eocene,"SILTY CLAYSTONE AND NANNOFOSSIL-BEARING CLAYSTONE Major lithology: Olive gray (5Y 4/2), light olive gray (5Y 6/2) and dark greenish gray (10Y 4/1) silty claystone to nannofossil-bearing claystone in Section 3, 40 cm. Minor lithology: light olive gray (5Y 6/2) nannofossil claystone. Glauconite grains increase downcore from Section 2. Very rare siliceous tubes of unknown origin present throughout.",CORE  526.2 - 533.78  MBSF
189,1171,D,32,R,535.8,544.01,middle Eocene,"NANNOFOSSIL CLAYSTONE, NANNOFOSSIL-BEARING CLAYSTONE AND CLAYSTONE Major lithology: Olive gray (5Y 4/2) and greenish gray (10Y5/1) nannofossil claystone to nannofossil-bearing claystone and claystone. Very rare silicoeus tubes of unknown origin present in Sections 1 and 2. Calcite grains present in Section 1, 97-100 cm, Section 2, 37-38 cm and in Section 4, 23-27 cm and 34-42 cm.",CORE  535.8 - 544.01  MBSF
189,1171,D,33,R,545.5,555.07,middle Eocene,"NANNOFOSSIL-BEARING CLAYSTONE, CLAYEY SILTSTONE AND SILTY CLAYSTONE Major lithology: Dark gray (5Y 4/1), greenish gray (5GY 5/1) and dark greenish gray (10Y 4/1) nannofossil-bearing claystone to clayey siltstone in Section 1, 141 cm to Section 3, 40 cm and to silty claystone from Section 3 to CC. Large burrows filled with glauconite and small mud-clasts in Section 3, 30-31, 33-35, 36-38, 39-40 and 67-69 cm. Rare siliceous tubes of unknown origin in Section 3. Greenish gray to dark greenish gray sandy glauconitic mudclasts in Sections 2, 3-4 cm, 77-78 cm, 95-96 cm, and136-138 cm.",CORE  545.5 - 555.07  MBSF
189,1171,D,34,R,555.1,564.84,middle Eocene,"SILTY CLAYSTONE AND NANNOFOSSIL-BEARING CLAYSTONE AND CLAYSTONE Major lithology: Alternating bands of greenish gray (10Y 5/1) and dark greenish gray (10Y 4/1) silty claystone with an interval of nannofossil-bearing claystone between Sections 2 and 4. Claystone in Section 5, 40 cm. Pyrite vein occur in Section 6, 60-90 cm.",CORE  555.1 - 564.84  MBSF
189,1171,D,35,R,564.7,573.91,middle Eocene,CLAYSTONE Major lithology: Alternating bands of dark olive (5Y 3/2) and dark greenish gray (10Y 5/1) claystone. Small black grains and fine lenses throughout.,CORE  564.7 - 573.91  MBSF
189,1171,D,36,R,574.3,584.15,middle Eocene,"NANNOFOSSIL-BEARING CLAYSTONE Major lithology: Dark greenish gray (10Y 4/1), greenish gray (10Y 5/1) and olive gray (5Y 5/2) nannofossil-bearing silty claystone to nannofossil-bearing claystone. Minor lithology: Clayey siltstone in Section 4, 65 cm to pyrite sandy siltstone in Section 4, 60 cm. Shell bed with large pyrite nodule in Section 4, 60-65 cm. Quartz content increases towards the top of the layer. Siliceous tubes of unknown origin rare throughout. Large benthic foraminifers are occasionally visible.",CORE  574.3 - 584.15  MBSF
189,1171,D,37,R,583.9,593.62,middle Eocene,"NANNOFOSSIL-BEARING SILTY CLAYSTONE Major lithology: Gray (5Y 5/1; Sections 1, 2, 7) to greenish gray (10Y 5/1; Section 3-6) nannofossil-bearing silty claystone. Faint remnants of thin bedding largely obscured by bioturbation. Irregular-shaped pyrite nodule in Section 1, 85 cm. Spherical 2-cm diameter layered pyrite nodule in Section 5, 89-91 cm. Siliceous tubes of unknown origin are smaller in diameter than previously observed.",CORE  583.9 - 593.62  MBSF
189,1171,D,38,R,593.6,603.27,middle Eocene,"NANNOFOSSIL-BEARING CLAYSTONE TO NANNOFOSSIL-BEARING SILTY CLAYSTONE Major lithology: Dark gray (5Y 4/1), greenish gray (10Y 5/1) and dark greenish gray (10Y 3/1) nannofossil-bearing claystone to nannofossil-bearing silty claystone in Section 7, 20 cm. Remnant of laminations throughout. Siliceous tubes of unknown origin very rare. Glauconite present throughout, very abundant in Section 3, 0-30 cm.",CORE  593.6 - 603.27  MBSF
189,1171,D,39,R,603.2,611.9,middle Eocene,"NANNOFOSSIL-BEARING SILTY CLAYSTONE Major lithology: Olive gray (5Y 5/2; Section 1 to 3, 80 cm) to grayish olive (Section 3, 80 cm to CC) nannofossil-bearing silty claystone. Remnants of uneven horizontal bedding largely obscured by bioturbation. Rare siliceous tubes of unknown origin. Small (<2 mm), bed-parallel black flakes (wood/charcoal?) are rare throughout. Highly fractured interval dominated by massive pyrite bearing calcite veins in the upper portion in Section 5, 125-145 cm. Very hard, 2.5 cm diameter, nodule in Section 6, 102-105 cm, that darkens inward from light yellowish brown (2.5Y 6/4) to light olive brown (2.5Y 5/4). Nodule is similar in composition to surrounding sediments.",CORE  603.2 - 611.9  MBSF
189,1171,D,40,R,612.8,622.75,middle Eocene,"NANNOFOSSIL-BEARING SILTY CLAYSTONE AND SILTY CLAYSTONE Major lithology: Dark greenish gray (10Y 4/1) to silty claystone in Section 5, 50 cm. Nannofossil-bearing silty claystone in Section 1, 50 cm. Minor lithology: Very thin greenish black (5G 2,5/1) layer containing altered quartz in Section 4, 33 cm. Horizontal fabric visible throughout.",CORE  612.8 - 622.75  MBSF
189,1171,D,41,R,622.4,631.19,middle Eocene,"NANNOFOSSIL CLAYSTONE Major lithology: Dark greenish gray (10Y 4/1), very dark gray (5Y 3/1), dark gray (5Y 4/1) nannofossil claystone. Minor lithology: Dark gray (5Y 4/1) silty claystone in Section 3, 120 cm. Dark greenish gray (5y 3/1) intervals containing altered quartz in Section 3, 140 cm and in Section 2, 140 cm. Organic-bearing clayey siltstone in Section 6, 20 cm. Remnant of laminations throughout. Big burrows in Section 4, 38-60, and in Section 6, 38-55 cm. Siliceous tubes of unknown origin rare throughout. Glauconite present throughout, increases in Section 3, 0-140 cm and Section 4, 22-47 cm.",CORE  622.4 - 631.19  MBSF
189,1171,D,42,R,632,641.86,middle Eocene,"SILTY CLAYSTONE Major lithology: Dark olive gray (5Y 3/2) to dark greenish gray (10Y 4/1) and greenish gray (10Y 5/1) nannofossil-bearing silty claystone to silty claystone. Brecciated interval with claystone clasts in Section 5, 87-119 cm. Remnants of laminations throughout. Siliceous tubes of unknown origin rare throughout. Sand-sized glauconite increase in Section 3, 60-80 cm prior to color change from dark olive gray (5Y 3/2) to dark greenish gray (10Y 4/1).",CORE  632 - 641.86  MBSF
189,1171,D,43,R,641.6,651.06,middle Eocene,CLAYSTONE AND NANNOFOSSIL-BEARING CLAYSTONE Major lithology: Greenish gray (10Y 5/1) claystone to nannofossil-bearing claystone in Section 4. Clay clasts and glauconite-rich intervals occur.,CORE  641.6 - 651.06  MBSF
189,1171,D,44,R,651.3,660.76,middle Eocene,"NANNOFOSSIL CLAYSTONE AND NANNOFOSSIL-BEARING CLAYSTONE Major lithology: Greenish gray (10Y 5/1) nannofossil claystone and nannofossil-bearing claystone in Section 3, 40 cm. Small lenses of clay occur, especially in Section 4, 3-36 cm. Clay clast with light yellowish brown (2.5Y 6/4) halo in Section 1, 7-11 cm. Thin lenses and bioturbation of slightly darker color throughout the core.",CORE  651.3 - 660.76  MBSF
189,1171,D,45,R,660.9,665.91,middle Eocene,"NANNOFOSSIL-BEARING CLAYSTONE Major lithology: Dark greenish gray (10Y 4/1) to greenish gray (5BG 5/1) nannofossil-bearing claystone. A brecciated zone with sand-sized matrix occurs in Section 2, 118-122 cm. A brown (10Y 4/3) isolated clay clast with laminations in Section 3, 12-14 cm.",CORE  660.9 - 665.91  MBSF
189,1171,D,46,R,670.5,677.84,middle Eocene,"NANNOFOSSIL-BEARING CLAYSTONE, NANNOFOSSIL SILTY CLAYSTONE AND NANNOFOSSIL CLAYSTONE Major lithology: Greenish gray (10Y 5/1) nannofossil-bearing claystone to nannofossil silty claystone in Section 4 and nannofossil claystone in Section 5, 40 cm. Rare concentrations of pyrite crystals often associated with green (glauconite) intervals.",CORE  670.5 - 677.84  MBSF
189,1171,D,47,R,680.2,690.29,middle Eocene,"NANNOFOSSIL CLAYSTONE, NANNOFOSSIL SILTY CLAYSTONE AND NANNOFOSSIL-BEARING CLAYSTONE Major lithology: Greenish gray (5G 5/1) nannofossil claystone nannofossil silty claystone in Section 3, 40 cm and nannofossil-bearing claystone in Section 4. Minor lithology: Carbonate sandstone with quartz and glauconite grains in Section 6, 24-26 cm. Light olive brown (2.5Y 5/4) clast of sand-sized grains in Section 8, 29-30 cm. Clast with sand-sized black grains and brown (10Y 6/4) matrix in Section 1, 6 cm.",CORE  680.2 - 690.29  MBSF
189,1171,D,48,R,689.9,699.55,"689.9-692.5 mbsf: middle Eocene, 692.5-699.55 mbsf: early Eocene","NANNOFOSSIL-BEARING SILTY CLAYSTONE AND SILTY CLAYSTONE Major lithology: Alternating bands of dark greenish gray (10Y 4/1) and greenish gray (10Y 5/1 and 5GY 5/1) nannofossil-bearing silty claystone, changing to silty claystone in Section 2. Minor lithology: Dark brown (10YR 2/2) with distinct laminations from 91-94 cm, no laminations from 94-98 cm and gray (2.5Y 5/1) with no lamination from 98-102 cm. Silty carbonate sandstone in Section1, 88-102 cm. Gray (N 5) silty carbonate sandstone in Section 2, 90-109 cm. Pressure seams in Section 3, 38-41 cm and Section 4, 102-120 cm. Very rare white siliceous tubes of unknown origin in Sections 4 and 5.",CORE  689.9 - 699.55  MBSF
189,1171,D,49,R,699.5,709.42,early Eocene,"SILTY CLAYSTONE Major Lithology: Dark greenish gray (5GY 4/1 to 10Y 3/1) silty claystone. Minor Lithology: Dark greenish gray (10Y 3/1) volcanic-bearing silty claystone (Section 6, 90 cm). Faint horizontal sedimentary fabric visible but hard to definitively characterize due to abundant bioturbation. Siliceous tubes of unknown orign rare throughout. Dipping contacts in Section 3, 60-65 cm and in Section 7, 60-65 cm appear to be burrows but may be clay-in-filled microfaults. Faint microfaults present throughout, espically in Sections 3 and 7.",CORE  699.5 - 709.42  MBSF
189,1171,D,50,R,709.1,718.53,early Eocene,"NANNOFOSSIL-BEARING SILTY CLAYSTONE AND SILTY CLAYSTONE Major lithology: Dark greenish gray (10Y 4/1 to 10Y 3/1) nannofossil-bearing silty claystone and very dark brown (5Y 3/2) in Section 6, 55-93 cm and silty claystone in Section 5, 110 cm.. Minor lithology: . Grayish green (5G 4/2) thin bed of volcanic-bearing silty claystone in Section 6, 5-6 cm. Clay-rich black (N 2.5/) dewatering fractures, inclined up to ~60�, in Section 1, 85-87 cm, 104-115 cm; Section 2, 50-56 cm; Section 3, 88-90 cm; Section 7, 20-49 cm. Faint remnants of uneven horizontal bedding occur throughout.",CORE  709.1 - 718.53  MBSF
189,1171,D,51,R,718.7,727,early Eocene,"NANNOFOSSIL-BEARING SILTY CLAYSTONE Major lithology: Dark greenish gray (10Y 4/1) nannofossil-bearing silty claystone. Clay rich dewatering seams throughout. Rare siliceous tubes of unknown origin throughout. Two fining upward intervals of fine sand to silt-sized glauconite grains in Section 6, 0-50 cm, 124-150 cm. Remnant horizontal bedding present throughout. Charcoal scattered throughout. Dark greenish green (5G 3/2) layer in Section 4, 120 cm.",CORE  718.7 - 727  MBSF
189,1171,D,52,R,728.3,738.16,early Eocene,"NANNOFOSSIL-BEARING SILTY CLAYSTONE AND SILTY CLAYSTONE Major Lithology: Dark greenish gray (10Y 4/1) nannofossil- bearing silty claystone and silty claystone. Minor Lithology: Dark greenish gray (10Y 4/1) nannofossil-bearing silty claystone (Section 1, 71 cm). Brown organic matter-bearing silty claystone nodule of unknown origin diagenetically transformed to complex carbonates present in Section 5, 22 cm. Faint dewatering veins present throughout. Calcite vein (2 cm thick) present in Section 6, 20 cm. Calcite cement present in Section 6, 33 cm. Charcoal present in Section 7, 7 cm. Siliceous tubes of unknown origin extremely rare throughout.",CORE  728.3 - 738.16  MBSF
189,1171,D,53,R,737.9,745.85,early Eocene,"SILTY CLAYSTONE TO CLAYEY SILTSTONE Major lithology: Dark greenish gray (10Y 4/1 to 5GY 4/1) to silty claystone. Dark olive gray (5Y 3/2) clayey siltstone. Dewatering veins throughout. Glauconite and siliceous tubes of unknown origin rare throughout. Nodules of unknown origin diagenetically transformed to complex carbonates in Section 1, 17cm and Section 4, 46-49 cm.",CORE  737.9 - 745.85  MBSF
189,1171,D,54,R,747.5,757.31,early Eocene,"CLAYEY SILTSTONE AND SILTY CLAYSTONE Major lithology: Dark greenish gray (5GY 4/1 to 10Y 4/1) clayey siltstone to silty claystone. Little composition in variation between the two lithologies. Dewatering veins throughout. Rare silt-size glauconite throughout. Remnants of laminations. Nodule of unknown origin in Section 2, 75-76 cm, diagenetically transformed to complex carbonates .",CORE  747.5 - 757.31  MBSF
189,1171,D,55,R,757.1,767,early Eocene,"SILTY CLAYSTONE Major lithology: Dark grayish brown (10Y 4/1) silty claystone. Dark grayish brown (10YR 4/2) lenses. Light yellowish brown (2.5Y 6/4) clasts occur in Section 3, 31 cm and in Section 5, 40 and 44 cm. Small fluid escape structures and faults occur infrequently throughout. Dark green layers of unknown origin occur with lenticular structure in Section 1, 59 and 105 cm and in Section 3, 100 cm.",CORE  757.1 - 767  MBSF
189,1171,D,56,R,766.7,771.45,early Eocene,"SILTY CLAYSTONE Major lithology: Greenish gray (10Y 4/1) silty clay. Small lenses of slightly darker material present. Pressure solution seams and veins throughout. A small lighter clast of unknown origin diagenetically transformed to complex carbonates in Section 5, 13 cm.",CORE  766.7 - 771.45  MBSF
189,1171,D,57,R,776.3,781.78,early Eocene,"SILTY CLAYSTONE Major lithology: Dark greenish gray (10Y 4/1) silty claystone. Yellow-brownish clasts diagenetically transformed to complex carbonates in Section 1, 53-54 cm and Section 2, 69 cm.",CORE  776.3 - 781.78  MBSF
189,1171,D,58,R,785.9,795.54,early Eocene,"SILTY CLAYSTONE Major lithology: Dark greenish gray (10Y 4/1) silty claystone. Thin lenses, layers and infilled burrows. Several clasts of grayish brown (10YR 5/2) with darker core in Section 1, 57 and 106 cm; Section 2, 146 cm; Section 3, 12 cm; Section 4, 81-83 cm and in Section 7, 41 cm.",CORE  785.9 - 795.54  MBSF
189,1171,D,59,R,795.5,805.37,early Eocene,"SILTY CLAYSTONE Major lithology: Dark greenish gray (10Y 4/1) silty claystone. Brown lenses, layers and bioturbation present. Branching calcareous veins present in Section 1, 68-70 cm; Section 3, 66-69 cm and in Section 5, 55-56 cm.",CORE  795.5 - 805.37  MBSF
189,1171,D,60,R,805.1,814.65,earliest Eocene to late Paleocene,"ORGANIC-BEARING CLAYEY SILTSTONE Major lithology: Dark greenish gray (10Y 3/1) organic matter-bearing clayey siltstone. Minor lithology: Dark gray (N 4) limestone in Section 5, 115-125 cm. Branching calcareous veins present in Section 6, 113-114 cm. White siliceous tubes of unknown origin rare in Sections 1 to 4. Dark to light brownish clast (10YR 5/5 to 10Y 3/2) in Section 5, 34-36 cm.",CORE  805.1 - 814.65  MBSF
189,1171,D,61,R,814.7,822.65,earliest Eocene to late Paleocene,ORGANIC MATTER-BEARING CLAYEY SILTSTONE Major lithology: Dark greenish gray (10Y 3/1) organic matter-bearing clayey siltstone. Branching calcareous veins present. White siliceous tubes of unknown origin rare throughout.,CORE  814.7 - 822.65  MBSF
189,1171,D,62,R,824.3,834.2,earliest Eocene to late Paleocene,"SILTY CLAYSTONE Major lithology: Dark olive gray (5Y 3/2) to black (5Y 2,5/2) and dark greenish gray (10Y 3/1) silty claystone. Minor lithology: Black (5Y 2.5/) carbonaceous interval in Section 6, 44-48 cm and Section 7, 48-55 cm. Nodule of unknown origin in Section 5, 130 cm and Section 7, 50 cm. Rare siliceous tubes on unknown origin throughout. Dewatering cracks in Section 4, 95-150 cm. Fine charcoal particles throughout.",CORE  824.3 - 834.2  MBSF
189,1171,D,63,R,833.9,843.86,earliest Eocene to late Paleocene,"CLAYEY SILTSTONE Major lithology: Dark olive gray (5Y 3/2) to dark gray (5Y 4/1) clayey siltstone. Carbonate diagenesis in Section 3, 44-48 cm and Section 5, 4-14 cm. Siliceous tubes rare throughout. Very small charcoal fragments scattered throughout. Rare dewatering cracks from Sections 3 to CC.",CORE  833.9 - 843.86  MBSF
189,1171,D,64,R,843.5,852.06,earliest Eocene to late Paleocene,"CLAYEY SILTSTONE AND SILTY CLAYSTONE Major lithology: Dark olive gray (5Y 3/2) to dark greenish gray (10Y 4/1) clayey siltstone and silty claystone in Section 3, 74 cm. Siliceous tubes rare throughout. Very fine bioturbation. Dewatering cracks in Section 2, 80 cm. Carbonate concretion with burrows preserved in Section 6, 17-27 cm.",CORE  843.5 - 852.06  MBSF
189,1171,D,65,R,853.1,863.05,earliest Eocene to late Paleocene,SILTY CLAYSTONE TO CLAYEY SILTSTONE Major lithology: Dark greenish gray (10Y 3/1) to dark olive gray (5Y 3/2) silty claystone to clayey siltstone. Very fine bioturbation throughout. Remnants of laminations throughout. Very small wood fragments scattered throughout. Siliceous tubes of unknown origin rare throughout.,CORE  853.1 - 863.05  MBSF
189,1171,D,66,R,862.7,870.79,earliest Eocene to late Paleocene,"CLAYEY SILTSTONE Major Lithology: Dark greenish gray (10Y 3/1) to very dark grayish brown (2.5Y 3/2) in Section 5, 110 cm to CC, clayey siltstone. Minor Lithology: Dark greenish gray (10Y 3/1) organic-bearing clayey siltstone. Siliceous tubes of unknown origin rare throughout.",CORE  862.7 - 870.79  MBSF
189,1171,D,67,R,872.3,882.27,earliest Eocene to late Paleocene,"CLAYEY SILTSTONE Major Lithology: Dark greenish gray (10Y 4/1) clayey siltstone. White siliceous tubes of unknown origin rare throughout. Note: Core was dropped. Bottom 100 cm of Section 6 (about 8 pieces) fell out of the liner. Pieces were put back, but maynot be in correct order.",CORE  872.3 - 882.27  MBSF
189,1171,D,68,R,881.7,889.47,earliest Eocene to late Paleocene,"ORGANIC-BEARING CLAYEY SILTSTONE Major lithology: Dark greenish gray (5GY 3/1) organic matter-bearing clayey siltstone Minor lithology: Light gray (5Y 7/2) limestone in Section 2, 139 cm to Section 3, 13 cm. Pressure seams, occasionally filled with pyrite, occur throughout. White siliceous tubes of unknown origin rare throughout.",CORE  881.7 - 889.47  MBSF
189,1171,D,69,R,891.3,901.14,earliest Eocene to late Paleocene,"CLAYEY SILTSTONE AND ORGANIC-BEARING CLAYEY SILTSTONE Major lithology: Dark greenish gray (5GY 3/1), dark olive gray (5Y 3/2) and olive gray (5Y 4/1) clayey siltstone and organic-bearing clayey siltstone in Section 5, 136 cm.. Faint pressure seams throughout. White silicious tubes rare throughout, concentrated in Section 5, 16-21 cm.",CORE  891.3 - 901.14  MBSF
189,1171,D,70,R,900.9,908.12,earliest Eocene to late Paleocene,"CLAYEY SILTSTONE AND ORGANIC-BEARING CLAYEY SILTSTONE Major lithology: Very dark grayish brown (2.5Y 3/2) and dark reddish brown (5YR 3/2) clayey siltstone to organic matter-bearing clayey siltstone. Minor lithology: Very dark gray (5Y 3/1) limestone in Section 3, 22-28 cm. Very rare white siliceous tubes of unknown origin throughout.",CORE  900.9 - 908.12  MBSF
189,1171,D,71,R,910.5,919.17,earliest Eocene to late Paleocene,"CLAYEY SILTSTONE TO ORGANIC MATTER-BEARING CLAYEY SILTSTONE Major lithology: Very dark grayish brown (2.5Y 3/2) and dark grayish brown clayey siltstone to organic matter-bearing clayey siltstone. Dark grayish brown (2.5Y 4/2) glauconitic layer with sharp upper boundary in Section 2, 70-89 cm. Decrease in glauconite in Sections 2 to CC. Glauconite filled burrows in Section 2, 90 cm and Section 3, 13 and 35 cm. Gray (N 6) limestone nodule in Section 5, 138-145 cm.",CORE  910.5 - 919.17  MBSF
189,1171,D,72,R,920.2,929.34,earliest Eocene to late Paleocene,"ORGANIC MATTER-BEARING CLAYEY SILTSTONE Major lithology: Very dark grayish brown (2.5Y 3/2) organic matter-bearing clayey siltstone. Small siliceous white tubes of unknown origin rare throughout; more abundant in Section 3, 6-10 cm and Section 4, 8-42 cm.",CORE  920.2 - 929.34  MBSF
189,1171,D,73,R,929.9,939.56,earliest Eocene to late Paleocene,CLAYEY SILTSTONE Major lithology: Dark gray (5Y 4/1) clayey siltstone to dark olive gray (5Y 3/2) in Section 4. The sediment is laminated. Small thin lenses present.,CORE  929.9 - 939.56  MBSF
189,1171,D,75,R,949.2,954.99,earliest Eocene to late Paleocene,ORGANIC MATTER-BEARING CLAYEY SILSTONE Major lithology: Dark gray (5Y 4/1) organic matter-bearing clayey siltstone. Siliceous tubes of unknown origin rare throughout.,CORE  949.2 - 954.99  MBSF
