Expedition.Leg,Site_Number,Hole,Core_Number,Core_Type,Core_Top_MBSF,Core_Bottom_MBSF,Age,Description,Core_ID
189,1172,A,1,H,0,6.29,Holocene to early Pliocene,"NANNOFOSSIL FORAMINIFER OOZE AND FORAMINIFER-BEARING NANNOFOSSIL OOZE Major lithology: Grayish green (10Y 6/1) to light gray (5Y 7/1) nannofossil foraminifer ooze, and foraminifer-bearing nannofossil ooze from Section 4, 30 cm downcore. Minor Lithology: White (N 8/) foraminifer nannofossil ooze in Section 1, 3 cm. Pyrite staining throughout. Greener intervals richer in foraminifers.",CORE  0 - 6.29  MBSF
189,1172,A,2,H,6.3,16.2,Holocene to early Pliocene,"FORAMINIFER NANNOFOSSIL OOZE Major lithology: Light greenish gray (10Y 8/1 to 10Y 7/1), greenish gray (10Y 6/1 to 5GY 6/1) and white (N 8/) foraminifer nannofossil ooze. Pyrite staining throughout. Foraminifers more abundant in Section 3, 125 to Section 4, 52 cm and Section 5, 105-110 cm.",CORE  6.3 - 16.2  MBSF
189,1172,A,3,H,15.8,25.59,Holocene to early Pliocene,"FORAMINIFER-BEARING NANNOFOSSIL OOZE Major lithology: Alternating bands of light greenish gray (5GY 8/1, 6/1) and greenish gray (10GY 7/1) foraminifer-bearing nannofossil ooze. Pyrite staining and frequent pyrite bands throughout. Small layers and clasts of foraminifer sand scattered throughout.",CORE  15.8 - 25.59  MBSF
189,1172,A,4,H,25.3,35.16,Holocene to early Pliocene,"NANNOFOSSIL OOZE Major lithology: Alternating light greenish gray (5GY 8/1 and 5G 7/1) and greenish gray (10GY 6/1 and 5/1) nannofossil ooze. Pyrite staining throughout. Massive, thinly bedded and laminated sediment.",CORE  25.3 - 35.16  MBSF
189,1172,A,5,H,34.8,44.55,Holocene to early Pliocene,"NANNOFOSSIL OOZE Major lithology: Alternating bands of light greenish gray (10Y 7/1, 5G 7/1,10GY 8/1 and 7/1) nannofossil ooze. Pyrite staining throughout. Pyrite filled burrows in Section 1, Section 3, and in Section 6, 16 cm.",CORE  34.8 - 44.55  MBSF
189,1172,A,6,H,44.3,54.02,Holocene to early Pliocene,"NANNOFOSSIL OOZE AND FORAMINIFER-BEARING NANNOFOSSIL OOZE Major lithology: Light greenish gray (10Y 7/1 and 8/1, 5GY 8/1) nannofossil ooze that changes to foraminifer-bearing nannofossil ooze in Section 4. Frequent pyrite bands throughout. Pyrite staining in Sections 3, 5, and 6.",CORE  44.3 - 54.02  MBSF
189,1172,A,7,H,53.8,63.84,Holocene to early Pliocene,"NANNOFOSSIL OOZE AND FORAMINIFER-BEARING NANNOFOSSIL OOZE Major lithology: Light greenish gray (10GY 7/1, 10Y 7/1 and 5GY 8/1) nannofossil ooze, with an interval of foraminifer-bearing nannofossil ooze in Sections 2 and 3. Pyrite staining throughout; rare pyrite filled burrows.",CORE  53.8 - 63.84  MBSF
189,1172,A,8,H,63.3,73.27,"63.3-70 mbsf: Holocene to early Pliocene, 70-73.27 mbsf:  early Pliocene to late Miocene","FORAMINIFER-BEARING NANNOFOSSIL OOZE AND NANNOFOSSIL OOZE Major lithology: White (N 8/) and light greenish gray (10Y 8/1) foraminifer-bearing nannofossil ooze grading to nannofossil ooze in Section 2. Pyrite staining throughout. Three big pyrite nodules in Section 1, 125-130 cm.",CORE  63.3 - 73.27  MBSF
189,1172,A,9,H,72.8,82.59,early Pliocene to late Miocene,NANNOFOSSIL OOZE Major lithology: White (N8/) to light greenish gray (10Y 7/1) nannofossil ooze. High disturbance and pyrite staining throughout.,CORE  72.8 - 82.59  MBSF
189,1172,A,10,H,82.3,92.15,early Pliocene to late Miocene,"NANNOFOSSIL OOZE Major lithology: White (N 8/) to light greenish gray (10Y 7/1) nannofossil ooze. Pyrite staining throughout. Very faint laminations in Section 3. Vertebrae in Section 5, 37 cm and 43 cm.",CORE  82.3 - 92.15  MBSF
189,1172,A,11,H,91.8,101.39,early Pliocene to late Miocene,"NANNOFOSSIL OOZE Major lithology: White (N 8/) to light greenish gray (10Y 7/1) nannofossil ooze. Light greenish gray (10Y 7/1), grayish green (5G 5/2) and light bluish gray (5PB 5/1) laminations common throughout. Pyrite staining throughout.",CORE  91.8 - 101.39  MBSF
189,1172,A,12,H,101.3,110.1,early Pliocene to late Miocene,"NANNOFOSSIL OOZE Major Lithology: Light greenish gray (10Y 8/1) nannofossil ooze. Pyrite staining throughout. Faint gray and green laminations/bedding surfaces throughout. Mottles of light greenish gray (10Y 7/1) in Section 5, 110 cm.",CORE  101.3 - 110.1  MBSF
189,1172,A,13,H,110.8,120.81,early Pliocene to late Miocene,NANNOFOSSIL OOZE Major lithology: White (N 8/) nannofossil ooze with light greenish gray (10Y 8/1 to 10Y 7/1) intervals. Faint pale green (5G 6/2) and bluish gray (5PB 6/2) laminations. Pyrite staining throughout.,CORE  110.8 - 120.81  MBSF
189,1172,A,14,H,120.3,129.3,early Pliocene to late Miocene,NANNOFOSSIL OOZE Major lithology: White (N 8/) nannofossil ooze. Light greenish gray (10Y 7/1 to 5G 8/1) laminations. Pyrite staining throughout.,CORE  120.3 - 129.3  MBSF
189,1172,A,15,H,129.8,139.84,early Pliocene to late Miocene,NANNOFOSSIL OOZE Major lithology: White (N 8/) nannofossil ooze. Gray (N 6/) and light gray (N 4/) pyrite staining throughout.,CORE  129.8 - 139.84  MBSF
189,1172,A,16,H,139.3,149.27,early Pliocene to late Miocene,"NANNOFOSSIL OOZE Major lithology: White (N 8/) and light greenish gray (10GY 8/1) nannofossil ooze. Pyrite staining and bands in Sections 1, 3, 4, 5, and 6, 0-60 cm. Large (3-4 cm) pyrite nodules .",CORE  139.3 - 149.27  MBSF
189,1172,A,17,H,148.8,158.32,early Pliocene to late Miocene,NANNOFOSSIL OOZE Major lithology: White (N 8/) nannofossil ooze. Pale green (5G 7/1) and gray (N 5/) laminations throughout.,CORE  148.8 - 158.32  MBSF
189,1172,A,18,H,158.3,167.91,early Pliocene to late Miocene,NANNOFOSSIL OOZE Major lithology: White (N 8/) nannofossil ooze. Laminations and pyrite scattered throughout.,CORE  158.3 - 167.91  MBSF
189,1172,A,19,H,167.8,177.82,early Pliocene to late Miocene,NANNOFOSSIL OOZE Major lithology: Light greenish gray (10GY 8/1) and white (N 8/) nannofossil ooze. Laminations are mainly gray (N 6/); rare pale green (5G 7/1) laminations present.,CORE  167.8 - 177.82  MBSF
189,1172,A,20,H,177.3,186.5,early Pliocene to late Miocene,"NANNOFOSSIL OOZE Major lithology: White (N 8/) nannofossil ooze. Bluish gray (5PB 6/1) and greenish gray (10GY 6/1) laminations. Pyritized lamination in Section 2, 8 cm. Pyrite staining throughout.",CORE  177.3 - 186.5  MBSF
189,1172,A,21,H,186.8,196.86,early Pliocene to late Miocene,"NANNOFOSSIL OOZE Major lithology: White (N 8/) Nannofossil ooze. Light greenish gray (10GY 6/1) to bluish gray (5PB 6/1) very faint laminations. Core gap in Section 4, 69-71 cm.",CORE  186.8 - 196.86  MBSF
189,1172,A,22,H,196.3,206.23,early Pliocene to late Miocene,NANNOFOSSIL OOZE Major lithology: White (N 8/) massive to faintly laminated nannofossil ooze. Greenish gray (10GY 6/1) and bluish gray (5PB 6/1) laminations.,CORE  196.3 - 206.23  MBSF
189,1172,A,23,H,205.8,215.32,early Pliocene to late Miocene,NANNOFOSSIL OOZE Major lithology: White (N 8/) nannofossil ooze. Massive to faintly laminated. Pyrite staining throughout.,CORE  205.8 - 215.32  MBSF
189,1172,A,24,H,215.3,225.2,early Pliocene to late Miocene,NANNOFOSSIL OOZE Major lithology: White (N 8/) nannofossil ooze. Greenish gray (5G 6/1) to light bluish gray (5PB 6/1) laminations. Pyrite staining throughout.,CORE  215.3 - 225.2  MBSF
189,1172,A,25,X,224.8,228.06,early Pliocene to late Miocene,NANNOFOSSIL OOZE Major lithology: White (N 8/) nannofossil ooze. Very faint laminations throughout Section 1. Pyrite staining throughout.,CORE  224.8 - 228.06  MBSF
189,1172,A,26,X,230.1,235.89,early Pliocene to late Miocene,"NANNOFOSSIL OOZE Major lithology: White (N 8/) massive nannofossil ooze; more lithified in Section 1, 144 cm and Section 2, 78-82 cm, and 110-115 cm. Minor lithology: Lithified light bluish gray (5PB 8/1 to 5PB 7/1) to bluish gray (5PB 6/1 to 5PB 5/1) carbonate- and foraminifer-bearing nannofossil ooze in Section 4, 45-53 cm. Sharp basal contact. Pyrite staining throughout.",CORE  230.1 - 235.89  MBSF
189,1172,A,27,X,239.7,246.91,early Pliocene to late Miocene,"NANNOFOSSIL OOZE Major lithology: White (N 8/) massive nannofossil ooze. More lithified intervals in Section 1, 14-15 cm; Section 2, 80-86 cm; Section 4, 1-8 cm, 77-81 cm, 95-102 cm, 139-145 cm; Section 5, 27-31 cm, 69-70 cm and CC, 9-15 cm. Rare pyrite staining throughout.",CORE  239.7 - 246.91  MBSF
189,1172,A,28,X,249.3,255.7,early Pliocene to late Miocene,NANNOFOSSIL OOZE Major lithology: White (N 8/) nannofossil ooze. Faint pyrite staining throughout.,CORE  249.3 - 255.7  MBSF
189,1172,A,29,X,258.9,266.32,early Pliocene to late Miocene,NANNOFOSSIL OOZE Major lithology: White (N 8/) nannofossil ooze. Abundant pyrite grains throughout Sections 1 and 2. Biscuited more lithified interval.,CORE  258.9 - 266.32  MBSF
189,1172,A,30,X,268,276.5,"268-271.2 mbsf: early Pliocene to late Miocene, 271.2-276.5 mbsf:  early to middle Miocene",NANNOFOSSIL OOZE AND NANNOFOSSIL CHALK Major lithology: White (N 8/) nannofossil ooze transition to nannofossil chalk in Section 3.,CORE  268 - 276.5  MBSF
189,1172,A,31,X,277.6,285.95,early to middle Miocene,FORAMINIFER-BEARING NANNOFOSSIL CHALK AND NANNOFOSSIL CHALK Major lithology: White (N 8/) foraminifer-bearing nannofossil chalk grading to nannofossil chalk in Section 5.,CORE  277.6 - 285.95  MBSF
189,1172,A,32,X,287.2,295.84,early to middle Miocene,FORAMINIFER-BEARING NANNOFOSSIL CHALK Major lithology: White (N 8/) and light greenish gray (10G 8/1 and 5BG 8/1) foraminifer-bearing nannofossil chalk.,CORE  287.2 - 295.84  MBSF
189,1172,A,33,X,296.8,306.42,early to middle Miocene,"NANNOFOSSIL CHALK AND FORAMINIFER-BEARING NANNOFOSSIL CHALK Major lithology: White (N 8/) and light greenish gray (10Y 8/1 and 5Y 7/1) nannofossil chalk grading to foraminifer-bearing nannofossil chalk in Section 3. Pressure dissolution seams in Section 5, 120-140 cm and in Section 6, 77-86 cm.",CORE  296.8 - 306.42  MBSF
189,1172,A,34,X,306.5,316.39,early to middle Miocene,"NANNOFOSSIL CHALK AND FORAMINIFER-BEARING NANNOFOSSIL CHALK Major lithology: White (2.5Y 8/1, 8/, 2.5Y 8/2) nannofossil chalk grading to foraminifer-bearing nannofossil chalk in Section 3. Common pressure dissolution seams in Sections 4 to CC.",CORE  306.5 - 316.39  MBSF
189,1172,A,35,X,316.1,324.97,early to middle Miocene,"NANNOFOSSIL CHALK Major lithology: Massive white (5Y 8/2) and light gray (2.5Y 7/2) nannofossil chalk. Pressure dissolution seams in Section 1, 32-82 cm; Section 2, 18-27 cm, 86-105 cm, 138-150 cm, Section 3, 14-30 cm, 62-78 cm, 94-118 cm and Section 4, 98-107 cm.",CORE  316.1 - 324.97  MBSF
189,1172,A,36,X,325.7,335.13,early to middle Miocene,"FORAMINIFER-BEARING NANNOFOSSIL CHALK AND NANNOFOSSIL CHALK Major lithology: White (2.5 8/2), pale yellow (5Y 7/3) and light gray (5Y 7/2) foraminifer-bearing nannofossil chalk with nannofossil chalk interval in Section 4. Pressure dissolution seams in Section 1, 133-139 cm, and Section 2, 77-90 cm.",CORE  325.7 - 335.13  MBSF
189,1172,A,37,X,335.3,345.15,early to middle Miocene,"NANNOFOSSIL CHALK TO NANNOFOSSIL CLAYSTONE Major lithology: White (5Y 8/2), pale yellow (5Y 8/3 to 5Y 7/3), light gray (5Y 7/2) and pale olive (5Y 6/3) nannofossil chalk. Clay content increases from Section 4, to nannofossil claystone in Section 7. Foraminifer content increases in Sections 4 to 6. Occurrence of greenish-yellowish and dark sand-sized grains in Sections 4 to CC. More abundant in Section 6. Fining upward silt-sized grains composed of calcite (90%), quartz, albite and clinoptilolite in Section 2, 135-145 cm; sharp basal contact at 145 cm. Greenish gray (5GY 6/1) interval in Section 7, 0-5 cm.",CORE  335.3 - 345.15  MBSF
189,1172,A,38,X,344.9,353.81,early to middle Miocene,"CLAY-BEARING NANNOFOSSIL CHALK Major lithology: Light gray (5Y 7/2), light olive gray (5Y 6/2), pale yellow (5Y 7/3), pale olive (5Y 6/3), light olive gray (5Y 6/2) and light greenish gray (10Y 7/1 to 5GY 7/1) clay-bearing nannnofossil chalk. Minor lithology: Light gray (5Y 7/2) nannofossil-bearing ashy siltstone in Section 4, 118 cm. Pale green (5G 6/2) clay- and foraminifer-bearing nannofossil chalk in Section 5, 55 cm. Appears as laminae and can be linked to laminae of volcanic origin as observed in Leg 90 sediments (Gardner, J.V., Nelson, C.S., and Baker, P.A., 1986. Distribution and character of pale green laminae in sediment from Lord Howe Rise: probable late Neogene and Quaternary tetrostratigraphic record. In Kennett, J.P., von der Borch, C.C., et al., Init. Repts. DSDP, 90 [Pt. 2]: Washington [U.S. Govt. Printing Office], 1145-1159.) Mud clast in Section 2, 129-148 cm; Section 3, 55-58 cm. Grain-sized and silt-sized glauconite and silty claystone clasts throughout.",CORE  344.9 - 353.81  MBSF
189,1172,A,39,X,354.6,364.4,"354.6-355.8 mbsf: early to middle Miocene, 355.8-361.12 mbsf:  Oligocene to latest Eocene, 361.12-364.4 mbsf:  late to middle Eocene","CLAY-BEARING NANNOFOSSIL CHALK, DIATOM- AND CLAY-BEARING NANNOFOSSIL CHALK, DIATOMACEOUS SILTY CLAYSTONE, DIATOM-BEARING CLAYEY SILTSTONE, DIATOM- AND NANNOFOSSIL-BEARING SILTY CLAYSTONE Major lithology: Greenish gray (5GY 6/1-7/1), light greenish gray (5GY 7/1; 5G 8/1; 10Y 7/1) clay-bearing nannofossil chalk in Section 1 to Section 2, 10 cm; diatom- and clay-bearing nannofossil chalk in Section 2, 10-129 cm. Greenish gray (10GY 5/1), greenish black (5BG 2.5/1; 5GY 2.5/1 to 10BG 2.5/1),very dark grayish brown (2.5Y 4/2) and grayish green (5G 5/2) diatomaceous silty claystone in Section 2, 129 cm to Section 3, 150 cm. Black (2.5Y 2.5/1) spicule- and diatom-bearing clayey siltstone in Section 4, 0-92 cm. Dark grayish brown (10YR 4/2, 2.5Y 4/2), dark brown (10YR 3/3), greenish gray (5GY 5/1), very dark gray (5Y 3/1), dark grayish brown (10YR 4/2; 2.5 Y 4/2), very dark brown (10YR 2/2), dark olive gray (5Y 3/2), grayish brown (2.5Y 5/2), greenish gray (10Y 5/1) diatom-bearing silty claystone in Section 4, 92-150; diatomaceous silty claystone throughout Section 5 and diatom-and nannofossil-bearing silty claystone in Section 6 to CC. Minor lithology: Dark gray (5G 3/1) silty claystone in Section 3, 11 cm and volcanic ash layer in Section 3, 33-38 cm. Glauconite present throughout; frequent heavily glauconitic intervals.",CORE  354.6 - 364.4  MBSF
189,1172,A,40,X,364.2,374.05,late to middle Eocene,"CLAY- AND NANNOFOSSIL-BEARING DIATOMACEOUS CHALK AND DIATOM- AND NANNOFOSSIL-BEARING CLAYSTONE Major lithology: Dark greenish gray (10GY 4/1) and greenish gray (10GY 5/1) clay- and nannofossil-bearing diatomaceous chalk. Minor lithology: Diatom- and nannofossil-bearing claystone in Section 4. Dark yellowish brown (10YR 4/2) layer in Section 3, 40-73 cm.",CORE  364.2 - 374.05  MBSF
189,1172,A,41,X,373.8,383.5,late to middle Eocene,"DIATOM- AND CLAY-BEARING NANNOFOSSIL CHALK AND DIATOM- AND NANNOFOSSIL-BEARING CLAYSTONE Major lithology: Very dark gray (10YR 3/1) and dark greenish gray (5GY 4/1) diatom- and clay-bearing nannofossil chalk grading occasionally to diatom-and nannofossil-bearing claystone. Minor lithology: Black (10YR 2/1) volcanic ash in Section 7, 6-15 cm.",CORE  373.8 - 383.5  MBSF
189,1172,A,42,X,383.4,393.23,late to middle Eocene,"DIATOM-BEARING CLAYSTONE AND DIATOM- AND NANNOFOSSIL-BEARING CLAYSTONE Major lithology: Alternating greenish gray (10YR 5/1 and 5GY 5/1), dark greenish gray (5GY 4/1) and very dark grayish brown diatom-bearing claystone grading to diatom- and nannofossil-bearing claystone downcore. Minor lithology: Black (7.5YR 2/0) volcanic ash in Section 3, 12-38 cm and 114-137 cm. Black layer in Section 1, 26-31 cm (volcanic ash ?) Silt- to sand-sized volcanic glass scattered evenly in Sections 4 and 5.",CORE  383.4 - 393.23  MBSF
189,1172,A,43,X,393,402.88,late to middle Eocene,"DIATOM- AND NANNOFOSSIL-BEARING CLAYSTONE Major lithology: Alternating greenish gray (10YR 4/2), dark grayish brown (10YR 4/2) and very dark grayish brown (10YR 3/2) diatom- and nannofossil-bearing claystone. Minor lithology: Black (5Y 2.5/1) ash beds in Section 1, 141, 145-147 cm; Section 2, 72-84 cm and Section 3, 17-20 cm. Green grains small clasts common throughout.",CORE  393 - 402.88  MBSF
189,1172,A,44,X,402.6,412.52,late to middle Eocene,"DIATOMACEOUS CLAYSTONE Major lithology: Alternating greenish gray (10Y 5/1) and very dark grayish brown (2.5Y 3/2) diatomaceous claystone. Glauconite common throughout, with an increase in darker intervals. Chondrites very common throughout.",CORE  402.6 - 412.52  MBSF
189,1172,A,45,X,412.2,422.16,late to middle Eocene,"DIATOMACEOUS CLAYSTONE Major lithology: Very dark grayish brown (10YR 3/2) to dark grayish brown (10YR 4/2) diatomaceous claystone. Minor lithology: Volcaniclastic sand in Section 6, 94 cm. Several big burrows filled with glauconite and quartz grains.",CORE  412.2 - 422.16  MBSF
189,1172,A,46,X,421.8,431.71,late to middle Eocene,"NANNOFOSSIL-BEARING DIATOMACEOUS CLAYSTONE Major lithology: Dark olive gray (5Y 3/2), very dark gray (5Y 3/1) and dark greenish gray (10Y 3/1) nannofossil-bearing diatomaceous claystone. Sand-sized to silt-sized glauconite abundant throughout. More abundant in Section 1, 80-150 cm, Section 2, 28-140 cm, Section 5, 51-62 cm and Section 6, 50-58 cm. Dark greenish gray laminae in Section 2, 98 cm. Dewatering fractures in Section 1, 56 cm, 78 cm, and Section 4, 109-115 cm.",CORE  421.8 - 431.71  MBSF
189,1172,A,47,X,431.4,441.34,"431.4-433.89 mbsf: late to middle Eocene, 433.89-441.34 mbsf:  middle Eocene","DIATOMACEOUS CLAYSTONE Major Lithology: Very dark gray (5Y3/1) to dark olive gray (5Y 3/2) to dark greenish gray (5GY 4/1) diatomaceous claystone. Sand-sized to silt-sized glauconite in Sections 1 to 6. Section 4 contains coarse-grained glauconite at 0-86 cm and 93-130 cm. Section 6, 48 cm through CC contains very fine silt-sized glauconite. Bioturbation common to abundant throughout. Burrows are filled with dark greenish gray (5GY 4/1) clay. Gradational color changes occur in Section 1, 25-36 cm (from 5Y 3/2 to 5GY 4/1 and back to 5Y 3/2), Section 2, 63-99 cm (from 5Y 3/2 to 5GY 4/1 and back to 5Y 3/2), Section 7, 38-53 cm (from 5Y 3/2 to 5Y 3/1).",CORE  431.4 - 441.34  MBSF
189,1172,A,48,X,441,450.9,middle Eocene,"DIATOMACEOUS CLAYSTONE Major Lithology: Very dark gray (5Y 3/1) to dark olive gray (5Y 3/2) to dark greenish gray (10Y 3/1) diatomaceous claystone. Silt-sized glauconite grains abundant throughout, concentrated in some intervals (Section 2, 50 cm; Section 3, 47-70 cm and 98-109 cm; Section 4, 0-60 cm; Section 6, 122-150 cm; and Section 7, 0-13 cm), and present in burrows. Sand-sized glauconite is also present in Sections 6, 144-150 cm and 7, 0-13 cm. Large benthic forams are visible in Sections 5 and 6. Gradational color changes occur throughout.",CORE  441 - 450.9  MBSF
189,1172,A,49,X,450.6,460.5,middle Eocene,"DIATOMACEOUS CLAYSTONE Major Lithology: Very dark gray to dark gray (5Y 3/1 to 5Y 4/1), dark greenish gray (10Y 4/1), and dark olive gray (5Y 3/2) diatomaceous claystone. Minor Lithology: Black to very dark gray (5Y 2/1 to 5Y 3/1) diatom-bearing silty claystone in Section 5, 70 cm. Silt-sized glauconite present throughout (less abundant than in 48X). Very fine-grained pyrite present throughout. Gradational color changes present throughout.",CORE  450.6 - 460.5  MBSF
189,1172,A,51,X,469.8,476.29,middle Eocene,"DIATOM-BEARING SILTY CLAYSTONE AND DIATOMACEOUS CLAYSTONE Major lithology: Greenish gray (5Y 4/1) to dark greenish gray (10Y 4/1) diatom-bearing silty claystone grading to diatomaceous claystone in Section 3. Dark greenish gray (10GY 4/1) matrices in Section 2, 135-150 cm. Silt-sized and sand-sized glauconite throughout. More abundant in Section 2, 1-69 cm, 85-110 cm and Section 4, 108-112 cm, where it is associated with mud clasts. Dewatering fracture in Section 4, 43 cm.",CORE  469.8 - 476.29  MBSF
189,1172,A,52,X,479.4,488.7,middle Eocene,"DIATOMACEOUS CLAYSTONE AND DIATOM-BEARING SILTY CLAYSTONE Major lithology: Dark gray (5Y 4/1) and very dark gray (5Y 3/1) diatomaceous claystone grading to diatom-bearing silty claystone downcore. Silt-sized and sand-sized glauconite throughout. More abundant in Section 3, 70-137 cm and Section 4, 0-27 cm. Pyrite scattered throughout. Very fine burrows and giant burrows common. Giant vertical burrow in Section 4, 35-72 cm, 3 cm thick. Greenish gray (10GY 5/1) filled burrow in Section 5, 40-48 cm.",CORE  479.4 - 488.7  MBSF
189,1172,A,53,X,489,498.85,middle Eocene,"DIATOMACEOUS CLAYSTONE Major lithology: Dark olive gray (5Y 3/2), very dark gray (5Y 3/1), dark gray (5Y 4/1) and gray (5Y 5/1) diatomaceous claystone. Silt-sized and sand-sized glauconite in moderate abundance throughout. More abundant in Section 1, 0-60 cm and Section 6, 49-81 cm and 133-145 cm. Pyrite throughout. Big vertical burrows in Section 6, 110-150 cm.",CORE  489 - 498.85  MBSF
189,1172,A,54,X,498.6,504.57,"498.6-503.4 mbsf: middle Eocene, 503.4-504.57 mbsf: middle Eocene to early Paleocene","NANNOFOSSIL-BEARING CLAYEY DIATOMACEOUS CHALK TO DIATOMACEOUS CLAYSTONE Major lithology: Gray (5Y 5/1) to dark gray (5Y 4/1) and very dark gray (5Y 3/1) nannofossil-bearing clayey diatomaceous chalk grading to diatomaceous claystone downcore. Silt-sized glauconite common throughout. Sand-sized and silt-sized glauconite in Section 2, 1-37 cm. Vertical burrows in Section 3, 25-45 cm and 40-60 cm.",CORE  498.6 - 504.57  MBSF
189,1172,A,55,X,508.3,509.12,middle Eocene to early Paleocene,SILTY CLAYSTONE Major lithology: Black (5Y 2.5/1) silty claystone.,CORE  508.3 - 509.12  MBSF
189,1172,A,56,X,518,518.35,middle Eocene to early Paleocene,"NANNOFOSSIL-BEARING CLAYSTONE Major lithology: Very dark gray (5Y 3/1) nannofossil-bearing claystone. Lenses and burrows occur throughout. Big pyrite nodules, 33-35 cm.",CORE  518 - 518.35  MBSF
189,1172,B,1,H,0,2.84,Holocene to early Pliocene,"NANNOFOSSIL FORAMINIFER OOZE AND FORAMINIFER-BEARING NANNOFOSSIL OOZE Major lithology: Light gray (2.5Y 7/1) and light greenish gray (10Y 7/1 and 10Y 7/1) nannofossil foraminifer ooze to foraminifer-bearing nannofossil ooze from Section 2, 40 cm.",CORE  0 - 2.84  MBSF
189,1172,B,2,H,2.9,12.78,Holocene to early Pliocene,"FORAMINIFER-BEARING NANNOFOSSIL OOZE Major lithology: Alternating white (N 8/), light greenish gray (10Y 8/1, 10Y 7/1 and 5GY 8/1) and greenish gray (5G 6/1 and 10Y 6/1) foraminifer-bearing nannofossil ooze. Rare pyrite throughout.",CORE  2.9 - 12.78  MBSF
189,1172,B,3,H,12.4,22.15,Holocene to early Pliocene,"FORAMINIFER-BEARING NANNOFOSSIL OOZE Major lithology: Alternating light greenish gray (5GY 7/1, 10GY 8/1 and 7/1) and greenish gray (5GY 6/1) foraminifer-bearing nannofossil ooze. Rare laminations in Sections 5 and 6. Several color changes going from dark to light strata. Pyrite occurs scattered throughout.",CORE  12.4 - 22.15  MBSF
189,1172,B,4,H,21.9,31.82,Holocene to early Pliocene,"NANNOFOSSIL OOZE AND FORAMINIFER-BEARING NANNOFOSSIL OOZE Major lithology: Alternating light greenish gray (5GY 8/1, 5GY 7/1) and greenish gray (5GY 6/1) nannofossil ooze grading to foraminifer-bearing nannofossil ooze from Section 3 downcore.",CORE  21.9 - 31.82  MBSF
189,1172,B,5,H,31.4,41.36,Holocene to early Pliocene,"NANNOFOSSIL OOZE Major lithology: Alternating light greenish gray (10GY 8/1 and 7/1, 10Y 7/1) and greenish gray (10GY 6/1) nannofossil ooze. Rare pyrite throughout. Laminations scattered in Sections 2, 3, 5, and 6.",CORE  31.4 - 41.36  MBSF
189,1172,B,6,H,40.9,50.59,Holocene to early Pliocene,"NANNOFOSSIL OOZE Major lithology: Faint alternating bands of light greenish gray (10GY 8/1 to 5GY 7/1). Laminations in Section 2, 60-90 cm and Section 3, 90-103 cm. Pyrite present throughout. Zoophycos is very common.",CORE  40.9 - 50.59  MBSF
189,1172,B,7,H,50.4,60.38,Holocene to early Pliocene,"NANNOFOSSIL OOZE Major lithology: Light greenish gray (10GY 8/1 and 5GY 7/1) nannofossil ooze. Rare faint laminations in Sections 2, 3, 4, and 6. Pyrite staining throughout.",CORE  50.4 - 60.38  MBSF
189,1172,B,8,H,59.9,69.83,Holocene to early Pliocene,"NANNOFOSSIL OOZE Major lithology: White (N 8/) and light greenish gray (5GY 8/1 and 5GY 7/1) nannofossil ooze. Faint laminations in Sections 3, 4, 5, and 6. Pyrite staining throughout.",CORE  59.9 - 69.83  MBSF
189,1172,B,9,H,69.4,79.25,early Pliocene to late Miocene,"NANNOFOSSIL OOZE Major lithology: White (N 8/), light greenish gray (10Y 7/1, 10Y 8/1) nannofossil ooze. Pyrite staining throughout. Gray laminations/beds throughout.",CORE  69.4 - 79.25  MBSF
189,1172,B,10,H,78.9,89.1,early Pliocene to late Miocene,"NANNOFOSSIL OOZE Major lithology: White (N 8/), light greenish gray (10Y 7/1) nannofossil ooze. Minor lithology: Greenish gray (10Y 6/1) clay and foraminifer-bearing nannofossil ooze in Section 5, 70-114 cm. Faint bluish gray (5PB 5/1) and greenish gray (10GY 6/1) laminations throughout. More pronounced in Section 1, 38-50 cm; Section 2, 32-42 cm, 100-112 cm; Section 3, 73 cm, 145-147 cm; Section 4, 63-98 cm; Section 5, 30-69 cm, 100 cm, 115 cm, and CC, 23-35 cm. Pyrite staining throughout.",CORE  78.9 - 89.1  MBSF
189,1172,B,11,H,88.4,98.11,early Pliocene to late Miocene,"NANNOFOSSIL OOZE Major lithology: White (N 8/), light greenish gray (5GY 8/1 to 5GY 7/1) nannofossil ooze. Minor lithology: Light greenish gray (10Y 7/1) clay-bearing nannofossil ooze in Section 6, 63-68 cm. Pyrite staining throughout.",CORE  88.4 - 98.11  MBSF
189,1172,B,12,H,97.9,108,early Pliocene to late Miocene,"NANNOFOSSIL OOZE Major lithology: White (N 8/) nannofossil ooze, with light greenish gray (5GY 7.5/1) intervals in Section 2, 10-36 cm; Section 3, 17-37 cm; Section 5, 73-95 cm. Light bluish gray (5PB 7/1) and pale green (5G 8/2) laminations at variable spacing of ~3-5 cm in Sections 1 to 4; fainter and less concentrated in Sections 5 to CC. Pyrite staining throughout, with rare small (<5 mm) nodules.",CORE  97.9 - 108  MBSF
189,1172,B,13,H,107.4,116.57,early Pliocene to late Miocene,NANNOFOSSIL OOZE Major lithology: Light greenish gray (10Y 8/1 to 10Y 7/1) and white (N 8/) nannofossil ooze. Faint light greenish gray (5G 7/1) and bluish gray (5PB 6/1) laminations. Pyrite staining throughout.,CORE  107.4 - 116.57  MBSF
189,1172,B,14,H,116.9,126.51,early Pliocene to late Miocene,"NANNOFOSSIL OOZE Major lithology: White (N 8/) nannofossil ooze, with light greenish gray intervals in Section 2, 20-42 cm; Section 7, 2 cm to CC base. Light bluish gray (5PB 7/1) and pale green (5G 8/2) laminations, usually less than 1 cm thick. Faint and diffuse below Section 6, 110 cm. Pyrite nodule (~2 cm diameter) in Section 3, 75 cm. Large (~3 cm diameter) horizontal circular burrow in Section 2, 97 cm. Large (~3 cm diameter) vertical burrow in Section 2, 112-130.",CORE  116.9 - 126.51  MBSF
189,1172,B,15,H,126.4,136.16,early Pliocene to late Miocene,"NANNOFOSSIL OOZE Major lithology: White (N 8/) nannofossil ooze. Faint light greenish gray (5G 7/1) and bluish gray (5PB 6/1) laminations. Pyrite staining common in Section 1 to Section 6, 40 cm; rare in Section 6, 40 cm to CC. Burrows filled with light gray (5Y 7/2) material.",CORE  126.4 - 136.16  MBSF
189,1172,B,16,H,135.9,145.87,early Pliocene to late Miocene,"NANNOFOSSIL OOZE Major Lithology: White (N 8/) to light greenish gray (10Y 7/1 to 10Y 8/1) nannofossil ooze. Faint green and gray laminations/beds present throughout. Large pyrite burrows filled with light greenish gray (10Y 6/1) material present throughout Sections 2 to 7. Pyrite staining present throughout. Gradational color change present in Section 4, 73-130 cm (from 10Y 8/1 to 10Y 7/1). Sharp color contact present in Section 4, 130 cm (from 10Y 7/1 to 8/).",CORE  135.9 - 145.87  MBSF
189,1172,B,17,H,145.4,154.37,early Pliocene to late Miocene,"NANNOFOSSIL OOZE Major lithology: White (N 8/) and light greenish gray (10Y 8/1) nannofossil ooze. Pale green (5G 7/1) and gray (N 7) laminations in Sections 3, 4, and 5. Rare pyrite staining throughout.",CORE  145.4 - 154.37  MBSF
189,1172,B,18,H,154.9,164.17,early Pliocene to late Miocene,"NANNOFOSSIL OOZE Major lithology: White (N 8/) nannofossil ooze. Pale green (5G 7/1) and light gray (N 7/) laminations in Sections 1 through 4. Pyrite staining in Sections 1, 5 and 7.",CORE  154.9 - 164.17  MBSF
189,1172,B,19,H,164.4,174.08,early Pliocene to late Miocene,"NANNOFOSSIL OOZE Major lithology: White (N 8/) nannofossil ooze. Pale green (5G 7/1) and light gray (N 7) faint laminations throughout. Pyrite staining present in Sections 1, 2, and 3.",CORE  164.4 - 174.08  MBSF
189,1172,B,20,H,173.9,183.18,early Pliocene to late Miocene,"NANNOFOSSIL OOZE Major lithology: White (N 8/) nannofossil ooze. Pale green (5G 7/1), gray (N6/) and light gray (N 7/) laminations throughout. Pyrite staining is very rare.",CORE  173.9 - 183.18  MBSF
189,1172,B,21,H,183.4,192.69,early Pliocene to late Miocene,NANNOFOSSIL OOZE Major lithology: White (N 8/) nannofossil ooze. Very faint pale green (5G 7/1) and light gray (N 7) laminations rare throughout.,CORE  183.4 - 192.69  MBSF
189,1172,B,22,H,192.9,202.79,early Pliocene to late Miocene,NANNOFOSSIL OOZE AND FORAMINIFER-BEARING NANNOFOSSIL OOZE Major lithology: White (N 8/) nannofossil ooze grading to foraminifer-bearing nannofossil ooze in Section 4. Gray (N 6/) and occasionally light greenish gray (5G 8/1) laminations rare in Sections 2 to 5.,CORE  192.9 - 202.79  MBSF
189,1172,C,1,H,0,9.55,Holocene to early Pliocene,"FORAMINIFER NANNOFOSSIL OOZE AND FORAMINIFER-BEARING NANNOFOSSIL OOZE Major lithology: Light greenish gray (10Y 7/1, 5GY 8/1 and 10GY 8/1) foraminifer nannofossil ooze grading to foraminifer-bearing nannofossil ooze in Section 4. Pyrite staining throughout. Large burrows throughout.",CORE  0 - 9.55  MBSF
189,1172,C,2,H,9.5,19.11,Holocene to early Pliocene,"FORAMINIFER-BEARING NANNOFOSSIL OOZE Major lithology: Light greenish gray (10Y 7/1 and 8/1, 5GY 7/1 and 8/1) foraminifer-bearing nannofossil ooze. Pyrite staining throughout.",CORE  9.5 - 19.11  MBSF
189,1172,C,3,H,19,28.45,Holocene to early Pliocene,"CLAY-BEARING NANNOFOSSIL OOZE Major lithology: Light greenish gray (10Y 8/1, 10Y 7/1, 5GY 7/1), and greenish gray (5GY 6/1, 10Y 6/1) clay-bearing nannofossil ooze. Faint green (5G 6/2) laminations in Section 3, 135-140 cm and gray (N 7/) laminations in Section 5, 80-90 cm. Pyrite staining throughout.",CORE  19 - 28.45  MBSF
189,1172,C,4,H,28.5,38.04,Holocene to early Pliocene,"CLAY-BEARING NANNOFOSSIL OOZE Major lithology: White (N 8/), light greenish gray (10Y 7/1) and greenish gray (5GY 6/1, 10Y 5/1, 10Y 6/1) clay-bearing nannofossil ooze. Faint bluish gray (5PB 6/1) and light greenish gray (10GY 6/1) laminations. Pyrite staining throughout; pyritized burrow in Section 6, 93-97 cm. Void in Section 2, 102-106 cm.",CORE  28.5 - 38.04  MBSF
189,1172,C,5,H,38,47.41,Holocene to early Pliocene,"CLAY-BEARING NANNOFOSSIL OOZE Major lithology: White (N 8/), light greenish gray (5Y 8/1, 5Y 7/1), and greenish gray (5GY 6/1) clay-bearing nannofossil ooze. Light gray (N 7/1) laminations. Large vertical burrow in Section 3, 84-113 cm. Pyrite staining throughout.",CORE  38 - 47.41  MBSF
189,1172,C,6,H,47.5,56.99,Holocene to early Pliocene,NANNOFOSSIL OOZE TO FORAMINIFER-BEARING NANNOFOSSIL OOZE Major lithology: Light greenish gray (5GY 7/1 to 5GY 8/1) nannofossil ooze grading to foraminifer-bearing nannofossil ooze in Section 7. Pale green (5G 7/1) and light gray (N 7/) laminations throughout. Pyrite staining throughout.,CORE  47.5 - 56.99  MBSF
189,1172,C,7,H,57,66.2,Holocene to early Pliocene,"FORAMINIFER-BEARING NANNOFOSSIL OOZE Major lithology: White (N 8/), light greenish gray (5GY 8/1, 10GY 8/1, 10GY 7/1) foraminifer-bearing nannofossil ooze. Faint bluish gray (5PB 6/1) laminations. Pyrite staining throughout. Large vertical burrow in Section 3, 40-60 cm.",CORE  57 - 66.2  MBSF
189,1172,C,8,H,66.5,76.27,"66.5-70 mbsf: Holocene to early Pliocene, 70-76.27 mbsf:  early Pliocene to late Miocene","NANNOFOSSIL OOZE Major lithology: White (N 8/), light greenish gray (5GY 8/1, 5GY 7/1) nannofossil ooze. Pale green (5G 7/2) and light bluish gray (5PB 6/1) laminations. Pyrite nodule throughout.",CORE  66.5 - 76.27  MBSF
189,1172,C,9,H,76,85.86,early Pliocene to late Miocene,"NANNOFOSSIL OOZE Major lithology: White (N 8/), light greenish gray (5GY 7.5/1) nannofossil ooze. Bluish gray (5PB 6/1) and pale green (5G 6/2) laminations. Pyrite staining from? Section 1 to Section 2, 75 cm.",CORE  76 - 85.86  MBSF
189,1172,C,10,H,85.5,94.51,early Pliocene to late Miocene,"NANNOFOSSIL OOZE Major lithology: White (N 8/), light greenish gray (10Y 7/1 to 5GY 7/1) and greenish gray (10Y 6/1) nannofossil ooze. Pale green (5G 6/2) and bluish gray (5PB 6/1) laminations; very faint throughout Section 5. Pyrite staining throughout. Void in Section 1, 62-63 cm.",CORE  85.5 - 94.51  MBSF
189,1172,C,11,H,95,104.95,early Pliocene to late Miocene,NANNOFOSSIL OOZE Major lithology: White (2.5Y 8/1) nannofossil ooze. Generally massive with faint laminations and pyrite staining throughout.,CORE  95 - 104.95  MBSF
189,1172,C,12,H,104.5,114.54,early Pliocene to late Miocene,NANNOFOSSIL OOZE Major lithology: White (2.5Y 8/1) nannofossil ooze. Faint laminations and pyrite staining throughout.,CORE  104.5 - 114.54  MBSF
189,1172,C,13,H,114,123.87,early Pliocene to late Miocene,"NANNOFOSSIL OOZE Major lithology: White (N 8/) nannofossil ooze. Very faint laminations (5 PB 8/1 and 5G 8/1) and pyrite staining present throughout. Clay nodule with pyrite occur in Section 4, 96 cm and in Section 5, 140 cm.",CORE  114 - 123.87  MBSF
189,1172,C,14,H,123.5,133.17,early Pliocene to late Miocene,"NANNOFOSSIL OOZE Major lithology: White (N 8/) nannofossil ooze. Rare laminations in Sections 1 to 4, but becomes more present in Section 5. Frequent pyrite layers and staining occur throughout. Pale yellow (5Y 7/3) bioturbation present throughout.",CORE  123.5 - 133.17  MBSF
189,1172,C,15,H,133,142.01,early Pliocene to late Miocene,NANNOFOSSIL OOZE Major lithology: White (N 8/) nannofossil ooze. Common pale green (5G 7/1) and gray (N 6/) laminations and rare pyrite staining throughout.,CORE  133 - 142.01  MBSF
189,1172,C,16,H,142.5,152.35,early Pliocene to late Miocene,"NANNOFOSSIL OOZE Major lithology: White (N 8/) nannofossil ooze. Dark bluish gray (5PB 4/1) colored pyrite bands in Section 2, 10-15 cm and in Section 3, 40-42 cm and 70-85 cm. Faint pale green (5G 8/2) and light gray (N 7/) laminations throughout. Rare pyrite staining throughout.",CORE  142.5 - 152.35  MBSF
189,1172,C,17,H,152,161.44,early Pliocene to late Miocene,NANNOFOSSIL OOZE Major lithology: Light greenish gray (5GY 8/1) and white (N 8/) nannofossil ooze. Rare laminated intervals and pyrite throughout.,CORE  152 - 161.44  MBSF
189,1172,C,18,H,161.5,171.42,early Pliocene to late Miocene,NANNOFOSSIL OOZE Major lithology: White (N 8/) nannofossil ooze. Pale green (5G 7/1) and light gray (N 7) laminations occur in Sections 3 to 7. Rare pyrite staining and bands throughout.,CORE  161.5 - 171.42  MBSF
189,1172,D,2,R,353.2,363.02,"353.2-361.12 mbsf: Oligocene to latest Eocene, 361.12-363.02 mbsf:  late to middle Eocene","CLAY- AND DIATOM-BEARING NANNOFOSSIL CHALK, DIATOM-BEARING GLAUCONITIC SILTY CLAYSTONE, VOLCANIC-GLASS AND NANNOFOSSIL-BEARING CLAYSTONE, NANNOFOSSIL- AND DIATOM-BEARING SILTY CLAYSTONE Major lithology: Dark greenish gray (10GY 3/1, 10GY 4/1, 10Y 3/1), greenish gray (5GY 6/1, 5GY 5/1,10GY 5/1, 10Y 6/1, 10Y 5/1), light greenish gray (10Y 7/1, 5GY 7/1) clay- and diatom bearing nannofossil chalk in Section 1 to Section 5, 20 cm. Black (5Y 2.5/1, 2.5/) diatom-bearing glauconitic silty claystone in Section 5, 20 cm to Section 6, 0-23 cm. Very dark gray (5Y 3/1), dark greenish gray (5G 4/1, 10Y 3/1, 10GY 3/1) volcanic-glass and nannofossil-bearing claystone in Section 6, 23-130 cm. Very dark greeenish gray (2.5Y 3/2), very dark gray (5Y 3/1), dark olive gray (5Y 3/2) nannofossil- and diatom-bearing silty claystone in Section 6, 130cm to CC. Minor lithology: Dark greenish gray (10Y 3/1) volcanic ash layer in Section 4, 140-144 cm. Silt-sized and sand-sized glauconite abundant throughout; very abundant in Section 5, 20 cm to Section 6, 0-23 cm. Red oxydized grains common throughout Section 4. Sand-sized green clay clasts and pebbles in Section 4.",CORE  353.2 - 363.02  MBSF
189,1172,D,3,R,362.8,372.69,late to middle Eocene,"DIATOM-AND, NANNOFOSSIL-BEARING CLAYSTONE Major lithology: Dark olive gray (5Y 3/2), very dark gray (5Y 3/1), light greenish gray (10Y 7/1) and dark greenish gray (10Y4/1) diatom-and nannofossil-bearing claystone. Faint laminations in Section 4, 2-3 cm. Silt-sized to sand-sized glauconite throughout. Sand-sized glauconite and green clay clasts in Sections 1 and 2; Section 5, 0-34 cm and 95-150 cm; Section 6, 30-56 cm, 94-120 cm and Section 7. Carbonate concretion in Section 4, 83 cm.",CORE  362.8 - 372.69  MBSF
189,1172,D,4,R,497.4,505.43,"497.4-503.4 mbsf:  middle Eocene, 503.4-505.43 mbsf: middle Eocene to early Paleocene","NANNOFOSSIL-BEARING DIATOMACEOUS CLAYSTONE, DIATOMACEOUS CLAYSTONE, NANNOFOSSIL-BEARING CLAYSTONE Major lithology: Olive gray (5Y 4/2), nannofossil-bearing diatomaceous claystone grading to diatomaceous claystone and very dark grayish brown (2.5Y 3/2) nannofossil-bearing claystone downcore. Remnants of laminations in Sections 5 to 6. Silt-sized glauconite throughout Section 1 to Section 3. More silty from Section 4, 70 cm to CC. Chondrites and Zoophycos present throughout. Big burrow in Section 1, 35-113 cm.",CORE  497.4 - 505.43  MBSF
189,1172,D,5,R,507,513.02,middle Eocene to early Paleocene,"CLAYSTONE AND SILTY CLAYSTONE Major lithology: Very dark greenish gray (5Y 3/1) to dark olive gray (5Y 3/2) and dark greenish gray (10Y 4/1) claystone with silty claystone interval in Section 3. Remnant laminations throughout. Silt-sized glauconite throughout Sand-sized white grains rare throughout. Siltier interval in Section 1, 92-135 cm. Chondrites and Zoophycos throughout. Dewatering cracks in Section 3, 47-58 cm.",CORE  507 - 513.02  MBSF
189,1172,D,6,R,516.6,522.71,middle Eocene to early Paleocene,"NANNOFOSSIL CLAYSTONE Major lithology: Very dark gray (10YR 3/1) nannofossil claystone with black (10YR 2/1) interval in Section 4, 90-92 cm. Minor lithology: Silty claystone in Section 3, 110 cm. Sand-sized glauconite grains throughout, more common in Section 1 and Section 2. Rare siliceous tubes of unknown origin throughout; usually poorly preserved and small.",CORE  516.6 - 522.71  MBSF
189,1172,D,7,R,526.2,535.3,middle Eocene to early Paleocene,"SILTY CLAYSTONE, NANNOFOSSIL CLAYSTONE Major lithology: Dark greenish gray (10Y 4/1 to 10Y 3/1), greenish gray (5G 5/1 to 5GY 5/1) silty claystone with nannofossil claystone interval Section 4. Silt-sized and sand-sized glauconite throughout. Sandier in Section 1, 94-140 cm; Section 3, 46-150 cm; Section 6, 64-67 cm. Siliceous tubes of unknown origin rare throughout.",CORE  526.2 - 535.3  MBSF
189,1172,D,8,R,535.8,544.04,middle Eocene to early Paleocene,"SILTY CLAYSTONE AND CLAYSTONE Major lithology: Dark olive gray (5Y 3/2) and very dark gray (5Y 3/1) silty claystone grading to claystone downcore. Greenish gray (10GY 5/1) intervals. Green grains and small clasts scattered throughout. Clast with very abundant bioturbation in Section 4, 145 cm.",CORE  535.8 - 544.04  MBSF
189,1172,D,9,R,545.4,555.33,middle Eocene to early Paleocene,NANNOFOSSIL-BEARING CLAYSTONE AND CLAYSTONE Major lithology: Very dark grayish brown (2.5Y 3/2) and dark olive gray (5Y 3/2) nannofossil-bearing claystone grading to claystone in Section 2. Sand-sized green grains scattered throughout. Rare siliceous tubes of unknown origin throughout.,CORE  545.4 - 555.33  MBSF
189,1172,D,10,R,555.1,564.37,middle Eocene to early Paleocene,"CLAYSTONE AND NANNOFOSSIL-BEARING CLAYSTONE Major lithology: Alternating greenish gray (5G 5/1) and dark greenish gray (10Y 4/1) claystone grading to nannofossil-bearing claystone in Section 4. Small shell fragment in Section 4, 49 cm. Rare siliceous white tubes of unknown origin throughout.",CORE  555.1 - 564.37  MBSF
189,1172,D,11,R,564.7,573.61,middle Eocene to early Paleocene,CLAYSTONE Major lithology: Grayish green (5G 5/1) and dark greenish gray (10Y 4/1) claystone.,CORE  564.7 - 573.61  MBSF
189,1172,D,12,R,574.3,584.32,middle Eocene to early Paleocene,"CLAYSTONE Major lithology: Alternating dark greenish gray (5GY 4/1) and dark olive gray (5Y 3/2) claystone. Green silt, sand and coarse sand-sized grains throughout. Rare siliceous tubes of unknown origin throughout.",CORE  574.3 - 584.32  MBSF
189,1172,D,13,R,583.9,593.68,middle Eocene to early Paleocene,CLAYSTONE Major lithology: Greenish gray (5GY 5/1) to very dark grayish brown (2.5Y 3/2 and 10YR 3/1) claystone. Faint thin lenses and laminations in Sections 3 and 7.,CORE  583.9 - 593.68  MBSF
189,1172,D,14,R,593.5,601.92,middle Eocene to early Paleocene,"SILTY CLAYSTONE Major lithology: Greenish black (10Y 2.5/1), and very dark gray (5Y 3/1) silty claystone. Sand-sized and silt-sized glauconite common throughout but more abundant in Section 1, 80-150; Section 4, 0-114 cm; Section 5, 130-150; Sections 2, 3, and 6 throughout. Rare white siliceous tubes of unknown origin in Sections 4 to 6.",CORE  593.5 - 601.92  MBSF
189,1172,D,15,R,603.1,613,middle Eocene to early Paleocene,"SILTY CLAYSTONE Major Lithology: Very dark gray (2.5Y N/3) silty claystone. Glauconite grains are present throughout. Glauconite grains are silt-sized at the top (0-40 cm) of Section 1 and become coarser down-section (fine sand-sized). Glauconite grains are fine to medium sand-sized in Sections 2 and 3. Coarse grained glauconite is concentrated at 33-36 cm, 72-80 cm, and 125-150 cm in Section 4. Glauconite becomes silt-sized in Section 5, 40 cm through the CC and is concentrated in burrows. Rare siliceous tubes of unknown origin in Sections 6 and 7. 8 translucent to whiteish crystilline clasts (quartz volcanic glass?) present in Section 4, 125-150 cm.",CORE  603.1 - 613  MBSF
189,1172,D,16,R,612.7,619.08,middle Eocene to early Paleocene,"SILTY CLAYSTONE AND CLAYSTONE Major Lithology: Very dark gray (2.5Y N/1) claystone grading to silty claystone downcore. Coarse grained glauconite is present in Section 1, 130-150 cm to Section 2, 60 cm. Section 4, 45-60 cm contains coarse green grains which may be glauconite. Siliceous tubes of unknown origin rare throughout Section 3.",CORE  612.7 - 619.08  MBSF
189,1172,D,17,R,622.3,632.26,middle Eocene to early Paleocene,"SILTY CLAYSTONE Major Lithology: Very dark gray (5Y 3/1) to black (5Y 2.5/1) silty claystone. Minor lithology: Black (2.5 N/1) organic-bearing silty claystone in Section 1, 40 cm. Small siliceous tubes of unknown origin present throughout.",CORE  622.3 - 632.26  MBSF
189,1172,D,18,R,631.9,639.58,middle Eocene to early Paleocene,"ORGANIC BEARING SILTY CLAYSTONE, SILTY CLAYSTONE Major Lithology: Very dark gray (N 2.5/) organic bearing silty claystone grading to silty claystone downcore. Rare to common silt-sized glauconite throughout. Sand-sized glauconite in Section 4, 109-143 cm. Rare siliceous tubes of unknown origin present throughout; more abundant in Section 1, 50-58 cm.",CORE  631.9 - 639.58  MBSF
189,1172,D,19,R,641.5,645.96,middle Eocene to early Paleocene,"CLAYEY SILTSTONE Major Lithology: Black (N 2.5/) clayey siltstone. Silt sized glauconite and quartz throughout. ""Remnants"" of laminations visible but partially obscured by bioturbation.",CORE  641.5 - 645.96  MBSF
189,1172,D,20,R,651.1,660.9,middle Eocene to early Paleocene,"CLAYEY SILTSTONE AND SILTY CLAYSTONE Major Lithology: Black (N 2.5/) clayey siltstone grading to silty claystone downcore. Burrows filled with sand-sized glauconite. Silt-sized quartz grains are present in Section 4, 126 and 147 cm, Section 6, 54 cm, 90-95 cm, and 122-128 cm. Rare sliceous tubes of unknown origin throughout.",CORE  651.1 - 660.9  MBSF
189,1172,D,21,R,660.7,667.26,middle Eocene to early Paleocene,SILTY CLAYSTONE AND CLAYSTONE Major lithology: Black (N 2.5/) Silty claystone grading to claystone downcore. Very faint lenses and laminations throughout. Siliceous tubes of unknown origin are very rare throughout.,CORE  660.7 - 667.26  MBSF
189,1172,D,22,R,670.3,673.09,middle Eocene to early Paleocene,CLAYSTONE Major lithology: Black (5Y 2.5/1) claystone.,CORE  670.3 - 673.09  MBSF
189,1172,D,23,R,680,682.11,middle Eocene to early Paleocene,"SILTY CLAYSTONE Major lithology: Black (5Y 2.5/1) silty claystone. Silt-sized black greenish grains scattered throughout, becoming abundant in Section 3. Siliceous tubes of unknown origin rare throughout.",CORE  680 - 682.11  MBSF
189,1172,D,24,R,689.7,699.08,"689.7-695.99 mbsf: middle Eocene to early Paleocene, 695.99-699.08 mbsf:  Cretaceous (Maastrichtian)","SILTY CLAYSTONE, CLAYSTONE AND SANDY SILTSTONE Major lithology: Very dark gray (10YR 3/1) silty claystone grading to sandy siltstone and dark olive gray (5Y 3/2) claystone downcore. Minor lithology: Dark greenish gray (5G 4/1) silty claystone in Section 5, 29-31 cm. Siliceous tubes of unknown origin rare in Section 6 and 7.",CORE  689.7 - 699.08  MBSF
189,1172,D,25,R,699.3,709.23,Cretaceous (Maastrichtian),SILTY CLAYSTONE Major lithology: Dark olive gray (5Y 3/2) silty claystone. White siliceous tubes rare throughout. Faint laminations small burrows visible throughout.,CORE  699.3 - 709.23  MBSF
189,1172,D,26,R,708.9,717.42,Cretaceous (Maastrichtian),"CLAYSTONE AND SILTY CLAYSTONE Major lithology: Very dark gray (5Y 3/1) and dark olive gray (5Y 3/2) claystone grading to silty claystone downcore. Minor lithology: Gray (5Y 5/1) limestone in Section 7. Gradational increase in carbonate from Section 6, 70 cm to CC. Faint laminations bioturbation throughout. Shell fragments are rare throughout. White siliceous tubes of unknown origin rare throughout.",CORE  708.9 - 717.42  MBSF
189,1172,D,27,R,718.5,728.27,Cretaceous (Maastrichtian),CLAYSTONE Major lithology: Black (5Y 2.5/2) claystone. Laminations present in Sections 4 to 7. Rare siliceous tubes of unknown origin in Sections 1 and 2.,CORE  718.5 - 728.27  MBSF
189,1172,D,28,R,728.1,737.25,Cretaceous (Maastrichtian),"CLAYSTONE Major lithology: Very dark gray (5Y 3/1) claystone. Olive gray (5Y 5/2) carbonate-rich layer in Section 5, 24-26 cm. Very weak laminations throughout. Rare shell fragments and white siliceous tubes of unknown origin scattered throughout.",CORE  728.1 - 737.25  MBSF
189,1172,D,29,R,737.7,745.46,Cretaceous (Maastrichtian),"CLAYSTONE Major Lithology: Very dark gray (5Y 2.5/1) claystone. Fine sand-sized glauconite present in Section 2, 120-130 cm and in Section 3, 130-135 cm. Slightly coarser interval in Section 4, 93-102 cm. Fine bioturbation common throughout with remnants of laminations preserved. Large vertical burrow in Section 4, 53-57 cm. Rare siliceous tubes of unknown origin throughout.",CORE  737.7 - 745.46  MBSF
189,1172,D,30,R,747.3,747.41,Cretaceous (Maastrichtian),SILTY CLAYSTONE Major Lithology: Black (N 2.5/) silty claystone. Biscuit of material 0-3 cm. Drill mud between 3-8 cm.,CORE  747.3 - 747.41  MBSF
189,1172,D,31,R,756.9,766.19,Cretaceous (Maastrichtian),"SILTY CLAYSTONE Major Lithology: Greenish black (10Y 2.5/1) silty claystone. Silt-sized glauconite throughout. Silt- to sand-sized glauconite in Section 1, 116-140 cm; Section 3, 17-26 cm, Section 5, 60-78 cm; Section 6, 58-76 cm. Rare siliceous tubes of unknown origin throughout. Faint remnants of laminations with common bioturbation present throughout.",CORE  756.9 - 766.19  MBSF
