Expedition.Leg,Site_Number,Hole,Core_Number,Core_Type,Core_Top_MBSF,Core_Bottom_MBSF,Age,Description,Core_ID
189,1169,A,1,H,0,8.56,Pleistocene to middle Miocene,"FORAMINIFER-AND BIOCLAST-BEARING NANNOFOSSIL OOZE AND SPICULE-BEARING NANNOFOSSIL OOZE Major lithology: Very pale brown (10YR 8/3 to 7/3 to 8/3) foraminifer- and bioclast-bearing nannofossil ooze in Section 1 and Section 2, 83 cm. White (N 8) to light greenish gray (10GY 8/1) spicule-bearing nannofossil ooze in Section 2, 83 cm to bottom of the core. Pyrite stainings in the upper half of the core.",CORE  0 - 8.56  MBSF
189,1169,A,2,H,8.6,15.09,Pleistocene to middle Miocene,"SILICEOUS FOSSIL AND BIOCLAST BEARING NANNOFOSSIL OOZE, AND BIOCLAST BEARING NANNOFOSSIL OOZE Major lithology: White (N 8) siliceous fossil and bioclast bearing nannofossil ooze and bioclast bearing nannofossil ooze. Minor lithology: White (N 8) nannofossil ooze in Section 2, 80 cm. The core is highly disturbed.",CORE  8.6 - 15.09  MBSF
189,1169,A,3,H,18.1,27.95,Pleistocene to middle Miocene,"BIOCLAST-BEARING NANNOFOSSIL OOZE, FORAMINIFER AND BIOCLAST-BEARING NANNOFOSSIL OOZE, AND SPICULE BEARING NANNOFOSSIL OOZE Major lithology: White (N 8) and light greenish gray (5GY 7/1) bioclast-bearing nannofossil ooze and foraminifer and bioclast bearing nannofossil ooze in Section 1 to 4. White (N 8) spicule-bearing nannofossil ooze in Section 5 through 8. Faint thin beds, except for Section 5, 10-110 cm. Undefined burrow in Section 2, 46 and 63 cm. Pyrite staining throughout the core. The core is highly disturbed.",CORE  18.1 - 27.95  MBSF
189,1169,A,4,H,27.6,37.4,Pleistocene to middle Miocene,"SPICULE-BEARING NANNOFOSSIL OOZE AND NANNOFOSSIL OOZE Major lithology: White (N8) to light greenish gray (10Y 7/1) spicule-bearing nannofossil ooze in Section 1 through Section 6 and white (N 8) to light greenish gray (10Y 7/1) nannofossil ooze from Section 7 to bottom of core. Minor lithology: Spicule and diatom-bearing nannofossil ooze and foraminifer-and bioclast-bearing nannofossil ooze from Section 1, 112 cm to Section 2, 6 cm. Pyrite staining throughout the core. Major driiling disturbance throughout.",CORE  27.6 - 37.4  MBSF
189,1169,A,5,H,37.1,46.84,Pleistocene to middle Miocene,"SPICULE-BEARING DIATOM NANNOFOSSIL OOZE AND DIATOM AND SPICULE BEARING NANNOFOSSIL OOZE Major lithology: White (N 8) to light gray (N 7/1 to 5GY 7/1 and 5GY 8/1) spicule-bearing diatom nannofossil ooze to diatom and spicule-bearing nannofossil ooze. Minor lithology: Silicoflagellate-bearing spiculous diatom ooze in Section1, 79 cm; spicule-bearing diatom ooze in Section 5, 106 cm. Major driiling disturbance throughout.",CORE  37.1 - 46.84  MBSF
189,1169,A,6,H,46.6,56.16,Pleistocene to middle Miocene,"CLAY-, DIATOM- AND FORAMINIFER-BEARING NANNOFOSSIL OOZE AND FORAM AND NANNO BEARING CLAYEY DIATOM OOZE Major lithology: White (N 8) clay-, diatom- and foraminifer-bearing nannofossil ooze. To foraminifer and nannofossil bearing clayey diatom ooze. Minor lithology: Foraminifer- and nannofossil- bearing clay in Section 3, 70 cm. White light greenish gray (10GY 8/1) and light gray (N 7) layers and light greenish gray (10Y 7/1) mottles in Sections 1 and 3. Major driiling disturbance throughout.",CORE  46.6 - 56.16  MBSF
189,1169,A,7,H,56.1,66.05,Pleistocene to middle Miocene,"RADIOLARIAN- AND DIATOM-BEARING NANNOFOSSIL OOZE Major lithology: White (N 8) to light greenish gray (5GY 7/1) radiolarian- and diatom-bearing nannofossil ooze. Light gray layers (N 7/1) in Section 4, 32 and 42 cm and Section 6, 38 and 41 cm. Very faint laminations in Section 7, 30-40 cm. Major driiling disturbance throughout.",CORE  56.1 - 66.05  MBSF
189,1169,A,8,H,65.6,75.37,Pleistocene to middle Miocene,"CLAY-, RADIOLARIAN-, and DIATOM-BEARING NANNOFOSSIL OOZE Major lithology: White (N 8) to light greenish gray (10GY 8/1) clay-, radiolarian-, and diatom-bearing nannofossil ooze. Minor lithology: Foraminifer-bearing clayey nannofossil ooze within darker light greenish gray laminations. Major driiling disturbance throughout.",CORE  65.6 - 75.37  MBSF
189,1169,A,9,H,75.1,84.46,Pleistocene to middle Miocene,"NANNOFOSSIL OOZE, AND CLAY- AND DIATOM-BEARING NANNOFOSSIL OOZE Major lithology: White (N 8) to light greenish gray (5GY 7/1) nannofossil ooze in Sections 1 and 2. White (N 8) to light greenish gray (5GY 7/1) clay- and diatom-bearing nannofossil ooze. Top ~20 cm deformed 30-50� down to right, little deformation downcore. Isolated light bluish gray (5PB 7/2) laminations throughout core. Isolated pyrite nodules in Section 2, 66 cm and Section 5, 66 cm. The core is moderately disturbed.",CORE  75.1 - 84.46  MBSF
189,1169,A,10,H,84.6,94.55,Pleistocene to middle Miocene,"RADIOLARIAN-, DIATOM-, AND CLAY-BEARING NANNOFOSSIL OOZE Major lithology: White (N 8) to light greenish gray (10GY 7/1) radiolarian-, diatom-, and clay-bearing nannofossil ooze, with light bluish gray (5PB 8/1) thick laminations. Majority of core highly disturbed by flow in and therefore not described.",CORE  84.6 - 94.55  MBSF
189,1169,A,11,H,94.1,104.15,Pleistocene to middle Miocene,"NANNOFOSSIL OOZE Major lithology: White (N 8) to light greenish gray (5G 7/1) nannofossil ooze, likely bearing variable amounts of clay, radiolarians, foraminifers, and diatoms. Diffuse light blueish gray (5PB 7/1) lamination throughout. Core highly disturbed by flow in from top to base.",CORE  94.1 - 104.15  MBSF
189,1169,A,12,H,103.6,113.54,Pleistocene to middle Miocene,"CLAY- AND DIATOM-BEARING NANNOFOSSIL OOZE Major lithology: White (N8) to light greenish gray (5G 7/1) clay- and diatom-bearing nannofossil ooze. Minor lithology: White (N 8) to light greenish gray (5G 7/1) nannofossil- bearing clayey diatom ooze in Section 3, 69 cm. Color varies gradationally throughout core, with isolated, diffuse light bluish gray (5PB 7/1) laminations. Three 1.5-2.0 cm thick dark greenish gray (10GY 4/1) clay layers at Section 3, 58, 69, and 75 cm. Intervals of extensive flow in not examined.",CORE  103.6 - 113.54  MBSF
189,1169,A,13,H,113.1,122.35,Pleistocene to middle Miocene,DIATOM-BEARING NANNOFOSSIL OOZE Major lithology: White (N 8) diatom-bearing nannofossil ooze. Beds of dark gray (N 4) and light greenish gray (10GY 7/1) occasionally occour. The core is extremely disturbed with extensive flow structures.,CORE  113.1 - 122.35  MBSF
189,1169,A,14,H,122.6,132.21,Pleistocene to middle Miocene,DIATOM-BEARING NANNOFOSSIL OOZE Major lithology: White (N 8) diatom-bearing nannofossil ooze. Pyrite streaks throughout. The core is extremely disturbed and has vertical flowin structures. Core liner was crushed and the core came in three parts. Sections 3 and 8 had to be replaced in split liner and reoriented.,CORE  122.6 - 132.21  MBSF
189,1169,A,15,H,132.1,142.14,Pleistocene to middle Miocene,DIATOM-BEARING NANNOFOSSIL OOZE Major lithology: White (N8) to light greenish gray (10GY 7/1 to 8/1) diatom-bearing nannofossil ooze. Beds of pale yellow ( 5Y 7/2) and light olive gray (5GY 7/1) occur. Parts of the core is highly disturbed with flow-in.,CORE  132.1 - 142.14  MBSF
189,1169,A,16,H,141.6,151.51,Pleistocene to middle Miocene,"DIATOM-BEARING NANNOFOSSIL OOZE Major lithology: White (N 8) to light greenish gray (10GY 8/1) diatom-bearing nannofossil ooze. Minor lithology: Greenish gray (5GY 6/1) clay and nannofossil-bearing diatom ooze in Section 2, 100 cm. Pyrite staining in Section 3, with gray (N6) layers. The core is highly disturbed.",CORE  141.6 - 151.51  MBSF
189,1169,A,17,H,151.1,161.1,Pleistocene to middle Miocene,"DIATOM-BEARING NANNOFOSSIL OOZE Major lithology: White (N 8) diatom-bearing nannofossil ooze. Minor lithology: Very light gray (N 8/1) Diatm and Spicule bearing nannofossil ooze in Section 1, 90 cm. Pyrite beds in Section 1, 75 cm, 135 cm; Section 6, 133 cm; Section 7, 60 cm and 70 cm. The core is highly disturbed.",CORE  151.1 - 161.1  MBSF
189,1169,A,18,H,160.6,170.42,Pleistocene to middle Miocene,"CLAYEY NANNOFOSSIL OOZE Major lithology: Light greenish gray (5GY 8/1) to white (N8) clayey nannofossil ooze. Minor lithology: Light gray (N7) bands of clayey nannofossil ooze to foraminifer- and clay-bearing nannofossil ooze in Section 5, 120 cm. Very disturbed core with flow-in.",CORE  160.6 - 170.42  MBSF
189,1169,A,19,H,170.1,178.21,Pleistocene to middle Miocene,"CLAY-BEARING NANNOFOSSIL OOZE AND NANNOFOSSIL OOZE Major lithology: White (N8) clay-bearing nannofossil ooze to nannofossil ooze in Section 2, 50 cm. Minor lithlogy: Very faint light gray (N7) laminations. Core extremely disturbed but only moderately disturbed in Section 1, 20-150 cm and Section 2, 20-150 cm.",CORE  170.1 - 178.21  MBSF
189,1169,A,20,H,179.6,189.38,Pleistocene to middle Miocene,"FORAMINIFER-BEARING NANNOFOSSIL OOZE Major lithology: White (N8) foraminifer-bearing nannofossil ooze, with light gray (N7) layers. The core is highly disturbed with flow-in.",CORE  179.6 - 189.38  MBSF
189,1169,A,21,H,189.1,198.24,Pleistocene to middle Miocene,"CLAY-BEARING NANNOFOSSIL OOZE Major lithology: White (N 8) clay-bearing nannofossil ooze. Very faint light bluish gray (5PB 8/1) laminations thoughout the core but more important in Section 2, 80-150 cm; Section 3, 88-140 cm; Section 4, 90-123 cm and Section 5, 0-63 cm. Pyrite staining throughout.",CORE  189.1 - 198.24  MBSF
189,1169,A,22,X,198.6,202.11,Pleistocene to middle Miocene,"NANNOFOSSIL OOZE Major lithology: White (2.5Y 8/2) nannofossil ooze. Siltier interval with dark grains visible (may contain tektites) in Section 1, 74-82 cm with gradiational boundary. White layer in Section 2, 123 cm. Pyrite staining throughout.",CORE  198.6 - 202.11  MBSF
189,1169,A,23,X,207.9,214.24,Pleistocene to middle Miocene,"NANNOFOSSIL OOZE Major lithology: Very pale brown (10YR 8/2), white (N 8) and light greenish gray (5GY 8/1) nannofossil ooze. Very pale brown until Section 3, 20 cm, then white till Section 3, 124 cm and light greenish gray downcore.",CORE  207.9 - 214.24  MBSF
189,1169,A,24,X,217.5,222.38,Pleistocene to middle Miocene,"NANNOFOSSIL OOZE Major lithology: White (N 8) and light greenish gray (10GY 8/1) nannofossil ooze. Darker pyrite band in Section 2, 135-140 cm.",CORE  217.5 - 222.38  MBSF
189,1169,A,25,X,227.1,231.63,Pleistocene to middle Miocene,"NANNOFOSSIL OOZE Major lithology: White (N8) nannofossil ooze. Light bluish gray (5B 7/1) pyritic layer in Section 3, 12 cm, 18 cm.",CORE  227.1 - 231.63  MBSF
189,1169,A,26,X,236.7,243.68,Pleistocene to middle Miocene,NANNOFOSSIL OOZE Major lithology: White (N8) nannofossil ooze.,CORE  236.7 - 243.68  MBSF
