Expedition/Leg,Site,Hole,Core Number,Core Type,Top depth cored (m),Bottom depth recovered (m),Age,Description,Core ID
154,925,A,1,R,101.8,106.62,Pliocene,"NANNOFOSSIL OOZE WITH FORAMINIFERS General Description: This core contains light gray (2.5Y 6/2) to gray (2.5Y 5/2) NANNOFOSSIL OOZE WITH FORAMINIFERS, which is slightly bioturbated and mottled rarely with pyrite-filled burrows.",CORE 101.8 - 106.62 MBSF
154,925,A,2,R,197.9,203.83,late Miocene,"FORAMINIFER NANNOFOSSIL OOZE and NANNOFOSSIL OOZE WITH FORAMINIFERS General Description: This core contains light gray (5Y 7/2) FORAMINIFER NANNOFOSSIL OOZE to light brownish gray (2.5Y 6/2) NANNOFOSSIL OOZE WITH FORAMINIFERS. The color contact is gradational and occurs within Section 2. The ooze is slightly bioturbated from Section 1 to Section 4, 85 cm, and moderately bioturbated below. ",CORE 197.9 - 203.83 MBSF
154,925,A,3,R,303.7,307.99,middle Miocene,"NANNOFOSSIL CHALK WITH CLAY AND FORAMINIFERS General Description: The NANNOFOSSIL CHALK WITH CLAY AND FORAMINIFERS is light grayish green (10GY 6/2) in color, moderately bioturbated and mottled. Burrow fills consist of nannofossil chalk with clay. Mm-scale pyritized burrow fills are present in Section 1, 82-101 cm. Discrete traces of Zoophycos are present in Section 1, 30-60 cm, and in Section 3,10-23 cm. ",CORE 303.7 - 307.99 MBSF
154,925,A,4,R,313.7,323.6,middle Miocene,"NANNOFOSSIL CHALK WITH CLAY and NANNOFOSSIL CHALK WITH CLAY AND FORAMINIFERS General Description: This core contains NANNOFOSSIL CHALK WITH CLAY, which is predominantly grayish green (10GY 6/2) and moderately bioturbated. Trace fossils (Zoophycos, Scolithus, Chondrites) and mottles are present throughout the core. Light gray (7.5GY 7/2) beds of NANNOFOSSIL CHALK WITH CLAY AND FORAMINIFERS with gradational contacts occur in Section 4, 40-90 cm, and in Section 5, 70-92 cm. Thin color bands are present in Section 3,16 and 73 cm, Section 4, 110-140 cm, and Section 6, 65 cm. These bands are on a mm-scale, purple and green in color, and parallel; they have sharp contacts. Section 1, 75-78 cm exhibits scattered manganese oxidation (mm-scale). ",CORE 313.7 - 323.6 MBSF
154,925,A,5,R,323.4,333.28,middle Miocene,"NANNOFOSSIL CHALK WITH FORAMINIFERS AND CLAY and NANNOFOSSIL CHALK WITH CLAY General Description: This core consists of grayish green (10GY 6/1) NANNOFOSSIL CHALK WITH FORAMINIFERS AND CLAY and light gray (7.5GY 7/1) NANNOFOSSIL CHALK WITH CLAY. The color contacts are very gradational. Discrete purple and green color bands are present in Section 1 at 53-57, 95-100,120, and 135 cm, and in Section 3 at 45-50 and 65-78 cm. These color bands are horizontal, parallel, and have sharp contacts. The core is moderately bioturbated and mottled throughout. Discrete traces of Zoophycos occur in Section 2,145 cm, Section 4,130 cm, and Section 5, 60 cm. ",CORE 323.4 - 333.28 MBSF
154,925,A,6,R,333.1,337.75,early Miocene,"NANNOFOSSIL CHALK WITH FORAMINIFERS AND CLAY and NANNOFOSSIL FORAMINIFER CHALK WITH CLAY General Description: This core contains light gray (5GY 7/1) NANNOFOSSIL CHALK WITH FORAMINIFERS AND CLAY and grayish green (10GY 6/1, 6/0) NANNOFOSSIL FORAMINIFER CHALK WITH CLAY. The color contacts are very gradational. The chalk is moderately bioturbated and mottled throughout the core with more intense burrowing in the darker beds as indicated by traces of Zoophycos, Chondrites, and Skolithus. A thin white bed of well-sorted and ungraded FORAMINIFER CHALK WITH NANNOFOSSILS occurs in Section 2, 94-100 cm. It has a sharp base and contains wedge-planar, mm-scale color bands at the top and provides evidence for a turbidite rather than for a deposit that results from bottom water activity. Horizontal, parallel, mm-scale laminae (purple and green) are present in Section 1 at 55-60 cm and at Section 3,10-20 cm. A thick purple color band occurs in Section 1, at 119-129 cm. ",CORE 333.1 - 337.75 MBSF
154,925,A,7,R,342.7,351.58,early Miocene,"FORAMINIFER NANNOFOSSIL CHALK WITH CLAY General Description: This core contains greenish gray (10GY 6/2) to light greenish gray (5GY 7/1) FORAMINIFER NANNOFOSSIL CHALK WITH CLAY. The color contacts are gradational. The chalk is moderately bioturbated and mottled throughout. In addition to Zoophycos trace fossils, Chondrites traces are found at 12 horizons, Planolites at 10 horizons, and Skolithus at five horizons. Horizontal, mm-scale laminae (greenish gray and light greenish gray) are found in Section 6, 5-15 cm. ",CORE 342.7 - 351.58 MBSF
154,925,A,8,R,352.4,361.32,early Miocene,"FORAMINIFER NANNOFOSSIL CHALK General Description: This core contains greenish gray (7.5GY 6/1) to light greenish gray (5GY 7/1) FORAMINIFER NANNOFOSSIL CHALK. The color contacts are gradational. The chalk is moderately bioturbated throughout and mottled with Zoophycos- and Planolites-Wke burrows. In Section 4, 40-70 cm, and from Section 5, 145 cm to Section 6, 80 cm, microfaults (thrusts) occur, probably due to slumping. They can be seen in dipping purple or green color bands and burrows. ",CORE 352.4 - 361.32 MBSF
154,925,A,9,R,362,371.9,early Miocene,"FORAMINIFER NANNOFOSSIL CHALK General Description: This core contains greenish gray (7.5GY 6/1) to light greenish gray (5GY 7/1) FORAMINIFER NANNOFOSSIL CHALK. The chalk is moderately bioturbated throughout and mottled by Zoophycos-, Chondrites-, and P/a?o//tes-shaped burrows. In Section 1, 70-75 cm, a microfault (thrust, displacement 5 mm) in a purple color band occurs. ",CORE 362 - 371.9 MBSF
154,925,A,10,R,371.7,374.68,early Miocene,"FORAMINIFER NANNOFOSSIL CHALK WITH CLAY General Description: This core contains light greenish gray (7.5GY 7/1) FORAMINIFER NANNOFOSSIL CHALK WITH CLAY, which is moderately bioturbated throughout and mottled by Zoophycos and Chondrites burrows. ",CORE 371.7 - 374.68 MBSF
154,925,A,11,R,381.3,389.33,early Miocene,"NANNOFOSSIL CHALK WITH FORAMINIFERS and NANNOFOSSIL CHALK WITH CLAY General Description: This core contains NANNOFOSSIL CHALK WITH FORAMINIFERS and NANNOFOSSIL CHALK WITH CLAY. The color varies gradationally from greenish gray (10GY 6/2) to light greenish gray (5GY 7/1). The chalk is moderately bioturbated throughout the core and mottled with Zoophycos and Chondrites burrows. In Section 2, 75-80 cm, and in Section 4, 50-60 cm, a few green horizontal color bands occur. ",CORE 381.3 - 389.33 MBSF
154,925,A,12,R,390.8,395.31,early Miocene,"NANNOFOSSIL CHALK WITH FORAMINIFERS General Description: This core contains NANNOFOSSIL CHALK WITH FORAMINIFERS. The color is greenish gray (10GY 6/2) to light gray (5GY 7/1). The chalk is moderately bioturbated (only in Section 2, 50-65 cm heavily) and mottled with Zoophycos and Chondrites burrows. ",CORE 390.8 - 395.31 MBSF
154,925,A,13,R,400.4,402.21,early Miocene,NANNOFOSSIL CHALK WITH FORAMINIFERS General Description: This core contains greenish gray (5GY 7/1 to 7.5GY 5/1) NANNOFOSSIL CHALK WITH FORAMINIFERS. The chalk is moderately bioturbated and shows Zoophycos-shaped burrows. ,CORE 400.4 - 402.21 MBSF
154,925,A,14,R,410,417.52,early Miocene,"NANNOFOSSIL CHALK WITH FORAMINIFERS General Description: This core contains greenish gray (10GY 5/2, 6/2) to light greenish gray (5GY 7/1) NANNOFOSSIL CHALK WITH FORAMINIFERS. The chalk is moderately bioturbated with minor amounts of disseminated pyrite and small pyrite-filled burrows in Sections 2 and 3. A 1-cm-thick vertical burrow occurs in Section 4, 10-20 cm. Seven distinct Zoophycus burrows occur in Section 6,10-50 cm. All color changes are gradational. ",CORE 410 - 417.52 MBSF
154,925,A,15,R,419.7,429.58,early Miocene,"NANNOFOSSIL CHALK WITH FORAMINIFERS General Description: This core contains greenish gray (7.5GY5/1, 10GY 6/2) to light greenish gray (5GY 7/1) NANNOFOSSIL CHALK WITH FORAMINIFERS. All color changes are gradational. The chalk is moderately bioturbated with minor amounts of disseminated pyrite and small pyrite-filled burrows. The chalk is mottled with Zoopftycos-shaped burrows. ",CORE 419.7 - 429.58 MBSF
154,925,A,16,R,429.3,438.88,early Miocene,"NANNOFOSSIL CHALK WITH FORAMINIFERS AND CLAY General Description: This core consists of NANNOFOSSIL CHALK WITH FORAMINIFERS AND CLAY, which is light gray (5GY 7/1) and grayish green (10GY 5/2) in color, moderately bioturbated, and mottled. Traces of Zoophycos and Chondrites are present throughout the core. Some burrow fills exhibit purple reduction halos. Millimeter- to centimeter-scale intervals of laminae or color bands occur in Section 1 at 30-45 cm, Section 2, 0-5 cm, Section 3, 49-51 cm, and Section 5, 33-45 cm. Traces of pyrite occur throughout the core. ",CORE 429.3 - 438.88 MBSF
154,925,A,17,R,438.9,448.24,early Miocene,"NANNOFOSSIL CHALK WITH FORAMINIFERS AND CLAY General Description: This core contains light gray (5GY 7/1) to grayish green (7.5GY 5/1) NANNOFOSSIL CHALK WITH FORAMINIFERS AND CLAY. The entire core is moderately bioturbated and mottled. Traces of Zoophycos and Chondrites occur predominantly in Sections 3 to 6. Millimeter-scale green laminae or color bands occur in Section 4, 90-150 cm, and in Section 6, 22-34 cm. A thick band of NANNOFOSSIL CHALK WITH CALCAREOUS FRAGMENTS, which is dark brown in color, occurs in Section 7, 50-65 cm. The top and bottom contacts of this band are gradational due to bioturbation. ",CORE 438.9 - 448.24 MBSF
154,925,A,18,R,448.6,458.45,early Miocene,"NANNOFOSSIL CHALK WITH FORAMINIFERS AND CLAY General Description: This core contains grayish green (5GY 5/1) to light gray (1OG 2.5/1) NANNOFOSSIL CHALK WITH FORAMINIFERS AND CLAY. There is considerable drilling disturbance in Section 2, 93-96 cm (stiff biscuits in a soft matrix), Section 6, 26-63 cm, and Section 7, 0-20 cm (fractured). The majority of the core is moderately bioturbated with several horizons of Zoophycos burrows throughout the core. Millimeter-scale green laminae occur in Section 3, 45-52 cm. The minor lithology, green to dark brown (2.5G 4/1) NANNOFOSSIL CLAYEY MIXED SEDIMENTARY ROCK WITH CALCAREOUS FRAGMENTS, occurs at Section 2, 84-93 cm, and Section 4, 58-67 cm. ",CORE 448.6 - 458.45 MBSF
154,925,A,19,R,458.2,463.01,early Miocene,"NANNOFOSSIL CHALK WITH CLAY AND CALCAREOUS FRAGMENTS and NANNOFOSSIL CHALK WITH FORAMINIFERS AND CLAY General Description: This core contains grayish green (5GY 5/1) NANNOFOSSIL CHALK WITH CLAY AND CALCAREOUS FRAGMENTS and light greenish gray (7.5GY 7/1) NANNOFOSSIL CHALK WITH FORAMINIFERS AND CLAY interspersed throughout the core with gradational contacts. The core is slightly to moderately bioturbated. Chondrites burrows occur throughout the core, and Zoophycos burrows occur in Section 2, 38-50 and 119-122 cm, in Section 3,106-120 cm, and in Section 4, 84-88 cm. Two large vertical burrows, both reworked by Chondrites burrows, occur in Section 3, 52-58 cm and in Section 4, 51-58 cm. Thin dark green color banding occurs in Section 3, 90-99 cm, and in Section 4, 85-90 cm. Thick brownish green color bands are present in Section 2, 32-34 cm. The interval from 27-33 cm in Section 2 shows drilling disturbance. Traces of pyrite or manganese oxides occur throughout the core, with one burrow in Section 3,112-113 cm, showing purple reduction halos. ",CORE 458.2 - 463.01 MBSF
154,925,A,20,R,467.8,477.67,early Miocene,"NANNOFOSSIL CHALK WITH CLAY, NANNOFOSSIL CHALK WITH FORAMINIFERS, and NANNOFOSSIL CHALK WITH FORAMINIFERS AND CLAY General Description: This core contains three dominant lithologies: NANNOFOSSIL CHALK WITH CLAY, NANNOFOSSIL CHALK WITH FORAMINIFERS, and NANNOFOSSIL CHALK WITH FORAMINIFERS AND CLAY. Colors range from light gray (7.5GY 7/1) to grayish green (5GY 6/1). The majority of the core is moderately bioturbated with pyritized burrows throughout and distinct Zoophycos burrows. Microfractures are present in Section 4, 140-150 cm. All of Section 5 and Section 6, 0-40 cm have dipping color contacts and burrows, convoluted and sheared in mm scale. Minor lithology: FORAMINIFER NANNOFOSSIL CHALK WITH CLAY occurs in Section 2, 55-58 cm, with a sharp contact at the bottom and a wavy color contact at the top. ",CORE 467.8 - 477.67 MBSF
154,925,A,21,R,477.4,477.4,NA,NO RECOVERY,CORE 477.4 - 477.4 MBSF
154,925,A,22,R,487.1,496.96,early Miocene,"FORAMINIFER NANNOFOSSIL CHALK WITH CLAY General Description: This core consist of light gray to grayish green FORAMINIFER NANNOFOSSIL CHALK WITH CLAY. The color contacts are very gradational. The entire core is moderately bioturbated and mottled. Traces of Zoophycos and Chondrites are common. Millimeter-scale laminae are present in Section 4, at 70 cm and in Section 5, at 135-140 cm. ",CORE 487.1 - 496.96 MBSF
154,925,A,23,R,496.7,502.85,late Oligocene,"FORAMINIFER NANNOFOSSIL CHALK WITH CLAY AND ZEOLITE General Description: This core consists of greenish gray (5GY 5/1) to light greenish gray (7.5GY 6/1) FORAMINIFER NANNOFOSSIL CHALK WITH CLAY AND ZEOLITES. The core is fractured at numerous levels producing moderate disturbance in Section 1, 0-108 and 122-150 cm, Section 2, 0-35 and 85-115 cm, Section 3, 0-35 cm, Section 4, 20-70, 95-115, and 130-148 cm. There are also very disturbed intervals at Section 1,110-125 cm, Section 3, 85-150 cm, and Section 4, 0-18 cm. The fractures have well- defined slickensides, but significantly no mud from drilling along them (even though the outsides of the cores are covered by it). Definite evidence for microfaulting is present at Section 2, 100 and 110 cm, and Section 4, 96 cm, within complete block of rock as shown by truncated burrows and abrupt color changes. Contorted bedding and trace fossils are present in Section 4, 94, and 110-120 cm. The whole core is moderately bioturbated with Zoophycos, Chondrites, and Planolites burrows identifiable at many levels. ",CORE 496.7 - 502.85 MBSF
154,925,A,24,R,506.3,515.8,late Oligocene,"FORAMINIFER NANNOFOSSIL CHALK WITH CLAY and NANNOFOSSIL CHALK WITH FORAMINIFERS General Description: This core consists of greenish gray (7.5GY 6/1) to light greenish gray (7.5GY 7/1) FORAMINIFER NANNOFOSSIL CHALK WITH CLAY. From Section 1, 65 cm to Section 6, 120 cm, this core shows slumping structures with single blocks varying in size (20 to 65 cm), color and lithology (Section 2, 45-90 cm, NANNOFOSSIL CHALK WITH FORAMINIFERS). The slumping contacts are indicated by truncated burrows, microfaults, and sharp color changes. The sediment in each block is moderately bioturbated and mottled with burrows like Zoophycos, Chondrites, and Planolites. In Section 3,120-145 cm, a layer with thin laminae, partly cross-bedded, indicates redeposition of sediment. The top of the core, Section 1, 0-60 cm, is heavily disturbed by drilling. ",CORE 506.3 - 515.8 MBSF
154,925,A,25,R,516,516,NA,NO RECOVERY,CORE 516 - 516 MBSF
154,925,A,26,R,525.6,535.59,late Oligocene,"FORAMINIFER NANNOFOSSIL CHALK and NANNOFOSSIL CHALK WITH FORAMINIFERS General Description: This core consists of alternating greenish gray (5GY 5/1, 6/1) FORAMINIFER NANNOFOSSIL CHALK and light greenish gray (7.5GY 6/1) NANNOFOSSIL CHALK WITH FORAMINIFERS. The core is moderately bioturbated throughout with many horizons of Zoophycos, Chondrites, and Planolites. There is moderate disturbance at a few levels. At Section 3, 82 cm there is a microfault with a 1-mm normal displacement. The sediments contain about 5% zeolite. ",CORE 525.6 - 535.59 MBSF
154,925,A,27,R,535.3,544.64,late Oligocene,NANNOFOSSIL CHALK WITH FORAMINIFERS and FORAMINIFER NANNOFOSSIL CHALK General Description: This core contains interbedded greenish gray (7.5GY 6/1) FORAMINIFER NANNOFOSSIL CHALK and light greenish gray (7.5GY 7/1) NANNOFOSSIL CHALK WITH FORAMINIFERS. Both sediment types are moderately bioturbated and mottled with Zoophycos burrows. The burrows have often concentric purple halos and are sometimes partially filled with disseminated pyrite. ,CORE 535.3 - 544.64 MBSF
154,925,A,28,R,544.9,545.14,late Oligocene,NANNOFOSSIL CHALK WITH FORAMINIFERS General Description: This core contains greenish gray (7.5GY 6/1) NANNOFOSSIL CHALK WITH FORAMINIFERS. The sediment is moderately bioturbated. The biostratigraphic age is late Oligocene. ,CORE 544.9 - 545.14 MBSF
154,925,A,29,R,554.6,556.59,late Oligocene,"NANNOFOSSIL CHALK General Description: This core contains greenish gray (5GY 5/1, 6/1) NANNOFOSSIL CHALK, moderately bioturbated with a series of cm-size lenticular burrows. The uppermost part in Section 1, 0-35 cm, is heavily disturbed by drilling. The age of the core is late Oligocene. ",CORE 554.6 - 556.59 MBSF
154,925,A,30,R,564.2,574.17,late Oligocene,NANNOFOSSIL CHALK WITH CLAY and NANNOFOSSIL CHALK WITH CALCAREOUS FRAGMENTS General Description: In this core a greenish gray (7.5GY 5/1) NANNOFOSSIL CHALK WITH CLAY is regularly alternating with a light greenish gray (7.5GY 7/1) NANNOFOSSIL CHALK WITH CALCAREOUS FRAGMENTS. Both sediment types are moderately bioturbated and mottled with Zoophycos burrows. The burrows have often concentric purple halos and are sometimes partly filled with disseminated pyrite. ,CORE 564.2 - 574.17 MBSF
154,925,A,31,R,573.8,576.72,late Oligocene,"NANNOFOSSIL CHALK General Description: This core consists of a NANNOFOSSIL CHALK with alternating greenish gray (7.5GY 5/1) or light greenish gray (7.5GY 7/1) colors. The sediment is moderately bioturbated throughout and mottled with burrows, which sometimes show concentric purple halos and disseminated pyrite. ",CORE 573.8 - 576.72 MBSF
154,925,A,32,R,583.5,593.33,late Oligocene,"NANNOFOSSIL CHALK WITH CLAY General Description: This core consists of NANNOFOSSIL CHALK WITH CLAY with alternating colors of greenish gray (7.5GY 5/1, 6/1) and light greenish gray (7.5GY 7/1). The sediment is moderately bioturbated throughout and mottled with Zoophycos burrows. Some burrows are surrounded with purple halos, others contain partially disseminated pyrite. ",CORE 583.5 - 593.33 MBSF
154,925,A,33,R,593.1,603.03,late Oligocene,"NANNOFOSSIL CHALK and NANNOFOSSIL CHALK WITH CLAY General Description: This core consists of a light greenish gray (7.5GY 7/1) NANNOFOSSIL CHALK, alternating with a greenish gray (7.5GY 5/1, 6/1) NANNOFOSSIL CHALK WITH CLAY. Both sediment types are moderately bioturbated and mottled with Zoophycos burrows. Some burrows show concentric purple halos; others contain partially disseminated pyrite. ",CORE 593.1 - 603.03 MBSF
154,925,A,34,R,602.8,611.06,late Oligocene,"FORAMINIFER NANNOFOSSIL CHALK WITH CLAY and NANNOFOSSIL CHALK WITH CLAY General Description: This core contains light gray (7.5GY 7/1) FORAMINIFER NANNOFOSSIL CHALK WITH CLAY and grayish green (7.5GY 5/1) NANNOFOSSIL CHALK WITH CLAY. The color contacts are gradational. The entire core is moderately bioturbated and mottled. Traces of Zoophycos occur in Sections 3 and 5. Purple and green color bands are present in Section 2, 100 and 110-140 cm, in Section 4, 40-55 and 100 cm, in Section 5, 115-120 cm, and in Section 6, 30 cm. These bands are on a mm-scale, horizontal, and parallel; they have sharp contacts. ",CORE 602.8 - 611.06 MBSF
154,925,A,35,R,612.4,618.53,late Oligocene,"NANNOFOSSIL CHALK WITH FORAMINIFERS and NANNOFOSSIL CHALK WITH FORAMINIFERS AND CLAY General Description: This core contains light gray (7.5GY 6/1) NANNOFOSSIL CHALK WITH FORAMINIFERS and grayish green (7.5GY 4/1) NANNOFOSSIL CHALK WITH FORAMINIFERS AND CLAY. The color contacts are gradational. The sediment is moderately bioturbated throughout and mottled with burrows like Zoophycos. Some burrows are surrounded with purple halos or contain partially disseminated pyrite. An interval of mm-scale, green laminae occurs in Section 4, 32-48 cm.",CORE 612.4 - 618.53 MBSF
154,925,A,36,R,622.1,632.05,early Oligocene,NANNOFOSSIL CHALK WITH FORAMINIFERS AND CLAY and CLAYEY NANNOFOSSIL CHALK General Description: This core contains light gray (7.5GY 7/1) NANNOFOSSIL CHALK WITH FORAMINIFERS AND CLAY and grayish green (5GY 5/2) CLAYEY NANNOFOSSIL CHALK. The color contacts are gradational. The sediment is moderately bioturbated and mottled with burrows like Zoophycos. Some burrows are surrounded with purple or green halos; others contain disseminated pyrite. Intervals with green mm-scale color bands occur in the darker grayish green beds. ,CORE 622.1 - 632.05 MBSF
154,925,A,37,R,631.7,631.7,NA,NO RECOVERY,CORE 631.7 - 631.7 MBSF
154,925,A,38,R,641.4,651.28,early Oligocene,"NANNOFOSSIL CHALK WITH FORAMINIFERS AND CLAY and CLAYEY NANNOFOSSIL CHALK General Description: This core contains light gray (5GY 8/1) NANNOFOSSIL CHALK WITH FORAMINIFERS AND CLAY and grayish green (5GY 5/1) CLAYEY NANNOFOSSIL CHALK. Color contacts are gradational. The sediment is moderately bioturbated and mottled with Zoophycos burrows. Some burrows are surrounded with purple or green halos, and others contain disseminated pyrite. Intervals with green mm-scale color bands occur in the darker grayish green beds. ",CORE 641.4 - 651.28 MBSF
154,925,A,39,R,651.1,660.34,early Oligocene,"NANNOFOSSIL CHALK WITH FORAMINIFERS and CLAYEY NANNOFOSSIL CHALK WITH CALCAREOUS FRAGMENTS General Description: This core contains alternating beds of light gray (7.5GY 7/1) NANNOFOSSIL CHALK WITH FORAMINIFERS and grayish green (5GY 5/1) CLAYEY NANNOFOSSIL CHALK WITH CALCAREOUS FRAGMENTS. The sediment is moderately bioturbated and mottled with traces of Zoophycos. The burrows often have concentric purple halos partly filled with disseminated pyrite. Green mm-scale color bands occur predominantly in the darker beds. From Section 6, 90 cm to the base of the core there are several darker intervals with fine wavy laminae and lesser bioturbation, some of which contain macrofaults. This indicates a slump deposit. ",CORE 651.1 - 660.34 MBSF
154,925,A,40,R,660.8,670.39,early Oligocene,"NANNOFOSSIL CHALK WITH CLAY and CLAYEY NANNOFOSSIL CHALK General Description: This core contains alternating beds of light green (5GY 6/1) NANNOFOSSIL CHALK WITH CLAY and grayish green (5GY 5/1) CLAYEY NANNOFOSSIL CHALK. The sediments are moderately bioturbated thoughout, except for Section 1, 0-58 cm. Zoophycos traces are common and burrows are often ringed with purple halos or partly filled with disseminated pyrite. Section 1, 0-58 cm is banded on the cm scale and contains mm- scale wavy laminations. A scoured contact occurs at 14 cm, and macrofaulting occurs at 30 cm. ",CORE 660.8 - 670.39 MBSF
154,925,A,41,R,670.4,673.78,early Oligocene,"NANNOFOSSIL CHALK WITH CALCAREOUS FRAGMENTS and CLAYEY NANNOFOSSIL CHALK General Description: This core contains light gray (7.5GY 7/1) NANNOFOSSIL CHALK WITH CALCAREOUS FRAGMENTS and greenish gray (5GY 5/1) CLAYEY NANNOFOSSIL CHALK in alternating zones with gradational contacts. The entire core is moderately bioturbated and mottled, with discrete Zoophycos trace fossils occuring in Section 2, 10 and 82 cm and in Section 3, 30-35 cm. Small grains of pyrite occur throughout the core, with larger formations in Section 1, 58-62 cm, and Section 2,10-18 cm. Thin dark green color bands occur in Section 1, 82 cm, and gradational banding occurs in the darker sections, most notably in Section 2, 70-80 cm. ",CORE 670.4 - 673.78 MBSF
154,925,A,42,R,680.1,682.76,early Oligocene,"NANNOFOSSIL CHALK WITH FORAMINIFERS AND CLAY and CLAYEY NANNOFOSSIL CHALK General Description: This core consists of light gray (7.5GY 7/1) NANNOFOSSIL CHALK WITH FORAMINIFERS and grayish green (7.5GY 5/1) CLAYEY NANNOFOSSIL CHALK. The sediment is moderately bioturbated and mottled. An interval of alternating ungraded color beds (cm scale), which have scoured sharp contacts that include flame-shaped purple and yellowish brown color bands (mm scale), occur in Section 1, 0-25 cm. This deposit is interpreted as a turbidite. ",CORE 680.1 - 682.76 MBSF
154,925,A,43,R,683.1,689.15,early Oligocene,"NANNOFOSSIL CHALK WITH CLAY and CLAYEY NANNOFOSSIL CHALK General Description: This core contains alternating beds of light gray (7.5GY 7/1) NANNOFOSSIL CHALK WITH CLAY and grayish green (5GY 4/1) CLAYEY NANNOFOSSIL CHALK, which are moderately bioturbated and mottled. Some burrows have purple halos, and others contain disseminated pyrite. Intervals with green, mm-scale color bands occur in Section 2,130 cm to Section 3, 10 cm, and in Section 3,145-150 cm. ",CORE 683.1 - 689.15 MBSF
154,925,A,44,R,689.7,696.32,early Oligocene,"NANNOFOSSIL CHALK General Description: This core contains alternating beds of light greenish gray (5GY 7/1) and greenish gray (5GY 5/1) NANNOFOSSIL CHALK, which are moderately bioturbated and mottled with Zoophycos, Planolites, and Chondrites. Some burrows are surrounded with purple halos, others contain disseminated pyrite. The top of Section 4, 0-35 cm, is moderately disturbed by drilling.",CORE 689.7 - 696.32 MBSF
154,925,A,45,R,699.3,709.19,early Oligocene,"NANNOFOSSIL CHALK WITH CLAY and CLAYEY NANNOFOSSIL CHALK General Description: In this core a greenish gray (5GY 4/1) CLAYEY NANNOFOSSIL CHALK is alternating with a light greenish gray (5GY 6/1, 7/1) NANNOFOSSIL CHALK WITH CLAY. Both sediment types are moderately bioturbated and mottled with Zoophycos, Planolites, and Chondrites burrows. Some burrows are surrounded by purple halos, others contain disseminated pyrite. ",CORE 699.3 - 709.19 MBSF
154,925,A,46,R,709,718.93,early Oligocene,"NANNOFOSSIL LIMESTONE WITH CLAY and CLAYEY NANNOFOSSIL LIMESTONE General Description: In this core, a greenish gray (5GY 5/1) CLAYEY NANNOFOSSIL LIMESTONE alternates with a light greenish gray (5GY 6/1,7/1) NANNOFOSSIL LIMESTONE WITH CLAY. Both sediment types are moderately bioturbated and mottled with Zoophycos, Planolites, and Chondrites burrows. Some burrows are surrounded by purple halos; others contain disseminated pyrite. ",CORE 709 - 718.93 MBSF
154,925,A,47,R,718.3,726.19,early Oligocene,"NANNOFOSSIL LIMESTONE and CLAYEY NANNOFOSSIL LIMESTONE General Description: In this core, a greenish gray (5GY 5/1) CLAYEY NANNOFOSSIL LIMESTONE alternates with a light greenish gray (5GY 6/1, 7/1) NANNOFOSSIL LIMESTONE. Both sediment types are moderately to heavily bioturbated and mottled with Zoophycos, Planolites, and Chondrites burrows. Some burrows are surrounded by purple halos; others contain disseminated pyrite. ",CORE 718.3 - 726.19 MBSF
154,925,A,48,R,727.9,737.74,early Oligocene,"NANNOFOSSIL LIMESTONE WITH FORAMINIFERS AND CLAY and CLAYEY NANNOFOSSIL LIMESTONE WITH FORAMINIFERS General Description: In this core, a dark greenish gray (5GY 4/1, 5/1) CLAYEY NANNOFOSSIL LIMESTONE WITH FORAMINIFERS alternates with a greenish gray (5GY 6/1) NANNOFOSSIL LIMESTONE WITH FORAMINIFERS AND CLAY. The color changes gradationally. Both sediment types are moderately bioturbated and mottled with Zoophycos, Planolites, and Chondrites burrows. Some burrows are surrounded by purple halos; others contain disseminated pyrite. ",CORE 727.9 - 737.74 MBSF
154,925,A,49,R,737.6,744.7,early Oligocene,"NANNOFOSSIL LIMESTONE WITH CLAY AND FORAMINIFERS General Description: This core contains a NANNOFOSSIL LIMESTONE WITH CLAY AND FORAMINIFERS with alternating colors of greenish gray (5GY 5/1) and light greenish gray (5GY 7/1). The sediment is moderately bioturbated and mottled with Zoophycos, Planolites, and Chondrites burrows. Some burrows are surrounded by purple halos, others contain disseminated pyrite. The foraminifers (mostly recrystallized) are present as small spherical grains distributed throughout the core. ",CORE 737.6 - 744.7 MBSF
154,925,A,50,R,746.1,748.23,early Oligocene,"NANNOFOSSIL LIMESTONE WITH CLAY AND FORAMINIFERS General Description: This core contains a NANNOFOSSIL LIMESTONE WITH CLAY AND FORAMINIFERS with alternating colors of greenish gray (5GY 5/1) and light greenish gray (5GY 6/1). The sediment is moderately bioturbated and mottled with Zoophycos, Planolites, and Chondrites burrows. Some burrows are surrounded by purple halos, others contain disseminated pyrite. The foraminifers (mostly recrystallized) are present as small spherical grains distributed throughout the core. ",CORE 746.1 - 748.23 MBSF
154,925,A,51,R,747.1,753.28,early Oligocene,"CLAYEY NANNOFOSSIL LIMESTONE General Description: This core contains a CLAYEY NANNOFOSSIL LIMESTONE with alternating colors of greenish gray (5GY 5/1) and light greenish gray (5GY 6/1). The color contacts are very gradational. The greenish gray beds are thinner than 30 cm and are represented here as individual color bands. The sediment is moderately bioturbated and mottled with Zoophycos, Planolites, and Chondrites burrows. Some burrows are surrounded by purple halos, others contain disseminated pyrite. ",CORE 747.1 - 753.28 MBSF
154,925,A,52,R,757,766.86,early Oligocene,"CLAYEY NANNOFOSSIL MIXED SEDIMENTARY ROCK General Description: This core contains a CLAYEY NANNOFOSSIL MIXED SEDIMENTARY ROCK with alternating colors of greenish gray (5GY 5/1) and light greenish gray (5GY 6/1). The greenish gray beds that are thinner than 40 cm are represented here as individual color bands. The sediment is moderately bioturbated and mottled with Zoophycos, Planolites, and Chondrites burrows. Some burrows are surrounded by purple halos, others contain disseminated pyrite. The foraminifers (mostly recrystallized) are present as small spherical grains distributed throughout the core. ",CORE 757 - 766.86 MBSF
154,925,A,53,R,766.6,775.69,early Oligocene,"NANNOFOSSIL LIMESTONE WITH CLAY and CLAYEY NANNOFOSSIL LIMESTONE WITH FORAMINIFERS General Description: This core contains a NANNOFOSSIL LIMESTONE WITH CLAY with alternating colors of greenish gray (5GY 5/1) and light greenish gray (5GY 6/1) in the upper three sections and a CLAYEY NANNOFOSSIL LIMESTONE WITH FORAMINIFERS with alternating colors of gray (7.5GY 5/1) and moderate greenish gray (5GY 6/1) below. The darker beds of both units are thinner than 40 cm and are represented here as individual color bands. The sediment is moderately bioturbated and mottled with Zoophycos, Planolites, and Chondrites burrows. Some burrows are surrounded by purple halos; others contain disseminated pyrite. The foraminifers (mostly recrystaliized) are present as small spherical grains distributed throughout the core. The entire core is slightly fractured due to rotary drilling; however, in Section 4, 0-70 cm, and Section 5,130-150 cm, the fracturing is heavy. ",CORE 766.6 - 775.69 MBSF
154,925,A,54,R,776.3,786.27,late Eocene,"NANNOFOSSIL LIMESTONE WITH CLAY and CLAYEY NANNOFOSSIL LIMESTONE WITH FORAMINIFERS General Description: This core contains a light greenish gray (5GY 6/1) NANNOFOSSIL LIMESTONE WITH CLAY with alternating thin layers of greenish gray (5GY 5/1) CLAYEY NANNOFOSSIL LIMESTONE WITH FORAMINIFERS. The greenish gray beds are always thinner than 40 cm and are represented here as individual color bands. The sediment is moderately bioturbated and mottled with Zoophycos, Planolites, and Chondrites burrows. Some burrows are surrounded by purple halos; others contain disseminated pyrite. The foraminifers (mostly recrystallized) are present as small spherical grains distributed throughout the core. The entire core is slightly fractured due to rotary drilling; however, in Section 1, 0-30 cm, and in Sections 7 and CC the fracturing is heavy. ",CORE 776.3 - 786.27 MBSF
154,925,A,55,R,786,794.74,late Eocene,"NANNOFOSSIL LIMESTONE WITH CLAY General Description: This core contains a light greenish gray (7.5GY 6/1, 7/1) NANNOFOSSIL LIMESTONE WITH CLAY with alternating thin layers of greenish gray (5GY 7.5/1) CLAYEY NANNOFOSSIL LIMESTONE WITH FORAMINIFERS. The greenish gray beds are always thinner than 40 cm and are represented here as individual color bands. The sediment is moderately bioturbated and mottled with Zoophycos, Planolites, and Chondrites burrows. Some burrows are surrounded by purple halos; others contain disseminated pyrite. The foraminifers (mostly recrystallized) are present as small spherical grains distributed throughout the core. In Section 2,110-115 cm, thin laminae indicate probably a distal turbidite. The entire core is slightly fractured due to rotary drilling; however, in Section 1, 0-3- cm, and in Sections 7 and CC the fracturing is heavy.",CORE 786 - 794.74 MBSF
154,925,A,56,R,795.6,804.29,late Eocene,"NANNOFOSSIL LIMESTONE WITH CLAY General Description: This core contains a light greenish gray (7.5GY 6/1) NANNOFOSSIL LIMESTONE WITH CLAY with alternating thin layers of greenish gray (7.5GY 5/1) CLAYEY NANNOFOSSIL LIMESTONE WITH FORAMINIFERS. The greenish gray beds are always thinner than 40 cm and are represented here as individual color bands. The sediment is moderately bioturbated and mottled with Zoophycos, Planolites, and Chondrites burrows. Some burrows are surrounded by purple halos; others contain disseminated pyrite. Between Section 2, 77 cm and Section 5, 70 cm, a slumping structure occurs with many typical features, like sharp contacts, contorted bedding, irregular mm- scale color banding, slump blocks, and wedge-planar laminae. The entire core is slightly fractured due to rotary drilling. ",CORE 795.6 - 804.29 MBSF
154,925,A,57,R,805.2,815.12,late Eocene,"NANNOFOSSIL LIMESTONE WITH FORAMINIFERS AND CLAY and CLAYEY NANNOFOSSIL LIMESTONE WITH FORAMINIFERS General Description: This core contains a light greenish gray (7.5GY 6/1) NANNOFOSSIL LIMESTONE WITH FORAMINIFERS AND CLAY. Thin layers of greenish gray (10GY 5/0) CLAYEY NANNOFOSSIL LIMESTONE WITH FORAMINIFERS are interbedded. The sediment is moderately bioturbated and mottled with Zoophycos, Planolites, and Chondrites burrows. Some burrows are surrounded by purple halos, others contain disseminated pyrite. The sediments below Section 4,100 cm provide evidence for sediment redeposition. Slumping structures with typical features occur in Section 4, 135 cm (sharp contact), in Section 5, 30-55 cm (sharp contacts, contorted bedding, irregular mm-scale color banding), in Section 5,100-125 cm (scoured contact at the base, wedge- planar laminae, sharp contact at the top), and in Section 6, 0�30 cm (microfaults, microfolds, irregular millimeter-scale color banding). A very uniform, greenish gray NANNOFOSSIL CLAYSTONE WITH FORAMINIFERS that includes brown mud clasts and provides no evidence for bioturbation is interpreted as a turbidite and occurs in Section 6, 28-96 cm. The core is slightly fractured due to rotary drilling. Drilling breccia occur in Sections 6 and 7. ",CORE 805.2 - 815.12 MBSF
154,925,A,58,R,814.8,824.7,middle to late Eocene,"NANNOFOSSIL LIMESTONE WITH CLAY AND FORAMINIFERS General Description: This core contains a light greenish gray (7.5GY 6/1) NANNOFOSSIL LIMESTONE WITH CLAY with alternating thin layers of greenish gray (7.5GY 5/1) CLAYEY NANNOFOSSIL LIMESTONE. The greenish gray beds are always thinner than 40 cm and represented here as individual color bands. The sediment is moderately bioturbated and mottled with Zoophycos, Planolites, and Chondrites burrows. Some burrows are surrounded by purple halos, others contain disseminated pyrite. ",CORE 814.8 - 824.7 MBSF
154,925,A,59,R,824.5,834.29,middle Eocene,"NANNOFOSSIL LIMESTONE WITH CLAY AND CALCAREOUS FRAGMENTS General Description: This core contains a light greenish gray (10GY 6/1) NANNOFOSSIL LIMESTONE WITH CLAY AND CALCAREOUS FRAGMENTS with alternating thin layers of greenish gray (5GY 5/1) CLAYEY NANNOFOSSIL LIMESTONE WITH CALCAREOUS FRAGMENTS. The greenish gray beds are always thinner than 40 cm and are represented here as individual color bands. The sediment is moderately bioturbated and mottled with Zoophycos, Planolites, and Chondrites burrows. Some burrows are surrounded by purple halos, others contain disseminated pyrite. ",CORE 824.5 - 834.29 MBSF
154,925,A,60,R,834.2,841.03,middle Eocene,"NANNOFOSSIL LIMESTONE WITH CLAY AND CALCAREOUS FRAGMENTS and CLAYEY NANNOFOSSIL LIMESTONE WITH CALCAREOUS FRAGMENTS General Description: This core contains alternating beds of light greenish gray (10GY 6/1) NANNOFOSSIL LIMESTONE WITH CLAY AND CALCAREOUS FRAGMENTS and greenish gray (5GY 5/1) CLAYEY NANNOFOSSIL LIMESTONE WITH CALCAREOUS FRAGMENTS. Thin greenish gray beds (<40 cm) are represented here as individual color bands. The sediment is moderately bioturbated and mottled with Zoophycos, Planolites, and Chondrites burrows. Some burrows are surrounded by purple halos, others contain disseminated pyrite. ",CORE 834.2 - 841.03 MBSF
154,925,A,61,R,843.8,850.89,middle Eocene,"CLAYEY NANNOFOSSIL LIMESTONE WITH FORAMINIFERS General Description: This core contains alternating beds of light greenish gray (7.5GY 6/1) and greenish gray (5GY 5/1) CLAYEY NANNOFOSSIL LIMESTONE WITH FORAMINIFERS. Thin greenish gray beds (<40 cm) are represented here as individual color bands. The sediment is moderately bioturbated and mottled with Zoophycos, Planolites, and Chondrites burrows. Some burrows are surrounded by purple halos, others contain disseminated pyrite. ",CORE 843.8 - 850.89 MBSF
154,925,A,62,R,853.5,863.43,middle Eocene,"CLAYEY NANNOFOSSIL LIMESTONE General Description: This core contains alternating beds of light greenish gray (7.5GY 6/1) and greenish gray (5GY 5/1) CLAYEY NANNOFOSSIL LIMESTONE. Thin greenish gray beds (<40 cm) are represented here as individual color bands. The sediment is moderately bioturbated and mottled with Zoophycos, Planolites, and Chondrites burrows. Some burrows are surrounded by purple halos, others contain disseminated pyrite. ",CORE 853.5 - 863.43 MBSF
154,925,A,63,R,863.1,869.76,middle Eocene,"CLAYEY NANNOFOSSIL LIMESTONE WITH FORAMINIFERS General Description: This core contains alternating beds of light greenish gray (7.5GY 6/1) and and greenish gray (5GY 5/1) CLAYEY NANNOFOSSIL LIMESTONE WITH FORAMINIFERS. Thin light greenish gray beds (<40 cm) are represented here as individual color bands. The sediment is moderately bioturbated and mottled with Zoophycos, Planolites, and Chondrites burrows. Some burrows are surrounded by purple halos, others contain disseminated pyrite. A thin turbidite that consists of NANNOFOSSIL LIMESTONE WITH CALCAREOUS FRAGMENTS occurs in Section 2, 32-40 cm (convolute bedding and cross-bedding, sharp bottom contact). Another sharp contact is present in Section 4, 130 cm. ",CORE 863.1 - 869.76 MBSF
154,925,A,64,R,872.8,882.23,middle Eocene,"CLAYEY NANNOFOSSIL LIMESTONE WITH FORAMINIFERS and CLAYEY NANNOFOSSIL LIMESTONE General Description: This core contains alternating beds of light greenish gray (7.5GY 6/1) and and greenish gray (5GY 5/1) CLAYEY NANNOFOSSIL LIMESTONE WITH FORAMINIFERS and CLAYEY NANNOFOSSIL LIMESTONE. Thin, light greenish gray beds (<40 cm) are represented here as individual color bands. The sediment is moderately bioturbated and mottled with Zoophycos, Planolites, and Chondrites burrows. Some burrows are surrounded by purple halos, others contain disseminated pyrite. Turbidite structures (convoluted upper contacts, wedge-planar laminae, sharp bottom contacts) are present in Section 4, 5-15 cm and Section 5, 118-130 cm. Another dipping, sharp color contact is present in Section 1 at 130 cm. ",CORE 872.8 - 882.23 MBSF
154,925,A,65,R,882.5,886.27,middle Eocene,"CLAYEY NANNOFOSSIL LIMESTONE General Description: This core contains alternating beds of light greenish gray (7.5GY 6/1) and greenish gray (5GY 5/1) CLAYEY NANNOFOSSIL LIMESTONE. Thin, greenish gray beds (<40 cm) are represented here as individual color bands. The sediment is moderately bioturbated and mottled with Zoophycos, Planolites, and Chondrites burrows. Some burrows are surrounded by purple halos; others contain disseminated pyrite. Turbidite structures (convoluted upper contacts, wedge-planar laminae, sharp bottom contacts) are present in Section 1, 4-38 and 84-87 cm, and Section 2, 55-59 cm. ",CORE 882.5 - 886.27 MBSF
154,925,A,66,R,891.8,893.26,middle Eocene,"CLAYEY NANNOFOSSIL LIMESTONE WITH CALCAREOUS FRAGMENTS General Description: This core contains alternating beds of light greenish gray (7.5GY 6/1) and greenish gray (5GY 5/1) CLAYEY NANNOFOSSIL LIMESTONE WITH CALCAREOUS FRAGMENTS. Thin, greenish gray beds (<40 cm) are represented here as individual color bands. The sediment is moderately bioturbated and mottled with Zoophycos, Planolites, and Chondrites burrows. Some burrows are surrounded by purple halos; others contain disseminated pyrite. The uppermost part of the core is heavily fractured by drilling. ",CORE 891.8 - 893.26 MBSF
154,925,A,67,R,901.4,911.34,middle Eocene,"CLAYEY NANNOFOSSIL LIMESTONE WITH CALCAREOUS FRAGMENTS and CLAYEY NANNOFOSSIL LIMESTONE WITH CALCAREOUS FRAGMENTS AND FORAMINIFERS General Description: This core contains alternating beds of light greenish gray (7.5GY 6/1) CLAYEY NANNOFOSSIL LIMESTONE WITH CALCAREOUS FRAGMENTS and greenish gray (5GY 5/1) CLAYEY NANNOFOSSIL LIMESTONE WITH CALCAREOUS FRAGMENTS AND FORAMINIFERS. The thin beds (<40 cm) of the greenish gray sediment are represented here as individual color bands. The sediment is moderately bioturbated and mottled with Zoophycos, Planolites, and Chondrites burrows. Some burrows are surrounded by purple halos; others contain disseminated pyrite. Turbidite structures (thin parallel laminae throughout) are present from Section 6, 27 cm to the bottom of the core. The uppermost part of the core and Sections 6, 7, and CC are heavily fractured (biscuits in the last two) due to rotary drilling. ",CORE 901.4 - 911.34 MBSF
154,925,A,68,R,911.1,911.12,middle Eocene,Entire core given to paleontologists.,CORE 911.1 - 911.12 MBSF
154,925,A,69,R,920.7,929.94,middle Eocene,"CALCAREOUS FRAGMENT LIMESTONE WITH CLAY General Description: This core contains alternating beds of light greenish gray (7.5GY 6/1) and greenish gray (5GY 5/1) CALCAREOUS FRAGMENT LIMESTONE WITH CLAY. Thin, greenish gray beds (<40 cm) are represented here as individual color bands. The sediment is moderately bioturbated and mottled with Zoophycos, Planolites, and Chondrites burrows. Some burrows are surrounded by purple halos, others contain disseminated pyrite. Small, light greenish gray (7.5GY 7/1) turbidites, indicated by thin parallel laminae and sharp bottom contacts, occur in Section 1, 145 cm to Section 2, 38 cm, Section 4, 40-54 cm, Section 6, 27-37 cm, and Section CC, 0-6 cm. ",CORE 920.7 - 929.94 MBSF
