Expedition/Leg,Site,Hole,Core Number,Core Type,Top depth cored (m),Bottom depth recovered (m),Age,Description,Core ID
154,925,C,1,H,0,8.13,Pleistocene,"FORAMINIFER OOZE WITH NANNOFOSSILS AND CLAY, CLAYEY FORAMINIFER OOZE WITH NANNOFOSSILS and NANNOFOSSIL CLAY WITH FORAMINIFERS AND FE OXIDES General Description: This core contains light brownish gray (10YR 6/3) FORAMINIFER OOZE WITH NANNOFOSSILS AND CLAY and brownish gray (10YR 5/3) CLAYEY FORAMINIFER OOZE WITH NANNOFOSSILS in the uppermost part of Section 1. Below this the lithology is a uniform grayish brown (2.5Y 5/2) NANNOFOSSIL CLAY WITH FORAMINIFERS AND FE OXIDES. Yellow color bands are present in several sections of the core. The entire core is slightly bioturbated. The uppermost 40 cm of Section 1 is soupy. ",CORE 0 - 8.13 MBSF
154,925,C,2,H,8,17.62,Pleistocene,NANNOFOSSIL OOZE WITH CLAY AND FORAMINIFERS and CLAYEY NANNOFOSSIL OOZE WITH FORAMINIFERS General Description: This core contains light gray (2.5Y 6/1) and light olive brown (2.5Y 5/3) NANNOFOSSIL OOZE WITH CLAY AND FORAMINIFERS. The light olive brown beds contain up to 10% iron oxides and are accompanied by black and yellow color bands. CLAYEY NANNOFOSSIL OOZE WITH FORAMINIFERS is grayish brown (2.5Y 5/2). All color contacts are gradational. The sediment is slightly bioturbated and mottled with pyrite- filled burrows. ,CORE 8 - 17.62 MBSF
154,925,C,3,H,17.5,27.23,Pleistocene,CLAYEY NANNOFOSSIL OOZE WITH FORAMINIFERS and NANNOFOSSIL OOZE WITH CLAY AND FORAMINIFERS General Description: This core contains NANNOFOSSIL OOZE WITH CLAY AND FORAMINIFERS which is light gray (2.5Y 6/1) grading to light olive brown (2.5Y 5/3) and CLAYEY NANNOFOSSIL OOZE WITH FORAMINIFERS which is grayish brown (2.5Y 5/2). Thin layers with pyrite concretions are present in Section 1 at 140 cm and Section 4 at 135 cm. Thin yellow color bands with gradational contacts occur in Section 3 from 55 to 60 cm and in Section 5 at 98 cm. The entire core is slightly bioturbated and mottled. ,CORE 17.5 - 27.23 MBSF
154,925,C,4,H,27,36.76,Pleistocene,"NANNOFOSSIL OOZE WITH CLAY AND FORAMINIFERS General Description: This core contains grayish brown (2.5Y 5/1) to light gray (2.5Y 6/1) NANNOFOSSIL OOZE WITH CLAY AND FORAMINIFERS. Color contacts are very gradational. The entire core is slightly bioturbated and mottled. Pyrite concretions occur in Section 1 at 73 and 97 cm, Section 3 at 20 and 110 cm, Section 4 at 100 and 147 cm, Section 5 at 83 and 110 cm, and Section 6 at 45 cm. Thin yellow color bands occur in Section 2 from 100 to 150 cm and in Section 6 from 117 to 132 cm. ",CORE 27 - 36.76 MBSF
154,925,C,5,H,36.5,46,Pleistocene,CLAYEY NANNOFOSSIL OOZE WITH FORAMINIFERS General Description: This core contains grayish brown (2.5Y 5/1) to light gray (5Y 6/1) CLAYEY NANNOFOSSIL OOZE WITH FORAMINIFERS that is slightly bioturbated and mottled. Thin cm- scale yellow color bands and small intervals with pyrite concretions are common throughout the core. ,CORE 36.5 - 46 MBSF
154,925,C,6,H,46,55.65,Pleistocene-Pliocene,"FORAMINIFER NANNOFOSSIL OOZE WITH CLAY and CLAYEY NANNOFOSSIL OOZE General Description: This core contains alternating beds of light gray (2.5Y 6/1) FORAMINIFER NANNOFOSSIL OOZE WITH CLAY and grayish brown (2.5Y 5/1) CLAYEY NANNOFOSSIL OOZE. In general, these beds are thinner than 30 cm below Section 3, 40 cm. The sediment is slightly bioturbated throughout. Black pyrite-filled burrows occur intermittently. Thin black pyrite layers occur in Section 1 at 95 and 137 cm. Thin yellow color bands with gradational contacts occur in Section 2 at 48-54 cm. The upper 70 cm of Section 1 is drilling disturbed with flow-in structures. ",CORE 46 - 55.65 MBSF
154,925,C,7,H,55.5,65.34,Pliocene,"NANNOFOSSIL OOZE WITH FORAMINIFERS AND CLAY General Description: This core consists of alternating, mostly thin (<40 cm) beds of gray (5Y 5/1) and light gray (2.5Y 7/1) NANNOFOSSIL OOZE WITH FORAMINIFERS AND CLAY. The sediment is slightly bioturbated and mottled. Black pyrite-filled burrows are common. Thin black pyrite layers accompanied by yellow color bands are present in Section 3 at 35-65 cm, Section 5 at 135 cm, and Section 6 at 20-40 and 85-95 cm. ",CORE 55.5 - 65.34 MBSF
154,925,C,8,H,65,74.69,Pliocene,"NANNOFOSSIL OOZE General Description: This core contains alternating beds of light gray (5Y 5/1) and gray (2.5Y 6/1) NANNOFOSSIL OOZE. The sediment is slightly bioturbated and mottled. Thin (1 cm) to thick (30 cm) black color bands with pyrite, partly accompanied by yellowish color bands, are present in Section 1 at 40-50, 84-87, and 140-145 cm, Section 2, 45-60 cm, Section 3, 30-60 and 115-120 cm, and Section 4, 56-58 and at 102-105 cm. ",CORE 65 - 74.69 MBSF
154,925,C,9,H,74.5,84.13,Pliocene,NANNOFOSSIL OOZE General Description: This core contains alternating beds of light gray (2.5Y 7/1) and gray (5Y 5/1) NANNOFOSSIL OOZE. The color contacts are very gradational. The sediment is slightly bioturbated. Black layers with disseminated pyrite and/or pyrite concretions are common throughout the core. ,CORE 74.5 - 84.13 MBSF
154,925,C,10,H,84,93.55,Pliocene,"FORAMINIFER NANNOFOSSIL OOZE WITH CLAY General Description: This core contains alternating beds of light gray (2.5Y 7/1) and gray (5Y 5/1) FORAMINIFER NANNOFOSSIL OOZE WITH CLAY. The color contacts are very gradational. The entire core is slightly bioturbated. Black layers with scattered pyrite are common. A stiff, black, pyritized band occurs in Section 3 at 15-127 cm, and has sharp bottom and top contacts. ",CORE 84 - 93.55 MBSF
154,925,C,11,H,93.5,102.75,Pliocene,"NANNOFOSSIL OOZE WITH CLAY AND FORAMINIFERS General Description: This core contains alternating beds of light gray (2.5Y 7/1) and gray (5Y 5/1) NANNOFOSSIL OOZE WITH CLAY AND FORAMINIFERS. In general, these beds are thinner than 40 cm below Section 2, 80 cm. The color contacts are very gradational. The sediment is slightly bioturbated. Thin, black layers with disseminated pyrite and/or with pyrite concretions are common. ",CORE 93.5 - 102.75 MBSF
154,925,C,12,H,103,112.56,Pliocene,"FORAMINIFER NANNOFOSSIL OOZE WITH CLAY General Description: This core contains light grayish brown (2.5Y6/1) FORAMINIFER NANNOFOSSIL OOZE WITH CLAY. The color varies only gradational within the chroma. The sediment is slightly bioturbated. Thin, black layers with disseminated pyrite and/or with pyrite concretions are common throughout the core. ",CORE 103 - 112.56 MBSF
154,925,C,13,H,112.5,121.46,Pliocene,"FORAMINIFER NANNOFOSSIL OOZE WITH CLAY and NANNOFOSSIL OOZE WITH CLAY AND FORAMINIFERS General Description: This core contains a nearly uniform light grayish brown (1OYR 6/1) FORAMINIFER NANNOFOSSIL OOZE WITH CLAY and NANNOFOSSIL OOZE WITH CLAY AND FORAMINIFERS. The color varies only gradational in one chroma. The sediment is slightly bioturbated. Thin, black layers with disseminated pyrite and/or with pyrite concretions are common throughout the core. ",CORE 112.5 - 121.46 MBSF
154,925,C,14,H,122,131.86,Pliocene,"NANNOFOSSIL OOZE WITH CLAY AND FORAMINIFERS and FORAMINIFER NANNOFOSSIL OOZE WITH CLAY General Description: This core contains alternating beds of light brownish gray (10YR 6/1) NANNOFOSSIL OOZE WITH CLAY AND FORAMINIFERS and light grayish brown (2.5Y 6/1) FORAMINIFER NANNOFOSSIL OOZE WITH CLAY. The color contacts are very gradational. The sediment is slightly bioturbated. Thin, black layers with disseminated pyrite and/or with pyrite concretions are common throughout the core. The uppermost part of Section 1 is moderately disturbed by flow-in due to coring. ",CORE 122 - 131.86 MBSF
154,925,C,15,H,131.5,140.95,Pliocene,"NANNOFOSSIL OOZE WITH CLAY AND FORAMINIFERS and NANNOFOSSIL OOZE WITH CLAY General Description: This core contains alternating beds of light grayish brown (2.5Y 6/1) NANNOFOSSIL OOZE WITH CLAY and light gray (5Y 7/1) NANNOFOSSIL OOZE WITH CLAY AND FORAMINIFERS. The color contacts are very gradational. The sediment is slightly bioturbated. Thin, black layers with disseminated pyrite and/or with pyrite concretions are common throughout the core. ",CORE 131.5 - 140.95 MBSF
154,925,C,16,H,141,151.01,Pliocene,"NANNOFOSSIL OOZE WITH CLAY AND FORAMINIFERS and CLAYEY NANNOFOSSIL OOZE General Description: This core contains alternating beds of light grayish brown (2.5Y 6/1) CLAYEY NANNOFOSSIL OOZE and light gray (5Y 7/1) NANNOFOSSIL OOZE WITH CLAY AND FORAMINIFERS. The color contacts are very gradational. The sediment is slightly bioturbated. Thin, black layers with disseminated pyrite and/or with pyrite concretions are common throughout the core. The upper part of Section 2 is disturbed (flow-in) due to coring. ",CORE 141 - 151.01 MBSF
154,925,C,17,H,150.5,160.09,late Miocene,"NANNOFOSSIL OOZE WITH CLAY AND FORAMINIFERS and CLAYEY NANNOFOSSIL OOZE General Description: This core contains alternating beds of light grayish brown (10YR 6/1) CLAYEY NANNOFOSSIL OOZE and Iightgray (10YR 7/1) NANNOFOSSIL OOZE WITH CLAY AND FORAMINIFERS. The color contacts are very gradational. The sediment is slightly bioturbated. Thin, black layers with disseminated pyrite and/or with pyrite concretions are common throughout the core. ",CORE 150.5 - 160.09 MBSF
154,925,C,18,H,160,169.94,late Miocene,"NANNOFOSSIL OOZE WITH CLAY AND FORAMINIFERS and NANNOFOSSIL OOZE WITH CLAY General Description: This core contains alternating beds of light grayish brown (2.5Y 6/2) NANNOFOSSIL OOZE WITH CLAY and light gray (2.5Y 7/2) NANNOFOSSIL OOZE WITH CLAY AND FORAMINIFERS. The color contacts are very gradational, except for one (erosional?) contact in Section 5, 130 cm. The sediment is slightly bioturbated. Thin, black layers with disseminated pyrite and/or with pyrite concretions are present in the core. In Section 3, 50-60 cm, biscuit-like structures indicate coring disturbance. ",CORE 160 - 169.94 MBSF
154,925,C,19,H,169.5,179.27,late Miocene,"NANNOFOSSIL OOZE WITH CLAY AND FORAMINIFERS and NANNOFOSSIL OOZE WITH CLAY General Description: This core contains alternating beds of light grayish brown (2.5Y 6/2) NANNOFOSSIL OOZE WITH CLAY and light gray (2.5Y 7/2) NANNOFOSSIL OOZE WITH CLAY AND FORAMINIFERS. The color contacts are very gradatio?al. The sediment is slightly bioturbated. Thin, black layers with disseminated pyrite and/or with pyrite concretions are present in the core. ",CORE 169.5 - 179.27 MBSF
154,925,C,20,H,179,188.89,late Miocene,"NANNOFOSSIL OOZE WITH CLAY General Description: This core contains alternating beds of light grayish brown (2.5Y 6/2) and light gray (2.5Y 7/2) NANNOFOSSIL OOZE WITH CLAY. The color contacts are very gradational. The sediment is slightly bioturbated. Thin, black layers with disseminated pyrite and/or with pyrite concretions are present in the core. The uppermost part of Section 1 is very disturbed due to drilling. ",CORE 179 - 188.89 MBSF
154,925,C,21,H,188.5,198.6,late Miocene,"NANNOFOSSIL OOZE WITH CLAY and CLAYEY NANNOFOSSIL OOZE General Description: This core contains alternating beds of light grayish brown (2.5Y 6/2) CLAYEY NANNOFOSSIL OOZE and light gray (2.5Y 7/2) NANNOFOSSIL OOZE WITH CLAY. The color contacts are very gradational, except for one sharp (erosional?) contact in Section 2, 35 cm. The sediment is slightly bioturbated. Thin, black layers with disseminated pyrite and/or with pyrite concretions are present in the core. The uppermost part of Section 1 is very disturbed due to drilling. ",CORE 188.5 - 198.6 MBSF
154,925,C,22,H,198,208.2,late Miocene,"NANNOFOSSIL OOZE WITH CLAY and CLAYEY NANNOFOSSIL OOZE General Description: This core contains alternating beds of light grayish brown (2.5Y 6/2) CLAYEY NANNOFOSSIL OOZE and light gray (2.5Y 7/2) NANNOFOSSIL OOZE WITH CLAY. The color contacts are very gradational. The sediment is slightly bioturbated. The uppermost part of Section 1 is very disturbed due to drilling. In Section 2, 20-40 and 65-85 cm, biscuit-like structures indicate coring disturbance. ",CORE 198 - 208.2 MBSF
154,925,C,23,H,207.5,217.62,late Miocene,"NANNOFOSSIL OOZE WITH FORAMINIFERS and NANNOFOSSIL OOZE WITH CLAY AND FORAMINIFERS General Description: This core contains alternating beds of light grayish brown (2.5Y 5/2, 6/2) NANNOFOSSIL OOZE WITH CLAY AND FORAMINIFERS and light greenish gray (5GY 7/1) NANNOFOSSIL OOZE WITH FORAMINIFERS. The sediment is slightly bioturbated. The whole core, except for the uppermost 40 cm, shows structures of intensive disturbance in different types. In Section 1, 46-49 cm, a void is present in the core. Microfaults (Section 1, 80 cm, Section 6,135 cm, Section 7, 32 cm), biscuits (Sections 3, 4, and CC), flow-ins (Section 1, 120-140 cm, Section 2, 0-60 cm), and folding (Section 6, 70-120 cm) indicate slumping (see also Hole 925D, Core 23H). ",CORE 207.5 - 217.62 MBSF
154,925,C,24,H,217,227.01,late Miocene,FORAMINIFER NANNOFOSSIL OOZE General Description: This core contains greenish gray (5GY 7/1) FORAMINIFER NANNOFOSSIL OOZE. There are thin beds (<20 cm) of grayish brown (7.5Y 7/1) FORAMINIFER NANNOFOSSIL OOZE WITH CLAY represented here by color bands. The entire core is slightly bioturbated and mottled with pyrite-filled burrows. Layers of disseminated pyrite are common. ,CORE 217 - 227.01 MBSF
154,925,C,25,H,226.5,236.69,late Miocene,FORAMINIFER NANNOFOSSIL OOZE General Description: This core consists of light gray (10Y 7/1) FORAMINIFER NANNOFOSSIL OOZE that is slightly bioturbated. Thin layers (<30 cm) of FORAMINIFER NANNOFOSSIL OOZE WITH CLAY are light brown (7.5YR 6/3) and are represented here as color bands. The color contacts are very gradational. ,CORE 226.5 - 236.69 MBSF
154,925,C,26,H,236,246.08,late Miocene,FORAMINIFER NANNOFOSSIL OOZE General Description: This core contains light gray (10Y 7/1) FORAMINIFER NANNOFOSSIL OOZE that is slightly bioturbated. Thin layers ( 10-40 cm) of FORAMINIFER NANNOFOSSIL OOZE WITH CLAY are light brown (10YR 6/3) and are represented here by color bands. Drilling disturbance has formed biscuits in a softer matrix. ,CORE 236 - 246.08 MBSF
154,925,C,27,H,245.5,255.62,late Miocene,"NANNOFOSSIL OOZE WITH FORAMINIFERS AND CLAY and FORAMINIFER NANNOFOSSIL OOZE WITH CLAY General Description: This core contains alternating beds of light gray (10Y7/1) NANNOFOSSIL OOZE WITH FORAMINIFERS AND CLAY and yellowish brown (5Y 6/2) FORAMINIFER NANNOFOSSIL OOZE WITH CLAY, that grades into light brown (10YR 6/3) thin layers of NANNOFOSSIL OOZE WITH CLAY AND FORAMINIFERS. These layers are represented here as color bands if they occur as individual bands with gradational color contacts. The entire core is slightly bioturbated. Drilling disturbance has formed biscuits in a softer matrix. ",CORE 245.5 - 255.62 MBSF
154,925,C,28,H,255,264.92,late Miocene,FORAMINIFER NANNOFOSSIL WITH CLAY General Description: This core contains light gray (5Y 7/2) and light gray to pale brown (1OYR 6/3) FORAMINIFER NANNOFOSSIL OOZE WITH CLAY. Individual thin beds (<30 cm) of pale brown NANNOFOSSIL OOZE WITH CLAY AND FORAMINIFERS have gradational contacts and are represented here by individual color bands. The entire core is slightly to moderately bioturbated. Minor to moderate drilling disturbance is indicated by sediment biscuits and dipping color contacts in Section 1. ,CORE 255 - 264.92 MBSF
154,925,C,29,H,264.5,274.62,middle Miocene,"FORAMINIFER NANNOFOSSIL CHALK WITH CLAY General Description: This core contains light gray (10Y 7/2) and light blue gray (7.5GY 7/1) FORAMINIFER NANNOFOSSIL CHALK WITH CLAY. Thin beds (<30 cm) of pale brown (10YR 6/3) NANNOFOSSIL CHALK WITH CLAY AND FORAMINIFERS have gradational color contacts and are represented here by individual color bands. Convolute bedding, contorted color bands (mm-scale), and scoured sharp color contacts provide evidence for sediment redeposition (turbidites?) in Section 6, at 60-140 cm (see also Hole 925B, Sections 154-925B-30H-2 and -3). Traces of Zoophycos above a scoured sharp contact at Section 6, 50 cm imply autochthon sediment deposition and separates at least two events of sediment redeposition. ",CORE 264.5 - 274.62 MBSF
154,925,C,30,H,274,284.11,middle Miocene,NANNOFOSSIL CHALK WITH CLAY AND FORAMINIFERS General Description: This core consist of light blue gray (7.5GY 7/1) NANNOFOSSIL CHALK WITH CLAY AND FORAMINIFERS and is moderately bioturbated. Thin beds (<30 cm) of pale brown (5Y 6/1) NANNOFOSSIL CHALK WITH FORAMINIFERS AND CLAY have gradational color contacts and are represented here by individual color bands. ,CORE 274 - 284.11 MBSF
154,925,C,31,H,283.5,293.56,middle Miocene,NANNOFOSSIL CHALK WITH CLAY AND FORAMINIFERS General Description: This core consist of light gray (7.5GY 7/1) NANNOFOSSIL CHALK WITH CLAY AND FORAMINIFERS. The sediment is moderately bioturbated and mottled and exhibits traces of Zoophycos. Thin beds (<30 cm) of dark gray (10GY 6/1) CLAYEY NANNOFOSSIL CHALK have gradational color contacts and are represented here by individual color bands. ,CORE 283.5 - 293.56 MBSF
154,925,C,32,H,293,303.01,middle Miocene,"FORAMINIFER NANNOFOSSIL CHALK WITH CLAY and CLAYEY NANNOFOSSIL CHALK General Description: This core contains alternating beds of light gray (7.5GY 7/1) FORAMINIFER NANNOFOSSIL CHALK WITH CLAY and darker gray (10GY 6/1) CLAYEY NANNOFOSSIL CHALK. Thin beds (<40 cm) of CLAYEY NANNOFOSSIL CHALK are represented by individual color bands. The entire core is moderately bioturbated. Faulted burrows are present in Section 4, and may result from drilling disturbance. Black bands with pyrite concretions and disseminated pyrite occur in Section 1. ",CORE 293 - 303.01 MBSF
154,925,C,33,H,302.5,312.48,middle Miocene,FORAMINIFERAL NANNOFOSSIL CHALK WITH CLAY General Description: This core contains a light greenish gray (7.5GY6/1) FORAMINIFER NANNOFOSSIL CHALK WITH CLAY. Thin beds (<40 cm) of NANNOFOSSIL CLAY WITH FORAMINIFERS are represented by individual purple color bands. The entire core is slightly bioturbated. Pyrite concretions and disseminated pyrite are present in the core. ,CORE 302.5 - 312.48 MBSF
154,925,C,34,H,312,321.99,middle Miocene,"FORAMINIFERAL NANNOFOSSIL CHALK WITH CLAY General Description: This core contains a light greenish gray (7.5GY 7/1) to light grayish green (10GY 7/1) FORAMINIFER NANNOFOSSIL CHALK WITH CLAY. Thin beds (<40 cm) of CLAYEY NANNOFOSSIL CHALK WITH FORAMINIFERS are represented by individual purple color bands. The entire core is slightly to moderately bioturbated and mottled with Zoophycos burrows. Biscuits are present in Section 2, 10-40 cm, and may result from drilling disturbance. ",CORE 312 - 321.99 MBSF
154,925,C,35,X,321.5,329.57,middle Miocene,NANNOFOSSIL CHALK WITH CLAY AND FORAMINIFERS General Description: This core contains a light greenish gray (7.5GY 7/1) to light grayish green (10GY 7/1) NANNOFOSSIL CHALK WITH CLAY AND FORAMINIFERS. Thin beds (<40 cm) of NANNOFOSSIL CHALK WITH CLAY are represented by individual purple color bands. The entire core is slightly to moderately bioturbated and mottled with Zoophycos burrows. ,CORE 321.5 - 329.57 MBSF
154,925,C,36,X,331.2,340.24,middle Miocene,"NANNOFOSSIL CHALK WITH CLAY General Description: This core contains a light greenish gray (7.5GY 7/1) to light grayish green (10GY 7/1) NANNOFOSSIL CHALK WITH CLAY. Thin purple color bands (<40 cm) are present in the core. The entire core is slightly bioturbated and mottled with Zoophycos burrows. Biscuits are present in in all sections, especially in Section 5, 100-150 cm, and may result from drilling disturbance. ",CORE 331.2 - 340.24 MBSF
154,925,C,37,X,340.8,350.21,middle Miocene,"NANNOFOSSIL CHALK WITH CLAY AND FORAMINIFERS General Description: This core contains a light greenish gray (7.5GY 7/1) to light grayish green (10GY 6/1) NANNOFOSSIL CHALK WITH CLAY AND FORAMINIFERS. Thin purple color bands (<40 cm) are present in the core. The entire core is slightly bioturbated and mottled with Zoophycos burrows. Disseminated pyrite is present in Section 4, 80-115 cm. Biscuits are present in all sections and may result from drilling disturbance. ",CORE 340.8 - 350.21 MBSF
154,925,C,38,X,350.4,360.28,middle Miocene,NANNOFOSSIL CHALK WITH FORAMINIFERS AND CLAY General Description: This core contains a light greenish gray (7.5GY 7/1) to light grayish green (10GY 6/1) NANNOFOSSIL CHALK WITH CLAY AND FORAMINIFERS. Thin purple color bands (<40 cm) are present in the core. The entire core is slightly bioturbated and mottled with Zoophycos burrows. Biscuits are present in all sections and may result from drilling disturbance. ,CORE 350.4 - 360.28 MBSF
