Expedition/Leg,Site,Hole,Core Number,Core Type,Top depth cored (m),Bottom depth recovered (m),Age,Description,Core ID
154,929,C,1,H,3,12.83,Pleistocene,"NANNOFOSSIL CLAYEY MIXED SEDIMENT and CLAY WITH NANNOFOSSILS General Description: This core contains gray (10YR 6/2) CLAY WITH NANNOFOSSILS and gray (2.5Y 6/1) NANNOFOSSIL CLAYEY MIXED SEDIMENT WITH FORAMINIFERS. Fe oxide crusts occur in Section 3, 75 cm, at the base of a MIXED SEDIMENT layer. The contact between the two major lithologies is sharp. A turbidite of graded SANDY SILT WITH CLAY occurs in Section 2, 20-21 cm. The entire core is slightly bioturbated. Disseminated pyrite and Fe oxides occur throughout. Section 1 is very disturbed (soupy) due to the implosion of the liner. ",CORE 3 - 12.83 MBSF
154,929,C,2,H,12.5,21.99,Pleistocene,"NANNOFOSSIL CLAYEY MIXED SEDIMENT and CLAY WITH NANNOFOSSILS General Description: This core contains gray (2.5Y 6/1) CLAY WITH NANNOFOSSILS and gray (2.5Y 7/2) and NANNOFOSSIL CLAYEY MIXED SEDIMENT. Fe oxide crusts occur in Section 2, 16 cm, at the base of a MIXED SEDIMENT layer. The contact between the two major lithologies is sharp. A turbidite of graded SANDY SILT occurs at the Section 7/CC boundary. The entire core is slightly bioturbated. Disseminated pyrite and Fe oxides occur throughout. Section 1 is very disturbed (soupy) due to coring. From Section 3, 90 cm, to Section 4,150 cm, a vertical fracture offset is present. ",CORE 12.5 - 21.99 MBSF
154,929,C,3,H,22,31.76,Pleistocene,"NANNOFOSSIL CLAY General Description: This core contains gray (2.5Y 5/1) and light gray (2.5Y 6/1) and NANNOFOSSIL CLAY. The color contacts are gradational. The entire core is slightly bioturbated. Disseminated pyrite and Fe oxides occur throughout. A Fe oxide crust occurs in Section 2, 55 cm, at the transition of a dark to a light layer. Thin silty turbidites occur at Section 2, 87-110 cm, Section 3, 50-100 cm, and Section 6, 82 cm. They are represented as single laminae in the structure column. Section 1 is very disturbed (soupy) due to coring. ",CORE 22 - 31.76 MBSF
154,929,C,4,H,31.5,41.08,Pleistocene,NANNOFOSSIL CLAY and CLAY WITH NANNOFOSSILS AND FORAMINIFERS General Description: This core contains gray (10YR 6/1) CLAY WITH NANNOFOSSILS AND FORAMINIFERS and light gray (2.5Y 6/1) NANNOFOSSIL CLAY. The color contacts are gradational. The entire core is slightly bioturbated. Disseminated pyrite and Fe oxides occur throughout. Section 1 is very disturbed (soupy) due to coring. ,CORE 31.5 - 41.08 MBSF
154,929,C,5,H,41,50.78,Pleistocene,"NANNOFOSSIL CLAY WITH FORAMINIFERS and NANNOFOSSIL CLAY General Description: This core contains gray (5Y 6/1) NANNOFOSSIL CLAY WITH FORAMINIFERS and gray (2.5Y 5/1) NANNOFOSSIL CLAY in alternating beds with gradational contacts. A thin (10 cm) bed of NANNOFOSSIL CLAY occurs in Section 4,10-20 cm, and is represented by an individual thick color band symbol in the structure column. Fe sulfide nodules and disseminated Fe sulfides are common throughout the core. Faint Fe oxide- rich orange color bands occur in many sections. The entire core is slightly bioturbated and mottled. The upper 30 cm of the core contains drilling slough, and Sections 1-4 contain vertical cracks. ",CORE 41 - 50.78 MBSF
154,929,C,6,H,50.5,60.12,Pleistocene,"NANNOFOSSIL CLAYEY MIXED SEDIMENT WITH FORAMINIFERS and CLAY WITH NANNOFOSSILS General Description: This core contains light gray (5Y 7/1) NANNOFOSSIL CLAYEY MIXED SEDIMENT WITH FORAMINIFERS and gray (5Y 6/1) CLAY WITH NANNOFOSSILS in alternating beds with gradational contacts. Fe sulfide nodules and disseminated Fe suifides are common throughout the core. Faint Fe oxide-rich yellow color bands occur in many sections. The entire core is slightly bioturbated and mottled. The void in Section 5 from 30 to 58 cm is an artifact of drilling, and the sedimentation is continuous across the gap. ",CORE 50.5 - 60.12 MBSF
154,929,C,7,H,60,69.83,late Pliocene,NANNOFOSSIL CLAY and NANNOFOSSIL CLAYEY MIXED SEDIMENT WITH FORAMINIFERS General Description: This core contains light gray (5Y 7/1) NANNOFOSSIL CLAYEY MIXED SEDIMENT WITH FORAMINIFERS and gray (5Y 6/1) NANNOFOSSIL CLAY in alternating beds with gradational contacts. Fe sulfide nodules and disseminated Fe suifides are common throughout the core. Faint Fe oxide-rich yellow color bands occur in many sections. The entire core is slightly bioturbated and mottled. ,CORE 60 - 69.83 MBSF
154,929,C,8,H,69.5,79.04,late Pliocene,"CLAY and NANNOFOSSIL CLAY General Description: This core contains light gray (10YR 7/1) NANNOFOSSIL CLAY alternating with gray (1OYR 6/1) CLAY with gradational contacts. The core is slightly bioturbated throughout. Fe sulfide nodules and disseminated Fe sulfides are common throughout the core, and faint Fe oxide-rich yellow color bands occur in many sections. The upper 20 cm of the core are drilling disturbed with flow-in structures. ",CORE 69.5 - 79.04 MBSF
154,929,C,9,H,79,88.73,late Pliocene,"NANNOFOSSIL CLAYEY MIXED SEDIMENT WITH FORAMINIFERS and CLAY WITH NANNOFOSSILS General Description: This core contains light gray (10YR 7/1) NANNOFOSSIL CLAYEY MIXED SEDIMENT WITH FORAMINIFERS alternating with gray (1 OYR 6/1) CLAY WITH NANNOFOSSILS with gradational contacts. The core is slightly bioturbated throughout. Fe sulfide nodules and disseminated Fe sulfides are common throughout the core, and faint Fe oxide-rich yellow color bands occur in many sections. Section 1, 0-90 cm, and Section 5, 135-150 cm, are drilling disturbed with flow-in structures. ",CORE 79 - 88.73 MBSF
154,929,C,10,H,88.5,98.13,early Pliocene,"CLAY WITH NANNOFOSSILS and CLAYEY NANNOFOSSIL OOZE WITH FORAMINIFERS General Description: This core contains light gray (1OYR 7/1) CLAYEY NANNOFOSSIL OOZE WITH FORAMINIFERS alternating with gray (10YR 6/1) CLAY WITH NANNOFOSSILS with gradational contacts. The core is slightly bioturbated throughout. Fe sulfide nodules and disseminated Fe sulfides are common throughout the core, and faint Fe oxide-rich yellow color bands occur in many sections. The top 40 cm is disturbed with flow-in structures. ",CORE 88.5 - 98.13 MBSF
154,929,C,11,H,98,107.79,early Pliocene,"NANNOFOSSIL CLAY and CLAYEY NANNOFOSSIL OOZE WITH FORAMINIFERS General Description: This core contains gray (10YR 6/1) NANNOFOSSIL CLAY and light gray (10YR 7/1) CLAYEY NANNOFOSSIL OOZE WITH FORAMINIFERS in alternating beds with very gradationai contacts. The entire core is slightly bioturbated and mottled. Fe sulfide nodules and disseminated Fe sulfide are common throughout the core, and thin yellow Fe oxide-rich color bands occur in several sections. The uppermost 5 cm of the core shows slight stretching from drilling. ",CORE 98 - 107.79 MBSF
154,929,C,12,H,107.5,117.02,early Pliocene,"NANNOFOSSIL CLAY WITH FORAMINIFERS and CLAY WITH NANNOFOSSILS General Description: This core contains light gray (10YR 7/1) NANNOFOSSIL CLAY WITH FORAMINIFERS alternating with gray (10YR 6/1) CLAY WITH NANNOFOSSILS. All contacts are gradational. The entire core is slightly bioturbated and mottled. Nodular and disseminated Fe sulfide are common throughout the core, and thin yellow Fe oxide-rich color bands occur in several sections. Section 1, 0-70 cm, s very disturbed. Slight drilling disturbance occurs in Section 2, 55-110 cm, and Section 6,125-135 cm. ",CORE 107.5 - 117.02 MBSF
154,929,C,13,H,117,126.87,early Pliocene,"CLAYEY NANNOFOSSIL OOZE WITH FORAMINIFERS and NANNOFOSSIL CLAY General Description: This core contains light gray (2.5Y 7/2) CLAYEY NANNOFOSSIL OOZE WITH FORAMINIFERS alternating with gray (10YR 6/2) NANNOFOSSIL CLAY. About 1% silt-size quartz is present in the OOZE. The entire core is slightly bioturbated. Horizons with disseminated pyrite and yellow-brown Fe oxide bearing thin color bands are present in several sections of the core. Sections 2 through 5 are marked by a transition to thin layer color banding of the two main lithologies. The lithology is represented by the parallel laminae symbol through this interval. A thin layer of FORAMINIFER SAND occurs in Section 2,120-125 cm, which is distorted by differential friction due to coring. The uppermost part of the core is moderately disturbed (slough) by drilling. The wavy and offset bedding in Sections 2 through 5 appears to be due to coring disturbance. ",CORE 117 - 126.87 MBSF
154,929,C,14,X,126.5,126.83,late Miocene,NANNOFOSSIL CLAY General Description: This core contains gray (10YR 6/2) NANNOFOSSIL CLAY. The core is slightly bioturbated. The age of this short core is late Miocene,CORE 126.5 - 126.83 MBSF
154,929,C,15,X,136.1,146.06,late Miocene,"CLAYEY NANNOFOSSIL MIXED SEDIMENT WITH FORAMINIFERS and NANNOFOSSIL CLAY General Description: This core contains light gray (2.5Y 7/2) CLAYEY NANNOFOSSIL MIXED SEDIMENT WITH FORAMINIFERS alternating with gray (10YR 6/3) NANNOFOSSIL CLAY. The entire core is slightly bioturbated. Sections 1, 3, and 4 are marked by a transition to thin layer color banding (cm to mm scale) of the two main lithologies. The lithology is represented by the parallel laminae symbol through this interval. A thin turbidite of FORAMINIFER SAND occurs from Section 3, 100 cm, to Section 4, 20 cm. ",CORE 136.1 - 146.06 MBSF
154,929,C,16,X,145.6,153.56,late Miocene,CLAYEY NANNOFOSSIL OOZE and NANNOFOSSIL CLAY General Description: This core contains light gray (2.5Y 7/2) CLAYEY NANNOFOSSIL OOZE and gray (10YR 6/2) NANNOFOSSIL CLAY. About 1 % silt-size quartz is present in the OOZE. The entire core is slightly bioturbated. The CLAYEY NANNOFOSSIL OOZE in Sections 1 through 5 is very uniform. The contacts between the two lithologies are sharp. ,CORE 145.6 - 153.56 MBSF
