Expedition/Leg,Site,Hole,Core Number,Core Type,Top depth cored (m),Bottom depth recovered (m),Age,Description,Core ID
135,838,B,1,W,0,3.18,NA,WASH CORE,CORE 0 - 3.18 MBSF
135,838,B,2,R,144,144.01,NA,Entire core was given to paleontologists.,CORE 144 - 144.01 MBSF
135,838,B,3,R,153.7,153.7,NA,NO RECOVERY,CORE 153.7 - 153.7 MBSF
135,838,B,4,R,163.2,163.26,NA,135-838B-4R-1 APHYRIC BASALT,CORE 163.2 - 163.26 MBSF
135,838,B,5,R,172.7,172.7,NA,NO RECOVERY,CORE 172.7 - 172.7 MBSF
135,838,B,6,R,182.4,182.4,NA,NO RECOVERY,CORE 182.4 - 182.4 MBSF
135,838,B,7,R,192.1,192.1,NA,NO RECOVERY,CORE 192.1 - 192.1 MBSF
135,838,B,8,R,201.3,201.3,NA,NO RECOVERY,CORE 201.3 - 201.3 MBSF
135,838,B,9,R,210.9,211.18,NA,"VITRIC CLAYEY SILTSTONE Major lithology: VITRIC CLAYEY SILTSTONE, light olive gray (5Y 6/2), structureless. Minor lithology: None. ",CORE 210.9 - 211.18 MBSF
135,838,B,10,R,220.6,220.65,NA,"VITRIC CLAYEY SILTSTONE Major lithology: VITRIC CLAYEY SILTSTONE, olive (5Y 4/4), thinly laminated with alternating dark- and light-colored banding. Minor lithology: None. ",CORE 220.6 - 220.65 MBSF
135,838,B,11,R,230.2,230.65,NA,"VITRIC CLAYEY SILTSTONE Major lithology: VITRIC CLAYEY SILTSTONE, olive gray (5Y 4/2), with subangular igneous Iithic fragments and rounded intraclasts. The sediment is strongly mottled throughout due to bioturbation. Light-colored (calcareous) and dark-colored (clay-silt-rich) mottling occurs. ",CORE 230.2 - 230.65 MBSF
135,838,B,12,R,239.9,240.15,NA,"VITRIC CLAYEY SILTSTONE Major lithology: VITRIC CLAYEY SILTSTONE, greenish gray (5GY 6/1), locally calcareous and extensively bioturbated. Calcareous material occurs within burrows. Minor lithology: None. ",CORE 239.9 - 240.15 MBSF
135,838,B,13,R,249.5,249.98,NA,"VITRIC CLAYEY SILTSTONE Major lithology: VITRIC CLAYEY SILTSTONE, greenish gray (5GY 6/1), highly bioturbated and locally foram-bearing, with local planar lamination and load dasts. Minor lithology: None. ",CORE 249.5 - 249.98 MBSF
