Expedition.Leg,Site_Number,Hole,Core_Number,Core_Type,Core_Top_MBSF,Core_Bottom_MBSF,Age,Description,Core_ID
172,1057,B,1,H,0,3.69,Holocene to middle Pleistocene," CLAY WITH NANNOFOSSILS General Description: This core contains brownish gray (5YR 4/1) CLAY WITH NANNOFOSSILS. The dominant lithology contains variable amounts of clay, nannofossils, and silt, ranging from a SILTY CLAY WITH NANNOFOSSILS in Section 1 to a CLAY in Section 4. The entire core is marked by abundant, small (<1 cm), partially concreted relict diagenetic fronts, especially in Section 2. Some distinct silty layers of similar thickness are also present. Shell fragments are disseminated throughout the core.",CORE  0 - 3.69  MBSF
172,1057,B,2,H,3.7,13.51,Holocene to middle Pleistocene," CLAY WITH NANNOFOSSILS General Description: This core contains light (5GY 8/1) to dark greenish gray (5GY 4/1) CLAY WITH NANNOFOSSILS. Small amounts of CLAY WITH SILT and SILTY CLAY are also present. The dominant lithology contains many thin (1-3 cm) relict oxic-anoxic boundaries which are often partially concreted. A coarse interval is present in Section 2, with a scoured basal contact containing abundant carbonate shell fragments. The relative abundance of nannofossils is variable, ranging from a CLAY WITH NANNOFOSSILS to a NANNOFOSSIL OOZE. Clay-filled burrows and pteropod fragments are common throughout the core. Section 3 contains nine distinct, greenish gray, and partially concreted diagenetic intervals about 1 cm thick.",CORE  3.7 - 13.51  MBSF
172,1057,B,3,H,13.2,23.07,Holocene to middle Pleistocene," NANNOFOSSIL CLAY and CLAY WITH NANNOFOSSILS General Description: This core contains light greenish gray (5GY 8/1) NANNOFOSSIL CLAY to greenish gray (5GY 6/1) CLAY WITH NANNOFOSSILS, CLAY WITH NANNOFOSSILS, and NANNOFOSSIL OOZE. Intervals with higher nannofossil silt content are present in Sections 5 and 6. Most lithotypes are separated by quite sharp contacts. Sections 1 to 3 are characterized by abundant, thin (1-4 cm) relict oxic-anoxic boundaries. Shell fragments are commonly present in the core. Section 5 contains a shell fragment-rich SILT bed with a scoured basal contact.",CORE  13.2 - 23.07  MBSF
172,1057,B,4,H,22.7,32.65,Holocene to middle Pleistocene," NANNOFOSSIL CLAY and NANNOFOSSIL-CLAY MIXED SEDIMENT General Description: This core contains variable lithologies ranging from medium light greenish gray (5GY 7/1) CLAY WITH NANNOFOSSILS to light greenish gray (5GY 8/1) NANNOFOSSIL OOZE. Variable amounts of silt, highest in the CLAY WITH NANNOFOSSILS AND SILT of Section 1, are also present. Bioturbation is intense in the lighter colored, nannofossil-rich intervals. Sparse, partially concreted relict diagenetic fronts are still present, especially in Section 5.",CORE  22.7 - 32.65  MBSF
172,1057,B,5,H,32.2,42.2,Holocene to middle Pleistocene," NANNOFOSSIL-CLAY MIXED SEDIMENT and CLAY WITH NANNOFOSSILS General Description: This core contains light (5GY 8/1) to greenish gray (5GY 6/1) NANNOFOSSIL-CLAY MIXED SEDIMENT and dark greenish gray (5GY 4/1) CLAY WITH NANNOFOSSILS. The dominant lithology contains variable amounts of clay and nannofossils with sharp and sometimes bioturbated contacts (especially in Section 3 and 4) between lithologies. Sections 1 and 2 are marked by abundant, thin (1-3 cm), and partially concreted relict diagenetic fronts. Pyrite concretions are fairly common.",CORE  32.2 - 42.2  MBSF
172,1057,B,6,H,41.7,51.75,Holocene to middle Pleistocene, CLAY WITH NANNOFOSSILS and NANNOFOSSIL-CLAY MIXED SEDIMENT General Description: This core contains greenish gray (5GY 6/1) CLAY WITH NANNOFOSSILS and greenish gray NANNOFOSSIL-CLAY MIXED SEDIMENT. The relative abundance of nannofossils increases in Section 4 with sharp contacts between lithologies. All contacts in Section 7 are irregular due to moderate to severe bioturbation. Color laminae and mottles are common in the lower sections.,CORE  41.7 - 51.75  MBSF
172,1057,B,7,H,51.2,61.36,Holocene to middle Pleistocene," CLAY WITH NANNOFOSSILS General Description: This core contains a light greenish gray (5G 8/1) to dark greenish gray (10Y 5/2) CLAY WITH NANNOFOSSILS. The dominant lithology is interbedded with a CLAYEY NANNOFOSSIL OOZE bed (28 cm) in Section 7. The sediment is generally homogeneous, massive, and structureless. Gas expansion disturbance and related sediment fractures are common throughout the core in sharp contrast with the overlying cores. In Section 5, moderate greenish gray and pale red laminae prevalent.",CORE  51.2 - 61.36  MBSF
172,1057,B,8,H,60.7,70.91,Holocene to middle Pleistocene, CLAY WITH NANNOFOSSILS AND SILT and NANNOFOSSIL CLAY General Description: This core contains light (5G 8/1) to dark (5G 4/1) greenish gray CLAY WITH NANNOFOSSILS AND SILT interbedded with SILTY CLAY WITH NANNOFOSSILS and a NANNOFOSSIL CLAY in Section 5. From the middle of Section 6 to Section 8 NANNOFOSSIL CLAY is the dominant sediment type. Lithologic variations are commonly associated with gradational changes in grain size. The dominant lithology is generally massive and structureless throughout the core with disseminated pyrite concretions.,CORE  60.7 - 70.91  MBSF
172,1057,B,9,H,70.2,80.84,Holocene to middle Pleistocene," CLAY WITH NANNOFOSSILS General Description: This core mainly contains CLAY WITH NANNOFOSSILS in different shades of greenish gray (5GY 6/1). The abundance of biogenic and siliciclastic components varies throughout the core, ranging from a NANNOFOSSIL-CLAY MIXED SEDIMENT in Section 6 to the dominant CLAY WITH NANNOFOSSILS. The sediment is generally structureless and massive with disseminated pyrite. Gas expansion is common throughout the upper 3 sections.",CORE  70.2 - 80.84  MBSF
172,1057,B,10,H,79.7,89.98,early Pleistocene," CLAY WITH SILT AND NANNOFOSSILS General Description: This core contains greenish gray (5GY 6/1) CLAY WITH SILT AND NANNOFOSSILS. The dominant lithology is generally massive and structureless with rare grain size variations. Mottled colors are present in Sections 1 to 3, and several sharp color changes are present throughout the core. Beds inclined at different angles in Section 4 and the heavy iron sulfide staining in the underlying sections, also showing occasional dipping patterns, suggest slumping of this core interval. In Section 4 a thin (~1 mm) coarse bed with light gray (N3) SILT is present.",CORE  79.7 - 89.98  MBSF
172,1057,B,11,H,89.2,99.19,early Pleistocene," CLAY WITH SILT AND NANNOFOSSILS General Description: This core contains light (5GY 8/1) to dark greenish gray (5GY 4/1) CLAY WITH SILT AND NANNOFOSSILS. Thin (1-2 cm) color laminae are abundant in Sections 1 to 3. In Section 3, a medium-sized (7 cm) bed of greenish gray (5GY 6/1) SILT is present with a sharp basal and gradational upper contacts. The dominant lithology is generally massive and structureless with disseminated pyrite.",CORE  89.2 - 99.19  MBSF
172,1057,B,12,H,98.7,108.76,early Pleistocene," CLAY WITH SILT General Description: This core contains greenish gray (5GY 6/1) CLAY WITH SILT. The dominant lithology generally is massive and structureless with disseminated pyrite and color mottles. Several burrows throughout the core contain calcite-cemented biogenic silica spicules. In Section 4, a small (5 cm) bed of interbedded SILT and CLAY laminae is present. The basal contact is scoured with a coarser silt lamina, and the upper contact is gradational.",CORE  98.7 - 108.76  MBSF
172,1057,B,13,H,108.2,118.32,early Pleistocene, CLAY WITH NANNOFOSSILS AND SILT General Description: This core contains light olive gray (5Y 6/1) to greenish gray (5GY 6/1) CLAY WITH NANNOFOSSILS AND SILT. Color mottling is present throughout the core due to moderate to severe bioturbation. The dominant lithology is generally massive and structureless with disseminated pyrite concretions and sparse shell fragments. Gas expansion and related sediment fracturing is remarkably low if compared to cores above and below. In Section 5 there are several interbedded brownish gray (5YR 4/1) SILT and CLAY laminae with gradational upper and basal contacts.,CORE  108.2 - 118.32  MBSF
172,1057,B,14,H,117.7,127.84,early Pleistocene," CLAY WITH SILT and SILTY CLAY General Description: This core contains light olive gray (5Y 6/1) CLAY WITH SILT and dark greenish gray (10Y 4/1) SILTY CLAY. In Section 1, the CLAY WITH SILT is interbedded with a CLAY WITH SILT AND NANNOFOSSILS with sharp contacts between lithologies. Sections 6 to 8 are dominated by greenish gray (10Y 6/1) SILTY CLAY. Burrows filled with calcite-cemented spicules are common throughout the core. Gas expansion is particularly pronounced in Sections 1 and 2. In Section 3, several pale red (10R 6/2) and greenish gray (5GY 6/1) color laminae are present. In Section 6, a small (1 cm) coarse interval is present due to Chondrites bioturbation.",CORE  117.7 - 127.84  MBSF
172,1057,B,15,H,127.2,137.31,early Pleistocene," CLAY WITH SILT AND NANNOFOSSILS General Description: This core contains light greenish gray (5GY 8/1) to greenish gray (5GY 6/1) CLAY WITH SILT AND NANNOFOSSILS, and SILTY CLAY. The dominant lithology is markedly massive, structureless, and homogeneous. Several burrow-fills contain calcite-cemented spicules of biogenic silica. Pyrite is disseminated throughout the core. In Section 4 there are several greenish gray (5GY 6/1) and brownish gray (5YR 4/1) color laminae present.",CORE  127.2 - 137.31  MBSF
