Expedition.Leg,Site_Number,Hole,Core_Number,Core_Type,Core_Top_MBSF,Core_Bottom_MBSF,Age,Description,Core_ID
172,1057,C,1,H,0,7.08,Holocene to middle Pleistocene," CLAY WITH NANNOFOSSILS General Description: This core contains olive gray (5Y 4/1) CLAY WITH NANNOFOSSILS. Section 1 consists of yellowish brown (10YR 5/4) SILTY NANNOFOSSIL CLAY interbedded with CLAY WITH NANNOFOSSILS. The dominant lithology is marked by abundant dark greenish gray (10Y 4/1), thin (1-2 cm), and partially concreted relict diagenetic fronts. Pyrite is disseminated throughout the core. In Section 2 there are 18 relict diagenetic fronts concreted to different extents. Section 5, 61-67 cm: Very fine (<1 mm) SILT laminae alternating with a well-sorted clay.",CORE  0 - 7.08  MBSF
172,1057,C,2,H,7,16.77,Holocene to middle Pleistocene," NANNOFOSSIL CLAY, CLAY WITH NANNOFOSSILS, and NANNOFOSSIL OOZE WITH CLAY General Description: This core contains olive gray (5Y 4/1) NANNOFOSSIL CLAY and light brownish gray (5YR 6/1) CLAY WITH NANNOFOSSILS. In Sections 5-6 the dominant lithologies are interbedded with a light greenish gray (5GY 8/1) NANNOFOSSIL OOZE WITH CLAY. All contacts between lithologies are gradational. Dark greenish gray (10Y 5/1) to bluish gray (5B 5/1) color laminae of diagenetic origin are common throughout the core.",CORE  7 - 16.77  MBSF
172,1057,C,3,H,16.5,26.41,Holocene to middle Pleistocene," NANNOFOSSIL-CLAY MIXED SEDIMENT General Description: This core contains light olive gray (5Y 6/1) NANNOFOSSIL-CLAY MIXED SEDIMENT. The dominant lithology contains variable amounts of clay and nannofossils throughout the core, ranging from a light greenish gray (5GY 8/1) NANNOFOSSIL OOZE WITH CLAY in Section 3 to the greenish gray (5GY 6/1) of the dominant lithology in Sections 4 to 8. Several thin brownish gray (5YR 4/1) SILTY CLAY beds with shell fragments, sharp basal contacts, and gradational upper contacts are present throughout the core. In Sections 6 there are several thin (1 cm), dark greenish gray color laminae.",CORE  16.5 - 26.41  MBSF
172,1057,C,4,H,26,35.85,Holocene to middle Pleistocene," NANNOFOSSIL CLAY and CLAY WITH NANNOFOSSILS General Description: This core contains light olive gray (5Y 6/1) NANNOFOSSIL CLAY. Throughout the core the relative amounts of clay and nannofossils vary, ranging from a light greenish gray (5GY 8/1) NANNOFOSSIL OOZE WITH CLAY in Section 2 to a greenish gray (5GY 6/1) CLAY WITH NANNOFOSSILS in Sections 7 to 8. All contacts between lithologies are gradational. In Section 6 several coarse beds with sharp contacts are present, possibly resulting from bioturbation processes.",CORE  26 - 35.85  MBSF
172,1057,C,5,H,35.5,45.69,Holocene to middle Pleistocene," CLAY WITH NANNOFOSSILS AND SILT General Description: This core contains light greenish gray (5GY 8/1) to greenish gray (5GY 6/1) CLAY WITH NANNOFOSSILS AND SILT. In Sections 1 and 2 the dominant lithology is interbedded with a greenish gray (5GY 6/1) NANNOFOSSIL-CLAY MIXED SEDIMENT and a light greenish gray (5GY 8/1) NANNOFOSSIL OOZE WITH CLAY. Color mottling and lamination are common throughout the core. The dominant lithology is generally massive and structureless with few changes in grain size. Section 2, 62-150 cm: Color laminae very well defined.",CORE  35.5 - 45.69  MBSF
172,1057,C,6,H,45,55.26,Holocene to middle Pleistocene, CLAY WITH SILT AND NANNOFOSSILS General Description: This core mainly contains greenish gray (5GY 6/1) CLAY WITH SILT AND NANNOFOSSILS. Section 4 contains the only silty interval with sharp lower and gradational upper contacts. Bioturbation is generally moderate and pyritized burrows are fairly common. The first biogenic silica-filled burrow of Hole 1057C is observed in Section 1. ,CORE  45 - 55.26  MBSF
172,1057,C,7,H,54.5,64.62,Holocene to middle Pleistocene," CLAY WITH SILT AND NANNOFOSSILS General Description: This core contains greenish gray (5GY 6/1) and very homogeneous CLAY WITH SILT AND NANNOFOSSILS. In Sections 1 and 3 the mud has a faint tinge of red with light brown. Five coarsening intervals were observed, four of which had gradational contacts and included a mixture of clay, silt, and foraminifers. The fifth coarsening event in Section 4 has an erosional basal contact and consists of laminae of silt and clay. Bioturbation is generally moderate to common.",CORE  54.5 - 64.62  MBSF
172,1057,C,8,H,64,74.25,Holocene to middle Pleistocene," CLAY WITH SILT AND NANNOFOSSILS General Description: This core contains greenish gray (5GY 6/1) CLAY WITH SILT AND NANNOFOSSILS. The main accessory component in Section 6 is nannofossils and in Sections 7 and 8, silt. The sediment in Section 7 has a faint red coloration. A silty layer is present in Section 7 but further study is impossible because of disturbance related to gas expansion. Bioturbation is generally moderate but it is higher in Section 6. Iron sulfide replacement of burrow-fills is moderate.",CORE  64 - 74.25  MBSF
