Expedition.Leg,Site_Number,Hole,Core_Number,Core_Type,Core_Top_MBSF,Core_Bottom_MBSF,Age,Description,Core_ID
184,1145,B,1,H,0,6.51,late Pliocene to Holocene,"CLAY WITH RADIOLARIANS and CLAY The red brown oxidized layer from 0-15 cm in Section 1 is CLAY WITH RADIOLARIANS. This layer is bioturbated and has dark brown base and light brown top. A green gray CLAY, which contains foraminifers, nannofossils, and radiolarians fills the rest of the core. The upper 100 cm of the core is disturbed and soupy, but some structures are maintained.",CORE  0 - 6.51  MBSF
184,1145,B,2,H,6.6,14.85,late Pliocene to Holocene,CLAY The gray green CLAY contains foraminifers throughout the core and open worm holes are present from Sections 1 through 6. Darker green clay layers and patches are present in the entire core. Siliceous organisms are common in the sediment. Section 2: Split liner,CORE  6.6 - 14.85  MBSF
184,1145,B,3,H,16.1,25.84,late Pliocene to Holocene,"CLAY The gray green CLAY contains foraminifers throughout the core. Darker green clay layers and patches are present in the entire core. Siliceous organisms are common in the sediment. A slightly lighter interval is observed between Section 3, 105 cm and Section 6, 60 cm (boundaries are gradational). This interval is also characterized by common green layers and patches, it has higher content of foraminifers and stiffer clay (higher carbonate content?). Slightly darker intervals with gradational contacts in Section 5, 60-63 cm and Section 6, 33-37 cm contain an increased amount of pyrite and volcanic glass; it may have included volcanic ash layers, which were homogenized by bioturbation.",CORE  16.1 - 25.84  MBSF
184,1145,B,4,H,25.6,34.73,late Pliocene to Holocene,"CLAY The gray green CLAY is homogenous with few mottles and contains foraminifers throughout the core. We observe few pteropodes, benthic foraminifers (miliolids) and rare pyrite concretions. Green clay patches are rare.",CORE  25.6 - 34.73  MBSF
184,1145,B,5,H,35.1,44.85,late Pliocene to Holocene,"CLAY The intensely bioturbated gray green CLAY contains numerous foraminifers. There are several green clay layers but less than in Core 4H. VOLCANIC ASH layers are noted at Section 1, 145 cm, and at Section 6, 19 cm both in the form of disrupted layers and burrow fills. Apart from clay minerals, there is small fraction of quartz silt, nannofossils and siliceous organisms, principally radiolarians, diatoms and sponge spicules. Below Section 6, 80 cm the core is homogeneous.",CORE  35.1 - 44.85  MBSF
184,1145,B,6,H,44.6,54.14,late Pliocene to Holocene,"CLAY The intensely bioturbated gray green CLAY contains numerous foraminifers. There are several green clay layers. Apart from clay minerals there is small fraction of quartz silt, nannofossils and siliceous organisms, principally radiolarians, diatoms and sponge spicules. Volcanic ash is observed in burrows in Section 6 at 16 (gray), 86 (gray), and 130 (black) cm. Section 7: Imploded liner",CORE  44.6 - 54.14  MBSF
184,1145,B,7,H,54.1,63.95,late Pliocene to Holocene,"CLAY The intensely bioturbated gray green CLAY contains numerous foraminifers. There are several green clay layers. Apart from clay minerals there is small fraction of quartz silt, nannofossils and siliceous organisms, principally radiolarians, diatoms and sponge spicules.",CORE  54.1 - 63.95  MBSF
184,1145,B,8,H,63.6,72.56,late Pliocene to Holocene,"CLAY The intensely bioturbated gray green CLAY contains foraminifers including some benthics. There are several green clay layers in Sections 3 and 4 where the bioturbation intensity drops from abundant to common. Apart from clay minerals there is small fraction of quartz silt, nannofossils and siliceous organisms, principally sponge spicules, radiolarians and diatoms. A light gray ASH LAYER is noticed in Section 4.",CORE  63.6 - 72.56  MBSF
184,1145,B,9,H,73.1,83.05,late Pliocene to Holocene,"CLAY The intensely bioturbated gray green CLAY contains foraminifers. There are several green clay layers. Apart from clay minerals there is small fraction of quartz silt and nannofossils. Siliceous organisms, principally radiolarians, diatoms and sponge spicules, are present in Section 1 but are not observed from Section 3 to the end of the core.",CORE  73.1 - 83.05  MBSF
184,1145,B,10,H,82.6,92.05,late Pliocene to Holocene,"CLAY The intensely bioturbated gray green CLAY contains foraminifers. A benthic foraminifer was observed in Section 4, 55 cm. There are several green clay layers, patches, pyrite and burrows. Pyrite occurs in some of the burrows. Apart from clay minerals there is small fraction of quartz silt and nannofossils.",CORE  82.6 - 92.05  MBSF
184,1145,B,11,H,92.1,101.92,late Pliocene to Holocene,"CLAY The intensely bioturbated gray green CLAY contains foraminifers. A benthic foraminifer was observed in Section 6, 86 cm. A thin (~1 mm) layer of pyritized shell debris occurs at Section 2, 100 cm. There are several green clay layers, patches, pyrite and burrows. Pyrite occurs in some of the burrows. Apart from clay minerals there is small fraction of quartz silt and nannofossils.",CORE  92.1 - 101.92  MBSF
184,1145,B,12,H,101.6,110.68,late Pliocene to Holocene,"CLAY The intensely bioturbated gray green CLAY contains foraminifers. There are several green clay layers, patches, pyrite and burrows. Pyrite occurs in some of the burrows, and large pyrite layer/burrow occurs at Section 3, 50 cm. Apart from clay minerals there is small fraction of quartz silt and nannofossils.",CORE  101.6 - 110.68  MBSF
184,1145,B,13,H,111.1,121.09,late Pliocene to Holocene,"CLAY The core consists mainly of structureless, intensely bioturbated greenish gray CLAY. Two elongated pyritized burrows are observed. There is large number of faint green clay layers, but only two of any strength, both within the lower part of Section 3. The green layers appear to be concentrated in the lighter gray intervals and are less common in the darker sediment. The core is slightly mottled, with stronger patches noted at Section 3, 110-120 cm.",CORE  111.1 - 121.09  MBSF
184,1145,B,14,X,120.6,121.77,late Pliocene to Holocene,"CLAY This core comprises massive, structureless, light greenish gray CLAY. There are few indistinct green clay layers developed within the background hemipelagic material, but they are volumetrically small.",CORE  120.6 - 121.77  MBSF
184,1145,B,15,X,130.2,137.3,late Pliocene to Holocene,"CLAY The core consists mainly of structureless, intensely bioturbated greenish gray CLAY. A large elongated pyritized burrow is observed in Section 1 at 10-12 cm. The core is slightly mottled. Few faint greenish clay layers are observed in Sections 3-5 and in the Core Catcher.",CORE  130.2 - 137.3  MBSF
184,1145,B,16,X,139.8,149.4,late Pliocene to Holocene,"CLAY The core consists mainly of structureless, intensely bioturbated greenish gray CLAY. Pyritized burrows are observed. The core is slightly mottled. Many faint greenish clay layers are observed throughout. A clastic layer, composed of silt-sized material with sharp basal contact, is observed in Section 6, 94-99 cm. The base of this layer is composed of dark gray nodules, with an average diameter of about 2 cm.",CORE  139.8 - 149.4  MBSF
184,1145,B,17,X,149.5,157.41,late Pliocene to Holocene,"CLAY The core consists mainly of structureless, intensely bioturbated greenish gray CLAY. Pyritized burrows are observed. The core is slightly mottled. Faint greenish clay layers are observed throughout. Small (1-3 mm in diameter) pockets filled with planktonic foraminifers occur in Section 2, 0-45 cm.",CORE  149.5 - 157.41  MBSF
184,1145,B,18,X,158.7,168.58,late Pliocene to Holocene,"CLAY The core consists mainly of structureless, intensely bioturbated greenish gray CLAY. Pyritized burrows are observed. The core is slightly mottled. Faint greenish clay layers are observed throughout. Minor lithologies include light gray CLAY WITH NANNOFOSSILS in Section 2, 10-65 cm, in Section 3, 10-90 cm and in Section 5, 20-60 cm. A distinct graded 5-cm-thick foraminifer ooze turbidite is observed from Section 7, 49 cm to the Core Catcher, 2 cm.",CORE  158.7 - 168.58  MBSF
184,1145,B,19,X,168.3,178.1,late Pliocene to Holocene,"CLAY The core consists mainly of structureless, intensely bioturbated greenish gray CLAY. Pyritized burrows are observed. The core is slightly mottled. Few faint greenish clay layers are observed throughout. Minor lithologies include light gray CLAY WITH NANNOFOSSILS interval in Section 4, 17-50 cm.",CORE  168.3 - 178.1  MBSF
184,1145,B,21,X,187.6,196.81,late Pliocene to Holocene,"CLAY The core consists mainly of structureless, intensely bioturbated light greenish gray CLAY. The core is slightly mottled. Few dark gray layers are observed, which are presumed to be low concentrations of ""iron sulfide"". Light green indistinct clay layers, 2-3 cm thick are noted in sparse locations along the core. Small pockets, 2-3 mm across, filled with light colored quartz silt are observed, but constitute an insignificant volume of the total sediment.",CORE  187.6 - 196.81  MBSF
184,1145,B,22,X,197.2,201.95,late Pliocene to Holocene,"CLAY The core consists of structureless, intensely bioturbated light greenish gray CLAY. The core is slightly mottled. Foraminifers are rare throughout. At Section 3, 65 cm, horizontal fracture, cutting the diameter of the section, is observed and it is possibly related to loss of less indurated sediment during coring.",CORE  197.2 - 201.95  MBSF
