Expedition/Leg,Site,Hole,Core Number,Core Type,Top depth cored (m),Bottom depth recovered (m),Age,Description,Core ID
143,865,C,1,H,0,3.32,Quaternary,"NANNOFOSSIL FORAMINIFER OOZE Major Lithology: NANNOFOSSIL FORAMINIFER OOZE, mottled white (10YR 8/2) with burrows (1-2 cm) and gray patches (10YR 7/1) and disseminated manganese micronodules (0.1 mm). Most of the foraminifers are crushed. ",CORE 0 - 3.32 MBSF
143,865,C,2,H,3.3,11.03,early Miocene,"NANNOFOSSIL FORAMINIFER OOZE Major Lithology: NANNOFOSSIL FORAMINIFER OOZE, white (10YR 7/2 to 10YR 8/2), with occasional white mottles; disseminated manganese-iron micronodules (0.1-2 mm) concentrated in Section 2, 90-95cm ",CORE 3.3 - 11.03 MBSF
143,865,C,3,H,12.8,21.18,late Eocene-early Oligocene,"FORAMINIFER NANNOFOSSIL OOZE Major Lithology: FORAMINIFER NANNOFOSSIL OOZE, white (10YR 8/2), with white (N9) burrow mottles and manganese-iron micronodules throughout but concentrated around burrows. ",CORE 12.8 - 21.18 MBSF
143,865,C,4,H,22.3,30.8,middle Eocene,"FORAMINIFER NANNOFOSSIL OOZE Major Lithology: FORAMINIFER NANNOFOSSIL OOZE, white (10YR 8/2), with white (N9) mottles which are round-oblong in Section 6 and some gray (10YR 7/1) patches inside and outside the structures. ",CORE 22.3 - 30.8 MBSF
143,865,C,5,H,31.8,40.68,middle Eocene,"FORAMINIFER NANNOFOSSIL OOZE Major Lithology: White (10YR 8/2) FORAMINIFER NANNOFOSSIL OOZE, with white (N9) burrow mottles of nannofossil ooze. ",CORE 31.8 - 40.68 MBSF
143,865,C,6,H,41.3,44.55,middle Eocene,"FORAMINIFER NANNOFOSSIL OOZE Major Lithology: FORAMINIFER NANNOFOSSIL OOZE, white (10YR 8/2), burrowed, white infillings with dark organic linings around burrows (circular, 3 cm diameter). ",CORE 41.3 - 44.55 MBSF
143,865,C,7,H,50.8,59.47,middle Eocene,"FORAMINIFER NANNOFOSSIL OOZE Major Lithology: FORAMINIFER NANNOFOSSIL OOZE, white (10YR 8/2) to light gray (10YR 7/2), burrow mottles of whiter (N9) nannofossil ooze with dark organic linings throughout. ",CORE 50.8 - 59.47 MBSF
143,865,C,8,H,60.3,68.96,middle Eocene,"FORAMINIFER NANNOFOSSIL OOZE Major Lithology: FORAMINIFER NANNOFOSSIL OOZE, white (10YR 8/2), with burrows infilled with white (N9) nannofossil ooze, up to 5 cm in diameter in cutting surface. Gray (10YR 6/1) specks less than 1 cm in some of the white mottles. ",CORE 60.3 - 68.96 MBSF
143,865,C,9,H,69.8,78.89,early Eocene,"FORAMINIFER NANNOFOSSIL OOZE Major Lithology: White (10YR 8/2 to 10YR 7/2), FORAMINIFER NANNOFOSSIL OOZE, slight to moderate bioturbation throughout, burrow mottles of white (N9) nannofossil ooze. Small (< 1 cm in cutting section) gray (10YR 7/1 to 10YR 6/1) patches scattered throughout the core. ",CORE 69.8 - 78.89 MBSF
143,865,C,10,H,79.3,87.45,early Eocene,"FORAMINIFER NANNOFOSSIL OOZE Major Lithology: FORAMINIFER NANNOFOSSIL OOZE, white (10YR 8/2), burrowed throughout, white (N9) infillings of nannofossil ooze. ",CORE 79.3 - 87.45 MBSF
143,865,C,11,H,88.8,97.34,late Paleocene-early Eocene,"FORAMINIFER NANNOFOSSIL OOZE Major Lithology: FORAMINIFER NANNOFOSSIL OOZE, white (10YR 8/2), with occasional white (N9) mottles. Sections 2 and 4 have some partially lithified nodules. ",CORE 88.8 - 97.34 MBSF
143,865,C,12,H,98.3,106.84,late Paleocene,"FORAMINIFER NANNOFOSSIL OOZE Major Lithology: FORAMINIFER NANNOFOSSIL OOZE, white (10YR 8/2). Sections 1, base of 3 and all of 4 have occasional white mottles. Sections 2 and most of 3 sandier in texture and more foraminifer rich. ",CORE 98.3 - 106.84 MBSF
143,865,C,13,H,107.8,116.64,late Paleocene,"FORAMINFER NANNOFOSSIL OOZE Major Lithology: FORAMINFER NANNOFOSSIL OOZE, white (10YR 8/2), with occasional more lithified lumps and some mottled burrows towards base of Section 3. ",CORE 107.8 - 116.64 MBSF
143,865,C,14,H,117.3,121.73,late Paleocene,"FORAMINIFER NANNOFOSSIL OOZE Major Lithology: FORAMINIFER NANNOFOSSIL OOZE, white (10YR 8/2) with white burrow mottles (1-2 cm diameter) locally with gray (10YR 7/1) edges. ",CORE 117.3 - 121.73 MBSF
143,865,C,15,H,126.8,135.53,late Paleocene,"FORAMINIFER NANNOFOSSIL OOZE Major Lithology: FORAMINIFER NANNOFOSSIL OOZE, white (10YR 8/2) with white (N9) burrow mottles and slightly cemented nodules and layers marking the start of lithification. ",CORE 126.8 - 135.53 MBSF
