Expedition/Leg,Site,Hole,Core Number,Core Type,Top depth cored (m),Bottom depth recovered (m),Age,Description,Core ID
143,865,A,1,R,0,5.69,Quaternary,"FORAMINIFER OOZE and FORAMINIFER NANNOFOSSIL OOZE Major Lithologies: Sections 1 and 2 are FORAMINIFER OOZE, very sandy, tan (10YR 7/3), soupy fabric . Sections 3 and 4 are FORAMINIFER NANNOFOSSIL OOZE, tan (10YR 7/3), soupy fabric. Small black specks suspected to be manganese micronodules occur throughout Sections 3 and 4. ",CORE 0 - 5.69 MBSF
143,865,A,2,R,5.7,11.25,early Oligocene-early Miocene,"NANNOFOSSIL FORAMINIFER OOZE and FORAMINIFER NANNOFOSSIL OOZE Major Lithologies: Light yellow brown (10YR 7/2) NANNOFOSSIL FORAMINIFER OOZE from Section 1 to Section 3, 34 cm. Soupy fabric, no structures. Small black specks occur throughout, suspected to be manganese micronodules. These are particularly abundant just above the transition to FORAMINIFER NANNOFOSSIL OOZE in Section 3, 34 cm. White (5Y 8/1) FORAMINIFER NANNOFOSSIL OOZE from Section 3, 34 cm, to CC. Slightly to moderately bioturbated. Burrows are filled with lighter colored ooze. ",CORE 5.7 - 11.25 MBSF
143,865,A,3,R,14.7,16.75,late Eocene,"FORAMINIFER NANNOFOSSIL OOZE Major Lithology: Burrow-mottled FORAMINIFER NANNOFOSSIL OOZE, white (10YR 8/1 to 10YR 8/2). The interior of the mottles is lighter in color. The ooze is quite grainy, indicating the abundance of foraminifers. ",CORE 14.7 - 16.75 MBSF
143,865,A,4,R,24.2,28.43,middle Eocene,"FORAMINIFERAL NANNOFOSSIL OOZE Major Lithology: FORAMINIFER NANNOFOSSIL OOZE, white (10YR 8/1 to 10YR8/2) with white burrow mottles. ",CORE 24.2 - 28.43 MBSF
143,865,A,5,R,33.7,39.64,middle Eocene,"FORAMINIFER NANNOFOSSIL OOZE Major Lithology: White (10YR 8/2) FORAMINIFER NANNOFOSSIL OOZE with white burrow mottles, 1-2 cm in diameter, throughout. A distinct band of lighter colored ooze (5YR 8/1), occurs in Section 3, 70-75 cm. The core is severely disturbed through Section 2; Sections 3 to 6 and CC are moderately disturbed. ",CORE 33.7 - 39.64 MBSF
143,865,A,6,R,43.2,46.35,middle Eocene,"FORAMINIFER NANNOFOSSIL OOZE Major Lithology: FORAMINIFER NANNOFOSSIL OOZE, white (10YR 8/2 to 10YR 8/1), with small mottles of lighter colored ooze. Distinct white patches occur at Section 1, 24-28 cm, Section 2, 100-105 cm and 120-125 cm. ",CORE 43.2 - 46.35 MBSF
143,865,A,7,R,52.7,57.77,middle Eocene,"FORAMINIFER NANNOFOSSIL OOZE Major Lithology: FORAMINIFER NANNOFOSSIL OOZE, white (10YR 8/2 to 10YR 8/1), with small mottles of lighter colored ooze. Distinct white patches occur at Section 1, 24-28 cm, Section 2, 100-105 cm and 120-125 cm. ; FORAMINIFER NANNOFOSSIL OOZE Major Lithology: White (10YR 8/2) FORAMINIFER NANNOFOSSIL OOZE with irregular white mottles of centimeter scale, that are ovoid in shape at some levels. Chondrites-Xype trace-fossils occur at Section 3, 85-115 cm. Minor Lithology: A small pebble of ALTERED VOLCANIC ASH occurs at Section 4, 80 cm. ",CORE 52.7 - 57.77 MBSF
143,865,A,8,R,62.3,64.93,early Eocene,"FORAMINIFER NANNOFOSSIL OOZE Major Lithology: White (10YR 8/2) FORAMINIFER NANNOFOSSIL OOZE with white burrow-mottles, 1-2 cm in diameter. Some of the mottles have dark margins. ",CORE 62.3 - 64.93 MBSF
143,865,A,9,R,71.8,75.44,early Eocene,"FORAMINIFER NANNOFOSSIL OOZE Major Lithology: White (10YR 8/2) FORAMINIFER NANNOFOSSIL OOZE, with white burrow-mottles throughout, up to 4 cm in diameter. ",CORE 71.8 - 75.44 MBSF
143,865,A,10,R,81.8,82.03,early Eocene,"FORAMINIFER NANNOFOSSIL OOZE Major Lithology: Severely disturbed FORAMINIFER NANNOFOSSIL OOZE, white (10YR 8/1). ",CORE 81.8 - 82.03 MBSF
143,865,A,11,R,91.5,91.51,NA,Entire core given to paleontologists.,CORE 91.5 - 91.51 MBSF
143,865,A,12,R,101.2,101.37,late Paleocene,"FORAMINIFFR NANNOFOSSIL OOZE Major Lithology: Severely disturbed, white (10YR 8/1) FORAMINIFER NANNOFOSSIL OOZE. ",CORE 101.2 - 101.37 MBSF
143,865,A,13,R,110.8,120.43,late Paleocene,"FORAMINIFER NANNOFOSSIL OOZE Major Lithology: White (N9) FORAMINIFER NANNOFOSSIL OOZE. Slight bioturbation throughout, with more distinct burrowing in Section 1, 33-50cm, Section 2, 128-132 cm, and Section 6, 140-145 cm. ",CORE 110.8 - 120.43 MBSF
143,865,A,14,R,120.5,127.98,late Paleocene,"FORAMINIFER NANNOFOSSIL OOZE Major Lithology: White (N9), mildly bioturbated FORAMINIFER NANNOFOSSIL OOZE. Burrow mottles tend to be whiter than surrounding ooze, but some contain darker streaks. ",CORE 120.5 - 127.98 MBSF
143,865,A,15,R,130.1,139.72,late Paleocene,"FORAMINIFER NANNOFOSSIL OOZE Major Lithology: FORAMINIFER NANNOFOSSIL OOZE, white (N9), slightly burrowed. ",CORE 130.1 - 139.72 MBSF
143,865,A,16,R,135.1,142.34,late Paleocene,"FORAMINIFER NANNOFOSSIL OOZE Major Lithology: FORAMINIFER NANNOFOSSIL OOZE, white (N9), slightly burrowed. ; FORAMINIFER NANNOFOSSIL OOZE Major Lithology: FORAMINIFER NANNOFOSSIL OOZE, white (N9), slightly burrowed. Minor Lithologies: Manganese encrusted PHOSPHATIZED LIMESTONE (WACKESTONE) fragment, Section CC, 10-14 cm. ",CORE 135.1 - 142.34 MBSF
143,865,A,17,R,139.7,139.78,late Albian,WACKESTONE and PHOSPHORITE Major Lithology: Partially silicified WACKESTONE and manganese oxide-encrusted PHOSPHORITE with some angular limestone fragments. ,CORE 139.7 - 139.78 MBSF
143,865,A,18,R,144.7,144.92,late Albian,"WACKESTONE-PACKSTONE Major Lithology: WACKESTONE-PACKSTONE with minor grainstone, white (10YR 8/2-8/3), containing numerous requieniid rudists. Aragonitic layer of rudists and gastropods is leached. Foraminifers, notably miliolids, are common. Piece 3 shows small-scale (mm-cm) syn-sedimentary breccia. Pieces 3 and 4 have geopetal cavities with internal brown sediment. ",CORE 144.7 - 144.92 MBSF
143,865,A,19,R,149.4,149.58,late Albian,"MANGANESE OXYHYDROXIDE- PHOSPHORITE and WACKESTONE/ FLOATSTONE Major Lithologies: In top of core catcher MANGANESE OXYHYDROXIDE-PHOSPHORITE cemented breccia of beige (10YR 7/3), angular limestone clasts. In lower core catcher WACKESTONE/ FLOATSTONE, white (N9-10YR 8/2), with common foraminifers, carbonate- replaced sponge spicules, gastropod molds and dark micritic cavity fills. Syn-sedimentary breccia is present locally. ",CORE 149.4 - 149.58 MBSF
143,865,A,20,R,159.1,159.12,late Albian,"PHOSPHATIZED LIMESTONE (GRAINSTONE) Major Lithology: PHOSPHATIZED PACKSTONE with pellets and foraminifers, beige (10YR 7/4), stained and replaced by brown phosphate and black manganese oxide. ",CORE 159.1 - 159.12 MBSF
143,865,A,21,R,168.8,168.85,late Albian,"WACKESTONE Major Lithology: WACKESTONE, white (10YR 8/2), vuggy with gastropod and bivalve molds. ",CORE 168.8 - 168.85 MBSF
143,865,A,22,R,178.4,178.55,late Albian,"WACKESTONE Major Lithology: WACKESTONE, white (10YR 8/2) with gastropods and some bivalve molds lined by yellow stain (10YR 8/8). Foraminifers (especially miliolids) are abundant. Some synsedimentary breccia is present. ",CORE 178.4 - 178.55 MBSF
143,865,A,23,R,188,188.25,late Albian,"WACKESTONE Major Lithology: WACKESTONE, white (10YR 8/2) with abundant gastropods, some preserved as molds, some recrystallized as calcite, and thin-shelled bivalves. Bioturbation is pervasive. ",CORE 188 - 188.25 MBSF
143,865,A,24,R,197.7,197.77,late Albian,"MUDSTONE Major Lithology: MUDSTONE, white (10YR 8/2) locally with some foraminifers-and burrows. Gastropod molds are outlined by gray sediment. ",CORE 197.7 - 197.77 MBSF
143,865,A,25,R,207.3,207.38,late Albian,"WACKESTONE Major Lithology: WACKESTONE, white (10YR 8/1), bioturbated, with foraminifers and gastropod molds. ",CORE 207.3 - 207.38 MBSF
143,865,A,26,R,217,217.01,late Albian,"WACKESTONE Major Lithology: WACKESTONE, white (10YR 8/1), with gastropods, some recrystallized, some as molds, and one coral. No photo available. ",CORE 217 - 217.01 MBSF
143,865,A,27,R,226.6,226.68,late Albian,"WACKESTONE Major Lithology: WACKESTONE, white (10YR 8/1) with gastropod molds, some filled with fecal pellets and requieniid rudist shell fragments (common in Piece 2). ",CORE 226.6 - 226.68 MBSF
143,865,A,28,R,236.3,238.09,late Albian,"REQUIENIID WACKESTONE Major Lithology: REQUIENIID WACKESTONE, white (10YR 8/1), with entire rudist shells (some probably in life position) and some yellow-stained gastropod molds. ",CORE 236.3 - 238.09 MBSF
143,865,A,29,R,245.9,245.95,late Albian,"WACKESTONE Major Lithology: WACKESTONE, white (10YR 8/1), bioturbated with gastropod molds, small bivalves and foraminifers. ",CORE 245.9 - 245.95 MBSF
143,865,A,30,R,255.6,255.68,late Albian,"WACKESTONE Major Lithology: WACKESTONE, white (2.5Y 8/2) with many gastropod molds. ",CORE 255.6 - 255.68 MBSF
143,865,A,31,R,265.2,265.41,late Albian,"WACKESTONE Major Lithology: WACKESTONE, white (10YR 8/2) with abundant molds of bivalve fragments and gastropods. ",CORE 265.2 - 265.41 MBSF
143,865,A,32,R,274.9,274.98,late Albian,"MUDSTONE-WACKESTONE AND WACKESTONE Major Lithology: WACKESTONE with benthic foraminifers and few gastropod and bivalve molds; WACKESTONE with gastropods, bivalves and foraminifers. ",CORE 274.9 - 274.98 MBSF
143,865,A,33,R,284.6,284.7,late Albian,"MUDSTONE-WACKESTONE Major Lithology: White (10YR 8/1), fine-grained, MUDSTONE-WACKESTONE with rare molds of small gastropods; very porous (chalky), but very indurated. ",CORE 284.6 - 284.7 MBSF
143,865,A,34,R,294.2,295.63,late Albian,"GRAINSTONE AND PACKSTONE Major Lithology: White (10YR 8/1) GRAINSTONE and PACKSTONE. GRAINSTONE has moldic gastropods and sand-sized bioclastic debris; Packstone has pellets and large gastropods. Minor Lithologies: Wackestone of gray micrite with foraminifers, gastropods, and sponge spicules. ",CORE 294.2 - 295.63 MBSF
143,865,A,35,R,303.5,303.62,late Albian,WACKESTONE Major Lithology: White (10YR 8/1) WACKESTONE with abundant gastropods and requieniid rudists. ,CORE 303.5 - 303.62 MBSF
143,865,A,36,R,313.1,313.43,late Albian,"MUDSTONE-WACKESTONE and WACKESTONE WACKESTONE Major Lithology: White (10YR 8/1) MUDSTONE- WACKESTONE with gastropods and benthic foraminifers; WACKESTONE with gastropods, burrows infilled with yellowish sediments. ",CORE 313.1 - 313.43 MBSF
143,865,A,37,R,322.8,322.95,late Albian,"WACKESTONE Major Lithology: WACKESTONE, white (10YR 8/2), with gastropods and benthic foraminifers. ",CORE 322.8 - 322.95 MBSF
143,865,A,38,R,332.4,332.63,late Albian,WACKESTONE TO MUDSTONE Major Lithology: White (10YR 8/2) WACKESTONE to MUDSTONE with gastropods. Exposure surface recognized. ,CORE 332.4 - 332.63 MBSF
143,865,A,39,R,341.9,342.37,late Albian,"WACKESTONE, PACKSTONE and GRAINSTONE Major Lithology: White (10YR 8/2) massive peloid/bioclastic WACKSTONE, GRAINSTONE of peloids and small bioclastic debris, and massive peloid PACKSTONE. Burrows infilled with pellets or bioclastic debris. ",CORE 341.9 - 342.37 MBSF
143,865,A,40,R,351.6,351.99,late Albian,"WACKESTONE, MUDSTONE and PACKSTONE Major Lithology: White (10YR 8/2) WACKESTONE with gastropods, bivalves, and benthic foraminifers; MUDSTONE with benthic foraminifers and gastropods; PACKSTONE composed of well sorted peloidal grains. Burrows infilled with yellowish sediments are common. ",CORE 351.6 - 351.99 MBSF
143,865,A,41,R,361.2,361.57,late Albian,"WACKESTONE and PACKSTONE-GRAINSTONE Major Lithology: White (10YR 8/1 to 10YR 8/2) WACKESTONE with gastropods, benthic foraminifers and dasycladacean (?) algae; PACKSTONE-GRAINSTONE with benthic foraminifers. ",CORE 361.2 - 361.57 MBSF
143,865,A,42,R,370.8,371,late Albian,"WACKESTONE Major Lithology: White (5Y 8/2) WACKESTONE, with gastropods and benthic foraminifers. Burrows are infilled with carbonate mud. ",CORE 370.8 - 371 MBSF
143,865,A,43,R,380.5,380.56,late Albian,"WACKESTONE WACKESTONE Major Lithology: White (10YR 8/2) WACKESTONE with gastropods, bivalves, and benthic foraminifers. Ostracods and sponge fragments are observed in thin section. ",CORE 380.5 - 380.56 MBSF
143,865,A,44,R,390.1,390.34,late Albian,"LIMESTONE and BIVALVE SHELL Major Lithology: White (10YR 8/2) WACKESTONE with gastropods, bivalves (molds), and benthic foraminifers. Burrows are infilled with yellowish sediments of fecal pellets. ",CORE 390.1 - 390.34 MBSF
143,865,A,45,R,399.9,400.15,late Albian,"WACKESTONE Major Lithology: White (10YR 8/2) WACKESTONE, with gastropods, bivalves, benthic foraminifers, and sponge fragments and rare intraclasts. ",CORE 399.9 - 400.15 MBSF
143,865,A,46,R,409.6,409.66,late Albian,"MUDSTONE-WACKESTONE Major Lithology: White (10YR 8/1 to 10YR 8/2), chalky, MUDSTONE to WACKESTONE with gastropods, bivalves, and benthic foraminifers. Ostracods seen in thin section. Intraclasts occur rarely. No visible sedimentary structure. ",CORE 409.6 - 409.66 MBSF
143,865,A,47,R,419.2,419.26,late Albian,"MUDSTONE Major Lithology: MUDSTONE (to PACKSTONE), white (10YR 8/1 to 10YR 8/3), with gastropods and benthic foraminifers. Burrows often stained yellowish, sometimes infilled with pellets. ",CORE 419.2 - 419.26 MBSF
143,865,A,48,R,428.9,428.96,late Albian,"WACKESTONE and MUDSTONE Major Lithology: White (10YR 8/2) WACKESTONE and benthic foraminifers; chalky MUDSTONE with gastropods and foraminifers. Burrows infilled with fecal pellets observed. Foraminifers include uniserial, miliolid shapes (molds). ",CORE 428.9 - 428.96 MBSF
143,865,A,49,R,438.3,438.3,NA,NO RECOVERY,CORE 438.3 - 438.3 MBSF
143,865,A,50,R,448,448.2,late Albian,MUDSTONE/WACKESTONE and WACKESTONE Major Lithology: White (10YR 8/1) MUDSTONE/ WACKESTONE with gastropods (molds) and WACKESTONE with benthic foraminifers. Burrows and molds of gastropods are yellow-stained. Some burrows are infilled with fecal pellets. ,CORE 448 - 448.2 MBSF
143,865,A,51,R,457.6,457.78,late Albian,MUDSTONE Major Lithology: White (10YR 8/2) MUDSTONE with some moldic porosity and some bioclasts. ,CORE 457.6 - 457.78 MBSF
143,865,A,52,R,467.3,467.46,late Albian,"WACKESTONE Major Lithology: WACKESTONE, white (10YR 8/2)with spicules, gastropods, small bivalves, and some foraminifers, mostly as molds. ",CORE 467.3 - 467.46 MBSF
143,865,A,53,R,477,477.05,late Albian,"WACKESTONE Major Lithology: WACKESTONE, white (10YR 8/2), with moldic porosity, some foraminifers, and burrows filled with pellets. ",CORE 477 - 477.05 MBSF
143,865,A,54,R,486.6,486.66,late Albian,"MUDSTONE Major Lithology: White (10YR 8/2), MUDSTONE, with some patches of peloidal grainstone, burrowed with foraminifers, gastropod molds, possible dasycladacean algae. ",CORE 486.6 - 486.66 MBSF
143,865,A,55,R,496.3,496.42,late Albian,"WACKESTONE Major Lithology: WACKESTONE, white (10YR 8/1 to 10YR 8/3, with yellowish-stained gastropod molds and common dacyladacean algae.",CORE 496.3 - 496.42 MBSF
143,865,A,56,R,505.9,506.36,late Albian,"WACKESTONE Major Lithology: WACKESTONE, white (10YR 8/2 to 10YR 8/3), with many gastropods and some foraminifers. ",CORE 505.9 - 506.36 MBSF
143,865,A,57,R,515.5,515.66,late Albian,"MUDSTONE Major Lithology: White (10YR 8/1) MUDSTONE with minor WACKESTONE, much moldic porosity, apparently unfossiliferous. ",CORE 515.5 - 515.66 MBSF
143,865,A,58,R,525.2,525.54,late Albian,"WACKESTONE Major Lithology: WACKESTONE, whitish (10YR 8/2 to 10YR 8/3), burrowed with considerable moldic porosity, dasycladacean algae, dissolved sponge spicules. ",CORE 525.2 - 525.54 MBSF
143,865,A,59,R,534.8,534.94,late Albian,"WACKESTONE Major Lithology: WACKESTONE, white (10YR 8/3) with gastropod, dasycladacean algal, coral, bivalve and foraminiferal molds and some burrows filled with pellets. ",CORE 534.8 - 534.94 MBSF
143,865,A,60,R,544.5,544.65,late Albian,"MUDSTONE Major Lithology: MUDSTONE, beige (10YR 8/3 to 8/4), containing burrows with yellow stain and dasycladacean algae. ",CORE 544.5 - 544.65 MBSF
143,865,A,61,R,554.2,554.35,late Albian,"WACKESTONE Major Lithology: WACKESTONE, white (10YR 8/1), with burrows, abundant foraminifers, intraclasts, and peloids. ",CORE 554.2 - 554.35 MBSF
143,865,A,62,R,563.9,563.9,NA,NO RECOVERY,CORE 563.9 - 563.9 MBSF
143,865,A,63,R,573.6,573.6,NA,NO RECOVERY,CORE 573.6 - 573.6 MBSF
143,865,A,64,R,583.1,583.3,late Albian,"MUDSTONE-WACKESTONE Major Lithology: MUDSTONE-WACKESTONE. white (10YR 8/1), containing burrows, infilled with pellets, foraminifers, ostracods, and locally abundant spicules and gastropods (as molds). There is a red stain on some surfaces. ",CORE 583.1 - 583.3 MBSF
143,865,A,65,R,592.8,592.86,late Albian,"WACKESTONE Major Lithology: WACKESTONE, white (10YR 8/1), with foraminifers, dasycladacean algae (?), spicules (as molds), and burrows, locally yellow-stained. ",CORE 592.8 - 592.86 MBSF
143,865,A,66,R,602.5,602.93,late Albian,"PACKSTONE and WACKESTONE Major Lithology: WACKESTONE and PACKSTONE, white (10YR 8/2 to 10YR 7/2), with common dasycladacean algae, spicules,molds of high-spired gastropods, somecement. ",CORE 602.5 - 602.93 MBSF
143,865,A,67,R,612.2,612.33,late Albian,"PACKSTONE Major Lithology: PACKSTONE, beige (10YR 8/4), with abundant molds, some infilled with sparry calcite, foraminifers, spicules (one is triaxial), dasycladacean algae (?), calcisponge, high-spired gastropods as molds. ",CORE 612.2 - 612.33 MBSF
143,865,A,68,R,621.9,622.23,late Albian,"WACKESTONE Major Lithology: WACKESTONE, white (10YR 8/2) with dark brown-black clay seams (10YR 2/2) which are 2 mm thick and at low angles to bedding, some stylolite sand compacted burrows. Possible spicules are preserved as molds. ",CORE 621.9 - 622.23 MBSF
143,865,A,69,R,631.5,631.75,late Albian,"WACKESTONE Major Lithology: WACKESTONE, white (10YR 8/2), with corals, bivalves, gastropods, and dasycladacean algae. Dark clasts (probably limestone) are present at the top. ",CORE 631.5 - 631.75 MBSF
143,865,A,70,R,641,641.03,late Albian,"WACKESTONE Major Lithology: WACKESTONE, white (10YR 8/2), with abundant peloids, burrows, foraminifers, dark-stained spicules, and some clayey laminae. ",CORE 641 - 641.03 MBSF
143,865,A,71,R,650.8,651.01,late Albian,"WACKESTONE Major Lithology: WACKESTONE and minor PACKSTONE, white (10YR 8/2), with numerous gastropod molds. A slightly darker lithology (10YR 6/1) has dark (10YR 8/3) clayey seams which transgress bedding and contains peloids. ",CORE 650.8 - 651.01 MBSF
143,865,A,72,R,660.4,660.72,late Albian,"WACKESTONE Major Lithology: WACKESTONE, some white (10YR 8/2), some darker gray (10YR 6/1), with dark clay seams (10YR 6/3), undulose and discontinuous with some stylolitic contacts, locally peloidal with numerous molds of gastropods and sponge spicules. Dolomite rhombs occur in the clay seams. Minor Lithology: CLAYEY LIMESTONE (MUDSTONE). ",CORE 660.4 - 660.72 MBSF
143,865,A,73,R,670.1,671.3,late Albian,"WACKESTONE Major Lithology: WACKESTONE, white (10YR 8/1), locally with 1 cm thick gray clay seam (10YR 8/3). Minor Lithology: Brown (10YR 6/4) peloidal PACKSTONE, sucrosic. ",CORE 670.1 - 671.3 MBSF
143,865,A,74,R,679.7,680.9,late Albian,"WACKESTONE-PACKSTONE Major Lithology: Upper half of core is WACKESTONE- PACKSTONE (0-75 cm, white (10YR 8/2), with peloids, foraminifers, and small black organic (?) fragments. WACKESTONE (75-115 cm), with some dark gray clay seams, stylolites, compacted burrows as in previous core, leached zones infilled by probable dolomite. Corals, spicules, and some benthic foraminifers were present in the lower part of the core. ",CORE 679.7 - 680.9 MBSF
143,865,A,75,R,689.4,690.58,late Albian,"WACKESTONE Major Lithology: WACKESTONE (0-45 cm), white (N9 to 10YR 8/2) displaying moldic porosity, foraminifers, and sponge spicules; in parts strongly stylolitized; stylolites often marked by dark clay layers with pyrite and rhombic crystals of calcite. WACKESTONE (45-118 cm), white (10YR 7/2) displaying moldic porosity. ",CORE 689.4 - 690.58 MBSF
143,865,A,76,R,699.1,700.26,late Albian,"CLAYEY LIMESTONE and WACKESTONE/PACKSTONE/ GRAINSTONE Major Lithology: Interbedded CLAYEY LIMESTONE and friable WACKESTONE/ PACKSTONE/GRAINSTONE, white (1OYR 7/2 to 10YR 5/1) with some stylolites alternating fine-grained CLAYEY LIMESTONE with concretions and pyrite; GRAINSTONE, with foraminifers, algae, pellets, and some volcanic grains; PACKSTONE; well-indurated WACKESTONE with gastropods, other molluscs (molds), and foraminifers. Cylindrical-shaped gray (10YR 6/1) concentric zones surrounding each burrow (at 100-101 cm). The burrows are infilled by spary dolomite. ",CORE 699.1 - 700.26 MBSF
143,865,A,77,R,708.7,708.82,late Albian,"WACKESTONE Major Lithology: WACKESTONE, light gray (2.5Y 7/2) granular appearance, moldic porosity, foraminifers, gastropods, and spicules; one lithoclast of gray mudstone. Bottom as above except for numerous stylolites marked by dark gray layers. ",CORE 708.7 - 708.82 MBSF
143,865,A,78,R,718.3,719.33,late Albian,"MUDSTONE/WACKESTONE Major Lithology: MUDSTONE/WACKESTON, some poorly cemented, white (10YR 8/1 to 10YR 8/2), some yellowish to bluish (10YR 6/1 to 10YR 8/1) stained, with foraminifers (miliolids) and gastropods, burrows infilled with rhombic crystals of dolomite, common stylolites. Lithoclasts of clayey sediment, light gray in centers to blue gray on perimeter. ",CORE 718.3 - 719.33 MBSF
143,865,A,79,R,728.1,728.82,late Albian,"WACKESTONE Major Lithology: WACKESTONE, white (10YR 7/1 to 10YR8/2) fairly well-cemented some moldic porosity, foraminifers (some moldic), burrows infilled with dolomite and pyrite, dark specks (pyrite and volcanic fragments). ",CORE 728.1 - 728.82 MBSF
143,865,A,80,R,737.7,738.17,late Albian,"WACKESTONE-PACKSTONE Major Lithology: WACKESTONE-PACKSTONE, gray (7.5YR 5/0-6/0), with burrows filled with dolomite and pyrite, black pebbles, ostracods, bivalves, wavy clay seams, horse-tailing. Bottom of core is white (10YR 8/2-8/3) with molds of small bivalves and foraminifers and finely disseminated organic matter. ",CORE 737.7 - 738.17 MBSF
143,865,A,81,R,747.4,749.12,late Albian,"PACKSTONE and WACKESTONE Major Lithology: PACKSTONE and WACKESTONE, mostly beige (10YR 7/3-7/1), with burrows, very porous with foraminiferal and other molds, some matter, mm-cm-size black pebbles. Dasycladacean algae and ostracods are also present. Black clayey seams with pyrite and organic matter and gray (10YR 4/4) seams wrapping around the limestone fragments occur in some intervals. Large nerineid gastropod at Section 2, 55 cm. ",CORE 747.4 - 749.12 MBSF
143,865,A,82,R,757.1,758.68,late Albian,"WACKESTONE and CLAY Major Lithologies: WACKESTONE, light gray (10YR 7/1), with large burrows (up to 1 cm diameter), foraminifers, ostracods, spicules dasycladacean algae small bivalves; dark gray (10YR 5/1) CLAY seams. Pyrite is locally concentrated. Burrows are locally dolomitized. ",CORE 757.1 - 758.68 MBSF
143,865,A,83,R,766.8,767.04,late Albian,"WACKESTONE Major Lithology: WACKESTONE, white (10YR 8/1) moderately bioturbated with foraminifera, small dasycladacean algae, ostracods, peloids, some black finely disseminated pyrite and organic matter. ",CORE 766.8 - 767.04 MBSF
143,865,A,84,R,776.5,777.52,late Albian,"WACKESTONE Major Lithology: WACKESTONE, light gray (10YR 7/1), with foraminifers, ostracods, small bivalves, some dolomitization particularly of the burrows, finely disseminated pyrite, and dispersed organic matter. Top 30 cm of core consists of sand size limestone pieces. Blackened particles (mm-size) and blackened burrows occur at some levels. ",CORE 776.5 - 777.52 MBSF
143,865,A,85,R,786.2,788.48,late Albian,"CLAYEY LIMESTONE Major Lithology: CLAYEY LIMESTONE, white (10YR 8/2) groundmass with light gray (10YR 7/1) mottled appearance owing to burrowing, with peloids, foraminifers, and replaced gastropod shells, some with dolomite. Many molds filled with pyrite and volcanic black grains as well asdolomite. Section 1, 96-106 cm, abundant lithoclasts, dark gray (10YR5/1 to10YR4/1). Minor Lithology: Section 1,117-124 cm, very dark gray (10YR 3/1) MUDSTONE, extensively bioturbated. ",CORE 786.2 - 788.48 MBSF
143,865,A,86,R,795.8,799.64,late Albian,"CLAYEY LIMESTONE (PACKSTONE) Major Lithology: White to gray (10YR 8/1 to 7.5YR 8/4) CLAYEY LIMESTONE (PACKSTONE)^ peloidal, with foraminifers, bivalves, and gastropods; occasional small, elongate black fragments, possibly lignite (Section 2); many small oyster-fragments; mostly heavily to moderately bioturbated. Burrow mottles make round and oval shapes of lighter color in darker matrix. Light colored burrows are less compacted and contain less-carbonates. Fine disseminated pyrite abundant in molds; dolomite common throughout. ",CORE 795.8 - 799.64 MBSF
143,865,A,87,R,805.4,808.18,late Albian,"CLAYEY LIMESTONE (WACKESTONE/PACKSTONE), PACKSTONE AND MUDSTONE Major Lithology: Gray to white (10YR 5/1 to 10YR 8/1), intensively bioturbated, laminated CLAYEY LIMESTONE (WACKESTONE/PACKSTONE) with benthic foraminifers (Section 1). Burrows are often infilled with whitish sediments and less compacted than matrix. Section 2, 0-76 cm, burrowed, light brownish gray to gray (10YR 6/2 to 10YR 5/1) PACKSTONE of peloids with benthic foraminifers. Section 2, 76-138 cm, gray (10YR 7/1) MUDSTONE with abundant black particles and rare pellet-filled burrows. In Section 2, burrowing swirls light and dark sediments together; occasional intervals which appear laminated with closely spaced wavy microstylolites. Throughout the Sections 1 and 2, disseminated pyrite abundant; small rhombic crystals of dolomite and organic matter (particles) common. ",CORE 805.4 - 808.18 MBSF
143,865,A,88,R,815.1,818,late Albian,"CLAYEY LIMESTONE (PACKSTONE) Major Lithology: Section 1, bioturbated CLAYEY LIMESTONE (PACKSTONE), white (10YR 8/1) to gray (10YR 5/1), with benthic foramminifers, gastropods, bivalves (oyster ?), ostracods, and sponge spicules, intercalated with thin, dark clayey layers. Section 2, bioturbated CLAYEY LIMESTONE (PACKSTONE), gray (10YR 6/1) at 0-20 and 64 to 143 cm and grayish brown with benthic foraminifers (throughout the section), and thin-shelled bivalve fragments (64-143 cm). Wood fragment in Section 2, 122 cm. Very clay-rich horizon occur in Section 2, 103-122 cm. Volcanic sand in Section 2, 123-124 cm. Many wavy-laminae or pseudo-laminae (stylolites bunched together). Burrows infilled with lighter colored, uncompacted sediments abundant in both sections. Disseminated pyrite abundant; small rhombic crystals of dolomite common; small-sized, organic matter (particles) throughout. ",CORE 815.1 - 818 MBSF
143,865,A,89,R,824.8,832.3,late Albian,"CLAYEY LIMESTONE and WACKESTONE Major Lithology: Parallel to wavy laminated CLAYEY LIMESTONE, very dark grayish brown (10YR 3/2) to light gray (10YR7/1), with peloids, foraminifers, gastropods, bivalve fragments (mostly oyster), arthopods (rare) and volcanic clasts. Slight to moderate bioturbation throughout the core. Organic matter particles, oxydized pyrite and dolomite common. Minor Lithologies: COAL (in the form of a plant root), black, in Section 3, 37-70 cm; also a COAL layer in Section 5, 90-100 cm. MUDSTONE, black (10YR 2/1), carbonaceous, planar bedded with dispersed organic matter and pyrite, Section 5, 100-113 cm and Section 6, 0-16 cm. ",CORE 824.8 - 832.3 MBSF
143,865,A,90,R,831.8,839.2,NA,"CLAYEY LIMESTONE (PACKSTONE) and LIGNITIC CLAY Major Lithologies: CLAYEY LIMESTONE (PACKSTONE) Sections 1 to 3, gray (10YR 7/1 to 10YR 3/1), with large gastropods, peloids, foraminifers, abundant sponge spicules, and finely disseminated organic matter and pyrite, pervasively bioturbated with mottled burrows. Clay is present in compacted seams. LIGNITIC CLAY occurs in Section 4, and contains patches of pyrite, calcareous flecks, and pieces of lignite. Minor Lithology: COAL, black (10YR 2/1), in Section 3, 35-40 cm and 116-134 cm. 143-865A-90R-5 UNIT 1: BASALT ; UNIT 1: SPARSELY MICROPHYRIC OLIVINE-PYROXENE BASALT ",CORE 831.8 - 839.2 MBSF
143,865,A,91,R,841.1,848.1,NA,"BASALT, CLAYEY LIMESTONE, and WACKESTONE Major Lithology: BASALT (Section 1, 0 cm to Section 3, 75 cm). Gray (10YR 6/1) CLAYEY LIMESTONE (Section 3, 75 cm to Section 4, 5 cm), heavily bioturbated, moldic porosity with gastropods infilled with dolomite. Bedding contact with lower limestone is sharp. WACKESTONE (Section 4, 5-150 cm), bioturbated, minor moldic porosity, at 43 cm bivalve (1 cm), at 104 cm pyrite (1 cm). Strongly compacted, numerous stylolites: dolomite in part. Fragmented bivalve shells and spicules, small foraminifers, gastropods. CLAYEY LIMESTONE (WACKESTONE) (Section 5), gray (10YR 6/1), strongly bioturbated; some burrows show a concretion of fine-grained organic particles; small shell fragments occur throughout. 143-865A-91R-1 UNIT 1: SPARSELY OLIVINE-PYROXENE MICROPHYRIC BASALT ; 143-865A-91R-2 UNIT 1: SPARSELY OLIVINE-PYROXENE MICROPHYRIC BASALT ; 143-865A-91R-3 UNIT 1: SPARSELY OLIVINE-PYROXENE MICROPHYRIC BASALT ",CORE 841.1 - 848.1 MBSF
143,865,A,92,R,847.2,852.53,NA,"CLAYEY LIMESTONE TO CLAYSTONE and BASALT Major Lithologies: CLAYEY LIMESTONE brown (10YR 8/5), pervasively bioturbated, with discrete burrows, numerous large gastropod molds, bivalves with nacreous luster and some organic flecks. Section 2, 55-77 cm is black CLAYSTONE, pyritic and locally green (2.5G 3/2) and laminated on a mm scale. Volcanic(?) fragments were seen in the base of Section 3. BASALT, Section 1, 0-14cm and Sections 4 and 5. 143-865A-92R-1 UNIT 2: SPARSELY OLIVINE MICROPHYRIC BASALT ; 143-865A-92R-3 UNIT 3: VERY HIGHLY ALTERED BASALT ; 143-865 A-92R-4 UNIT 3: VERY HIGHLY ALTERED BASALT ; 143-865A-92R-5 UNIT 3: VERY HIGHLY ALTERED BASALT ",CORE 847.2 - 852.53 MBSF
143,865,A,93,R,853.4,857.28,NA,BASALT 143-865A-93R-1 UNIT 3: HIGHLY OLIVINE-PYROXENE MICROPHYRIC BASALT ; 143-865A-93R-2 UNIT 3: HIGHLY OLIVINE-PYROXENE MICROPHYRIC BASALT ; 143-865A-93R-3 UNIT 3: HIGHLY OLIVINE-PYROXENE MICROPHYRIC BASALT ,CORE 853.4 - 857.28 MBSF
143,865,A,94,R,863.1,868.86,NA,"CLAYEY LIMESTONE and BASALT Major Lithology: Bioturbated CLAYEY LIMESTONE, pinkish gray (7.5YR 7/2) to black (7.5YR N3/0), becoming darker toward lower horizon, abundant carbonaceous particles, some appear woody; numerous gastropods, bivalves, some woody pieces replaced by pyrite. Abundant ""oyster"" type shells, some recrystallized to calcite: few benthic foraminifers; volcanic lithoclasts. Section 4, 0-100 cm, intrusive contact of BASALT and CLAYEY LIMESTONE, excellent miliolid benthic foraminifers preserved in recrystallized calcite; ostracods, ""oyster"" shells, calcite veining. 143-865A-94R-1 UNIT 3: HIGHLY OLIVINE-PYROXENE MICROPHYRIC BASALT ; 143-865A-94R-2 UNIT 3: HIGHLY PYROXENE-OLIVINE MICROPHYRIC BASALT ; 143-865A-94R-4 UNIT 4: MODERATELY PYROXENE-OLIVINE MICROPHYRIC BASALT ",CORE 863.1 - 868.86 MBSF
