Expedition.Leg,Site_Number,Hole,Core_Number,Core_Type,Core_Top_MBSF,Core_Bottom_MBSF,Age,Description,Core_ID
198,1209,A,1,H,0,8.21,Holocene to early Miocene," Major Lithologies: The dominant lithologies are light gray (N7) to very light gray (N8) NANNOFOSSIL OOZE WITH CLAY and light olive gray (5Y 6/1) to olive gray (5Y 4/1) CLAYEY NANNOFOSSIL OOZE. General Description: The sediment is relatively uniform over most of the core. Mottling is common at color contacts, and disseminated pyrite is found in Sections 4 and 5. Sections 2 and 3 exhibit signs of moderate disturbance by drilling.",CORE  0 - 8.21  MBSF
198,1209,A,2,H,8.2,18.07,Holocene to early Miocene," Major Lithology: The dominant lithology consists of light olive gray CLAYEY NANNOFOSSIL OOZE alternating with yellow gray NANNOFOSSIL OOZE WITH CLAY. Minor Lithology: VOLCANIC ASH occurs in 2 separate, disrupted 2-3 cm beds in section 6. General Description: The sediment is moderately bioturbated and mottled. Contacts are sharp to gradational. Sharp contacts tend to be inclined at high angles and may represent erosional contacts. A steep fault-like feature occurs in Section 6, and offsets disrupts the two ash beds. The trace of the fault fracture was open and filled with gray soupy medium gray sediment. Pale green diagenetic laminae and disseminated pyrite are common.",CORE  8.2 - 18.07  MBSF
198,1209,A,3,H,17.7,27.46,Holocene to early Miocene," Major Lithology: The lithology is dominated by alternating beds of very light gray (N8) NANNOFOSSIL OOZE WITH CLAY and light olive gray (5Y 6/1) CLAYEY NANNOFOSSIL OOZE. Minor lithology: VOLCANIC ASH layers are present in sections 1 and 6; The Section 1 layer is 5 cm thick. Three separate cenitmeter thick, truncated ash layers are observed in Section 6. General Description: The ooze is moderately bioturbated, with mottles observable only near color/lithologic contacts. Contacts are sharp to gradational. A sharp, inclined contact is observed in Section 1. There is prominent large burrow and/or fracture cutting through Section 6, filled with medium gray ooze. A similar burrow occurs in section 7, here filled with pale yellowish brown ooze. The ash layers between 22 and 30 cm in Section 6 appear to be truncated.",CORE  17.7 - 27.46  MBSF
198,1209,A,4,H,27.2,36.96,Holocene to early Miocene," Major Lithology: The primary lithology consists of alternating beds of very light gray (N8) NANNOFOSSIL OOZE WITH CLAY to light olive gray (5Y 6/1) CLAYEY NANNOFOSSIL OOZE. Minor Lithology: A VOLCANIC ASH is present in Section 5; PYRITIC NANNOFOSSIL OOZE fills the open burrows. General Description: All contacts are gradational except for sharp contact at the base of the ash layer in Section 5. Bioturation is rare to moderate, and mottling indistinct throughout. Several large (1-5 cm wide) open burrows are filled with pyritic (up to 40%) nannofossil ooze that ranges from medium gray (N5) to pale olive (10Y 6/2) in color. Green laminae are present throughout, but are particularly prominent in Section 7 at 10 and 30 cm.",CORE  27.2 - 36.96  MBSF
198,1209,A,5,H,36.7,46.61,Holocene to early Miocene," Major Lithology: The major lithology is NANNOFOSSIL OOZE WITH CLAY which varies in color from yellowish gray (5Y 8/1, 5Y 7/2), light greenish gray (5GY 8/1), grayish yellow green (5GY 7/2), light gray (N7), to very light gray (N8). Minor Lithology: There is CLAYEY NANNOFOSSIL OOZE at the very top of this Core (18cm thick). General Description: All contacts are gradational. Bioturbation is rare to moderate throughout. In several large (1-2 cm diameter) burrows filled with NANNOFOSSIL OOZE the walls are cemented with pyrite.",CORE  36.7 - 46.61  MBSF
198,1209,A,6,H,46.2,56.14,Holocene to early Miocene," Major Lithology: Very light gray (N8) NANNOFOSSIL OOZE WITH RADIOLARIANS alternates with light gray (N7) NANNOFOSSIL OOZE WITH CLAY. Minor Lithology: A few intervals of light greenish gray (5GY 8/1), yellowish gray (5Y 8/1) and light olive gray (5Y 6/1) NANNOFOSSIL OOZE WITH RADIOLARIANS AND CLAY are present in Sections 3, 5 and 6. General Description: Bioturbation is rare to moderate throughout the core. Color bands of greenish gray (5G 6/1), light gray (N7), pale purple (5P 6/1) and light bluish gray (5B 7/1) are present throughout the core.",CORE  46.2 - 56.14  MBSF
198,1209,A,7,H,55.7,65.58,Holocene to early Miocene, Major Lithology: Major lithologies are very light gray (N8) to medium light gray (N6) NANNOFOSSIL OOZE WITH CLAY and light olive gray (5Y 6/1) to greenish gray (5GY 6/1) NANNOFOSSIL OOZE. General Description: Bioturbation is rare to moderate. Pyrite blebs are rare. Pale green to gray bands and laminae are present in Sections1 through 3.,CORE  55.7 - 65.58  MBSF
198,1209,A,8,H,65.2,75.13,Holocene to early Miocene," Major Litholgy: Major lithologies are very light gray (N8) NANNOFOSSIL OOZE and yellowish gray (5Y 8/1) NANNOFOSSIL OOZE WITH CLAY alternating with light olive gray (5Y 6/1, 5Y 5/2) NANNOFOSSIL OOZE WITH CLAY. General Description: Bioturbation is rare to moderate. The sediment at lithologic contacts is mottled. Disseminated pyrite blebs are present in Sections 3 and 5.",CORE  65.2 - 75.13  MBSF
198,1209,A,9,H,74.7,84.71,Holocene to early Miocene," Major Lithology: This Core consists of alternating layers of light NANNOFOSSIL OOZE WITH CLAY and dark CLAYEY NANNOFOSSIL OOZE. Light colors are white (N9) and yellowish gray (5Y 8/1). Dark colors are pale yellowish brown (10YR 6/2), yellowish gray (5Y 7/2), very pale orange (10YR 8/2), light olive gray (5Y 6/1) and light olive (5Y 5/2). General Description: Bioturbation is rare to moderate. Disseminated pyrite is present in Sections 2, 3, 4 and 5. Rare Zoophycos burrows are present in Sections 1, 2, 3 and 5.",CORE  74.7 - 84.71  MBSF
198,1209,A,10,H,84.2,94.11,Holocene to early Miocene," Major Lithologies: This Core contains very pale orange (10YR 8/2) NANNOFOSSIL OOZE and moderate yellowish brown (10YR 5/4) CLAYEY NANNOFOSSIL OOZE. Minor Lithology: A thin VOLCANIC ASH layer occurs in Section 1, 70-71cm. General Description: This sequence shows alternating color cycles superimposed on downcore ligh to dark gradational color change. Bioturbation is rare to moderate. Zoophycos burrows are common. Several planolites burrows are present.",CORE  84.2 - 94.11  MBSF
198,1209,A,11,H,93.7,103.42,Holocene to early Miocene, Major Lithology: This Core contains grayish orange (10YR 7/4) NANNOFOSSIL OOZE WITH CLAY and dark yellowish brown (10YR 4/2) CLAYEY NANNOFOSSIL OOZE. General Description: The lithology is relatively uniform with the exception of the clayey interval in section 2. The sediment is slightly mottled throughout with abundant Zoophycos burrows. Bioturbation is rare to moderate.,CORE  93.7 - 103.42  MBSF
198,1209,A,12,H,103.2,112.94,"103.2-111.2 mbsf: Holocene to early Miocene, 111.2-112.94 mbsf: early Oligocene to early Paleocene", Major Lithology: Core contains pale yellowish brown (10YR 6/2) and dark yellowish brown (10YR 4/2) to very pale orange (10YR 8/2) NANNOFOSSIL OOZE WITH CLAY. Minor Lithology: A dusky yellowish brown (10YR 2/2) CLAY WITH QUARTZ occurs from 30 to 62 cm in Section 4. General Description: Section 1 through 125 cm in Section 3 is characterized by burrows filled with very pale orange (10 YR 8/2) ooze. Section 4 contains darker condensed interval (30-62 cm) underlain by lighter (very pale orange) OOZE; these contacts are moederalty bioturbated and both contain Zoophycos burrows. Color transitions between pale yellowish brown and dark yellowish brown NANNOFOSSIL OOZE WITH CLAY are very gradational. Bioturbation is moderate throughout the core and common below 50 cm in Section 6.,CORE  103.2 - 112.94  MBSF
198,1209,A,13,H,112.7,122.22,early Oligocene to early Paleocene," Major Lithology: This core primarily contains grayish brown (10YR 7/4) NANNOFOSSIL OOZE. Minor Lithology: Intervals of grayish brown (10YR 7/4) to moderate yellowish brown (10YR 5/4) NANNOFOSSIL OOZE WITH CLAY occur within Section 1, 95-150cm and Section 2, 75-150cm. General Description: There is an overall downcore transition from dark to light hues. The sediment is mildly bioturbated throughout with rare circular burrows lined with very pale orange (10YR 8/2) nannofossil ooze. An interval of clayey nodules is present within the uppermost 14cm of the core, most likely related to cave-in during coring.",CORE  112.7 - 122.22  MBSF
198,1209,A,14,H,122.2,131.32,early Oligocene to early Paleocene," Major Lithology: The dominant lithologies in this core consist of very pale orange (10YR 8/2) NANNOFOSSIL OOZE and pale yellowish brown (10YR 6/2) to stiff, moderate yellowish brown (10YR 5/4) NANNOFOSSIL OOZE WITH CLAY. General Description: There is an overall gradual downcore transition from light to darker hues. The core also shows signs of minor stretching and flow-in drilling disturbance. Bioturbation is rare to moderate, and white blebs and mm-scale laminae occur throughout. There are traces of phillipsite in Section 6, 54 cm.",CORE  122.2 - 131.32  MBSF
198,1209,A,15,H,131.7,141.14,early Oligocene to early Paleocene," Major Lithology: This core contains very pale orange (10YR 8/2) and pale yellowish brown NANNOFOSSIL OOZE WITH CLAY and moderate yellowish brown CLAYEY NANNOFOSSIL OOZE (with PHILLIPSITE). General Description: Core exhibits minor drilling disturbance, stretching, throughout. Bioturbation is rare to moderate, and disseminated white blebs are present. Section 7, 16-24 cm, contains darker stiffer interval with traces of phillipsite.",CORE  131.7 - 141.14  MBSF
198,1209,A,16,H,141.2,149.97,early Oligocene to early Paleocene," Major Lithology: This core contains alternating layers of very pale orange (10YR 8/2) NANNOFOSSIL OOZE and grayish orange (10YR 7/4) to moderate yellowis brown (10 YR 5/4) NANNOFOSSIL OOZE WITH CLAY. General Description: Bioturbation is common throughout. Centimeter scale burrows filled with very pale orange (10YR 8/2) ooze occur in Sections 1 through 3. The sediment soupy from the top of Section 1 through Section 2, 46 cm.",CORE  141.2 - 149.97  MBSF
198,1209,A,17,H,150.7,160.57,early Oligocene to early Paleocene," Major Lithology: This core contains grayish orange (10YR 7/4) and very pale orange (10YR 8/2) NANNOFOSSIL OOZE WITH CLAY. Minor Lithology: In Sections 3, 34-35 cm, and 6, 70-80 cm, there are intervals with moderate yellowish brown NANNOFOSSIL OOZE WITH CLAY that are more stiff are present. General Description: Sediment is slightly disturbed by drilling (i.E., stretching and soupy). Bioturbation is mostly rare, but some moderately bioturbated intervals are present. Section 2, 22-34 cm, contains U-shaped burrow. White blebs are scattered throughout this core. Intervals 29-35 cm and 40-46 cm in Section 5 are stiff and sticky.",CORE  150.7 - 160.57  MBSF
198,1209,A,18,H,160.2,169.36,early Oligocene to early Paleocene," Major Lithology: This core contains thick layers of light (very pale orange, 10YR 8/2) and thinner layers of dark (grayish orange, 10YR 7/4) NANNOFOSSIL OOZE. Minor Lithology: A moderate yellowish brown (10YR 5/4) CLAY WITH NANNOFOSSILS occurs from 38 to 50 cm in Section 4. General Description: vpl..OR Color transitions are gradational. From 17-25 cm in Section 7, the dark NANNOFOSSIL OOZE varies in color from grayish orange (10YR 7/4) to moderate yellowish brown (10YR 5/4). Section 5 is highly disturbed.",CORE  160.2 - 169.36  MBSF
198,1209,A,19,H,169.7,179.05,early Oligocene to early Paleocene," Major Lithology: This core contains layers of grayish orange (10YR 7/4) to moderate yellowish brown (10YR 5/4) NANNOFOSSIL OOZE. General Description: The sediment is relatively uniform in Sections 1, 2, 3, and 4 with subtle color transitions. The lower sections show subtle color cycles. Bioturbation is rare to common. Several of the burrows exhibit pink and grayish hues.",CORE  169.7 - 179.05  MBSF
198,1209,A,20,H,179.2,189.07,early Oligocene to early Paleocene, Major Lithology: This core consists of alternating layers of grayish orange (10YR 7/4) to moderate yellowish brown (10YR 5/4) NANNOFOSSIL OOZE and NANNOFOSSIL OOZE WITH CLAY. General Description: The sediment exhibits very subtle color/lithologic cycles with gradational transitions. Rare unidentified burrows are present.,CORE  179.2 - 189.07  MBSF
198,1209,A,21,H,188.7,198.46,early Oligocene to early Paleocene," Major Lithology: This core consists mostly of very pale orange (10YR 8/2) NANNOFOSSIL OOZE. Minor Litholgoy: The minor lithology in this core is grayish orange (10YR 7/4) NANNOFOSSIL OOZE. General Description: The core shows subtle downhole color transition from light to dark back to light. The sediment is moderately burrowed throughout with slight mottling and few white blebs and burrows with black halos. There is an obvious bioturbated color contact in Section 3, 57 to 63 cm. A 35 cm thick moderate yellowish brown (10YR 5/4) clay rich layer with sharp basal contact occurs in Section 7, 30 cm. The upper contact is gradational.",CORE  188.7 - 198.46  MBSF
198,1209,A,22,H,198.2,207.42,early Oligocene to early Paleocene,,CORE  198.2 - 207.42  MBSF
198,1209,A,23,H,207.7,217.6,early Oligocene to early Paleocene," Major Lithology: This core contains thick layers of very pale orange (10YR 8/2) NANNOFOSSIL OOZE alternating with thinner layers of pale yellowish brown (10YR 6/2) NANNOFOSSIL OOZE WITH CLAY. Minor Lithology: There is minor component of moderate yellowish brown (10YR 5/4) CLAYEY NANNOFOSSIL OOZE with traces of phillipsite which has been heavily bioturbated. General Description: The core has low frequency color cycles (approximately 1 per core) of very pale orange NANNOFOSSIL OOZE to pale and moderate yellowish brown more clay rich component. There is prominent darker, more clay rich bed in the base of section 3. Bioturbation is rare to common at lithological boundaries and color changes are somewhat gradational. There are white blebs throughout, symbolized as undefined burrows.",CORE  207.7 - 217.6  MBSF
198,1209,A,24,H,217.2,227.14,early Oligocene to early Paleocene," Major Lithology: This core contains of very pale orange (10YR 8/2) NANNOFOSSIL OOZE and grayish orange (10YR 7/4) to pale yellowish brown (10YR 6/2) NANNOFOSSIL OOZE WITH CLAY. Minor Lithology: The minor lithology is moderate yellowish brown (10YR 5/4) CLAYEY NANNOFOSSIL OOZE. General Description: The sediment is relatively uniform over most of this core. The exception are several cm-thick dark, more clay rich layers in sections 5, 6, and 7. There are also several white burrows and blebs with black rims halos.",CORE  217.2 - 227.14  MBSF
198,1209,A,25,H,226.7,236.53,"226.7-235.2 mbsf:  early Oligocene to early Paleocene, 235.2-236.53 mbsf:  Maastrichtian"," Major Lithology: The core contains primarily very pale orange (10YR 8/2) NANNOFOSSIL OOZE. Minor Lithology: The minor lithologies in the core are white (N9) NANNOFOSSIL OOZE WITH CLAY AND FORAMINIFERS and grayish orange (10YR 7/4) NANNOFOSSIL CHALK WITH FORAMINIFERS. General Description: The core consists of nannofossil ooze with chalk interbeds in Section 5, 112 to 128 cm and above the K/T boundary in Section 6, 92 to 112 cm. The sediment shows an overall downhole color transition from dark to lighter. The sediment is moderately to highly bioturbated throughout. Contacts of subtle color cycles are transitional. Dark specks in Section 6, 68 to 112 cm are pyrite-filled foraminifers.",CORE  226.7 - 236.53  MBSF
198,1209,A,26,H,236.2,246.08,Maastrichtian," Major Lithology: This core contains uniform very pale orange (10YR 8/2) NANNOFOSSIL OOZE. General Description: The sediment color shows subtle downcore transition from dark to light. White and pale yellowish brown (10YR 6/2) color mottling occurs in sections 1, 2, 3 and 4. Sections 5, 6, 7 and CC are nearly featureless. The core exhibits some drilling disturbance (i.e., stretched and soupy).",CORE  236.2 - 246.08  MBSF
198,1209,A,27,X,245.7,251.64,Maastrichtian," Major Lithology: This core consists of very pale orange (10YR 8/2) NANNOFOSSIL OOZE. General Description: The core is very uniform in color and has moderate yellowish brown (10YR 5/4) mottling throughout. The OOZE is very stiff in parts. There are several moderately yellowish brown (10YR 5/4) chert nodules. There is large white (N9) burrow in Section 3, at 108 to 112 cm.",CORE  245.7 - 251.64  MBSF
198,1209,A,28,X,250.9,256.96,Maastrichtian," Major Lithology: This core consists of stiff NANNOFOSSIL OOZE, which is very pale orange (10YR 9/2) with pale yellowish brown (10YR 6/2) mottles and indistinct bands, and few mottles of white (N9) ooze. General Description: The sediment is fairly homogeneous throughout with respect to consistency and color, although mottled in places. I is firming up nearly to chalk. There is mild core disturbance consisting of slight biscuiting due to XCB coring.",CORE  250.9 - 256.96  MBSF
198,1209,B,1,H,0,5.16,Holocene to early Miocene," Major LIthologies: The core contains alternating beds of very light gray (N8) NANNOFOSSIL OOZE WITH CLAY and light olive gray (5Y 6/1) to olive gray (5Y 4/1) CLAYEY NANNOFOSSIL OOZE. General Description: This alternating light/dark lithology is bioturbated throughout with mottled horizontal contacts between beds. Several scoured, sloping contacts occur within the core as well, and Section 2, 80-100 cm may record slumping and/or soft sediment deformation.",CORE  0 - 5.16  MBSF
198,1209,B,2,H,5.1,14.9,Holocene to early Miocene," Major Lithology: This core contains very light gray (N8), light olive gray (5Y 6/1) CLAYEY NANNOFOSSIL OOZE, to olive gray (5Y 4/1) NANNOFOSSIL OOZE WITH CLAY. Minor Lithology: An olive gray (5Y 4/1) VOLCANIC ASH is located in Section 3 (110-114 cm). Rare open burrows are filled with PYRITIC NANNOFOSSIL OOZE. General Description: The core exhibits prominent decimeter-scale light/dark cycles. The sediment is moderately burrowed with very gradational color changes. Some color contacts are visibly burrowed. Flecks of pyrite and pyrite nodules are rare. Open burrows filled with pyritic ooze are observed in Section 6. Pale green laminae and bands occur in some intervals. A PUMICE clast (~4 cm) is observed in Section 7.",CORE  5.1 - 14.9  MBSF
198,1209,B,3,H,14.6,24.62,Holocene to early Miocene," Major Lithology: The dominant lithologies are very light gray (N8), light gray (N7), light olive gray (5Y 6/1, 5Y 5/2) NANNOFOSSIL OOZE WITH CLAY, and light greenish gray (5GY 8/1) to yellowish gray (5Y 8/1) CLAYEY NANNOFOSSIL OOZE. Minor Lithology: Four VOLCANIC ASH layers are present in this Core; thickest of these (6 cm) is located in Section 4, 130-136 cm; 3 centimeter thick VOLCANIC ASH layer is located in Section 1, 128-131 centimeter; and two thin (< 5 mm) VOLCANIC ASH layers observed in Section 3 and 4. General Description: This core contains an alternating light-dark lithology that is moderately bioturbated with very gradational color changes between beds. Large foraminifers are observed in some burrows. Some burrows are filled with pyritic ooze. Greenish gray and grayish blue bands are present in Section 1 and Section 6.",CORE  14.6 - 24.62  MBSF
198,1209,B,4,H,24.1,34.17,Holocene to early Miocene," Major Lithologies: The dominant lithologies are light gray (N7) NANNOFOSSIL OOZE WITH CLAY and light olive gray (5Y 6/1) CLAYEY NANNOFOSSIL OOZE. Minor Lithology: Medium dark gray (N4) VOLCANIC ASH occurs throughout the core as discrete layers (e.g., Section 6, 108 cm) as burrow fill. General Description: The core consists of irregularly alternating light gray and light olive gray NANNOFOSSIL OOZE WITH CLAY and CLAYEY NANNOFOSSIL OOZE. The sediment is mottled throughout with several large burrows (>10 cm), filled with VOLCANIC ASH pyritic ooze. Many of the contacts are scoured deformed. Faint green and black laminae occur throughout the core.",CORE  24.1 - 34.17  MBSF
198,1209,B,5,H,33.6,43.59,Holocene to early Miocene," Major Lithology: The core consists of light gray (N7) to light olive gray (5Y 6/1) NANNOFOSSIL OOZE WITH CLAY. Minor Lithology: Olive gray (5Y 4/1) VOLCANIC ASH occurs in Section 1, 7-13 cm. General Description: This sediment exhibits alternating light and dark beds which are mottled throughout with occasional yellowish gray (5Y 8/1) filled burrows. Rare pyrite-filled, cm-scale burrows occur in the core as well. Disseminated pyrite and pyrite concretions are found throughout, as well as faint to pronounced green laminae.",CORE  33.6 - 43.59  MBSF
198,1209,B,6,H,43.1,53.23,Holocene to early Miocene," Major Lithology: This core contains alternating layers of very light gray (N8) NANNOFOSSIL OOZE WITH RADIOLARIANS and light olive gray (5Y 6/1) NANNOFOSSIL OOZE WITH RADIOLARIANS AND CLAY. Minor Lithology: Light gray (N7) NANNOFOSSIL OOZE WITH CLAY layer occurs in Section 6, 45-50 cm. General Description: The contacts between light and dark beds are gradational. Bioturbation is rare to moderate throughout the interval between Section 1 and Section 6. Sectio 7 and the CC are moderately disturbed. Pyrite blebs are present in Section 5 (82-120 cm). Infrequent laminations and bands are present throughout this Core.",CORE  43.1 - 53.23  MBSF
198,1209,B,7,H,52.6,62.66,Holocene to early Miocene, Major Lithology: The dominant lithology is very light gray (N8) NANNOFOSSIL OOZE to light olive gray (5Y 6/1) and light gray (N7) NANNOFOSSIL OOZE WITH CLAY. General Description: This core exhibits cyclical variations in color which become more subtle toward the base of the core. Bioturbation is rare to moderate and the color changes are gradational. A rare pyrite bleb was observed in Section 4 and two prominent green laminae were noted in Section 2. The upper 70 cm is slightly disturbed by drilling.,CORE  52.6 - 62.66  MBSF
198,1209,B,8,H,62.1,72.24,Holocene to early Miocene," Major Lithology: The core consists predominantly of white (N9), very light gray (N8) and yellowish gray (5Y 8/1) NANNOFOSSIL OOZE with thin interbeds of light gray (N7) and light olive gray (5Y 6/1) NANNOFOSSIL OOZE WITH CLAY. General Description: The core is rhythmically bedded with cycles of NANNOFOSSIL OOZE and NANNOFOSSIL OOZE WITH CLAY at frequency of 3 cycles per section. Color changes between lithologies are gentle and commonly bioturbated. There are rare pyrite blebs in the core.",CORE  62.1 - 72.24  MBSF
198,1209,B,9,H,71.6,81.59,Holocene to early Miocene," Major Lithology: This core contains white (N9) to yellowish gray (5Y 8/1, 5Y 7/2) NANNOFOSSIL OOZE. Minor Lithology: Pale yellowish brown (10YR 6/2) NANNOFOSSIL OOZE WITH CLAY. General Discription: This core contains alternating light-dark beds with grad ational contacts. Bioturbation is rare to common with discrete burrows and mottles. The core exhibits faint to distinct color banding (5-20 cm) usually with bioturbated contacts. Pumice clasts (0.5-2 cm) are present in Sections 3, 123 cm, and 5, 47-48 cm.",CORE  71.6 - 81.59  MBSF
198,1209,B,10,H,81.1,90.98,Holocene to early Miocene," Major lithology: The core consists of alternating light/dark beds of NANNOFOSSIL OOZE, NANNOFOSSIL OOZE WITH CLAY, and CLAYEY NANNOFOSSIL OOZE. General comments: This core shows an abrupt downhole transition from light to darker hues. Cycles of NANNOFOSSIL OOZE are very pale in Sections 1, 2 and 4 in various shades of pale greenish yellow (10Y 8/2). The cycles become more pronounced in Sections 4 through CC where they consist of alternating grayish gy..OR orange (10 YR 7/4) NANNOFOSSIL OOZE WITH CLAY and moderate yellowish brown (10YR 5/4) CLAYEY NANNOFOSSIL OOZE (10YR 5/4). Lithologic boundaries are gradational to bioturbated. Distinct trace fossils change from Zoophycos (Sections 1, 3 and 4) to zoned circular burrows starting at 69 cm in Section 4. These burrows are lined with very pale orange (10 YR 8/2) NANNOFOSSIL OOZE.",CORE  81.1 - 90.98  MBSF
198,1209,B,11,H,90.6,100.65,Holocene to early Miocene," Major Lithology: This core contains alternating beds of stiff, dark yellowish brown to moderate yellowish brown CLAYEY NANNOFOSSIL OOZE and pale yellowish brown NANNOFOSSIL OOZE with CLAY. Minor Lithology: Burrow linings and mottles of (10YR 8/2) very pale orange NANNOFOSSIL OOZE. Burrow diameters range to 3 cm and resemble Thallasinoides, but no branching vertical traces were observed. There are several intervals of Zoophycos-like traces, but no backfill structures are apparent. General Description: Contacts are very gradational, with color transitions taking place over 10 to 20 cm, and are moderately burrowed. In Sections 1-3, color cycles are subtle variations of dark and light in one hue. A dark clayey interval occurs in section 4.",CORE  90.6 - 100.65  MBSF
198,1209,B,12,H,100.1,110.17,Holocene to early Miocene, Major Lithology: This core contains pale yellowish brown (10YR 6/2) NANNOFOSSIL OOZE and moderate yellowish brown (10YR 5/4) to dark yellowsh brown (10YR 4/2) NANNOFOSSIL OOZE WITH CLAY. General Description: The core is homogenous in the first three sections. The rest of the core has rhythmically bedded light/dark layers with frequency of two cycles per section. Zoophycos burrows are filled with pale yellow orange (10YR 8/2) ooze in the first 3 sections and are filled with dark yellowish brown (10YR 4/2) ooze in the remainder of the core. White (N9) blebs occur rarely throughout.,CORE  100.1 - 110.17  MBSF
198,1209,B,13,H,109.6,119.54,"109.6-110.63 mbsf: Holocene to early Miocene, 110.63-119.54 mbsf:  early Oligocene to early Paleocene"," Major Lithology: Very pale orange (10 YR 8/2) NANNOFOSSIL OOZE with CLAY dominates in Sections 2 through 7 interbedded with subsidiary dark yellowish brown CLAYEY NANNOFOSSIL OOZE in Sections 1 and 4. Minor Lithology: Intervals of dark yellow brown (10 YR 4/2) bioturbated CLAY occur in Section 1 at 91-103 cm and Section 4 at 50-68 cm General Description: The sediment is relatively homogeneous with the exception of two darker beds in sections 1 and 4. It is faintly mottled throughout with some distinct mottles of very pale orange to while. One large ""burrow"" (or disrupted bed?) at 93-103 cm in Section 6.",CORE  109.6 - 119.54  MBSF
198,1209,B,14,H,119.1,128.83,early Oligocene to early Paleocene, Major Lithology: This contains very pale orange (10YR 8/2) NANNOFOSSIL OOZE WITH CLAY. General Description: The core shows subtle downhole trend toward lighter hues. The sediment is homogeneous with rare burrows filled with grayish pink (5R 8/2) to white (N9) ooze.,CORE  119.1 - 128.83  MBSF
198,1209,B,15,H,128.6,138.13,early Oligocene to early Paleocene, Major Lithology: This core consists of pale yellowish brown (10 YR 6/2) NANNOFOSSIL OOZE and moderate yellowish brown (10YR 5/2) NANNOFOSSIL OOZE WITH CLAY. General Description: In sections 1 through 5 the sediment shows subtle oscillations in color with gradational contacts. Several burrows are filled with very pale orange (10YR 8/2) ooze. Some burrows have halo of moderate yellowish brown (10YR 5/4).,CORE  128.6 - 138.13  MBSF
198,1209,B,16,H,138.1,147.49,early Oligocene to early Paleocene," Major Lithology: This core consists of very pale orange (10YR 8/2), grayish orange (10YR 7/4) NANNOFOSSIL OOZE and moderate yellowish brown (10YR 5/4) NANNOFOSSIL OOZE WITH CLAY. Minor Lithology: A dark yellowish brown (10YR 4/2) CLAYEY NANNOFOSSIL OOZE layer in present at 115-128, in Section 1. General Description: The sediment in this core shows gradational color cycles the amplitudes of which decrease downcore. There is slight drilling disturbance in the form of stretching and soupy intervals (i.e., 95-115 cm in Section 1). Bioturbation is rare throughout. Several burrows are filled with white ooze.",CORE  138.1 - 147.49  MBSF
198,1209,B,17,H,147.6,157.38,early Oligocene to early Paleocene," Major Lithology: The dominant lithologies are grayish orange (10YR 7/4) NANNOFOSSIL OOZE to very pale orange (10YR 8/2) NANNOFOSSIL OOZE WITH CLAY. General Description: The lithology exhibits subtle downhole transition from light to darker hues, but is otherwise relatively uniform. It is slightly mottled in places, and bioturbation varies from rare to moderate.",CORE  147.6 - 157.38  MBSF
198,1209,B,18,H,157.1,166.8,early Oligocene to early Paleocene," Major Lithology: This core contains alternating layers of grayish orange (10YR 7/40) and very pale orange (10YR 8/2) NANNOFOSSIL OOZE. Minor Lithology: Two moderate yellowish brown (10YR 5/4)CLAYEY NANNOFOSSIL OOZE layers, located at 7-16 cm in Section 1, and at 3-10 cm in CC. General Description: The sediment shows subtle color cycles with mostly gradiational contacts. Bioturbation is rare throughout this core. Several burrows are filled with white ooze. There is void interval at 73-84 cm, in Section 2.",CORE  157.1 - 166.8  MBSF
198,1209,B,19,H,166.6,176.06,early Oligocene to early Paleocene, Major Lithology: The core consists of very pale orange (10YR 8/2) to moderate yellowish brown (10YR 5/4) NANNOFOSSIL OOZE. General Description: The sediment exhibits subtle cm-scale color cycles with gradational contacts. Bioturbation is rare to moderate. Several lined burrows are present.,CORE  166.6 - 176.06  MBSF
198,1209,B,20,H,176.1,185.28,early Oligocene to early Paleocene, Major Lithology: This core contains pale yellowish brown (10 YR 6/2) to moderate yellowish brown (10YR 5/4) NANNOFOSSIL OOZE. General Description: The lithology is relatively uniform with subtle decimeter scale variations in color. Bioturbation is rare with the occasional distinct cm-scale burrow filled with very pale orange (10YR 8/2). Some burrows have halo of moderate yellowish brown (10YR 5/2).,CORE  176.1 - 185.28  MBSF
198,1209,B,21,H,185.6,195.23,early Oligocene to early Paleocene," Major Lithology: The core consists of very pale orange (10YR 8/2), grayish orange (10YR 7/4) NANNOFOSSIL OOZE, and moderate yellowish brown (10 YR 5/4) NANNOFOSSIL OOZE WITH CLAY. General Description: The sediment is characterized by subtle color cycles with gradational contacts superimposed on gradual downhole trend toward darker hues. The core is slightly soupy throughout. Bioturbation rare, with the exception of moderately bioturbated interval in Section 5. Cm-scale burrows are filled with white ooze.",CORE  185.6 - 195.23  MBSF
198,1209,B,22,H,195.1,204.85,early Oligocene to early Paleocene," Major Lithology: The core consists primarily of very pale orange (10YR 8/2) NANNOFOSSIL OOZE. Minor Lithology: Moderate yellowish brown (10YR 5/4) CLAY WITH NANNOFOSSILS occurs in Section 1, 128-132 cm. General Description: The sediment is mostly homogeneous with discrete mottling and lined burrows throughout. Section 1 contains sharp, yet slightly mottled contact at 132 cm between the underlying NANNOFOSSIL OOZE and CLAY WITH NANNOFOSSILS above. From the base of the contact, the color grades back to very pale orange. Zoophycos burrows are visible from 110-128 cm.",CORE  195.1 - 204.85  MBSF
198,1209,B,23,H,204.6,214.36,early Oligocene to early Paleocene," Major Lithology: Dominant lithology is very pale orange (10YR 8/2), grayish orange (10YR 7/4) to pale yellowish brown (10YR 6/2) NANNOFOSSIL OOZE. Minor Lithology: In Section 5, 126-150 cm, core consists of moderate yellowish brown (10YR 5/4) CLAYEY NANNOFOSSIL OOZE. General Description: The sediment shows an overall downhole transition from light to dark which culminates in pronounced clay rich layer in section 5. The basal contact of this layer is relatively sharp. Bioturbation is rare. White blebs are present throughout. Some darker burrows are present in Section 3, 90-125 cm.",CORE  204.6 - 214.36  MBSF
198,1209,B,24,H,214.1,223.98,early Oligocene to early Paleocene," Major Lithology: The dominant lithology is very pale orange (10YR 8/2) to pale yellowish brown (10 YR 6/2) NANNOFOSSIL OOZE. Minor Lithology: Section 7, 50-70 cm contains moderate yellowish brown (10YR 5/4) NANNOFOSSIL OOZE WITH CLAY. General Description: The core is homogeneous with subtle color cycles. Bioturbation is rare. White and brown color mottles occur throughout the core except for the interval in Section 7, 50-70 cm, where it is common. Sections 4 and 5 are slightly soupy.",CORE  214.1 - 223.98  MBSF
198,1209,B,25,H,223.6,233.5,"223.6-230.9 mbsf:  early Oligocene to early Paleocene, 230.9-233.5 mbsf:  Maastrichtian", Major Lithology: This core consists of very pale orange (10YR 8/1) NANNOFOSSIL OOZE and moderate yellowish brown (10YR 5/4) to grayish orange (10YR 7/4) NANNOFOSSIL OOZE NANNOFOSSIL OOZE WITH CLAY. General Description: Sediment is moderately bioturbated and relatively homogeneous with noticeable burrowing in darker beds. Color variations are cyclical and relatively gradational. Some 1-3 cm diameter burrows filled with white to very pale orange OOZE. Vertical burrows occur in Section 6 and 7 along with trend towards lighter tones of very pale orange.,CORE  223.6 - 233.5  MBSF
198,1209,B,26,H,233.1,239.61,Maastrichtian, Major Lithology: The dominant lithology is very pale orange (10YR 8/2) NANNOFOSSIL OOZE. Minor Lithology: Some burrows are filled with white (N9) NANNOFOSSIL OOZE. General Description: The sediment is relatively uniform in color with few visible burrows structures. From the top of Section 3 to the base of the core the sediment is noticeably soupy and featureless.,CORE  233.1 - 239.61  MBSF
198,1209,B,27,H,242.6,252.29,Maastrichtian," Major Lithology: The lithology is predominantly very pale orange (10YR 8/2) NANNOFOSSIL OOZE. General Description: The lithology is relatively uniform in color and composition, and faintly mottled with somewhat darker pale orange and rare white mottles of 3 cm diameter. Inoceramid shell fragments occur in Section 3, 45 cm. Moderate ""bowing"" of layers occurs due to coring distrubance in the upper parts of Sections 5 and 6.",CORE  242.6 - 252.29  MBSF
198,1209,B,28,H,252.1,261.92,Maastrichtian," Major Lithology: Core consists of very pale orange (10YR 8/2) NANNOFOSSIL OOZE. General Comments: Sediment is relatively uniform with respect to color and composition with the exception of subtle darkening toward the bottom of the core. Slightly darker hues of very pale orange (10YR 8/2) define burrow mottling and thin (<1 cm) laminae that are likely horizontal burrows (Zoophycos?). Where curved and tilted they define the drilling deformation. Isolated white (N9) oval- to irregular-shaped patches of OOZE are present in Sections 1, 3, 5, 6, and 7. These range up to 5 cm in diameter and are locally zoned with darker interiors.",CORE  252.1 - 261.92  MBSF
198,1209,B,29,H,261.6,271.15,Maastrichtian," Major Lithology: The core consists of very pale orange (10YR 8/2) NANNOFOSSIL OOZE. Minor Lithology: A thin grayish brown (5YR 3/2) layer of CHERT fragments occurs at the top of Section 1. General Description: The sediment is nearly homogeneous throughout, with rare whitish mottling.",CORE  261.6 - 271.15  MBSF
198,1209,B,30,H,271.1,279.42,Maastrichtian, Major Lithology: The dominant lithology in this core is very pale orange (10YR 8/2) NANNOFOSSIL OOZE. General Description: The lithology is extremely uniform with respect to color and composition. Slight mottling of moderate yellowish brown (10YR 8/2) is common throughout the core. Rare burrows are filled with white (N9) ooze.,CORE  271.1 - 279.42  MBSF
198,1209,B,31,H,280.6,289.58,Maastrichtian," Major Lithology: The core consists of very pale orange (10YR 8/2) and firm NANNOFOSSIL OOZE. Minor Lithology: Top 10 cm in Section 1 contains moderat reddish brown (10YR 5/4) CHERT rubble. General Description: The lithology is extremely uniform with respect to both color and composition. Bioturbation is rare throughout and consists of pale yellowish brown (10YR 7/2) mottles and occasional very light gray (N8) burrow fillings. Inoceramid shell fragments are present in Sections 1, 50-51 cm, and 4, 39-40 cm. The sediment is quite firm (almost chalk) in Sections 1-4 and soft ooze in Sections 5-6.",CORE  280.6 - 289.58  MBSF
198,1209,B,32,H,290.1,299.41,"290.1-297 mbsf: Maastrichtian, 297-299.41 mbsf: NA"," Major Lithology: This core consists of vary pale orange (10YR 8/2) to white (N9) NANNOFOSSIL OOZE. Minor Lithology: Moderate yellowish brown (10YR 5/4) and dusky brown (5YR 2/2) CHERT fragments are localized at the top of the core. General Description: The lithology is very uniform. A disburbed interval between the top and 55 cm in Section 1 contains mostly chert fragments (5mm - 5 cm in diameter). Shell fragments (Inoceramids) are observed at 80 cm in Section 4. Bioturbation is rare throughout this core, and burrows filled with white ooze are also rare.",CORE  290.1 - 299.41  MBSF
198,1209,C,1,H,98,108.07,Holocene to early Miocene, Major Lithology: The dominant lithology is pale yellowis brown (10YR 6/2) to very pale orange (10YR 8/2) NANNOFOSSIL OOZE and moderate yellowish brown (10YR 5/4) to dark yellowish brown (10Y/R 4/2) NANNOFOSSIL OOZE WITH CLAY. General Description: This core exhibits significant oscillations in lithology in terms of color (light to dark) and composition. Contacts are bioturbated and thus gradational. Very pale orange mottles occur throughout the core.,CORE  98 - 108.07  MBSF
198,1209,C,2,H,107.5,117.37,"107.5-110.73 mbsf: Holocene to early Miocene, 110.73-117.37 mbsf:  early Oligocene to early Paleocene"," Major Lithologies: The core primarily consists of very pale orange (10YR 8/2) NANNOFOSSIL OOZE and moderate yellowish brown (10YR 5/4) CLAYEY NANNOFOSSIL OOZE. Minor Lithology: Dark yellowish brown (10YR 4/2) CLAY WITH NANNOFOSSILS occurs in several cm-thick intervals and as mottling throughout the core. General Description: This core is characterized by major shift in lithology in terms of color, composition, and texture. Sections 1 through 3, 23 cm contain irregular oscillations of lighter CLAYEY NANNOFOSSIL OOZE and darker CLAY WITH NANNOFOSSILS, and is moderately bioturbated with Zoophycos. Below section 3, 23 cm the sediment is softer and is dominated by nearly homogeneous NANNOFOSSIL OOZE, with discrete lined burrows.",CORE  107.5 - 117.37  MBSF
198,1209,C,3,H,117,126.11,early Oligocene to early Paleocene, Major Lithology: This core consists of very pale orange (10YR 8/2) to grayish orange (10YR 7/4) NANNOFOSSIL OOZE. General Description: This core shows an overall downhole transition from darker to lighter hues. The OOZE is very homogeneous and rarely bioturbated with few white and moderate yellowish brown (10YR 5/4) blebs. Sections 3 and 4 are slightly soupy.,CORE  117 - 126.11  MBSF
198,1209,C,4,H,126.5,135.78,early Oligocene to early Paleocene," Major Lithology: This core contains very pale orange (10YR 8/2) and grayish orange NANNOFOSSIL OOZE, pale yelllowish brown (10YR 6/2) NANNOFOSSIIL OOZE WITH CLAY and moderate yellowish brown (10YR 5/4) CLAYEY NANNOFOSSIL OOZE. General Comments: The sediment exhibits cyclical oscillations in color superimposed on an overall downhole transition from lighter to darker hues. Contacts between darker intervals and lighter intervals are bioturbated to gradational. Burrow mottling is present throughout the core. Drilling disturbance was not uniform. but concentrated in few intervals. Darker intervals were stiff, dry and cut less smoothly.",CORE  126.5 - 135.78  MBSF
198,1209,C,5,H,136,145.63,early Oligocene to early Paleocene," Major Lithology: The dominant lithology is very pale orange (10YR 8/2) NANNOFOSSIL OOZE Minor Lithology: Moderate to dark yellowish brown (10YR 5/4 to 4/2) NANNOFOSSIL OOZE with CLAY and CLAYEY NANNOFOSSIL OOZE General Description: The upper portion of the core is relatively uniform. From section 3 down, there are color cycles of light to somewhat darker intervals with gradational contacts. Rare, large, indistinct burrows mottles (to 2 cm diameter) of white to very pale orange do occur throughout.",CORE  136 - 145.63  MBSF
198,1209,C,6,H,145.5,155.16,early Oligocene to early Paleocene, Major Lithology: The dominant lithology is grayish orange (10YR 7/4) NANNOFOSSIL OOZE. Minor Lithology: Section 1 contains moderate yellowish brown (10YR 5/4) NANNOFOSSIL OOZE WITH CLAY General Description: This core shows downhole color transition from darker to lighter. The lithology is fairly uniform from section 3 through 7. The consistency ranges from stiff to soft. Very pale orange (10YR 8/2) burrows occur throughout the lower portion of the core.,CORE  145.5 - 155.16  MBSF
198,1209,C,7,H,155,164.71,early Oligocene to early Paleocene," Major Lithology: This core contains grayish orange (10YR 7/4), very pale orange (10YR 8/2) and moderate yellowish brown (10YR 5/4) NANNOFOSSIL OOZE. General Description: The sediment exhibits distinct decimeter-scale color cycles with gradational contacts. Bioturbation is rare throughout. Most of burrows are filled with very pale orange (10YR 8/2) OOZE. Some burrows are surrounded by yellowish brown (10YR 6/2) OOZE. Some intervals of the core are slightly soupy.",CORE  155 - 164.71  MBSF
198,1209,C,8,H,164.5,173.59,early Oligocene to early Paleocene," Major Lithology: This core contains primarily grayish orange (10YR 7/4) NANNOFOSSIL OOZE. Minor Lithology: Thin beds of moderate yellowish brown (10YR 5/4) NANNOFOSSIL OOZE WITH CLAY occurs in Section 1, 13-16 cm and Section 6, 68-74 cm. General Description: The sediment is relatively uniform in color and composition. Bioturbation is rare to moderate.",CORE  164.5 - 173.59  MBSF
198,1209,C,9,H,174,183.37,early Oligocene to early Paleocene," Major Lithology: The dominant lithology is grayish orange (10YR 7/4) NANNOFOSSIL OOZE. Minor Lithology: Moderate yellowish brown (10YR 5/4) CLAYEY NANNOFOSSIL OOZE occurs in Section 2, 80-94 cm. General Description: The sediment exhibits very subtle decimeter scale color cycles. Faint to obvious mottles (1-4 cm diameter) of white very pale orange OOZE associated with dark yellowish brown ""halos"" occur throughout, but are most prevalent in Sections 5 and 6. These are probably burrows, but are indistinct in this soft OOZE.",CORE  174 - 183.37  MBSF
198,1209,C,10,H,183.5,193.41,early Oligocene to early Paleocene, Major Lithology: This core consists of NANNOFOSSIL OOZE which varies in color from very pale orange (10YR 8/2) to grayish orange (10YR 7/4). General Description: The lithology is relatively uniform with very subtle color cycles. Some sections are slightly soupy. Color transitions are gradational. Bioturbation is rare throughout this core. Some burrows are filled with white ooze and surrounded by dark yellowish brown ooze.,CORE  183.5 - 193.41  MBSF
198,1209,C,11,H,193,203.09,early Oligocene to early Paleocene," Major Lithology: The dominant lithology is grayish orange (10YR 7/4) to very pale orange (10YR 8/2) NANNOFOSSIL OOZE. Minor Lithology: A thin interval of moderate yellowish brown (10YR 5/4) NANNOFOSSIL CLAY occurs in Section 3, 128-130 cm. General Description: This core exhibits an overall downhole transition from dark to lighter hues, punctuated by 30 cm thick brown laye in Section 3. The basal contact of the brown layer is sharp. Faint cm-scale burrows occur throughout the core, with one very large pinkish gray burrowed interval in Section 4, 24-38 cm rimmed by darker ""halo.""",CORE  193 - 203.09  MBSF
198,1209,C,12,H,202.5,211.9,early Oligocene to early Paleocene, Major Lithology: The core consists of very pale orange (10YR 8/2) to grayish orange (10YR 7/4 NANNOFOSSIL OOZE. Minor Lithology: Section 7 contains pale yellowish brown (10YR 6/2) CLAYEY NANNOFOSSIL OOZE. General Description: This core exhibits distinct downhole shift in color toward darker hues. There are also subtle oscillations in color with gradational contacts. Rare faint mottling occurs throughout.,CORE  202.5 - 211.9  MBSF
198,1209,C,13,H,212,222,early Oligocene to early Paleocene, Major Lithology: This core consists of very pale orange (10YR 8/2) NANNOFOSSIL OOZE with six (3-50 cm) interbeds of grayish orange (10YR 7/4) NANNOFOSSIL OOZE. Minor Lithology: A 20 cm-thick bed of moderate yellow brown (10YR 5/4) CLAYEY NANNOFOSSIL OOZE is present in Section 2. General Comments: The core exhibits subtle light-dark color oscillations. A prominent clay rich interval in section 2 has sharp basal contact. The slightly darker intervals have bioturbated contacts. Bioturbation is moderate with locally dark and light mottling.,CORE  212 - 222  MBSF
198,1209,C,14,H,221.5,231.33,early Oligocene to early Paleocene," Major Lithology: The dominant lithologies are very pale orange (10YR 8/2) to grayish orange (10YR 7/4) and pale yellowish brown (10YR 6/2) NANNOFOSSIL OOZE. Minor Lithology: A moderate yellowish brown (10YR 5/4) CLAYEY NANNOFOSSIL OOZE is present in Sections 1 (88-103 cm),2 (112-136 cm), 5 (10-20 cm), 7 (from 30 and CC. General Description: The core shows downhole transition from very pale orange (with darker color bands) NANNOFOSSIL OOZE in the upper three sections, to grayish orange NANNOFOSSIL OOZE to moderate yellowish brown CLAYEY NANNOFOSSIL OOZE below. Bioturbation is rare to moderate with some zoned burrows and white to brow mottles scattered throughout the core.",CORE  221.5 - 231.33  MBSF
198,1209,C,15,H,231,240.89,"231-234.85 mbsf:  early Oligocene to early Paleocene, 234.85-240.89 mbsf:  Maastrichtian"," Major Lithology: This core contains very pale orange (10YR 8/2) NANNOFOSSIL OOZE. Minor Lithology: In Section 3, 50 cm, the lithology consists of white (N9) FORAMINIFERAL CHALK and very pale yellowish brown (10YR 7/2) CALCISPHERE FORAMINIFERAL CHALK. General Description: The lithology is relatively uniform, moderately bioturbated NANNOFOSSIL OOZE with one distinct horizon. Section 3, 50-71.5 cm, consists of FORAMINIFERAL CHALK with disseminated pyrite in lower part followed by CALCISPHERE FORAMINIFERAL CHALK with pyrite grains and foraminifers as burrow filling (at 71.5-85.5 cm). This is followed by FORAMINIFERAL CHALK (85.5-94 cm) with iron oxides and burrows that penetrate the contact to the overlying lithology.",CORE  231 - 240.89  MBSF
198,1209,C,16,H,240.5,250.29,Maastrichtian," Major Lithology: This core consists of very pale orange (10YR 8/2) NANNOFOSSIL OOZE. Minor Lithology: A grayish orange (10YR 7/4) NANNOFOSSIL OOZE in Section 2, 0-60 cm. General description: The core shows very subtle downhole gradation from dark to ligher hues. The lithology is relatively uniform with the exception of darker bed in Section 2. There are few isolated burrow mottles.",CORE  240.5 - 250.29  MBSF
198,1209,C,17,H,250,251.6,Maastrichtian, Major Lithology: The core consists of homogeneous very pale orange (10YR 8/2) NANNOFOSSIL OOZE with slight burrow mottling. Minor Lithology: The working half of the core contains fragment (5 cm) dark yellowish brown (10YR 4/2) with very pale orange (10YR 4/2) chalky rim.,CORE  250 - 251.6  MBSF
198,1209,C,18,H,252.5,262.31,Maastrichtian, Major Lithology: The dominant lithology is very pale orange (10YR 8/2) NANNOFOSSIL OOZE. Minor Lithology: Dark yellowish brown (10YR 4/2) brecciated fragments of CHERT occur in the upper 18 cm of Section 1. General Description: The sediment is very uniform. Rare white (N9) large mottles are scattered throughout. Common darker bands may represent burrows.,CORE  252.5 - 262.31  MBSF
198,1209,C,19,H,262,267.56,Maastrichtian," Major Lithology: The core consists of very pale orange (10YR 8/2) NANNOFOSSIL OOZE, which is mottled throughout with white and grayish orange burrow fill. Minor Lithology: Dusky yellowish brown CHERT occurs in Section 1, 2-4 cm. General Description: Section 2, 141-152 cm is marred by flow-in, and all of Section 4 is soupy.",CORE  262 - 267.56  MBSF
198,1209,C,20,H,268.4,278.29,Maastrichtian," Major Lithology: The dominant lithology is very pale orange (10YR 8/2) NANNOFOSSIL OOZE. Minor Lithology: Abundant small dark yellowish brown (10YR 4/2) CHERT fragments are scattered throughout the upper 10 cm Section 1. General Description: This core is homogeneous, slightly soupy, and mottled throughout with white and grayish orange burrow fill.",CORE  268.4 - 278.29  MBSF
198,1209,C,21,H,277.9,287.18,Maastrichtian," Major Lithology: The dominant lithology is very pale orange (10YR 8/2) NANNOFOSSIL OOZE WITH FORAMINIFERS. General Description: This sediment is very homogeneous. Bioturbation is moderate throughout the core. Inoceramid prisms are abundant from ~125 cm in Section 1 to ~128 cm in Section 3. Some fragments are up to 4 cm in length. Common large, white (N9) mottles may represent burrow fills remnant carbonate from dissolved Inoceramid shell fragments.",CORE  277.9 - 287.18  MBSF
198,1209,C,22,H,287.4,297.16,"287.4-297 mbsf:  Maastrichtian, 297-297.16 mbsf: NA", Major Lithology: The dominant lithology is very pale orange (10YR 8/2) NANNOFOSSIL OOZE WITH FORAMINIFERS. Minor Lithology: Intensely brecciated dusky yellowish brown (10YR 4/2) CHERT is present in the upper 65 cm of Section. General description: Section 1 has soupy texture with CHERT fragments disseminated through the upper portion. Sections 2 to the base of the core exhibit coring disturbance manifested as alternating hard and soft ooze intervals. The OOZE in this core is very stiff and contains rare large mottles of white (N9).,CORE  287.4 - 297.16  MBSF
