Expedition.Leg,Site_Number,Hole,Core_Number,Core_Type,Core_Top_MBSF,Core_Bottom_MBSF,Age,Description,Core_ID
198,1212,A,1,H,0,4.96,Holocene to middle Miocene," Major Lithology: This core consists of alternating layers of yellowish brown (10YR 4/2; 10YR 6/2) to light, olive, and greenish gray hued (5Y 4/1; 5Y 6/1; 5GY 4/1) CLAYEY FORAMINIFERAL NANNOFOSSIL and CLAYEY NANNOFOSSIL FORAMINIFERAL OOZES, and very light gray (N8) NANNOFOSSIL OOZE WITH FORAMINIFERS. General Description: The sediment lithology as expressed by color is highly variable on the centimeter to decimeter scale. Bedding cycles are quasi-periodic. Most color contacts are gradational (mottled). Several thin mm-scale ash layers are present in Section 2 (70-80 cm). High angle contacts, probably related to coring disturbance, occur in the upper 1 meter of the core. Faint green laminae and bands are scattered throughout. Bioturbation varies from rare to moderate.",CORE  0 - 4.96  MBSF
198,1212,A,2,H,4.9,14.84,Holocene to middle Miocene," Major Lithology: The sediment consists primarily of alternating beds of stiff, very light gray (N8), light olive gray (5Y 6/1, 5Y 5/1) and olive gray (5Y 4/1) NANNOFOSSIL OOZE WITH CLAY. Minor Lithology: There are thin layers of olive gray (5Y 4/1) NANNOFOSSIL OOZE WITH CLAY AND FORAMINIFERS and an olive gray (5Y 4/1) VOLCANIC ASH layer in Section 6 at 77 to 81 cm. General Description: This core exhibits distinct light-dark bedding cycles. Most contacts between dark/light intervals are gradational and bioturbated, though several contacts are sharp. Pyrite blebs and burrow fills are common throughout. There are faint green laminae in the lower parts of Sections 5 and 6. A few rounded pumice fragments (to 2 cm diameter) also occur.",CORE  4.9 - 14.84  MBSF
198,1212,A,3,H,14.4,24.39,Holocene to middle Miocene," Major Lithology: This core contains alternating beds of very light gray (N8) to light gray (N7) NANNOFOSSIL OOZE WITH CLAY AND FORAMINIFERS and light olive gray (5Y 6/1) to olive gray (5Y 4/1) NANNOFOSSIL OOZE WITH CLAY. Minor Lithology: Two layers of VOLCANIC ASH are present in the core. One in Section 1, 92-93 cm, and the other in Section 2, at 95-98 cm. The latter one has slightly inclined basal contact. General Description: This core exhibits prominent light-dark bedding cycles. The thickness of beds varies between 10 cm to1 m. The lighter hued beds (i.e., NANNOFOSSIL OOZE WITH CLAY AND FORAMINIFERS) are generally thicker. Bioturbation is predominantly rare to moderate with color mottling and vertical burrows (sometimes pyritized). Green color laminae are present in few sections.",CORE  14.4 - 24.39  MBSF
198,1212,A,4,H,23.9,33.97,Holocene to middle Miocene," Major Lithology: This core consists of alternating yellowish gray (5Y 8/1) NANNOFOSSIL OOZE WITH CLAY and light olive gray (5Y 6/1) CLAYEY NANNOFOSSIL OOZE WITH FORAMINFERS. Minor Lithology: In Section 4, 37-40 cm, thin bed of olive gray (5Y 4/1) VOLCANIC ASH is burrowed into surrounding NANNOFOSSIL OOZE WITH CLAY. General Description: In terms of color, the amplitude of the bedding cycles decrease downhole. The interbeds of CLAYEY NANNOFOSSIL OOZE WITH FORAMINIFERS become lighter in color as well. Burrows are locally filled with foraminifers (e.g., Section 1, 12-14 cm, 136-140 cm; Section 3 117-124 cm). Pyrite as burrow fill is limited to Sections 1 through 4.",CORE  23.9 - 33.97  MBSF
198,1212,A,5,H,33.4,43.42,Holocene to middle Miocene," Major Lithology: The core consists of alternating beds of stiff, very light gray (N8) NANNOFOSSIL OOZE WITH CLAY and light gray (N7) to medium light gray (N6) NANNOFOSSIL OOZE WITH CLAY AND FORAMINIFERS. General Description: This core exhibits subtle light/dark cycles at approximately three cycles per section. Rare green laminae, pumice, pyrite blebs and burrow fills occur throughout.",CORE  33.4 - 43.42  MBSF
198,1212,A,6,H,42.9,49.43,Holocene to middle Miocene," Major Lithology: Where intact, the core consists of light/dark alternations of yellowish gray (5Y 8/1) and light olive gray (5Y 6/1) layers of NANNOFOSSIL OOZE WITH CLAY. Minor Lithology: One thin bed of olive black (5Y 2/1) VOLCANIC ASH is present at 60-66 cm in Section 5. General Description: The core exhibits prominent light/dark bedding cycles. The darker layers average 15 cm in thickness and there are approximately 10 light/dark cycles visible in the core. Section 1 to Section 2, 74 cm consists of soft drilling breccia with fragments of NANNOFOSSIL OOZE WITH CLAY in drilling slurry. As result, reflectance for Section 1 was not measured.",CORE  42.9 - 49.43  MBSF
198,1212,A,7,H,47.4,57.46,Holocene to middle Miocene," Major lithology: The lithology grades from light olive gray (5Y 6/1) and yellowish gray (5Y 8/1) CLAYEY NANNOFOSSIL OOZE to very light gray (N8) and very pale orange (10YR 8/2) NANNOFOSSIL OOZE WITH CLAY . Miinor Lithology: Pale yellowish brown (10YR 6/2) CLAY WITH NANNOFOSSILS is present in Sections 7 and CC. General Description: The sediment is indistinctly mottled and th color transitions are gradational. Overall, color grades from gray to orange shades from top to bottom of the core. This color transition occurs near the top of Section 5. A prominent dark clay layer is present at the base of the core.",CORE  47.4 - 57.46  MBSF
198,1212,A,8,H,56.9,66.54,"56.9-61.3 mbsf: Holocene to middle Miocene, 61.3-66.54 mbsf:  early middle Eocene to K/T boundary"," Major Lithology: The dominant lithology is very pale orange (10YR 8/2), pale orange pink (5YR 9/4), and pale yellowish brown (10YR 6/2) NANNOFOSSIL OOZE and moderate to dark yellowish brown (10YR 5/4, 10YR 4/2) CLAYEY NANNOFOSSIL OOZE. General Description: The sediment is slightly mottled throughou and more heavily mottled between 0 and 3 cm in Section 4. Rare patches of very pale orange are present throughout the core. There is darker, clay-rich condensed interval in Section 3,120-150 cm. The sediment texture changes downhole from stiff to soft with paste-like consistency in Section 3.",CORE  56.9 - 66.54  MBSF
198,1212,A,9,H,66.4,75.88,early middle Eocene to K/T boundary," Major Lithology: The dominant lithology is grayish orange (10YR 7/4) NANNOFOSSIL OOZE. General Description: This core is relatively uniform in terms of color though there are patches of very pale orange (10YR 8/2) throughout the core. Abundant pyrite nodules (mm- to cm-scale) are present from Section 4, 65 cm, to the base of the core. In the disturbed interval at the top of Section 1 (0-30 cm) there are several blebs of moderate yellowish brown (10YR 5/4) and white (N9).",CORE  66.4 - 75.88  MBSF
198,1212,A,10,H,75.9,85.93,early middle Eocene to K/T boundary," Major Lithology: The core contains very pale orange (10YR 8/2) NANNOFOSSIL OOZE AND NANNOFOSSIL OOZE WITH CLAY and pale yellowish brown (10YR 6/2) CLAYEY NANNOFOSSIL OOZE. Minor Lithology: A thin, bowed-lamina white (N9) NANNOFOSSIL OOZE layer is present in Section 5. General description: The sediment lithology is relatively uniform with the exception of two darker, clay-rich layers in Sections 1 and CC. The layer in section 1 has sharp basal contact and gradational upper contact. Sediments just below the contact contain inorganic calcite needles. There are also black pyrite blebs and streaks in Sections 1, 2, and 3. White blebs are present throughout. Bioturbation is rare to moderate.",CORE  75.9 - 85.93  MBSF
198,1212,A,11,H,85.4,92.25,early middle Eocene to K/T boundary," Major Lithology: The dominant lithology is very pale orange (10YR 8/2) NANNOFOSSIL OOZE WITH CLAY. General Description: The sediment is relatively homogeneous with rare lighter patches throughout. Most of Section 1 (0-130 cm) is highly disturbed and soupy. There is flow-in between ~38 cm in Section 7 and the base of the core. As such, the reflectance records should be viewed with caution.",CORE  85.4 - 92.25  MBSF
198,1212,A,12,H,89.9,99.84,early middle Eocene to K/T boundary," Major Lithology: The dominant lithology is pale yellowish brown (10YR 6/2) to very pale orange (10YR 8/2) to pinkish gray (5YR 8/1) to white (N9) NANNOFOSSIL OOZE and NANNOFOSSIL OOZE WITH FORAMINIFERAS. General Description: This cores shows an abrupt downhole transition from dark to lighter hues. The sediment is mottled throughout, with rare white, discrete burrows present. Pyrite clasts and blebs occur in Sections 1 and 3 Evidence of flow-in and more general deformation indicates that Section 1 may have been disturbed during coring.",CORE  89.9 - 99.84  MBSF
198,1212,A,13,H,99.4,106.38,"99.4-101.4 mbsf:  early middle Eocene to K/T boundary, 101.4-106.38 mbsf: K/T boundary to late Albian"," Major Lithology: The core consists of white (N9) to very pale orange (10YR 8/2) NANNOFOSSIL OOZE. General Description: The sediment is relatively uniform. Bioturbation in Section one is rare to moderate. The material recovered below Section 1, 127 cm should be viewed as suspect since the core barrrel only stroked down to 101.9 m, yet the core returned nearly full. The very soupy nature of the sediment is indicative of flow-in.",CORE  99.4 - 106.38  MBSF
198,1212,B,1,H,0,6.74,Holocene to middle Miocene," Major Lithology: The core consists of alternating olive gray (5Y 4/1) and light olive gray (5Y 6/1) CLAYEY FORAMINIFERAL NANNOFOSSIL OOZE and medium light gray (N6), light gray (N7) and very light gray (N8) NANNOFOSSIL OOZE WITH CLAY. General Description: The core exhibits prominent light-dark bedding cycles. Contacts between lithologies are bioturbated. There is well-developed green banding in Section 4 86 to 115 cm.",CORE  0 - 6.74  MBSF
198,1212,B,2,H,6.7,16.74,Holocene to middle Miocene," Major Lithology: This core contains layers of very light gray (N8), light olive gray (5Y 6/1, 5Y 5/1) NANNOFOSSIL OOZE WITH CLAY and olive gray (5Y 4/1) CLAYEY NANNOFOSSIL OOZE. Minor Lithology: There are thin beds of olive gray (5Y 4/1) NANNOFOSSIL OOZE WITH CLAY AND FORAMINIFERS. A 5 cm thick olive gray (5Y 4/1) VOLCANIC ASH layer occurs in Section 7 at 67 cm. General Description: This core exhibits pronounced decimeter-scale color cycles. Most contacts are gradational and bioturbated, though there are several sharp contacts. Pyrite blebs and burrow fills are common throughout. There are faint green laminae in the lower parts of Sections 5 and 6.",CORE  6.7 - 16.74  MBSF
198,1212,B,3,H,16.2,26.06,Holocene to middle Miocene," Major Lithology: This core contains interbedded light olive gray (5Y6/1) and olive gray (5Y 4/1) NANNOFOSSIL OOZE WITH CLAY and very light gray (N8) NANNOFOSSIL OOZE WITH CLAY to light gray (N7) NANNOFOSSIL OOZE WITH CLAY AND FORAMINIFERS. Minor Lithology: A few intervals with medium light gray (N6), medium gray (N5) and yellowish gray (5Y 8/1,7/2) NANNOFOSSIL OOZE WITH CLAY are present. Two layers of VOLCANIC ASH are present in Sections 1 (144 cm) and 3 (11-15 cm). General Description: The lithology is characterized by pronounced decimeter-scale light (gray hues)-dark (olive gray hues) cycles. The cycles repeat approximately 10 times throughout the core. Bioturbation is rare to moderate with olive gray color mottling and pyrite blebs. In Section 6, 62-71 cm pyritized burrow is present. Contacts between colors are mostly bioturbated gradational. In Sections 1 through 3, faint green laminae are present.",CORE  16.2 - 26.06  MBSF
198,1212,B,4,H,25.7,35.72,Holocene to middle Miocene," Major Lithology: The core contains alternating beds of light greenish gray (5GY 8/1) to yellowish gray (5Y 8/1) NANNOFOSSIL OOZE WITH CLAY and greenish gray (5GY 6/1) to light olive gray (5Y 6/1) CLAYEY NANNOFOSSIL OOZE. Minor Lithology: Two intervals with very light gray (N8) and light gray (N7) NANNOFOSSIL OOZE WITH CLAY AND FORAMINIFERS are present in Sections 1 (N7) and 6 (N8). In Section 4, 58-60 cm, there is layer of VOLCANIC ASH. General Description: This core exhibits pronounced decimeter-scale light-dark cycles. There are approximately 11 cycles in this core. Thickness of the cycles range from 30 cm to almost 2 m, although most of them are around 50 cm. Bioturbation is rare to moderate with color mottling and discrete burrows. Burrows are often partly to complety pyritized filled with foraminifers. Green laminae are present in Section 1.",CORE  25.7 - 35.72  MBSF
198,1212,B,5,H,35.2,45.24,Holocene to middle Miocene," Major Lithology: This core contains interbedded very light gray (N8) to white (N9) NANNOFOSSIL OOZE and light gray (N7) NANNOFOSSIL OOZE WITH CLAY. General Description: This core exhibits pronounced decimeter-scale color cycles. Contacts are gradational and bioturbated. Green laminae are present in Sections 1 and 2 within darker sediment. Pyrite blebs and pyrite-filled burrows are common. A pumice fragment (~1.5 cm) occurs in Section 3, 130 cm.",CORE  35.2 - 45.24  MBSF
198,1212,B,6,H,44.7,54.73,Holocene to middle Miocene," Major Lithology: This core contains interbedded yellowish gray (5Y 8/1), light gray (N8), and pale yellowish brown (10YR 6/2) NANNOFOSSIL OOZE and NANNOFOSSIL OOZE WITH CLAY. Minor Lithology: A layer of VOLCANIC ASH occurs in Section 3, 103 to122 cm. General Description: The sediment exhibits decimeter color cycles. Contacts between beds are gradational and mottled. Bioturbation is rare throughout the core. A single pumice fragment occurs in Section 3, 134 to135 cm.",CORE  44.7 - 54.73  MBSF
198,1212,B,7,H,54.2,63.97,"54.2-63.26 mbsf: Holocene to middle Miocene, 63.26-63.97 mbsf:  early middle Eocene to K/T boundary"," Major Lithology: The dominant lithology is very pale orange (10YR 8/2), very pale yellowish brown (10YR 7/2), pale yellowish brown (10YR 6/2), and yellowish gray (5Y 8/1) NANNOFOSSIL OOZE WITH CLAY and moderate yellowish brown (10YR 5/4) to dark yellowish brown (10YR 4/2) CLAYEY NANNOFOSSIL OOZE. Minor Lithology: There is light brownish gray (5YR 6/1) VOLCANIC ASH layer in Section 1, 48 to 50 cm. General Description: This core exhibits downhole trend from lighter to darker hues. The color transitions between beds are extremely gradational. Where contrasts in color are greater, mottling due to bioturbation is more evident (e.g., Section 6, 50-60 cm and 103-150 cm). Vertical burrows are visible near the top of Section 7 (0-14 cm). The consistency of the sediment is much softer below the clay-rich, condensed interval at the bottom of Section 6. Rare patches of very pale orange persist throughout the core.",CORE  54.2 - 63.97  MBSF
198,1212,B,8,H,63.7,73.45,early middle Eocene to K/T boundary," Major Lithology: The dominant lithology is grayish orange (10YR 7/4) NANNOFOSSIL OOZE. General Description: The sediment is homogeneous with rare patches of very pale orange (10YR 8/2). From the top of Section 6 down to the bottom of the core, mm- to cm-scale pyrite nodules appearing as black spots on the core surface are abundant. There is core disturbance between 130 and 150 cm in Section 1.",CORE  63.7 - 73.45  MBSF
198,1212,B,9,H,73.2,83.19,early middle Eocene to K/T boundary, Major Lithology: The dominant lithology is very pale yellowish brown (10YR 7/2) and pale orange (10YR 8/2) NANNOFOSSIL OOZE. Minor Lithology: A thin (40 cm) bed of moderate yellowish brown (10YR 5/4) CLAYEY NANNOFOSSIL OOZE and pale yellowish brown (10YR 6/2) NANNOFOSSIL OOZE WITH CLAY occurs in section 5. General Description: This core shows marked downhole transtion (in Section 3) from pale yellowish brown to very pale orange. This color transition also coincides with shift in the concentrations of mm to cm-scale pyrite blebs from high to low. The clayey layer in Section 5 has sharp basal contact and gradational upper contact. This clayey layer also contains 1-cm diameter greenish-black burrow which is filled with calcite cemented siliceous spheres of possible biological origin (sponge). Blebs and burrows of moderate yellowish brown (10YR 5/4) and white (N9 occur throughout.,CORE  73.2 - 83.19  MBSF
198,1212,B,10,H,82.7,92.5,early middle Eocene to K/T boundary," Major Lithology: This core consists of very pale orange (10YR 8/2) to pinkish white (5 YR 8/2) NANNOFOSSIL OOZE. Minor Lithology: Thin layers of moderate orange pink (5 YR 7/4) NANNOFOSSIL OOZE WITH CLAY are present in sections 3 and 4. General Description: With the exception of very subtle downhole transition in hues, the sediments are relatively uniform throughout this core. The upper 15 cm contains sediment debris (cave-in) with lithologic characteristics similar to units from shallower portions of the hole.",CORE  82.7 - 92.5  MBSF
198,1212,B,11,H,92.2,101.9,"92.2-101.44 mbsf:  early middle Eocene to K/T boundary, 101.44-101.9 mbsf: K/T boundary to late Albian"," Major Lithology: The core contains interbeds of white (N9) to very light orange pink (5YR 8/4) NANNOFOSSIL OOZE. General Description: The cored interval consists of subtle alternations of lighter (white) and darker (pinkish) intervals of ooze with gradational, mottled contacts. Section 7, 13-24 cm contains the basal clayey unit immediately above the K/T boundary, and is overlain by white (N9) ooze. Below the K/T the lithology is very white homogeneous ooze.",CORE  92.2 - 101.9  MBSF
198,1212,B,12,H,101.7,111.51,K/T boundary to late Albian," Major Lithology: The dominant lithology is white (N9) NANNOFOSSIL OOZE. General Description: The core consists of very homogeneous white OOZE. Section 6, 0-52 cm has bee distrubed during splitting.",CORE  101.7 - 111.51  MBSF
198,1212,B,13,H,111.2,120.93,K/T boundary to late Albian, Major Lithology: The core consists of white (N9) NANNOFOSSIL OOZE. General Description: The sediment is uniform with no visible structures.,CORE  111.2 - 120.93  MBSF
198,1212,B,14,H,120.7,120.77,K/T boundary to late Albian, Major Lithology: This core consists of pale yellowish brown (10YR 6/2) to very pale orange (10YR 8/2) CHERT. General Description: The core consists of drilling brecciated chips of CHERT. Some of the fragments have white (N9) patinas (chalk coatings) on the surface.,CORE  120.7 - 120.77  MBSF
198,1212,B,15,H,121.5,128.62,K/T boundary to late Albian," Major Lithology: The sediment consists of soft, white (N9) NANNOFOSSIL OOZE. Minor Lithology: There is minor component of moderate yellowish brown (10YR 5/4) to pale yellowish brown (10YR 6/2) and grayish orange pink (5YR 7/2) CHERT. General Description: The sediment is homogeneous. There is 30 cm interval of cherty fragments at the top of the core. Section 4, 0 to110 cm is moderately disturbed.",CORE  121.5 - 128.62  MBSF
198,1212,B,17,H,137.2,143.47,K/T boundary to late Albian," Major Lithology: The dominant lithology is white (N9) NANNOFOSSIL OOZE. Minor Lithology: Brecciated medium dark gray (N4) CHERT fragments are present in slurry of white OOZE in most of Section 1. General Description: Most of the core is disturbed and soupy, but intervals of disturbance are difficult to distinguish as there are no color contrasts in the sediment. The OOZE has homogeneous texture and contains Inoceramid shell fragments in Section 2.",CORE  137.2 - 143.47  MBSF
198,1212,B,18,H,143.7,152.44,K/T boundary to late Albian," Major Lithology: Homogeneous, white (N9) NANNOFOSSIL OOZE WITH FORAMINIFERS. Minor Lithology: The top 25 cm of the core contains CHERT chips mixed with white (N9) NANNOFOSSIL OOZE. General Description: The sediment is relatively firm and intact, with very little apparent bioturbation due to the uniform white color. A thin layer of Inoceramid fragments occurs in Section 1, 94-96 cm.",CORE  143.7 - 152.44  MBSF
198,1212,B,19,H,153.2,162.84,K/T boundary to late Albian," Major Lithology: The sediment is white (N9) NANNOFOSSIL OOZE WITH FORAMINIFERS. General Description: The ooze is homogeneous with no apparent bioturbation due to the lack of color/lithology variations. An Inoceramid fragment is present in Section 1, 2 cm. The core is disturbed from Section 5 through the core catcher.",CORE  153.2 - 162.84  MBSF
198,1212,B,20,H,162.7,169.03,K/T boundary to late Albian," Major Lithology: The dominant lithology is white (N9) NANNOFOSSIL OOZE. Minor Lithology: CHERT occurs in Section 1, 1-10 cm as 5-cm fragments mixed with the ooze. General Description: The sediment is homogeneous and slight soupy in texture with mild disturbance.",CORE  162.7 - 169.03  MBSF
198,1212,B,21,H,172.2,173.58,K/T boundary to late Albian," Major Lithology: The sediment consists of homogeneous, highly disturbed and soupy, white (N9) NANNOFOSSIL OOZE. Minor Lithology: Grayish brown (5YR 3/2) brecciated CHERT occurs in Section 1, 0 to 30 cm, mixed with th white OOZE.",CORE  172.2 - 173.58  MBSF
198,1212,B,22,H,175.2,176.49,K/T boundary to late Albian," Major Lithology: The dominant lithology is white (N9) NANNOFOSSIL OOZE. Minor Lithology: Brecciated fragments of dark yellowish orange (10YR 6/6), very pale orange (10YR 8/2), and pale yellowish brown (10YR 6/2) CHERT are abundant in the upper 36 cm of Section 1. General Description: This core is highly disturbed and has small fragments of CHERT randomly distrubuted throughout.",CORE  175.2 - 176.49  MBSF
198,1212,B,23,H,183.7,188.06,K/T boundary to late Albian," Major Lithology: The dominant lithology is white (N9) NANNOFOSSIL OOZE. Minor Lithology: Finely brecciated CHERT occurs in Section 1. General Description: The sediment is homogeneous with no visible sedimentary structures. An Inoceramid fragment (~1 cm) was noted in Section 2 (at 129 cm). Finely brecciated CHERT is present between 0 and 30 cm Section 1 and larger, cm-scale fragments of CHERT appear in Section 1 at 46-49, 62-66, and 74-76 cm.",CORE  183.7 - 188.06  MBSF
198,1212,B,24,H,190,197.66,K/T boundary to late Albian," Major Lithology: The dominant lithology is white (N9) NANNOFOSSIL OOZE WITH INORGANIC CALCITE. Minor Lithology: Section 6 contains 30 cm layer of yellowish gray layer of NANNOFOSSIL OOZE WITH FORAMINIFERAS. Finely brecciated CHERT occurs in Section 1. General Description: The sediment is homogeneous with paste-like consistency and no visible sedimentary structures. Disturbance by drilling and splitting is rare to moderate throughout with the exception of Section 6. Inoceramid fragments are common in the brecciated interval at the top of Section 1. Because of the overall core condition, reflectance was not measured.",CORE  190 - 197.66  MBSF
198,1212,B,25,H,199.3,199.93,K/T boundary to late Albian, Major Lithology: The dominant lithology is yellowish gray (5Y 8/1) NANNOFOSSIL OOZE WITH FORAMINIFERS. Minor Lithology: Brecciated fragments of brownish gray (5YR 4/1) and pale yellowish brown (10YR 6/2) CHERT are abundant from 0-34 cm in Section 1 and from 1-6 cm in the core catche General Description: The sediment has soupy texture from 0-34 cm in Section 1 and becomes stiff from 34 cm to the base of Section 1. The sediment in the core catcher is highly disturbed. Most of the foraminifers in the OOZE are pyrite-filled.,CORE  199.3 - 199.93  MBSF
198,1212,B,26,H,203.5,204.3,K/T boundary to late Albian," Major Lithology: The core consists of CHERT fragments, highly brecciated and fractured during drilling. Colors range from light brown (5YR 5/6) to pale yellowish brown (10YR 6/2) to grayish black (N2).",CORE  203.5 - 204.3  MBSF
198,1212,B,27,H,207.1,207.4,K/T boundary to late Albian, Major Lithology: The dominant lithologies are light gray (N7) NANNOFOSSIL OOZE WITH FORAMINIFERS and medium dark gray (N4) CHERT. General Description: The CHERT is brecciated and the sediment in this core is highly disturbed. The OOZE is present from 0-9 cm and contains CHERT fragments disseminated throughout.,CORE  207.1 - 207.4  MBSF
