Expedition/Leg,Site,Hole,Core Number,Core Type,Top depth cored (m),Bottom depth recovered (m),Age,Description,Core ID
154,928,B,1,H,0,3.81,late Pleistocene,"CLAYEY NANNOFOSSIL OOZE and NANNOFOSSIL CLAYEY MIXED SEDIMENT WITH FE OXIDES General Description: This core contains brown (7.5YR 5/2) NANNOFOSSIL CLAYEY MIXED SEDIMENT WITH FE OXIDES to light brownish gray (10YR 6/2) to gray (10YR 6/1) CLAYEY NANNOFOSSIL OOZE. The core is undisturbed and shows slight burrow mottling throughout. In Section 1 at 80 cm, there is a millimeter-scale Fe oxide horizon. In Sections 1 and 2, there are yellow-brown centimeter- scale thin color bands.",CORE 0 - 3.81 MBSF
154,928,B,2,H,4,13.6,late Pleistocene,"NANNOFOSSIL CLAYEY MIXED SEDIMENT and CLAYEY NANNOFOSSIL OOZE WITH FORAMINIFERS General Description: This core contains gray (10YR 6/1) NANNOFOSSIL CLAYEY MIXED SEDIMENT and light gray (10YR 7/1) CLAYEY NANNOFOSSIL OOZE WITH FORAMINIFERS. Pinkish gray (7.5YR 6/2) CLAYEY NANNOFOSSIL MIXED SEDIMENT WITH FE OXIDES occurs in Section 1, 0-55 cm, and in Section 6, 40-80 cm. The core is soupy in Section 1, 0-30 cm, and slightly disturbed in that section from 30 to 65 cm. A crushed liner occurred in Section 6 from 85 to 130 cm. The entire core shows slight to moderate bioturbation and burrow mottling. Disseminated pyrite occurs in bands at various levels as indicated, and thin centimeter color bands of Fe oxide are also present at several levels. ",CORE 4 - 13.6 MBSF
154,928,B,3,H,13.5,23.19,Pleistocene,"CLAYEY NANNOFOSSIL OOZE and CLAYEY NANNOFOSSIL MIXED SEDIMENT Minor Lithologies: CLAYEY NANNOFOSSIL OOZE WITH IRON OXIDES General Description: This core contains gray (10YR 6/1) CLAYEY NANNOFOSSIL OOZE and brown (7.5YR 5/1) CLAYEY NANNOFOSSIL MIXED SEDIMENT. One layer of light brownish gray (10YR 6/2) CLAYEY NANNOFOSSIL OOZE WITH FE OXIDES occurs in Section 6, 0-50 cm. Narrow bands containing Fe oxides are represented here as individual color bands in the structure column. All color contacts are gradational. Slight to moderate bioturbation and mottling occur throughout the core. Disseminated black pyrite and yellow Fe oxides are common. Section 1, 0-70 cm, is soupy due to drilling disturbance. ",CORE 13.5 - 23.19 MBSF
154,928,B,4,H,23,32.37,Pleistocene,"CLAYEY NANNOFOSSIL OOZE WITH FORAMINIFERS and NANNOFOSSIL CLAY General Description: This core contains gray (10YR 6/1) NANNOFOSSIL CLAY and light gray (10YR 7/1) CLAYEY NANNOFOSSIL OOZE WITH FORAMINIFERS. Narrow bands containing Fe oxides are represented here as individual color bands in the structure column. All color contacts are gradational. Slight to moderate bioturbation and mottling occur throughout the core. Disseminated black Fe sulfides and yellow Fe oxides are common. Section 1, 0-30 cm, is soupy due to drilling disturbance. ",CORE 23 - 32.37 MBSF
154,928,B,5,H,32.5,42.07,Pleistocene,"CLAYEY NANNOFOSSIL OOZE WITH FORAMINIFERS and NANNOFOSSIL CLAY WITH FE OXIDES General Description: This core contains gray (1 OYR 6/1) CLAYEY NANNOFOSSIL OOZE WITH FORAMINIFERS and brown (7.5YR 5/1) NANNOFOSSIL CLAY WITH FE OXIDES. All color contacts are gradational. Disseminated and nodular pyrite occur in several places in the core. Yellow Fe oxides are also common. Color bands in Section 4, 100-102 cm, Section 5, 44-46 cm, and Section 6,139-141 cm, consist of cm-scale black bands flanked upper and lower with thin yellow bands. The entire core is slightly bioturbated. Drilling disturbance has rendered Section 1, 0-40 cm, soupy. ",CORE 32.5 - 42.07 MBSF
154,928,B,6,H,42,51.55,late Pliocene,"NANNOFOSSIL CLAYEY MIXED SEDIMENT WITH FE OXIDES and CLAYEY NANNOFOSSIL OOZE WITH FORAMINIFERS General Description: This core contains gray (10YR 6/1) NANNOFOSSIL CLAYEY MIXED SEDIMENT WITH FE OXIDES and light gray (1OYR 7/1) CLAYEY NANNOFOSSIL OOZE WITH FORAMINIFERS. All color contacts are gradational. Slight to moderate bioturbation and mottling occur throughout the core. Disseminated black pyrite and yellowish, centimeter- scale color bands with Fe oxides are common. Section 1, 0-75 cm, is moderately drilling disturbed. ",CORE 42 - 51.55 MBSF
154,928,B,7,H,51.5,61.24,late Pliocene,"NANNOFOSSIL CLAY and CLAYEY NANNOFOSSIL OOZE WITH FORAMINIFERS General Description: This core contains gray (10YR 6/1) NANNOFOSSIL CLAY and light gray (10YR 7/1) CLAYEY NANNOFOSSIL OOZE WITH FORAMINIFERS. All color contacts are gradational. Slight to moderate bioturbation and mottling occur throughout the core. Disseminated black Fe sulfides and yellowish, centimeter-scale color bands with Fe oxides are common. ",CORE 51.5 - 61.24 MBSF
154,928,B,8,H,61,70.48,late Pliocene,"NANNOFOSSIL CLAY and CLAYEY NANNOFOSSIL OOZE WITH FORAMINIFERS General Description: This core contains gray (10YR 6/1) NANNOFOSSIL CLAY and light gray (10YR 7/1) CLAYEY NANNOFOSSIL OOZE WITH FORAMINIFERS. All color contacts are gradiational. Slight to moderate bioturbation and mottling occur throughout the core. Disseminated black Fe sulfides and yellowish, centimeter-scale color bands with Fe oxides are common. Section 1, 0-50 cm, is soupy due to drilling disturbance. ",CORE 61 - 70.48 MBSF
154,928,B,9,H,70.5,79.93,late Pliocene,"CLAYEY NANNOFOSSIL OOZE WITH FORAMINIFERS and NANNOFOSSIL CLAYEY MIXED SEDIMENT General Description: This core contains light gray (10YR 7/1) CLAYEY NANNOFOSSIL OOZE WITH FORAMINIFERS and pinkish gray (7.5YR 6/1) NANNOFOSSIL CLAYEY MIXED SEDIMENT. The entire core shows slight burrow mottling. Section 1, 0-12 cm, is drilling slough. The bedding-scale color variations are very subtle. Disseminated pyrite and pyrite blebs and a few nodules occur at various levels in the core. The disseminated pyrite often occurs in cm-scale bands in association with individual yellow- brown cm-scale color bands indicated separately in the structure column. ",CORE 70.5 - 79.93 MBSF
154,928,B,10,H,80,89.9,late Pliocene,"CLAYEY NANNOFOSSIL OOZE WITH FORAMINIFERS and NANNOFOSSIL CLAYEY MIXED SEDIMENT General Description: In this core is light gray (10YR 7/1) CLAYEY NANNOFOSSIL OOZE WITH FORAMINIFERS and gray (10YR 6/1) NANNOFOSSIL CLAYEY MIXED SEDIMENT. Section 1,0-12 cm, is drilling slough. The bedding scale color changes are very subtle. The whole core exhibits slight burrow mottling. Pyrite blebs occur throughout the core. Centimeter-scale yellow- brown Fe oxide color bands are indicated individually. ",CORE 80 - 89.9 MBSF
154,928,B,11,H,89.5,99.38,late Pliocene,"NANNOFOSSIL CLAYEY MIXED SEDIMENT and CLAYEY NANNOFOSSIL OOZE WITH FORAMINIFERS General Description: This core contains gray (1OYR 6/1) NANNOFOSSIL CLAYEY MIXED SEDIMENT and pinkish gray (7.5YR 6/1) CLAYEY NANNOFOSSIL OOZE WITH FORAMINIFERS. The bedding scale color variations are very subtle throughout. The core shows slight burrow mottling. Pyrite blebs and a little disseminated pyrite is present. In addition, two thin yellow-brown Fe oxide color bands occurring together are indicated. ",CORE 89.5 - 99.38 MBSF
154,928,B,12,H,99,108.43,late Pliocene,"CLAYEY NANNOFOSSIL OOZE and CLAYEY NANNOFOSSIL OOZE WITH FORAMINIFERS General Description: This core contains gray (1OYR 6/1) CLAYEY NANNOFOSSIL OOZE and light gray (10YR 7/1) CLAYEY NANNOFOSSIL OOZE WITH FORAMINIFERS. All the bedding scale color changes are very subtle. The core shows slight burrow mottling. Section 1, 0-13 cm, is drilling slough. Pyrite blebs occur at many levels in the core. ",CORE 99 - 108.43 MBSF
154,928,B,13,H,108.5,118.29,late Pliocene,CLAYEY NANNOFOSSIL OOZE and CLAYEY NANNOFOSSIL OOZE WITH FORAMINIFERS General Description: This core contains gray (10YR 6/1) CLAYEY NANNOFOSSIL OOZE and light gray (10YR 7/1) CLAYEY NANNOFOSSIL OOZE WITH FORAMINIFERS. All color transitions are subtle. The entire core is slightly bioturbated. Disseminated pyrite occurs throughout the core. Nodular pyrite is present as indicated. ,CORE 108.5 - 118.29 MBSF
154,928,B,14,H,118,127.36,early Pliocene,CLAYEY NANNOFOSSIL OOZE and CLAYEY NANNOFOSSIL OOZE WITH FORAMINIFERS General Description: This core contains gray (10YR 6/1) CLAYEY NANNOFOSSIL OOZE and light gray (10YR 7/1) CLAYEY NANNOFOSSIL OOZE WITH FORAMINIFERS. All color transitions are gradational. The entire core is slightly bioturbated. ,CORE 118 - 127.36 MBSF
154,928,B,15,H,127.5,136.94,early Pliocene,CLAYEY NANNOFOSSIL OOZE and CLAYEY NANNOFOSSIL OOZE WITH FORAMINIFERS General Description: This core contains light brownish gray (2.5YR 6/2) and pinkish gray (7.5YR 6/2) CLAYEY NANNOFOSSIL OOZE interbedded with light gray (5Y 7/1) CLAYEY NANNOFOSSIL OOZE WITH FORAMINIFERS. CLAYEY NANNOFOSSIL OOZE beds less than 30 cm thick are represented by the thick and medium color band symbols in the structure column. All color transitions are subtle. The entire core is slightly bioturbated. Disseminated pyrite occurs throughout the core. CLAYEY NANNOFOSSIL OOZE WITH FORAMINIFERS Photo not provided. ,CORE 127.5 - 136.94 MBSF
154,928,B,16,X,137,137.05,early Pliocene,CLAYEY NANNOFOSSIL OOZE and CLAYEY NANNOFOSSIL OOZE WITH FORAMINIFERS General Description: This core contains pale brown (10YR 6/3) CLAYEY NANNOFOSSIL OOZE interbedded with light brownish gray (10YR 6/2) CLAYEY NANNOFOSSIL OOZE WITH FORAMINIFERS. CLAYEY NANNOFOSSIL OOZE beds less than 30 cm thick are represented by the medium color band symbol in the structure column. All color transitions are subtle. The entire core is slightly bioturbated. ,CORE 137 - 137.05 MBSF
154,928,B,17,X,146.5,147.35,late Miocene,CLAYEY NANNOFOSSIL OOZE and CLAYEY NANNOFOSSIL OOZE WITH FORAMINIFERS General Description: This core contains pale brown (10YR 6/3) CLAYEY NANNOFOSSIL OOZE interbedded with light brownish gray (10YR 6/2) CLAYEY NANNOFOSSIL OOZE WITH FORAMINIFERS. CLAYEY NANNOFOSSIL OOZE beds less than 30 cm thick are represented by the medium color band symbol in the structure column. All color transitions are subtle. The entire core is slightly bioturbated.,CORE 146.5 - 147.35 MBSF
154,928,B,18,X,156.2,166.01,late Miocene,"NANNOFOSSIL CLAY and CLAYEY NANNOFOSSIL OOZE General Description: This core contains brown (7.5YR 5/2) and light brownish gray (10YR 6/2) NANNOFOSSIL CLAY and light gray (5GY 7/1) CLAYEY NANNOFOSSIL OOZE. Interbedded NANNOFOSSIL CLAY intervals in Sections 5, 6, and 7 are represented by thick and medium color band symbols. Several light gray (5GY 7/1) foraminifer-rich turbidites occur in Sections 1, 6, and 7 and are indicated by individual thin color bands (sharp contacts) in the structure column. The clay beds contain trace quantities of Fe oxides. ",CORE 156.2 - 166.01 MBSF
154,928,B,19,X,165.9,175.85,middle Miocene,"CLAYEY NANNOFOSSIL OOZE WITH FORAMINIFERS and NANNOFOSSIL CLAY General Description: This core contains pinkish gray (7.5YR 6/2) and light gray (2.5Y 7/2) NANNOFOSSIL CLAY and light gray (10YR 7/2) CLAYEY NANNOFOSSIL OOZE WITH FORAMINIFERS. It contains mostly small cm-scale bedding structures and color bands. As such the values reported in the color column represent averages of individual beds within that particular interval. Moreover, the interbedded clay/nannofossil ooze symbol is used to represent the two main lithologies. This core shows evidence of sediment disturbance by both coring and slumping. Parts of core in Sections 1, 2, 5, and 6 have been rotated, sheared, and remolded resulting in contorted and cross- bedding. Intervals not disturbed by drilling are heavily mottled due to bioturbation such that it is difficult to distinguish bedding boundaries. Other intervals contain wavy and convolute laminae suggestive of soft sediment deformation by slumping. Interbedded NANNOFOSSIL CLAY intervals are represented by thick and medium color band symbols. A light gray (5GY 8/1) foraminifer-rich turbidite in Section 4,130-140 cm is indicated by an individual thin color band (sharp contacts) in the structure column. The clay beds contain trace quantities of Fe oxides. ",CORE 165.9 - 175.85 MBSF
154,928,B,20,X,175.5,185.17,middle Miocene,"CLAYEY NANNOFOSSIL OOZE WITH FORAMINIFERS and NANNOFOSSIL CLAY General Description: The sediment above Section 2, 65 cm, consists of light gray (2.5Y 7/2) and light brownish gray (2.5Y 6/2) CLAYEY NANNOFOSSIL OOZE WITH FORAMINIFERS interbedded with light reddish brown (5YR 6/3) NANNOFOSSIL CLAY. The sediments in this interval are moderately bioturbated and color contacts are gradational. The clay layers contain trace quantities of Fe oxides and are represented in the structure column by the medium color banding symbol. The sediment below Section 2, 65 cm, contains numerous soft sediment deformation features suggestive of downslope transport (slumping). These features include wavy and convoluted bedding, parallel and cross-laminae, truncated beds, and normal microfaults, all in the order depicted in the structure column. Although the primary sediment composition of the slump sequence is the same as above, because of irregular, small scale bedding features, it is depicted in the lithology column with the interbedded clay/nannofossil ooze symbol. The upper and lower boundaries of the slump are marked by cm-scale foraminifer-rich turbidites (Section 2, at 65 cm and Section 6, at 120 cm). ",CORE 175.5 - 185.17 MBSF
154,928,B,21,X,185.2,194.76,middle Miocene,"NANNOFOSSIL OOZE WITH FORAMINIFERS AND CLAY, CLAYEY NANNOFOSSIL OOZE, NANNOFOSSIL CLAY WITH FE OXIDES, and CLAY WITH NANNOFOSSILS General Description: The sediment above Section 3, 60 cm, of this core consists of light greenish gray (5GY 7/1) to pale brown (10YR 6/3) NANNOFOSSIL OOZE WITH CLAY AND FORAMINIFERS and contains numerous soft sediment deformation features suggestive of downslope transport (slumping). The slump interval contains wavy, convolute and flaser bedding, parallel and cross-laminae, truncated beds, and normal microfaults in the order depicted in the structure column. The sediment below the slump deposit contains light brownish gray (2.5Y 6/2) to light gray (5Y 7/1) CLAYEY NANNOFOSSIL OOZE interbedded with grayish brown (5YR 5/2) NANNOFOSSIL CLAY WITH FE OXIDES and grayish brown (10YR 5/2) CLAY WITH NANNOFOSSILS. The sediments in this interval are moderately bioturated and color contacts are gradational. Another interval indicative of slump structures occurs in Section 6, 80-140 cm. A small (5 cm) sand-sized, white turbidite is present on top of this interval and exhibits sharp bottom and top contacts. ",CORE 185.2 - 194.76 MBSF
154,928,B,22,X,194.8,200.6,middle Miocene,"CLAYEY NANNOFOSSIL OOZE, CLAYEY NANNOFOSSIL OOZE WITH FORAMINIFERS, and CLAY WITH FORAMINIFERS AND IRON OXIDES General Description: This core contains three interchanging lithologies: grayish brown (2.5Y 5/2) CLAYEY NANNOFOSSIL OOZE, light gray (5Y 7/1) CLAYEY NANNOFOSSIL OOZE WITH FORAMINIFERS, and brown (7.5YR 5/2) CLAY WITH FORAMINIFERS AND IRON OXIDES. All color contacts are gradational and the different colored layers are only centimeter scale in thickness. The entire core is mottled and moderately bioturbated. A few thin to medium color bands occur in the core and are indicated in the structure column. Black disseminated Fe sulfide is present in a burrow in Section 2,139 cm. ",CORE 194.8 - 200.6 MBSF
154,928,B,23,X,204.5,213.96,middle Miocene,FORAMINIFER CLAYEY NANNOFOSSIL CHALK and CLAYSTONE General Description: This core contains light greenish gray (7.5GY 7/1) FORAMINIFER CLAYEY NANNOFOSSIL CHALK alternating with small beds (<20 cm) of grayish brown (2.5Y 5/2) to gray (2.5Y 5/1) CLAYSTONE. Beds of CLAYSTONE are represented as individual medium color bands in the structure column. All color contacts are gradational. The entire core is slightly bioturbated and mottled. The upper 15 cm of the core are moderately drilling disturbed. ,CORE 204.5 - 213.96 MBSF
154,928,B,24,X,214.2,224.03,middle Miocene,"NANNOFOSSIL CHALK WITH CLAY and CLAYEY NANNOFOSSIL CHALK General Description: This core contains light greenish gray (5GY 7/1) NANNOFOSSIL CHALK WITH CLAY alternating with small beds (<20 cm) of grayish brown (2.5Y 5/2) CLAYEY NANNOFOSSIL CHALK which include traces of biosiliceous material. The beds of CLAYEY NANNOFOSSIL CHALK are represented as individual medium color bands in the structure column. Sedimentation deformation features indicative of slumping occur from Section 2, 80 cm, to Section 6, 80 cm. These features include convolute bedding, scoured contacts, cross-bedding, and wavy laminae. However, some of these features, especially cross-bedding, may be a result of rotated drilling biscuits. All color contacts are gradational. The entire core is slightly bioturbated and mottled. ",CORE 214.2 - 224.03 MBSF
154,928,B,25,X,223.9,233.11,early Miocene,"NANNOFOSSIL CHALK WITH CLAY AND FORAMINIFERS and CLAYEY NANNOFOSSIL CHALK General Description: This core contains light greenish gray (5GY 7/1) NANNOFOSSIL CHALK WITH CLAY AND FORAMINIFERS alternating with thin beds (<20 cm) of light gray (5Y 7/1) CLAYEY NANNOFOSSIL CHALK. The CLAYEY NANNOFOSSIL CHALK beds contain traces of biosiliceous material and are graphically depicted as medium color bands in the structure column. All color contacts are gradational. The entire core is slightly bioturbated and mottled. A foraminifer-rich turbidite occurs in Section 6, 90-105 cm. ",CORE 223.9 - 233.11 MBSF
154,928,B,26,X,233.6,235.38,early Miocene,"NANNOFOSSIL CHALK WITH CLAY AND FORAMINIFERS and CLAYEY NANNOFOSSIL CHALK General Description: This core contains light greenish gray (7.5GY 7/1) NANNOFOSSIL CHALK WITH CLAY AND FORAMINIFERS alternating with thin beds (<20 cm) of light gray (5Y 7/1) CLAYEY NANNOFOSSIL CHALK. The CLAYEY NANNOFOSSIL CHALK beds contain traces of biosiliceous material and are graphically depicted as medium color bands in the structure column. All color contacts are gradational. The entire core is slightly bioturbated and mottled. A foraminifer-rich turbidite occurs in Section 1, 80-95 cm. ",CORE 233.6 - 235.38 MBSF
154,928,B,27,X,243.2,251.74,early Miocene,"CLAYEY NANNOFOSSIL CHALK WITH FORAMINIFERS and CLAYEY NANNOFOSSIL CHALK General Description: This core contains light greenish gray (7.5GY 7/1) CLAYEY NANNOFOSSIL CHALK WITH FORAMINIFERS alternating with thin beds (<20 cm) of gray (5Y 6/1) CLAYEY NANNOFOSSIL CHALK which invariably have a darker blue-green layer immediately above them. Both lithologies contain traces of biosiliceous fragments. The CLAYEY NANNOFOSSIL CHALK beds are shown as color bands in the structure column. In Sections 6 to CC, the gray beds are absent, and burrow mottles show traces of manganese compounds. All color contacts are gradational. The entire core is slightly to moderately bioturbated and mottled. Fractures and drilling biscuits occur in all sections. ",CORE 243.2 - 251.74 MBSF
154,928,B,28,X,252.9,262.56,early Miocene,"CLAYEY NANNOFOSSIL MIXED SEDIMENT and NANNOFOSSIL CHALK WITH CLAY AND FORAMINIFERS General Description: This core contains light greenish gray (7.5GY 6/1) CLAYEY NANNOFOSSIL MIXED SEDIMENT alternating with light greenish gray (5GY 7/1) NANNOFOSSIL CHALK WITH CLAY AND FORAMINIFERS. Both lithologies contain small amounts of biosiliceous fragments. A small sand- sized turbidite occurs in Section 3 from 80 to 95 cm. This turbidite contains laminae, is rich in foraminifers, and has a sharp bottom contact and a gradational top contact. All color contacts are gradational. The entire core is slightly to moderately bioturbated and mottled. Fractures and drilling biscuits occur in all sections. Specks of purple material occur in all sections; these are probably rich in manganese oxides. ",CORE 252.9 - 262.56 MBSF
154,928,B,29,X,262.5,267.64,early Miocene,CLAYEY NANNOFOSSIL CHALK WITH FORAMINIFERS and NANNOFOSSIL CLAYEY MIXED SEDIMENT General Description: This core contains light greenish gray (7.5GY 7/1) CLAYEY NANNOFOSSIL CHALK WITH FORAMINIFERS alternating with thin beds (<20 cm) of light grayish green (10GY 6/1) NANNOFOSSIL CLAYEY MIXED SEDIMENT. Thin beds are represented by individual medium color bands in the structure column. Both lithologies contain small amounts of biosiliceous fragments. All color contacts are gradational. The entire core is slightly to moderately bioturbated and mottled. Fractures and drilling biscuits occur in all sections.,CORE 262.5 - 267.64 MBSF
154,928,B,30,X,271.8,274.11,early Miocene,CLAYEY NANNOFOSSIL CHALK WITH FORAMINIFERS and NANNOFOSSIL CLAYEY MIXED SEDIMENT General Description: This core contains light greenish gray (7.5GY 7/1) CLAYEY NANNOFOSSIL CHALK WITH FORAMINIFERS alternating with thin beds (<20 cm) of light grayish green (10GY 6/1) NANNOFOSSIL CLAYEY MIXED SEDIMENT. Thin beds are represented by individual medium color bands in the structure column. Both lithologies contain small amounts of biosiliceous fragments. All color contacts are gradational. The entire core is slightly to moderately bioturbated and mottled. Fractures and drilling biscuits occur in all sections. The upper 80 cm of the core are highly fractured. ,CORE 271.8 - 274.11 MBSF
154,928,B,31,X,281.5,290.7,early Miocene,NANNOFOSSIL CHALK WITH CLAY AND FORAMINIFERS and NANNOFOSSIL CLAY General Description: This core contains pale green (7.5GY 7/1) NANNOFOSSIL CHALK WITH CLAY AND FORAMINIFERS alternating with grayish green (10GY 6/1) NANNOFOSSIL CLAY. The CLAY contains up to 8% biosiliceous material whereas only traces of radiolarians are present in the CHALK. All color contacts are gradational. The entire core is moderately bioturbated with purple halos around some burrows. Discrete Zoophycos traces occur at three places. The majority of the core is biscuited due to drilling disturbance. ,CORE 281.5 - 290.7 MBSF
154,928,B,32,X,291.2,299.19,early Miocene,"CLAYEY NANNOFOSSIL CHALK and NANNOFOSSIL CLAY WITH RADIOLARIANS General Description: This core contains pale green (7.5GY 7/1) CLAYEY NANNOFOSSIL CHALK alternating with grayish green (10GY 6/1) NANNOFOSSIL CLAY WITH RADIOLARIANS. The content of radiolarians ranges from about 1 % in the CHALK to about 10% in the CLAY. All color contacts are gradational. The entire core is moderately bioturbated with recognizable Zoophycos, Cho?drites, Planolites, and vertical burrows. Purple halos (Mn oxides?) occur around some burrows. The core is slightly to highly fractured. ",CORE 291.2 - 299.19 MBSF
154,928,B,33,X,300.9,310.66,early Miocene,"CLAYEY NANNOFOSSIL CHALK WITH FORAMINIFERS and NANNOFOSSIL CLAY WITH RADIOLARIANS General Description: This core contains moderate greenish gray (10GY 6/1) NANNOFOSSIL CLAY WITH RADIOLARIANS and light greenish gray (5GY 7/1) CLAYEY NANNOFOSSIL CHALK WITH FORAMINIFERS. The radiolarian content ranges from about 3% in the CHALK to about 10% in the CLAY. All the color contacts are gradational. The whole core shows slight burrow mottling. Recognizable burrow mottles are Zoophycos, Planolites, Chondrites, and vertical burrows. Section 1, 0-10 cm, is drilling slough and the rest of the core is biscuited with more shearing in the NANNOFOSSIL CLAY WITH RADIOLARIANS. ",CORE 300.9 - 310.66 MBSF
154,928,B,34,X,310.7,320.44,early Miocene,"NANNOFOSSIL CLAY and CLAYEY NANNOFOSSIL OOZE General Description: This core contains light greenish gray (5GY 7/1) CLAYEY NANNOFOSSIL OOZE and greenish gray (5GY 6/1) NANNOFOSSIL CLAY. The radiolarian content ranges from about 2% in the CHALK to about 7% in the CLAY. The whole core is biscuited with minor drilling paste. There is slight burrow mottling at all levels with Planolites and Zoophycos identifiable. In Section 1, 54-57 cm and Section 3, 84-90 cm thin cm- scale color bands are present. ",CORE 310.7 - 320.44 MBSF
154,928,B,35,X,320.4,330.17,early Miocene,"CLAYEY NANNOFOSSIL OOZE WITH FORAMINIFERS and NANNOFOSSIL CLAY WITH RADIOLARIANS General Description: This core contains greenish gray (5GY 6/1) NANNOFOSSIL CLAY WITH RADIOLARIANS and light greenish gray (5GY 7/1) CLAYEY NANNOFOSSIL CHALK. The radiolarian content ranges from about 3% in the CLAYEY NANNOFOSSIL CHALK WITH FORAMINIFERS to about 10% in the NANNOFOSSIL CLAY WITH RADIOLARIANS. The core is slightly fractured, except in Section 1, 70-80 cm, Section 2, 40-42 cm, Section 3, 107-113 cm, and Section 6, 82-89 cm, where there is moderate fracturing due to shearing. The core is slightly burrow mottled throughout with Planolites, Zoophycos, vertical burrows, and Chondrites. In Section 2, 45-65 cm, and Section 4, 30-45 cm, there are burrow fills composed entirely of very fine-grained pyrite. In Sections 2 and 4 the burrow mottles are surrounded by purple halos of (?) manganese oxide. There are thin color bands in Section 3, 61-63 cm, Section 3,142 cm, and Section 5,12-22 cm. ",CORE 320.4 - 330.17 MBSF
154,928,B,36,X,330,339.79,early Miocene,"CLAYEY NANNOFOSSIL CHALK and NANNOFOSSIL CLAY General Description: This core contains light greenish gray (5GY 7/1) CLAYEY NANNOFOSSIL CHALK and greenish gray (7.5GY 6/1) NANNOFOSSIL CLAY. The radiolarian content ranges from no visible examples in the CHALK to about 1 % in the CLAY. There is slight burrow mottling throughout the core with Planolites, vertical burrows, Zoophycos, and Chondrites visible. Burrow fills containing pure, soft, very fine-grained pyrite are present in Section 1, 99-107 cm, Section 3, 50-54 and 96-98 cm, Section 5, 10-14, 68-70, and 90-96 cm. The core is slightly fractured except for Section 1,100-110 cm, Section 2, 79-84 and 127-128 cm, and Section 4, 70-75 and 98-107 cm, where there is moderate fracturing due to shearing. There are thin color bands in Section 1,100-110 cm, and Section 2,130-140 cm. ",CORE 330 - 339.79 MBSF
154,928,B,37,X,339.7,347.8,early Miocene,"CLAYEY NANNOFOSSIL CHALK WITH FORAMINIFERS and NANNOFOSSIL CLAY General Description: This core contains light greenish gray (7.5GY 7/1) CLAYEY NANNOFOSSIL CHALK WITH FORAMINIFERS and greenish gray (7.5GY 6/1) NANNOFOSSIL CLAY. The CLAY contains trace quantities of radiolarian fragments. There is slight burrow mottling throughout the core with Planolites, vertical burrows, Zoophycos and Chondrites visible. Burrow fills containing pure, soft, very fine-grained pyrite are present as depicted in the structure column.",CORE 339.7 - 347.8 MBSF
154,928,B,38,X,349.3,357.7,late Oligocene-early Miocene,"CLAYEY NANNOFOSSIL CHALK WITH FORAMINIFERS and NANNOFOSSIL CLAY General Description: This core contains light greenish gray (7.5GY 7/1) CLAYEY NANNOFOSSIL CHALK WITH FORAMINIFERS and greenish gray (5GY 6/1) NANNOFOSSIL CLAY. The CLAY contains trace quantities of radiolarian fragments. There is slight burrow mottling throughout the core with Planolites, vertical burrows, Zoophycos, and Chondrites visible. Burrow fills containing pure, soft, very fine-grained pyrite are present at the following levels: Section 1,10-11, 33-35,105-106, and 140-144 cm; Section 3, 121-136 cm; Section 5, 80-90 cm; and CC, 28-35 cm. ",CORE 349.3 - 357.7 MBSF
154,928,B,39,X,358.9,367.97,late Oligocene,"CLAYEY NANNOFOSSIL CHALK WITH FORAMINIFERS and NANNOFOSSIL CHALK General Description: This core contains light greenish gray (5GY 7/1) CLAYEY NANNOFOSSIL CHALK WITH FORAMINIFERS and greenish gray (5GY 6/1) NANNOFOSSIL CLAY. There is slight burrow mottling throughout the core with Planolites, vertical burrows, Zoophycos, and Chondrites visible. Burrow fills containing pure, soft, very fine-grained pyrite are present at the following levels: Section 1,102-103 cm; Section 2, 54, 73, and 146 cm; Section 3, 7-9,17-19, and 110-113 cm; and Section 4, 25-30, 78-80, and 110 cm.",CORE 358.9 - 367.97 MBSF
154,928,B,40,X,368.2,377.3,late Oligocene,"CLAYEY NANNOFOSSIL CHALK WITH FORAMINIFERS and NANNOFOSSIL CLAY General Description: This core contains light greenish gray (5GY 7/1) CLAYEY NANNOFOSSIL CHALK WITH FORAMINIFERS and greenish gray (5GY 6/1) NANNOFOSSIL CLAY. There is slight to moderate burrow mottling throughout the core with Planolites, Zoophycos, Teichnichus (Section 3, 135-140 cm), Chondrites, and vertical burrows visible. Burrow fills containing pure, soft, very fine-grained pyrite are present at the following levels: Section 4,49-51 and 104-120 cm; Section 5, 80,115, and 51-59 cm. ",CORE 368.2 - 377.3 MBSF
154,928,B,41,X,377.8,386.65,late Oligocene,"CLAYEY NANNOFOSSIL CHALK WITH FORAMINIFERS and NANNOFOSSIL CLAY General Description: This core contains light greenish gray (5GY 7/1) CLAYEY NANNOFOSSIL CHALK WITH FORAMINIFERS and greenish gray (5GY 6/1) and gray (10Y 6/1) NANNOFOSSIL CLAY. There is slight to moderate burrow mottling throughout the core with Planolites, Zoophycos, Teichnichus (Section 3,135-140 cm), Chondrites, and vertical burrows visible. A 30-cm- thick turbidite occurs in Section 3, 100-130 cm. Burrow fills containing pure, soft, very fine-grained pyrite are present at the following levels: Section 2, 97-100 and 122-125 cm, Section 4, 12-24, 97-99, and 119-122 cm; Section 5, 3-6 and 70-90 cm, Section 6, 57-70, 84-87, 110-130 cm, Section 7, 24-25 cm. ",CORE 377.8 - 386.65 MBSF
154,928,B,42,X,387.5,396.86,late Oligocene,"CLAYEY NANNOFOSSIL CHALK WITH FORAMINIFERS and NANNOFOSSIL CLAY General Description: This core contains light greenish gray (5GY 7/1) CLAYEY NANNOFOSSIL CHALK WITH FORAMINIFERS and gray (10Y 6/1) NANNOFOSSIL CLAY. There is slight to moderate burrow mottling throughout the core with Planolites, Zoophycos, Teichnichus (Section 3, 135-140 cm), Chondrltes, and vertical burrows visible. Burrow fills containing pure, soft, very fine-grained pyrite are present throughout the core. ",CORE 387.5 - 396.86 MBSF
154,928,B,43,X,396.8,406.61,late Oligocene,"CLAYEY NANNOFOSSIL CHALK WITH FORAMINIFERS and NANNOFOSSIL CLAY General Description: This core contains alternating light greenish gray (7.5GY 7/1) CLAYEY NANNOFOSSIL CHALK WITH FORAMINIFERS and gray (10Y 6/1) NANNOFOSSIL CLAY. Bedding contacts are gradational. There is slight to moderate burrow mottling throughout the core with Planolites, Zoophycos, Chondrites, and vertical burrows visible. Burrow fills containing pure, soft, very fine- grained pyrite are present throughout the core. ",CORE 396.8 - 406.61 MBSF
154,928,B,44,X,406.4,416.23,late Oligocene,"CLAYEY NANNOFOSSIL CHALK and NANNOFOSSIL CLAY MIXED SEDIMENT General Description: This core contains alternating light greenish gray (5GY 7/1) CLAYEY NANNOFOSSIL CHALK and gray (10Y 6/1) NANNOFOSSIL CLAY MIXED SEDIMENT. Bedding contacts are gradational. There is slight to moderate burrow mottling throughout the core with Planolites, Zoophycos, Chondrites, and vertical burrows visible. Burrow fills containing pure, soft, very fine- grained pyrite are present throughout the core. Trace quantities of zeolites are also present. ",CORE 406.4 - 416.23 MBSF
154,928,B,45,X,416,425.82,late Oligocene,"CLAYEY NANNOFOSSIL CHALK WITH FORAMINIFERS and NANNOFOSSIL CLAYSTONE General Description: This core contains alternating light greenish gray (7.5GY 8/1) CLAYEY NANNOFOSSIL CHALK WITH FORAMINIFERS and gray (10Y 6/1) NANNOFOSSIL CLAYSTONE. Bedding contacts are gradational. Thin, millimeter-scale, green color bands are common within the darker bed. There is slight to moderate burrow mottling throughout the core with Planolites, Zoophycos, Chondrites, and vertical burrows visible. Burrow fills containing pure, soft, very fine- grained pyrite are present throughout the core. Trace quantities of zeolites are also present. ",CORE 416 - 425.82 MBSF
154,928,B,46,X,425.7,435.55,early Oligocene,"CLAYEY NANNOFOSSIL CHALK WITH FORAMINIFERS and NANNOFOSSIL CLAY MIXED SEDIMENT General Description: This core contains alternating light greenish gray (5GY 7/1) CLAYEY NANNOFOSSIL CHALK WITH FORAMINIFERS and gray (10Y 6/1) NANNOFOSSIL CLAY MIXED SEDIMENT. In general, bedding contacts are gradational. A sharp color contact (erosional surface?) is present in Section 4 at 50 cm and occurs between two biscuits which have been formed by drilling disturbance. Thin, millimeter-scale, green color bands are common within the darker bed. There is slight to moderate burrow mottling throughout the core with Planolites, Zoophycos, Chondrites, and vertical burrows visible. Burrow fills containing pure, soft, very fine-grained pyrite are present throughout the core. Trace quantities of zeolites are also present. ",CORE 425.7 - 435.55 MBSF
154,928,B,47,X,435.3,443.68,early Oligocene,"CLAYEY NANNOFOSSIL CHALK and CLAYEY NANNOFOSSIL MIXED SEDIMENT General Description: This core contains light greenish gray (5GY 8/1) CLAYEY NANNOFOSSIL CHALK alternating with grayish green (10GY 5/1) CLAYEY NANNOFOSSIL MIXED SEDIMENT. Bedding contacts are gradational. Thin, millimeter-scale, green color bands are common within the darker beds. There is moderate burrow mottling throughout the core with Planolites, Zoophycos, Chondrites, and vertical burrows visible. Burrow fills containing pure, soft, very fine- grained pyrite are present throughout the core. Trace quantities of zeolites are also present. ",CORE 435.3 - 443.68 MBSF
154,928,B,48,X,445,454.72,early Oligocene,"CLAYEY NANNOFOSSIL CHALK WITH FORAMINIFERS and CLAYEY NANNOFOSSIL MIXED SEDIMENT General Description: This core contains light greenish gray (5GY 7/1) CLAYEY NANNOFOSSIL CHALK WITH FORAMINIFERS alternating with greenish gray (10GY 6/1) CLAYEY NANNOFOSSIL MIXED SEDIMENT. Trace amounts of zeolites occur within both lithologies. Moderate bioturbation occurs throughout most of the core with Zoophycos, Planolites, Chondrites, and vertical burrows recognized. Some burrow fills contain soft, fine- grained pyrite. Purple halos around burrows are common. Five sharp contacts occur in Section 6, at 4, 80, 90, 100, and 140 cm. Wavy laminae occur just above the contact at 100 cm. Section 6, 4-140 cm is likely a slump deposit. Drilling disturbance varies from slight to moderate fracturing. ",CORE 445 - 454.72 MBSF
154,928,B,49,X,454.6,464.32,early Oligocene,"CLAYEY NANNOFOSSIL CHALK WITH FORAMINIFERS and CLAYEY NANNOFOSSIL MIXED SEDIMENT General Description: This core contains light greenish gray (7.5GY 7/1) CLAYEY NANNOFOSSIL CHALK WITH FORAMINIFERS alternating with greenish gray (10Y 6/1) CLAYEY NANNOFOSSIL MIXED SEDIMENT. The sediment from the top of Section 2 to Section 5,140 cm, contains numerous soft sediment deformation features suggestive of downslope transport (slumping). The primary sediment composition of the slump sequence is the same as above and below, but it includes irregular and smaller scale bedding features. The slump interval contains wavy, convolute, and flaser bedding; parallel and cross-laminae; truncated beds; and normal microfaults in the order depicted in the structure column. Moderate bioturbation occurs throughout most of the core, with Zoophycos and vertical burrows recognized below the slump deposit in Sections 5 and 6. Some burrow fills contain soft, fine-grained pyrite. Purple halos around burrows are common. ",CORE 454.6 - 464.32 MBSF
154,928,B,50,X,464.2,470.79,early Oligocene,"NANNOFOSSIL CLAY and CLAYEY NANNOFOSSIL CHALK WITH FORAMINIFERS General Description: This core contains gray (5Y 5/1) NANNOFOSSIL CLAY and greenish gray (5GY 7/1) CLAYEY NANNOFOSSIL CHALK WITH FORAMINIFERS. The whole core is slightly burrow mottled. Recognizable burrows present are Zoophycos and Planolites. In Section 1, 60 cm, Section 2, 6-12, 38-45, and 113-115 cm, and Section 3, 107-121 cm there are burrow fills of pure pyrite with some purple halos. The core is moderately fractured at Section 1,140 cm, Section 2, 75-85 and 110-120 cm, Section 3,115-125 cm, and Section 4, 0-150 cm. A small normal microfault offset of a Zoophycos burrow may be related to drilling disturbance. ",CORE 464.2 - 470.79 MBSF
154,928,B,51,X,473.9,483.65,early Oligocene,"NANNOFOSSIL CLAY and CLAYEY NANNOFOSSIL CHALK General Description: This core contains light greenish gray (5GY 7/1) CLAYEY NANNOFOSSIL CHALK and greenish gray (5GY 6/1) NANNOFOSSIL CLAY. The core is slightly fractured in Section 1, 20-25 cm, Section 2,133-140 cm, Section 3, 88-92 cm, Section 5, 21-32 cm, Section 6, 10-17 and 110-120 cm and Section 7, 33-46 cm. Evidence for slumping exists from Section 1, 20 cm to Section 2, 80 cm. In Section 1, 20-65 cm is a horizontal fold with very faint bedding. Section 1, 70-150 cm, and Section 2, 55-75 cm, is composed on very thin (mm-scale) alternations of CLAYEY NANNOFOSSIL CHALK and NANNOFOSSIL CLAY. In Section 2, 0-75 cm normal microfaulting occurs with mm-scale displacements. Another horizontal fold is present, with microfaults in Section 2, 55-75 cm. The base of the slumped material is marked by a sharp color change at Section 2, 80 cm. Burrow mottling occurs directly below this level and is slight at all levels except in beds of NANNOFOSSIL CLAY in Section 3 and Section 4 where mottling is moderate. Recognizable mottles are Chondrites and Zoophycos. In Section 3, 45 cm, and Section 5,10-14 and 51-56 cm, burrow mottles with pyrite fills and purple halos are observed. ",CORE 473.9 - 483.65 MBSF
154,928,B,52,X,483.6,491.94,early Oligocene,"CLAYEY NANNOFOSSIL CHALK WITH FORAMINIFERS and NANNOFOSSIL CLAY General Description: This core contains light greenish gray (5GY 7/1 to 5GY 8/1) CLAYEY NANNOFOSSIL CHALK WITH FORAMINIFERS and gray (10Y 6/1) NANNOFOSSIL CLAY. There is biscuiting in Section 1, 0-90 cm, and heavy fracturing in Section 3, 25-75 cm, Section 4, 90-120 cm, and in all of Section 6, and the core catcher. Slight burrow mottling is restricted to the top 90 cm of Section 1 and Section 2, 90-110 cm. Below Section 1, 90 cm, the whole core consists of slumped material with horizontal folds and contorted bedding at Section 1, 120-135 cm, Section 2, 90-110 cm, Section 4, 60-95 cm, and Section 5,10�40 cm. Thin beds of alternating CLAY and CHALK occur in Section 1, 90-150 cm, Section 2, 50-90 cm, and Section 4, 0-35 cm. Pyrite occurs in disseminated stringers at several levels. ",CORE 483.6 - 491.94 MBSF
154,928,B,53,X,493.3,496.85,early Oligocene,"CLAYEY NANNOFOSSIL CHALK WITH FORAMINIFERS and NANNOFOSSIL CLAY General Description: This core contains light greenish gray (5GY 8/1) CLAYEY NANNOFOSSIL CHALK WITH FORAMINIFERS and greenish gray (5GY 7/1) NANNOFOSSIL CLAY. The core is slightly fractured in Section 2. The whole core consists of slumped material with horizontal folds, wavy laminae, contorted and truncated bedding. Pyrite occurs in disseminated stringers at several levels. ",CORE 493.3 - 496.85 MBSF
154,928,B,54,X,502.9,512.78,early Oligocene,"CLAYEY NANNOFOSSIL CHALK WITH FORAMINIFERS and NANNOFOSSIL CLAY General Description: This core contains greenish gray (5GY 6/1) to light greenish gray (5GY 7/1) NANNOFOSSIL CLAY and white (10G 8/1) CLAYEY NANNOFOSSIL CHALK WITH FORAMINIFERS. The core is slightly to moderately bioturbated. Zoophycos, Chondrites, and Planolites are identifiable. Pyrite occurs in disseminated stringers and nodules at several levels. ",CORE 502.9 - 512.78 MBSF
154,928,B,55,X,512.6,521.06,early Oligocene,"CLAYEY NANNOFOSSIL CHALK and NANNOFOSSIL CLAY General Description: This core contains gray (10Y 5/1) to greenish gray (5GY 6/1) NANNOFOSSIL CLAY and light greenish gray (5GY 7/1) CLAYEY NANNOFOSSIL CHALK. The bedding contacts in this core are very sharp. Some show crosscutting relationships indicating sliding or slumping. Most of the core is slightly to moderately bioturbated and exhibits Zoophycos, Chondrites, and Planolites trace fossils. Disseminated pyrite occurs throughout this core. Coring disturbance in the form of biscuits occurs in Section 1, 47-125 cm, Section 3, 0-70 cm, and Section 4, 30-140 cm. ",CORE 512.6 - 521.06 MBSF
154,928,B,56,X,522.2,532.02,early Oligocene,CLAYEY NANNOFOSSIL CHALK WITH FORAMINIFERS and NANNOFOSSIL CLAY General Description: This core contains gray (7.5Y 5/1) to greenish gray (5GY 6/1) NANNOFOSSIL CLAY and light greenish gray (5GY 7/1) CLAYEY NANNOFOSSIL CHALK. Some of the bedding contacts in this core are sharp and show crosscutting relationships indicating sliding or slumping. Contorted and wavy bedding occur in several sections. Most of the core is slightly to moderately bioturbated and contains Zoophycos and Planolites trace fossils. Disseminated pyrite occurs throughout this core. Much of the core is fractured. Coring biscuits are common. ,CORE 522.2 - 532.02 MBSF
