Expedition/Leg,Site,Hole,Core Number,Core Type,Top depth cored (m),Bottom depth recovered (m),Age,Description,Core ID
135,840,C,1,H,38,42.93,lower Pleistocene,"COARSE VITRIC SAND and VITRIC SAND Major lithologies: Structureless dark gray (5Y 4/1) COARSE VITRIC SAND, with pumice and black volcanic pebbles up to 2 cm in diameter with minor clay. Occurs in Section 1, 0-150 cm, and in Section 2,0-88 cm. VITRIC SAND, gray ( 5Y 7/1) to grayish brown (5Y 7/1). Occurs in structureless intervals in Section 2,137-143, in Section 3,0-150 cm, in Section 4, 0-24 cm, and in Section CC. Faint laminae visible in Section 3,6-7 cm, but core is strongly water-saturated and disturbed by drilling. In Section 2, 99-121 cm, this lithology occurs in a fining-upward interval with a sharp, graded, basal contact and contains pumice clasts up to 6 cm across. Minor lithologies: NANNOFOSSIL OOZE, light gray (5Y 7/1) occurs in Section 2,88-99,121-137, and 143-145 cm. VITRIC SILT, gray (5Y 5/1), occurs in Section 2,145-150 cm. ",CORE 38 - 42.93 MBSF
135,840,C,2,H,47.5,48.33,lower Pleistocene,"VITRIC SILT, VITRIC SAND and VITRIC GRAVEL Major lithologies: VITRIC SILT, dark grayish brown (2.5Y 4/2), occurs in Section CC at 3-14 and 21-28 cm. VITRIC SAND, dark grayish brown (2.5Y 4/2) occurs in Section 1,16-44 cm. VITRIC GRAVEL, very dark grayish brown (2.5Y 3/2). Minor lithology: NANNOFOSSIL OOZE, light gray (5Y 7/1), occurs in Section 1,44-52 cm, and in Section CC, 0-3 and 14-21 cm. ",CORE 47.5 - 48.33 MBSF
135,840,C,3,H,57,64.82,upper Pliocene,"NANNOFOSSIL VITRIC SILT WITH CLAY, VITRIC SAND, VITRIC GRAVEL and VITRIC SAND WITH FELDSPAR AND ACCESSORY MINERALS. Major lithologies: NANNOFOSSIL VITRIC SILT WITH CLAY, light gray (5Y 7/1). VERY COARSE-GRAINED VITRIC SAND, greenish gray (5Y 6/1). VITRIC GRAVEL, light gray (5Y 7/1) to dark gray ((5Y 4/1). VITRIC SAND WITH FELDSPAR AND ACCESSORY MINERALS, greenish black (5G 2/1). Minor lithology: VITRIC SILT, greenish gray (5GY 5/1), in Section 1, 0-9 cm. ",CORE 57 - 64.82 MBSF
135,840,C,4,H,66.5,74.6,upper Pliocene,"VITRIC SAND, VITRIC SILT, NANNOFOSSIL OOZE WITH FORAMS AND CLAY and VITRIC NANNOFOSSIL OOZE WITH FORAMS AND CLAY Major lithologies: Fine- to very coarse- grained VITRIC SAND, dark gray (5Y 4/1) to gray (5Y 5/1). VITRIC SILT, gray (5Y 5/1) to light gray (5Y 6/1 to N7). NANNOFOSSIL OOZE WITH FORAMS AND CLAY, light gray (N8). VITRIC NANNOFOSSIL OOZE WITH FORAMS AND CLAY, light gray to gray (5Y 6/1). Minor lithology: None. ",CORE 66.5 - 74.6 MBSF
135,840,C,5,H,124,128.95,upper Pliocene,"PUMICEOUS GRAVEL, VITRIC SAND and VITRIC NANNOFOSSIL MIXED SEDIMENT WITH CLAY Major lithologies: PUMICEOUS GRAVEL, very dark gray (5Y 2/1) to gray (5Y 5/1). VITRIC SAND, black (5Y 2/0) to dark gray (5Y 4/1). VITRIC NANNOFOSSIL MIXED SEDIMENT WITH CLAY, light gray (N7) to gray (N5). Minor lithology: None. ",CORE 124 - 128.95 MBSF
135,840,C,6,H,133.5,138.9,lower Pliocene,"PUMICEOUS GRAVEL, NANNOFOSSIL VITRIC MIXED SEDIMENT and VITRIC SAND Major lithology: Poorly sorted, matrix-supported, homogenous PUMICEOUS GRAVEL, dark gray (5Y 4/1), with angular to subangular pebbles up to 4 cm in diameter. NANNOFOSSIL VITRIC MIXED SEDIMENT, light gray (N7). VITRIC SAND, greenish gray (5GY 5/1). Minor lithology: None. ",CORE 133.5 - 138.9 MBSF
135,840,C,7,H,143,150.85,lower Pliocene,"PUMICEOUS GRAVEL, VITRIC SAND and NANNOFOSSIL VITRIC SILT Major lithologies: Poorly sorted PUMICEOUS GRAVEL, dark gray (5Y 4/1) to gray (5Y 5/1), with angular to subrounded clasts up to 2 cm in diameter. VITRIC SAND, light olive gray (5Y 6/1) to dark gray (5Y 4/1). NANNOFOSSIL VITRIC SILT, light gray (5Y 7/1 and N7) to gray (5Y 5/1) and medium gray (N5). Planar-laminated vitric sand commonly grades upward into mottled nannofossil vitric silt. Minor lithologies: VITRIC SILT, dark gray (N4), in Section 1,19-34 cm, and in Section 2,67-82 cm, and dark grayish brown (10YR 4/2) in Section 2, 26-30 cm. POLYMICT VOLCANIC GRAVEL, dark gray (N4), in Section 1, 0-19 cm. ",CORE 143 - 150.85 MBSF
135,840,C,8,H,152.5,159.64,lower Pliocene,"PUMICEOUS GRAVEL AND VITRIC SAND Major lilhologies: Normally-graded, medium to thickly bedded PUMICEOUS GRAVEL, very dark gray (5Y 3/1) to dark gray (5Y 4/1), with clasts up to 5 cm in diameter. VITRIC SAND, light gray(5Y � 1) is very coarse-grained to fine-grained. The lower part of the core contains basalt clasts. Minor lithology: None. ",CORE 152.5 - 159.64 MBSF
135,840,C,9,H,162,163.43,lower Pliocene,"VITRIC SAND, CLAYEY VITRIC SILT and VITRIC NANNOFOSSIL MIXED SEDIMENT WITH CLAY Major lithologies: VITRIC SAND, black (2.5Y 2/0), fining upward from very coarse- to fine-grained sand. CLAYEY VITRIC SILT, dark greenish gray (5G 4/1 to 4GY 4/1), in Section 1,5-13 and 113-128 cm, and in Section CC, 0-11 cm. VITRIC NANNOFOSSIL MIXED SEDIMENT WITH CLAY, gray (5Y 6/1), in Section 1,0-5 and 100-113 cm. Minor lithology: None. ",CORE 162 - 163.43 MBSF
135,840,C,10,H,171.5,177.57,lower Pliocene to upper Miocene,"COARSE VITRIC SAND and VERY COARSE VITRIC SAND Major lithologies: COARSE VITRIC SAND, medium light gray (N6) to dark grayish brown (2.5Y 4.2), poorly sorted, subangular, pumioeous grains with bimodal grain size distribution. No sedimentary structures or fabric preserved. Occurs from Section 1, 66 cm through Section 6,100 cm.VERY COARSE VITRIC SAND, medium light gray (N6), with moderately well-sorted, subrounded grains. Grains include light-colored pumice, dark volcaniclastics and angular olivine. Occurs in Section 1,0-48 cm, and from Section 6,100 cm downcore to Section CC. Minor lithotogy: VITRIC SILT NANNOFOSSIL OOZE, very light gray (N8), firm, structureless, with water escape structure in Section 1, 52 cm. Occurs in Section 1,48-66 cm. ",CORE 171.5 - 177.57 MBSF
135,840,C,11,H,181,182.11,lower Pliocene to upper Miocene,"COARSE VITRIC SAND and PUMICEOUS GRAVEL General Description: Entire core highly disturbed by drilling and handling procedures. Sedimentary structures, grain fabric, and texture destroyed or altered. Major lithologies: COARSE VITRIC SAND, medium light gray (N6), poorly-sorted, wfth subangular grains. Ungraded PUMICEOUS GRAVEL, medium gray (N5), with rounded grains. Minor lithology: VERY COARSE VITRIC SAND WITH PUMICE PEBBLES, brownish gray (5YR 4/1), with subrounded volcaniclastic grains and large (up to 4 cm diameter) pumice pebbles. ",CORE 181 - 182.11 MBSF
135,840,C,12,H,190.5,194.47,lower Pliocene to upper Miocene,"VERY COARSE VITRIC SAND and VERY COARSE PUMICEOUS SAND General Description: Entire core highly disturbed by drilling and handling procedures. Sedimentary structures, grain fabric, and texture destroyed or altered. Major lithologies: VERY COARSE VITRIC SAND, medium dark gray (N4), with subrounded to argular, light-colored (pumiceous), dark volcaniclastic grains and sparse angular olivine grains. Occurs in Section 1, 0-13 cm, Section 2, 112-150 cm, Section 3, 0-20 cm and in Section CC. VERY COARSE PUMICEOUS SAND, medium gray (N5), with subrounded light (pumice grains) and few dark volcaniclastic grains. Occurs in from Section 1, 60 cm, through Section 2,112 cm. Minor lithologies: VITRIC SILT, olive gray (5Y 4/1), firm, structureless. Occurs in Section 1, 25-60 cm. VITRIC NANNOFOSSIL OOZE, very light gray (N?), firm, structureless. Occurs in Section 1, 13-25 cm. VERY COARSE VITRIC SAND WITH PUMICE, medium dark gray (N4) is similar to the pumiceous sand of the major lithology but with more pumice pebbles. Occurs in Section 3, 20-81 cm. ",CORE 190.5 - 194.47 MBSF
135,840,C,13,H,250,254.37,lower Pliocene to upper Miocene,"VERY COARSE VITRIC SAND and COARSE VITRIC SAND General Description: Entire core highly disturbed by drilling and handling procedures. Sedimentary structures, grain fabric, and texture destroyed or altered. Major lithologies: VERY COARSE VITRIC SAND, GRAYISH BLACK (N2), with subrounded to angular, dark, volcaniclastic and vitric siltstone grains, and isolated, pebble-sized pumice clasts. Occurs in Section 1, 0-60 cm and in Section 2. COARSE VITRIC SAND, dark gray (N2) to grayish black (N3), with subrounded, poorly-sorted light-colored (pumice) and dark volcaniclastic grains. Occurs in Section 1, 60-77 cm and from Section 3, 0 cm, to Section CC, 16 cm. Minor lithology: Large clast in Section 1, 29 cm, is a bioturbated CALCAREOUS VITRIC SILTSTONE. Other clasts are black, planar-laminated VITRIC SANDSTONE with well-sorted, subrounded grains. ",CORE 250 - 254.37 MBSF
