Expedition.Leg,Site_Number,Hole,Core_Number,Core_Type,Core_Top_MBSF,Core_Bottom_MBSF,Age,Description,Core_ID
160,973,D,1,H,0,8.88,late Pleistocene,"NANNOFOSSIL CLAY Major Lithology: The sediment in this core is NANNOFOSSIL CLAY color banded at centimeter to decimeter scale including gray (5Y 5/1), yellowish brown (10YR 5/4), and light gray (10YR7/2). Minor Lithologies: Six SAPROPELS up to 24 cm thick occur in this core. The sapropels have generally sharp contacts, and some have thin intercalated clay horizons. Four ASH horizons up to 3 cm thick occur in the upper part of this core.",CORE  0 - 8.88  MBSF
160,973,D,2,H,8.9,14.89,late Pleistocene,"NANNOFOSSIL CLAY Major Lithology: The sediment in this core is NANNOFOSSIL CLAY which is color banded through a range of yellowish brown (10YR 5/4), light gray (10YR 7/3), and gray (5Y 5/1). General Description: Color banding in this core occurs mainly as alternating bands of dark and light sediment which may be interpreted as small (centimeter to decimeter thick) turbidites; some of the coarser grained of these layers have erosive bases (Section 2, 135 cm). A large olive (5Y 5/3) clayey horizon with thin silt laminae at the base occurs at the base of Section 3.",CORE  8.9 - 14.89  MBSF
160,973,D,3,H,14.9,23.04,middle Pleistocene,NANNOFOSSIL CLAY Major Lithology: The sediment in this core is NANNOFOSSIL CLAY which is color banded through a range of pale brown (10YR6/3) to gray (N5).  Minor Lithologies: Three SAPROPELS up to 5 cm in thickness occur in this core. These generally have sharp tops and bases and are enriched in foraminifers relative to the surrounding sediments. Several thin SILT beds up to 1.5 cm are present. General Description: Color banding in this core occurs mainly as alternating bands of light and dark sediment which may be interpreted as small turbidites (centimeter to decimeter thick). ,CORE  14.9 - 23.04  MBSF
160,973,D,4,H,24.4,34.42,early Pleistocene,"NANNOFOSSIL CLAY and NANNOFOSSIL OOZE Major Lithologies: The sediment in this core is NANNOFOSSIL CLAY and NANNOFOSSIL OOZE which is color banded at a centimeter to decimeter scale through a range of yellowish brown (10YR 5/4) to gray (5Y 6/1). Minor Lithologies: Four SAPROPELS, including one doublet, occur in this core. The bases of these beds are commonly enriched in foraminifers. Two SILT beds with erosive bases occur in Section 4 and in Section 5. General Description: Color banding in this core corresponds to alternating light and dark sediment which may represent small turbidites.",CORE  24.4 - 34.42  MBSF
160,973,D,5,H,33.9,43.05,early Pleistocene,"CLAYEY NANNOFOSSIL OOZE and FORAMINIFER NANNOFOSSIL OOZE Major Lithologies: The sediment in this core is CLAYEY NANNOFOSSIL OOZE and FORAMINIFER NANNOFOSSIL OOZE which is color banded through a range of brown (10YR 5/3) to gray (5Y 5Y 5/1). Minor Lithologies: Three SAPROPELS, including one severely deformed by drilling, occur in this core. The sapropel in the Core Catcher appears to grade into the overlying silty unit. Upward-fining SILT intervals up to 2.3 m thick occur in this core. General Description: The sediment in this core is color banded on a centimeter to decimeter scale throughout. Many of these color- banded sequences consist of alternating beds of pale and dark sediment which represent small turbidites.",CORE  33.9 - 43.05  MBSF
160,973,D,6,H,43.4,53.39,early Pleistocene,"NANNOFOSSIL OOZE, NANNOFOSSIL CLAY, and FORAMINIFER NANNOFOSSIL OOZE Major Lithologies: The dominant lithologies in this core are light gray (10YR 7/2 and 5Y 7/1) through gray (5Y 6/1) to dark gray (5Y 4/1) and pale olive (5Y 6/3) NANNOFOSSIL OOZE, NANNOFOSSIL CLAY, and FORAMINIFER NANNOFOSSIL OOZE. Minor Lithologies: Two distinct dark olive gray (5Y 3/2) SAPROPEL beds occur within this core. The sapropel in Section 4 contains a 3-cm-thick homogeneous gray clay. An erosional contact marks the uppermost boundary of the sapropel with the overlying turbidite. An oxidized sapropel occurs in Section 5 between 67-74 cm.",CORE  43.4 - 53.39  MBSF
160,973,D,7,H,52.9,62.87,early Pleistocene,NANNOFOSSIL CLAY Major Lithology: This core consists of gray (5Y 6/1) and dark greenish gray (5GY 5/1) homogeneous NANNOFOSSIL CLAY. ,CORE  52.9 - 62.87  MBSF
160,973,D,8,X,140,140.98,early Pleistocene,"GYPSIFEROUS SILTY CLAY Major Lithology: The sediment in this core is pale (10YR 6/3 to 7.5YR 5/2), semiconsolidated GYPSIFEROUS SILTY CLAY. The core was extruded on the drill platform due to an extraction problem, and replaced in random orientation and position in the liner. It is therefore totally disrupted, and cannot be logged for structures or internal features.",CORE  140 - 140.98  MBSF
160,973,D,9,X,144.9,145.91,early Pleistocene,"GYPSIFEROUS SILTY CLAY Major Lithology: The sediment in this core is pale brown  to brown (7.5YR 5/2), semi-consolidated GYPSIFEROUS SILTY CLAY.",CORE  144.9 - 145.91  MBSF
