Expedition/Leg,Site,Hole,Core Number,Core Type,Top depth cored (m),Bottom depth recovered (m),Age,Description,Core ID
138,844,B,1,H,0,4.53,Quaternary,"CLAYEY DIATOM OOZE WITH RADIOLARIANS Major Lithology: The core consists of variegated and mottled medium to dark greenish gray CLAYEY DIATOM OOZE WITH RADIOLARIANS (up to 20%). Carbonate is absent in the upper 1 meter of Section 1. Trace amounts of carbonate, including nannofossils, are present in the remainder of the core. The upper 52 cm of the core are brownish, more diatom-rich and contain less clay. General Description: COLOR: The entire core is mottled and vertical dark bluish-gray streaks are present in the top meter. TRACE FOSSILS: The core is highly burrowed with mainly solid and rind burrows. ",CORE 0 - 4.53 MBSF
138,844,B,2,H,4.5,14.48,Pleistocene,"CLAYEY NANNOFOSSIL DIATOM OOZE Major Lithology: This core consists of variegated medium to dark greenish gray CLAYEY NANNOFOSSIL DIATOM OOZE with lesser amounts of radiolarians. Trace amounts of volcanic ash, quartz, feldspar, and pyrite are present throughout the core. General Description: COLOR: Variegated and mottled from 10YR 5/2 to 10YR 4/1. Individual color bands range in color from 10YR 4/1 to 2.5YR 4/2. TRACE FOSSILS: Planolites and rind burrows are abundent over the interval from Section, 1-93 cm, to Section 3, 130 cm. Discrete Zoophycos burrows occur at Section 2, 20 cm, and Section 3,130 cm. BANDING CONTRAST: Moderate. ",CORE 4.5 - 14.48 MBSF
138,844,B,3,H,14,24.05,Pliocene-Pleistocene,"RADIOLARIAN CLAYEY DIATOM OOZE and RADIOLARIAN CLAY Major Lithologies: The core consists of mottled greenish gray to light greenish gray RADIOLARIAN CLAYEY DIATOM OOZE with minor amounts of nannofossils, volcanic glass and silicoflagellates and greenish gray mottled (10Y 5/2) RADIOLARIAN CLAY containing variable amounts of volcanic,glass, diatoms, and nannofossils. Minor Lithology: Light tan (10YR 5/6) NANNOFOSSIL DIATOM CLAY occurs at the top of the core and is marked by a distinct color change and a bioturbated band. General Description: COLOR: The color grades from mottled greenish gray (5GY 9/1) to light greenish gray (10Y 6/1) in Sections 1 through 6. In Section 6, 103 cm, the color changes further to light tan (10YR 5/6). Section 2, 0-40 cm, has fine-scale banding and laminations surrounding an interval (Section 2,13-25 cm) containing abundant volcanic ash. TRACE FOSSILS: Moderate bioturbation and trace fossils (Zoophycos) are located in the interval from Section 5, 60-120 cm. Truncated burrows occur in Section 3, 82 cm. A prominent burrowed horizon is present at a sharp color change in Section 6,103 cm. BANDING CONTRAST: Light. ",CORE 14 - 24.05 MBSF
138,844,B,4,H,23.5,33.48,Pliocene-Pleistocene,"RADIOLARIAN DIATOM CLAY Major Lithology: This core consists of mottled gray to light gray RADIOLARIAN DIATOM CLAY containing varying amounts of diatoms and radiolarians, minor amounts of volcanic ash and trace amounts of quartz, feldspar, sponge spicules and silicoflagellates. Minor Lithology: Between Section 7 and the core catcher, the sediment grades to light grayish tan (5Y 6/3) FORAMINIFER NANNOFOSSIL OOZE. General Description: VOID: Section 2,18-20 cm. COLOR: The color gradually changes through the core from gray (10YR 4/1) at the top of Section 1 to light grayish tan (5Y 6/3) at the base of Section 7. TRACE FOSSILS: Small dark, filled burrows occur in Section 3, 22-26 cm. Moderate bioturbation in the interval Section 5, 40-110 cm is characterized by filled burrows, Planolites, and Skolithos structures. The core catcher shows moderate bioturbation with pelloidal Zoophycos and Planolites. ",CORE 23.5 - 33.48 MBSF
138,844,B,5,H,33,42.9,upper Miocene,"DIATOM NANNOFOSSIL OOZE WITH RADIOLARIANS and DIATOM RADIOLARIAN NANNOFOSSIL OOZE Major Lithologies: The core consist of (1) lightly bioturbated, light brown DIATOM NANNOFOSSIL OOZE WITH RADIOLARIANS with minor amounts of foraminifers and trace amounts of sponge spicules and silicoflagellates; and (2) heavily bioturbated, brown to light greenish brown DIATOM RADIOLARIAN NANNOFOSSIL OOZE with minor amounts of clay, foraminifers, sponge spicules, and silicoflagellates. Minor Lithology: This lithology consists of lightly bioturbated, light brown FORAMINIFER NANNOFOSSIL OOZE with up to 12% of a mixture of all siliceous microfossil groups. Minor amounts of clay and volcanic glass also present. General Description: Section 1,0-19 cm, and Section 7, 28-54 cm, are disturbed by drilling. A void is present in Section 1,7-12 cm. COLOR: Variably colored and mottled throughout cored interval with colors ranging from dark greenish gray (5Y 7/3) to tan (10YR 6/3) to light gray (2.5Y 7/2). A sharp color contact occurs in Section 5,114 cm. TRACE FOSSILS: Bioturbation is weak to moderate throughout most of the core. Scattered rind burrows, solid filled burrows and Planolites are found, especially at Sections 3, 53 cm; 4, 30 cm; and 6,100-125 cm. ",CORE 33 - 42.9 MBSF
138,844,B,6,H,42.5,52.52,upper Miocene,"RADIOLARIAN NANNOFOSSIL OOZE WITH DIATOMS AND CLAY and DIATOM RADIOLARIAN NANNOFOSSIL OOZE WITH CLAY Major Lithologies: This core contains (1) light gray to light greenish gray, heavily bioturbated RADIOLARIAN NANNOFOSSIL OOZE WITH DIATOMS AND CLAY and trace to minor amounts of foraminifers, sponge spicules and silicoflagellates and (2) light to medium greenish gray, moderately to heavily bioturbated DIATOM RADIOLARIAN NANNOFOSSIL OOZE WITH CLAY anc trace to minor amounts of ash, foraminifers, sponge spicules and silicoflagellates. General Description: COLOR: A change in color to values of 10Y 5/1 to 10Y 7/1 occurs in Section 5, 10 cm. TRACE FOSSILS: Massive burrows are found throughout the core. Planolites and Skolithos are present in the top half of Section 3, the bottom of Section 4, and in Section 5. Abundant Zoophycos are found in Section 5 and the bottom of Section 6. BANDING CONTRAST: None. ",CORE 42.5 - 52.52 MBSF
138,844,B,7,H,52,62.06,upper Miocene,"DIATOM OOZE WITH CLAY AND RADIOLARIANS and NANNOFOSSIL OOZE WITH RADIOLARIANS Major Lithologies: This core contains (1) light to dark greenish gray, moderately to heavily bioturbated DIATOM OOZE WITH CLAY AND RADIOLARIANS and (2) light bluish to light greenish gray, moderately to heavily bioturbated NANNOFOSSIL OOZE WITH RADIOLARIANS that has minor to trace amounts of clay, foraminifers, sponge spicules and silicoflagellates. Some light gray bands and pods of nannofossil diatom ooze are mixed within the first lithology. Minor Lithology: This lithology consists of light to medium brownish RADIOLARIAN NANNOFOSSIL OOZE WITH DIATOMS with minor to trace amounts of clay, sponge spicules, glass, foraminifers and silicoflagellates. General Description: TRACE FOSSILS: Solid and rind burrows occur throughout core Planolites are found at the bottom of Sections 5 and 6, and Zoophycos are found in Section 6,93-94 cm. BANDING CONTRAST: Possible weak banding in Secetions 3 and 4.",CORE 52 - 62.06 MBSF
138,844,B,8,H,61.5,71.46,middle to upper Miocene,"NANNOFOSSIL OOZE WITH DIATOMS Major Lithology: This core consist of medium to very light greenish gray NANNOFOSSIL OOZE WITH DIATOMS, sometimes also with radiolarians. It is heavily bioturbated with lighter and darker shades of greenish gray and dusky yellow green. The interval from Section 3 90 cm to Section 6 100 cm, contains many long and thin pyritized burrows. The ooze is very faintly banded with lighter and darker shades of greenish gray. Minor Lithologies: The minor lithologies include: 1) light greenish gray DIATOM NANNOFOSSIL OOZE WITH RADIOLARIANS that contains minor amounts of clay This lithology is moderately bioturbated in Section 2. In Sections 6 and 7 it is dusky yellow in color, is heavy bioturbated and has faint banding; 2) At the base of Section 7, the lithology grades to NANNOFOSSIL DIATOM OOZE with a crumbly texture. General Description: TRACE FOSSILS: Massive solid burrows are present throughout. Skolithos (?) burrows occur in Section 2, 53 cm. Many long thin pyritized burrows are present between Sectiom 3,90 cm, and Section 6,100 cm. BANDING CONTRAST: Very high in nannofossil ooze lithologies, very slight in diatom ooze lithology. ",CORE 61.5 - 71.46 MBSF
138,844,B,9,H,71,81.1,middle Miocene,"CLAYEY RADIOLARIAN DIATOM NANNOFOSSIL OOZE Major Lithology: This core contains very light brownish to greenish to purplish gray, weakly to moderately bioturbated CLAYEY RADIOLARIAN DIATOM NANNOFOSSIL OOZE. Faint burrows are scattered throughout. The purplish gray units have streaks of dark purple. Minor Lithologies: Two minor lithologies are interbedded (app. 35 cm bedding) in the upper 3 m: 1) very light to medium brown, moderately bioturbated CLAYEY NANNOFOSSIL DIATOM OOZE. 2) light brown to medium gray to light purple, moderately to heavily bioturbated CLAYEY NANNOFOSSIL OOZE WITH RADIOLARIANS. General Description: TRACE FOSSILS: Trace fossils include Planolites and Chondrites in Section 3, 0-60 cm, and Zoophycos in Section 2,130-150 cm. BANDING CONTRAST: Generally light banding contrast, with a few intervals of high banding contrast (dark purple and light gray bands). ",CORE 71 - 81.1 MBSF
138,844,B,10,H,80.5,90.27,middle Miocene,"NANNOFOSSIL OOZE WITH DIATOMS Major Lithology: This core contains very light gray, moderately to heavily bioturbated NANNOFOSSIL OOZE WITH DIATOMS and minor amounts of radiolarians. Yellowish gray bands and burrows of diatom nannofossil ooze are present. Grayish purple and grayish blue green bands and streaks of color indicate diagenetic alteration. Minor Lithology: This minor lithology consists of yellowish gray, heavily bioturbated DIATOM NANNOFOSSIL OOZE with poorly-defined grayish purple bands and solid and rind burrows. General Description: COLOR: Major (N8) and minor lithology (5Y 8/1) have bands of grayish purple (5RP 4/2), grayish blue green (5BG 5/2), light greenish gray (5GY 8/1), yellowish gray (5Y 8/1), very pale blue (5B8/2) and pinkish gray (5YR 8/1). TRACE FOSSILS: Filled burrows and rind burrows with diagentic haloes are present throughout. BANDING CONTRAST: Banding is generally weak throughout. ",CORE 80.5 - 90.27 MBSF
138,844,B,11,H,90,99.99,middle Miocene,"DIATOM NANNOFOSSIL OOZE Major Lithology: This core consists of light greenish gray (5Y 7/2) to very light greenish gray (5GY 8/1) DIATOM NANNOFOSSIL OOZE with variable, but low, amounts of radiolarians. Burrow fills in the sediment are slightly yellower than the matrix and contain greater percentages of diatoms. Burrows are frequently encircled by dark grayish purple (5P 4/2) and faint greenish reduction diagenetic haloes. Faint to prominent banding of the same colors also results from diagensis. General Description: TRACE FOSSILS: The entire core is subtly mottled with slightly lighter and darker shades of the dominant sediment color, probably indicating extensive bioturbation. Superimposed on this level of bioturbation are distinct burrows that are slightly yellower than the dominant sediment color and are diatom-rich. These burrows often have purplish and greenish haloes that are attributed to diagensis. Many very small burrows have undergone extensive diagnesis and contain fine pyrite. BANDING CONTRAST: Most contrast is subtle, but that associated with reduction diagensis is very pronounced. ",CORE 90 - 99.99 MBSF
138,844,B,12,H,99.5,109.63,middle Miocene,"DIATOM NANNOFOSSIL OOZE Major Lithology: This core contains very light gray (N8) DIATOM NANNOFOSSIL OOZE, weakly mottled with prominent light gray (5Y 7/2) diatom-rich, filled burrows. Thin to medium banding of medium gray (N5) layers is present in the nannofossil ooze. An abrupt transition from the major lithology to light gray (5Y 7/2) nannofossil diatom ooze with laminations and thin bands of paler gray more nannofossil-rich sediment occurs in Section 6 at 70 cm. Minor Lithology: NANNOFOSSIL DIATOM OOZE is present as medium gray (N5), clay-rich bands in the dominant nannofossil ooze and becomes the dominant lithology below Section 6, 70 cm. General Description: TRACE FOSSILS: Solid burrows and Planolites are common in the diatom nannofossil ooze. BANDING CONTRAST: Weak medium banding is present in Section 1. Strong medium banding occurs above the color transition in Section 6. ",CORE 99.5 - 109.63 MBSF
138,844,B,13,H,109,118.98,middle Miocene,"DIATOM NANNOFOSSIL OOZE and NANNOFOSSIL OOZE WITH DIATOMS Major Lithology: This core consists of very light gray (N8) DIATOM NANNOFOSSIL OOZE with prominent filled burrows of gray (5Y 7/2) diatom-rich sediment. A less diatomaceous component, NANNOFOSSIL OOZE WITH DIATOMS is present through Section 4, 30 cm. It is white (N9-N10) in color. Minor Lithology: A NANNOFOSSIL DIATOM OOZE, gray (5Y 7/2) in color, is present in Section 1, 0-74 cm; 115-120 cm; Section 3, 70-94 cm and as fill to burrows. General Description: TRACE FOSSILS: Large (1 cm in diameter), gray (5Y 7/2) burrows filled with diatom-rich material are common from Section 1, 74 cm, to Section 4, 30 cm. Planolites are prominent in the top of Section 3, and one isolated Zoophycos is present at Section 3,105 cm. COLOR BANDING: Variations between diatom and nannofossil-rich bands as described above. Dark bluish gray mottling is common ",CORE 109 - 118.98 MBSF
138,844,B,14,H,118.5,128.26,middle Miocene,"DIATOM NANNOFOSSIL OOZE Major Lithology: This core contains very light gray (N8) DIATOM NANNOFOSSIL OOZE that is mottled with abundant burrows filled with darker (5Y 7/2) diatom-rich material. Weak color bands (1 cm thick) occur at regularly spaced intervals about 20 to 30 cm apart. Minor Lithology: An abrupt transition to DIATOM OOZE occurs in Section 6,107 cm. The diatom ooze (5Y7/2) is finely laminated and banded with lighter-colored (N8) thin layers of more nannofossil-rich sediment. General Description: TRACE FOSSILS: Abundant, filled burrows and Planolites occur throughout the nannofossil ooze. BANDING CONTRAST: Weak to medium banding is present in the nannofossil ooze and strong banding is present in the diatom ooze. ",CORE 118.5 - 128.26 MBSF
138,844,B,15,H,128,137.82,middle Miocene,"DIATOM NANNOFOSSIL OOZE Major Lithology: This core contains very light gray (N8) mottled DIATOM NANNOFOSSIL OOZE. Burrows are filled with gray (5Y 7/2) nannofossil diatom ooze. Color bands on a cm- to mm-scale occur throughout, although they are generally concentrated in closely spaced bundles at certain horizons. General Description: TRACE FOSSILS: Solid burrows (some with rinds) are common throughout. They are typically about 1 to 1.5 cm in diameter and are filled with diatom-rich gray material. BANDING & LAMINATION CONTRAST: Thin banding and some of the very fine mm-scale laminations are blue-gray or gray green in color. In Section 6, 96-101 cm, these fine laminations cut a solid burrow. ",CORE 128 - 137.82 MBSF
138,844,B,16,H,137.5,147.43,middle Miocene,"DIATOM NANNOFOSSIL OOZE Major Lithology: This core consists of very light gray (N8) nannofossil ooze mottled with abundant, filled burrows. The burrows are filled with a darker (5Y7/2) diatom-rich material. Weak color banding occurs throughout the core. Occasional intervals, 3 to 5 cm thick, contain fine color laminations (1-2 mm thick). General Description: TRACE FOSSILS: Abundant burrows and Planolites structures are filled with a diatom-rich (50-55%) material. BANDING CONTRAST: Moderate to strong. ",CORE 137.5 - 147.43 MBSF
138,844,B,17,H,147,157.07,middle Miocene,"FORAMINIFER DIATOM NANNOFOSSIL OOZE Major Lithology: This core consists of very light gray (N8 to N9) FORAMINIFER DIATOM NANNOFOSSIL OOZE mottled with abundant filled burrows. The burrows are filled with diatom-rich material composed of 50% diatoms and 50% nannofossils. Weak color banding occurs as thin (3-5 cm) intervals throughout the core. Fine (1-3 mm) color laminations are occasionally present. General Description: A small pumice pod is present in Section 2,136 cm. TRACE FOSSILS: Abundant burrows and rind burrows occur throughout the cored interval, especially from Section 4,100 cm, to CC. BANDING CONTRAST: Moderate to high. ",CORE 147 - 157.07 MBSF
138,844,B,18,H,156.5,166.44,middle Miocene,"FORAMINIFER NANNOFOSSIL OOZE WITH DIATOMS AND CLAY Major Lithology: This core consistst of very light gray (N8 to N9) FORAMINIFER NANNOFOSSIL OOZE WITH DIATOMS AND CLAY with small variable amounts of radiolarians. Burrows are filled with sediment that is richer in diatoms and are frequently circled by dark grayish purple (5P 4/2) and faint greenish reduction diagenetic haloes. Faint to prominent banding of the same colors results from diagensis. General Description: TRACE FOSSILS: The entire core is subtly mottled with slightly lighter and darker shades of the dominant sediment color, probably indicating extensive bioturbation. Superimposed on this level of bioturbation are distinct burrows that are slightly yellower than the dominant sediment color and are diatom-rich. These burrows often have purplish and greenish colors haloes resulting from diagenetic alteration. Many very small burrows have undergone extensive diagnesis and contain fine pyrite. BANDING CONTRAST: Most contrast is subtle, but that associated with reduction diagensis is very pronounced. ",CORE 156.5 - 166.44 MBSF
138,844,B,19,H,166,175.83,middle Miocene,"FORAMINIFER NANNOFOSSIL OOZEWITH DIATOMS Major Lithology: This core consists of light gray (N8) FORAMINIFER NANNOFOSSIL OOZE WITH DIATOMS. There are small variable amounts of radiolarians and clay. Burrow fills in the sediment are slightly yellower and contain greater percentages of diatoms. Burrows are frequently circled by dark grayish purple (5P 4/2) and faint greenish reduction diagenetic haloes. Faint to prominent banding of the same colors results from diagensis. Minor Lithologies: Minor lithologies include NANNOFOSSIL OOZE WITH DIATOMS AND FORAMINIFERS and CLAYEY NANNOFOSSIL OOZE WITH FORAMINIFERS. The boundaries between these and the major lithology are gradational. General Description: TRACE FOSSILS: The entire core is subtly mottled with slightly lighter and darker shades of the dominant sediment color, probably indicating extensive bioturbation. Superimposed on this level of bioturbation are distinct burrows that are slightly yellower than the dominant sediment color and are diatom-rich. These burrows often have purplish and greenish diagenetic haloes. Many very small burrows have undergone extensive diagnesis and contain fine pyrite. BANDING CONTRAST: Most contrast is subtle, but that associated with reduction diagensis is very pronounced. ",CORE 166 - 175.83 MBSF
138,844,B,20,H,175.5,185.58,middle Miocene,"FORAMINIFER NANNOFOSSIL OOZE WITH DIATOMS Major Lithology: This core consists of very light gray (N8) to very light bluish gray (5B 9/1) FORAMINIFER NANNOFOSSIL OOZE WITH DIATOMS. Burrow fills in the sediment are slightly yellower and contain greater percentages of diatoms. Burrows are frequently circled by dark grayish purple (5P 4/2) and faint greenish reduction diagenetic haloes. There is faint, thin to medium banding of the sediment. Minor Lithology: The minor lithology, located between Section 5,15 cm, and Section 5,130 cm, is light to very light greenish gray (5Y 8/1 to 5Y 6/1) DIATOM NANNOFOSSIL OOZE WITH CLAY that contains up to 20% diatoms. This interval is yellower than those above and below and has indistinct horizontal banding. General Description: TRACE FOSSILS: The entire core is subtly mottled with slightly lighter and darker shades of the dominant sediment color, probably indicating extensive bioturbation. Superimposed on this level of bioturbation are distinct burrows that are slightly yellower than the dominant sediment color and are diatom-rich. These burrows often have purplish and greenish diagenetic haloes. Many very small burrows have undergone extensive diagnesis and contain fine pyrite. BANDING CONTRAST: Most contrast is subtle, but that associated with reduction diagensis is very pronounced. ",CORE 175.5 - 185.58 MBSF
138,844,B,21,X,185,194.69,middle Miocene,"NANNOFOSSIL OOZE WITH FORAMINIFERS Major Lithology: This core contains very light gray (N8) to very light bluish gray (5B 9/1) NANNOFOSSIL OOZE WITH FORAMINIFERS and small variable amounts of diatoms. Burrow fills in the sediment are slightly yellower and contain greater percentages of diatoms. Burrows are frequently circled by dark grayish purple (5P 4/2) reduction diagenetic haloes. There is faint, thin to medium banding of the sediment. Minor Lithology: Light to very light greenish gray (5Y 8/1 and faint greenish to 5Y 6/1) CLAYEY DIATOM NANNOFOSSIL OOZE WITH FORAMINIFERS that contains up to 25% diatoms is interbedded with the major lithology between Section 3, 135 cm, and Section 6, 100 cm. General Description: TRACE FOSSILS: The entire core is subtly mottled with slightly lighter and darker shades of the dominant sediment color, probably indicating extensive bioturbation. Superimposed on this level of bioturbation are distinct burrows that are slightly yellower than the dominant sediment color and are diatom rich. These burrows often have purplish and greenish diagenetic haloes. Many very small burrows have undergone extensive diagnesis and contain fine pyrite. BANDING CONTRAST: Contrast is subtle above Section 4, and more distinct below. ",CORE 185 - 194.69 MBSF
138,844,B,22,X,194.6,204.27,middle Miocene,"CLAYEY FORAMINIFER NANNOFOSSIL OOZE Major Lithology: This core consists of intensely to moderately bioturbated vary pale bluish gray (5B 9/1) CLAYEY FORAMINIFER NANNOFOSSIL OOZE The core is indistinctly mottled throughout with (1) dusky grayish blue (5PB 4/2) streaks, spots, mottles, and thin layers with finely disseminated pyrite; (2) pale yellowish gray (5Y 7/3) diatom-rich sediment, primarily as burrow fills. Many of these burrows are surrounded by grayish blue haloes with finely disseminated pyrite; and (3) pale bluish gray (5B 8/1) irregular mottles and thin gradational bands (about 2 cm thick). Minor Lithology: The minor lithology is very pale bluish green (5GY 9/1) NANNOFOSSIL OOZE WITH FORAMINIFERS, less intensely mottled and bioturbated than the overlying sediment. This sediment has markedly fewer streaks and mottles with disseminated pyrite (5PB 4/2), but a similar number of burrows and mottles of yellowish gray. The sediment becomes more blue in color toward the base of the core. General Description: TRACE FOSSILS: See lithologic description. BANDING CONTRAST: Generally very indistinct except when bands contain finely disseminated pyrite. ",CORE 194.6 - 204.27 MBSF
138,844,B,23,X,204.3,213.9,middle Miocene,"NANNOFOSSIL OOZE WITH CLAY AND FORAMINIFERS Major Lithology: This core contains a very pale blue-green (almost white) (5BG 8/6), moderately bioturbated NANNOFOSSIL OOZE WITH CLAY AND FORAMINIFERS. Various colored spots, streaks, and faint, grayish purple (5P 4/2) and grayish green (5BG 5/2) color bands are present throughout the core. Some yellowish gray (5Y 7/2) burrows have a slightly larger siliceous component and purplish haloes. General Description: TRACE FOSSILS: Solid burrows are found throughout. BANDING CONTRAST: Generally weak, but slightly higher in Section 3. ",CORE 204.3 - 213.9 MBSF
138,844,B,24,X,213.9,223.65,middle Miocene,"FORAMINIFER NANNOFOSSIL OOZE Major Lithology: This core consists of slightly to moderately bioturbated very pale blue green (5BG 8/6) FORAMINIFER NANNOFOSSIL OOZE. Thin gradational bands, grayish green (5GY 6/1), grayish purple (5P 4/2), and yellowish gray (5Y 8/1) in color, are present throughout. Burrows and mottling are less prevalent than higher up in the section but, when present, are often filled with yellowish gray sediment. Sediment color becomes whiter (5B 9/1) in Section 3,70 cm through Section 4, 60 cm. General Description: TRACE FOSSILS: The core is slightly to moderately bioturbated with solid burrows. BANDING CONTRAST: Banding is generally indistinct. ",CORE 213.9 - 223.65 MBSF
138,844,B,25,X,223.6,232.04,middle Miocene,"FORAMINIFER NANNOFOSSIL OOZE WITH DIATOMS Major Lithology: This core contains very light greenish gray (5G 9/1), lightly bioturbated FORAMINIFER NANNOFOSSIL OOZE WITH DIATOMS. There are a few purplish gray (5P 4/2) and greenish gray (5G 6/1) streaks and spots and some burrows filled with light yellowish gray sediment (5Y 8/1), which probably have higher siliceous contents. General Description: COLOR: There is a gradual color change to greenish gray (5G 8/1) from the middle of Section 4 to Section 5, 30 cm, then a transition back to the general color of the core. TRACE FOSSILS: A few faint solid burrows. BANDING CONTRAST: Generally low. Note that 0-12 cm in Section 1 is void, and there were only about 8.5 m recovered in this core. ",CORE 223.6 - 232.04 MBSF
138,844,B,26,X,233.3,243.06,lower to middle Miocene,"FORAMINIFER NANNOFOSSIL OOZE Major Lithology: This core contains very light greenish gray (5G 9/1), moderately bioturbated FORAMINIFER NANNOFOSSIL OOZE There are a few purplish gray (5P 4/2) and greenish gray (5G 6/1) streaks and spots in the upper two sections and fewer below. Burrows throughout the core are filled with light yellowish gray sediment (5Y 8/1), which has a higher diatom content (25%). There is a slightly lighter (N8) interval in the top part of Section 2. Minor Lithology: The minor lithology of the core is DIATOM NANNOFOSSIL OOZE WITH FORAMINIFERS. This lithology is slightly darker in color than the major lithology. General Description: TRACE FOSSILS: The trace fossils in this core are easily visible in Sections 4 though 7 because they were split with a saw. Some good examples of Planolites are at Section 4, 0-10 cm, Section 5,103-110 cm; Chondrites at Section 4, 32-40 cm, Section 5, 122-130 cm and 23-35 cm; rind burrows at Section 5, 26 cm, Section 5, 91 cm, and Section 6, 68 cm; Skolithos at Section 5,107-110 cm; Zoophycos at Section 5, 63-64 cm. BANDING CONTRAST: Weak to medium. Sections 1 - 3 were split with wire. Sections 4 - 7 were cut with a saw. The entire core is ""biscuitted"" from coring disturbance. ",CORE 233.3 - 243.06 MBSF
138,844,B,27,X,242.9,243.3,lower to middle Miocene,"FORAMINIFER NANNOFOSSIL OOZE WITH DIATOMS Major Lithology: This core contains very light gray to white (N8-N9), FORAMINIFER NANNOFOSSIL OOZE WITH DIATOMS. General Description: TRACE FOSSILS: Planolites burrow fills are light gray (5Y 7/2) or greenish in color. ",CORE 242.9 - 243.3 MBSF
138,844,B,28,X,252.6,261.66,lower Miocene,"DIATOM FORAMINIFER NANNOFOSSIL OOZE Major Lithology: This core consists of light gray (N7) DIATOM FORAMINIFER NANNOFOSSIL OOZE. Intervals of moderate to heavy bioturbation occur as light greenish gray (5B 7/1) in color. Isolated color bands are present throughout and are moderately to heavily bioturbated. Filled burrows (5Y 7/1) contain nannofossil diatom ooze with foraminifers. Minor Lithologies: An isolated ASH bed is present in Section 3,123-133 cm, (5YR 3/2). NANNOFOSSIL DIATOM OOZE WITH FORAMINIFERS fills Planolites burrows. General Description: TRACE FOSSILS: Planolites and rind burrows are common and are filled with nannofossil diatom ooze. Chondrites are often found within the burrow fill. Overall, bioturbation traces are minor. BANDING : Weak color banding on a meter scale alternates from light gray to light greenish gray in color. The ash layer at Section 3,123-133 cm is sharply delineated. ",CORE 252.6 - 261.66 MBSF
138,844,B,29,X,261.9,271.75,lower Miocene,"FORAMINIFER NANNOFOSSIL OOZE Major Lithology: This core contains FORAMINIFER NANNOFOSSIL OOZE mottled in color between light bluish gray (5B 7/1) and light greenish gray (5G 7/1). The sediment changes gradually with depth to light greenish gray. Moderate to heavy bioturbation is present throughout core with burrow structures commonly filled with a relatively diatom-rich sediment. Minor Lithology: Section 4,105-112 cm, is composed of light olive gray (5Y 7/1), highly bioturbated NANNOFOSSIL DIATOM OOZE WITH FORAMINIFERS. General Description: TRACE FOSSILS: Trace fossils are common to abundant throughout and filled massive burrows, Planolites, Skolithos and Zoophycos are present. Color rinds are found around many of the burrows. BANDING CONTRAST: Generally light except for darker medium gray (N5) band in Section 4, 75-78 cm. ",CORE 261.9 - 271.75 MBSF
138,844,B,30,X,271.6,281.47,lower Miocene,"FORAMINIFER NANNOFOSSIL OOZE WITH DIATOMS Major Lithology: This core consists of very light greenish gray to very light gray (5G 7/1 to N8) FORAMINIFER NANNOFOSSIL OOZE WITH DIATOMS. Minor Lithology: Gray brown (5Y 4/1) graded ASH AND VITRIC CLAY layers, 2-6 cm thick, are present in Section 5,22-25 cm, and 108-113 cm. General Description: TRACE FOSSILS: Light to moderate burrowing is common and Planolites is present throughout the core. Chondrites is present within Planolites in Sections 1, 2, 6 & CC. Some solid and rind burrows are present in the top of Section 2. Planolites burrows are generally brownish gray (5Y 7/1). COLOR BANDING: In Sections 4 and 5, light greenish gray color bands alternate with very light gray bands LAMINATION: Bundles of laminations are 5G 6/1 in color. ",CORE 271.6 - 281.47 MBSF
138,844,B,31,X,281.2,291.25,lower Miocene,"FORAMINIFER NANNOFOSSIL OOZE Major Lithology: This core contains FORAMINIFER NANNOFOSSIL OOZE. The color of the sediment ranges from very light gray (N8) to light bluish gray (5B 7/1) to light greenish gray (5GY 7/1). Distinct bands of darker material are found in Section 1, 42-47 cm (10YR 5/2), 51-52 cm (10YR 2/2), 78-86 cm (10YR 6/3), Section 3,130-132 cm (10YR 6/3) and Section 6, 126-129 cm (5G 3/2). Bioturbation is slight throughout most of the core with the exception of Section 6, 22-26 cm, where there is moderate bioturbation. Minor Lithologies: The sediment becomes more diatom-rich with depth, grading to a FORAMINIFER DIATOM NANNOFOSSIL OOZE in Section 5, and to DIATOM NANNOFOSSIL OOZE in Section 6. There is an abrupt change to light reddish brown (5YR 6/4) METALLIFEROUS NANNOFOSSIL OOZE WITH DIATOMS in Section 7, 32 cm, followed by a gradual change to very light gray (N8) DIATOM NANNOFOSSIL OOZE at CC, 30 cm. Below this depth there is a 10 cm-thick interval of dark greenish gray DIATOM NANNOFOSSIL OOZE underlain by BASALT. General Description: TRACE FOSSILS: Filled burrow structures and occasional Chondrites are found throughout the core. BANDING CONTRAST: High. NOTE: Void in Section 1,1-3 cm. ",CORE 281.2 - 291.25 MBSF
