Expedition/Leg,Site,Hole,Core Number,Core Type,Top depth cored (m),Bottom depth recovered (m),Age,Description,Core ID
134,831,B,1,W,0,0.42,middle Pleistocene,"CORAL RUDSTONE Major lithology: The core consists of pieces of white (10YR 8/2) hermatypic coral, including Ponies and Acropora, and undetermined head corals. The corals are dense, with pores filled with cement. The core is classified as CORAL RUDSTONE because no matrix was recovered, but these fragments may represent coral pieces in lagoonal sediment that was not recovered.",CORE 0 - 0.42 MBSF
134,831,B,2,R,102.4,102.56,middle Pleistocene,BIOCLASTIC WACKESTONE and ,CORE 102.4 - 102.56 MBSF
134,831,B,3,R,111.9,112.07,middle Pleistocene,"CORAL RUDSTONE Major lithology: The core consists of pieces of white (10YR 8/2) coral, including Ponies and Acropora. The corals are dense, with pores and borings filled with cement and mud. The core is classified as CORAL RUDSTONE because no matrix was recovered, but these fragments may represent coral pieces in lagoonal sediment that was not recovered. ",CORE 111.9 - 112.07 MBSF
134,831,B,4,R,121.3,121.6,indeterminate,"CORALGAL WACKESTONE and CORALGAL RUDSTONE Major lithology: The core consists of pieces of white (10YR 8/2) CORALGAL WACKESTONE and pieces of coral, including Ponies. The corals are dense, with pores and borings filled with cement and mud. The corals are classified as CORAL RUDSTONE because no matrix was recovered, but these fragments may represent coral pieces in lagoonal sediment that was not recovered.",CORE 121.3 - 121.6 MBSF
134,831,B,5,R,130.9,136.82,indeterminate,"BIOCLASTIC PACKSTONE Major lithology: The core mainly consists of white (1OYR 8/2). soupy BIOCLASTIC PACKSTONE with abundant granule- to pebble-sized pieces of partially lithified BIOCLASTIC PACKSTONE. The soupy consistency may be a product of drilling. The packstone contains abundant pelecypod fragments and minor coral and possible bryozoan fragments. There are also pebble-sized clasts of lithified packstone with shell fragments, many of which are dissolved, creating moldic porosity. Minor lithology: Some grainstone fragments and pebble-sized pieces of partially lithified and lithified mollusc floatstone in a packstone matrix were recovered. ",CORE 130.9 - 136.82 MBSF
134,831,B,6,R,133.9,134.08,indeterminate,"MOLLUSC FLOATSTONE Major lithology: The core consists of pieces of white (10YR 8/2) FLOATSTONE with a packstone matrix. The FLOATSTONE is mainly composed of small mollusc fragments. Halimeda is abundant in one piece of floatstone and another piece has a 1 cm fragment of Acropora. A single piece of head coral, 6 cm in size, was also recovered. Marine borings are common in all pieces and moldic porosity is present. ",CORE 133.9 - 134.08 MBSF
134,831,B,7,R,140.5,140.69,indeterminate,"MOLLUSC FLOATSTONE and CORAL RUDSTONE Major lithology: Five cobbles of carbonate were recovered. Three of the them are white (10YR 8/2), partially lithified MOLLUSC FLOATSTONE with abundant primary porosity and minor amounts of carbonate cement. The other 2 pieces are white (10YR 8/2), partially lithified CORAL RUDSTONE (Acropora) with marine clam borings (Lithophaga?). Petrographic analysis indicates that the sediment is a poorly sorted mixture of sand- and silt-sized grains and micrite. Grains range from 4 mm to 20 microns in size, but most are 100 to 300 microns. Bioclasts include fragments of Halimeda , bryozoan, mollusc, echinoid and coralline algae. Calcite spheres, 30�50 microns in size and with radial extinction, are abundant; the origin of these spheres is unknown. ",CORE 140.5 - 140.69 MBSF
134,831,B,8,R,150.1,150.18,indeterminate,"CORAL RUDSTONE Major lithology: The core consists of 8, angular to subrounded, white (10YR 8/2), cobbles of CORAL RUDSTONE, < 3 cm wide. The corals are well-preserved specimens with minor amounts of marine cement and marine clam borings (Lithophagal). ",CORE 150.1 - 150.18 MBSF
134,831,B,9,R,159.8,159.8,NA,NO RECOVERY,CORE 159.8 - 159.8 MBSF
134,831,B,10,R,161.4,161.46,indeterminate,MOLLUSC FLOATSTONE Major lithology: The core consists of 2 angular to subrounded. cobbles of MOLLUSC FLOATSTONE with echinoid spines and algal (Halimeda?) fragments.,CORE 161.4 - 161.46 MBSF
134,831,B,11,R,169.4,169.45,indeterminate,"CORAL RUDSTONE Major lithology: The core consists of 1 cobble, 3x 5 cm, of partially calcitized, angular to subrounded, white (10YR 8/2) CORAL RUDSTONE.",CORE 169.4 - 169.45 MBSF
134,831,B,12,R,179.1,179.17,indeterminate,"MOLLUSC RUDSTONE and MOLLUSC FLOATSTONE Major lithology: The core consists of 4 cobbles of carbonate. Two of them are a MOLLUSC RUDSTONE consisting of fragments of a thick-shelled mollusc, most likely a tridacnid. The other two pieces are white (10YR 8/2), partially lithified, porous MOLLUSC FLOATSTONE.",CORE 179.1 - 179.17 MBSF
134,831,B,13,R,188.8,188.86,indeterminate,"CORAL RUDSTONE Major lithology: The core consists of 4 pieces of subrounded. white to light gray (10YR 8/2 to 2.5Y 7/2), partially lithified fragments of coral. The recovered pieces form a CORAL RUDSTONE, but the absence of matrix may be the result of drilling.",CORE 188.8 - 188.86 MBSF
134,831,B,14,R,198.5,198.59,indeterminate,"MOLLUSC FLOATSTONE and CORAL RUDSTONE Major lithology: The core consists of 6 fragments of carbonate. Five of the carbonate fragments are white (10YR 8/2), partially lithified MOLLUSC FLOATSTONE. The remaining carbonate fragment is CORAL RUDSTONE, a head coral, with minor amounts of marine cement infilling small pores.",CORE 198.5 - 198.59 MBSF
134,831,B,15,R,208.2,208.27,indeterminate,"MOLLUSC RUDSTONE Major lithology: The recovered fragment is classified as a MOLLUSC RUDSTONE: it is a single 7 cm long fragment of a thick-shelled mollusc, possibly a conch (Strombus?). The internal chambers of the mollusc have marine borings and are lined with three generations of carbonate cement ranging in color from white {10YR 8/2) to grayish brown (10YR 5/2) to pale whitish yellow (2.5Y 8/3). ",CORE 208.2 - 208.27 MBSF
134,831,B,16,R,217.8,217.99,indeterminate,"CORAL RUDSTONE and BIOCLASTIC FLOATSTONE Major lithology: The core consists of 8 carbonate fragments. Five of these fragments are white (10YR 8/2), rounded to subrounded cobbles of CORAL RUDSTONE. Two of these fragments are 6 cm long, well-preserved pieces of coral (Acropora). The last carbonate fragment is a partially lithified BIOCLASTIC FLOATSTONE. Petrographic analysis indicates the occurrence of two coral fragments in a fine-grained matrix. One piece of coral is encrusted with coralline algae, that is itself encrusted by a foraminifer with open chambers fringed with acicular crystals, about 60 microns in length. Sediment surrounding the corals includes fine sand- to silt-sized grains and micrite. Calcite spheres, 40-60 microns in size, with radial extinction are abundant in the sediment but are of unknown origin. In places, micritic sediment has a clotted peloidal texture suggestive of micritic cement.",CORE 217.8 - 217.99 MBSF
134,831,B,17,R,227.5,227.59,indeterminate,"PELOIDAL PACKSTONE Major Lithology: The core consists of 2 partially lithified, white (10YR 8/2) fragments of PELOIDAL PACKSTONE with rounded mud grains, which may be fecal pellets.",CORE 227.5 - 227.59 MBSF
134,831,B,18,R,237.2,239.06,Pliocene-Pleistocene,"CORAL RUDSTONE, CORAL PACKSTONE, MUDSTONE, BIOCLASTIC RUDSTONE and BIOCLASTIC PACKSTONE Major Lithology: The core consists of pale yellow (10YR 8/3), unlithified carbonate sediment that grades upward from CORAL RUDSTONE (Section 1, 65 cm, to Section 2, 50 cm: grains 2-6 mm in size) to CORAL PACKSTONE (Section 1, 5-65 cm), with 5 cm of light gray (10YR 7/1) MUDSTONE at the top of the core. The BIOCLASTIC RUDSTONE and PACKSTONE consist of very angular fragments of coral and mollusc with less abundant foraminifers and rare echinoid spines. Pieces of well-preserved Porites coral (head variety) occur at the bottom of Sections 1 and 2 and in Section CC.",CORE 237.2 - 239.06 MBSF
134,831,B,19,R,246.4,246.49,Pliocene-Pleistocene,"CORAL RUDSTONE and CORAL FLOATSTONE Major lithology: The recovered sediment is classified as a CORAL RUDSTONE as the core consists of several pieces of head coral, including Porites and Acropora and a single piece of CORAL FLOATSTONE with a transluscently altered coral (probably Lobophyllia) in a wackestone matrix.",CORE 246.4 - 246.49 MBSF
134,831,B,20,R,256,256.31,indeterminate,INTRACLAST MOLLUSC FLOATSTONE Major lithology: The core consists of several pieces of light gray (10YR 7/2) INTRACLAST MOLLUSC FLOATSTONE with moldic porosity and 2 pieces of very pale brown (10YR 8/4) massive Acropora.,CORE 256 - 256.31 MBSF
134,831,B,21,R,265.5,265.61,indeterminate,"INTRACLAST CORAL MOLLUSC RUDSTONE Major lithology: The core contains an INTRACLAST CORAL MOLLUSC RUDSTONE of four pieces: (1) a piece of white (10YR 8/2) Porites (3 x 5 cm head coral that is all or nearly all aragonite with largely unfilled pore space, (2) a piece of white (10YR 8/2) tridacnid clam shell (3x5 cm) that is very well preserved, and which comes from a clam estimated to be at least 25 cm in length, (3, 4) pieces of white (1OYR 8/2) coral mollusc floatstone with moldic porosity produced by dissolution of mollusc shells.",CORE 265.5 - 265.61 MBSF
134,831,B,22,R,275.2,275.29,indeterminate,CORAL RUDSTONE Major lithology: The core consists of four pieces of CORAL RUDSTONE. Pieces 1 and 2 are white (2.5 Y 8/2) head coral with round corallites in which porosity is nearly occluded by cement. Piece 3 is a Porites head coral that retains much of its primary porosity. Piece 4 is a third species of head coral. Most of the coral material is still aragonitic.,CORE 275.2 - 275.29 MBSF
134,831,B,23,R,284.8,284.92,indeterminate,"MOLLUSC FLOATSTONE Major lithology: The core consists of 12 pieces of light gray (10YR 7/2) MOLLUSC FLOATSTONE (gastropods and pelecypods) with a wackestone matrix. Moldic porosity is present as a result of the dissolution of mollusc shells. Petrographic analysis indicates that the sediment consists of poorly sorted bioclasts, 50 microns to 3 mm in size, in a fine-grained matrix. Grains include fragments of coral, mollusc, bryozoans, echinoids, Halimeda, and coralline algae, and small benthic foraminifers and rare rotaliids. Calcite spheres, about 50 microns in size, with radial extinction are abundant; they are of unknown origin. Vuggy and moldic porosity forms about 10% of the rock.",CORE 284.8 - 284.92 MBSF
134,831,B,24,R,294.4,294.55,indeterminate,"CORAL RUDSTONE, MOLLUSC FLOATSTONE and SPICULE GRAINSTONE Major lithology: The core contained 7 pieces. There are 3 pieces of coral comprising a CORAL RUDSTONE, including 2 cobbles of well-preserved, white (10YR 8/2) Porites head coral. The other cobbles include 2 pieces of light gray (2.5Y 7/2) MOLLUSC FLOATSTONE with a packstone matrix and 2 pieces of SPICULE GRAINSTONE, composed of coarse sand-sized calcareous spicules.",CORE 294.4 - 294.55 MBSF
134,831,B,25,R,304.1,304.26,indeterminate,"MOLLUSC PACKSTONE, CORAL RUDSTONE, and ALGAL RUDSTONE Major lithology: The core consists of 12 cobbles, 2-4 cm in size. Seven are MOLLUSC PACKSTONE with moldic porosity. Four are CORAL RUDSTONE, including Porites head. Petrographic analysis indicates that the sediment consists of poorly sorted bioclasts, up to 4 mm in size, in a fine-grained matrix. Halimeda is abundant; other grains include fragments of coral, molluscs, bryozoans and echinoids, as well as smaller benthic foraminifers and rotalids (Operculina and Cyclopeus). Vuggy and moldic porosity forms about 15% of the rock. ",CORE 304.1 - 304.26 MBSF
134,831,B,26,R,313.7,313.78,indeterminate,MOLLUSC FLOATSTONE Major lithology: The core consists of four pieces of lithilied white (10YR 8/2) MOLLUSC FLOATSTONE with a wackestone matrix. Moldic porosity is present. ,CORE 313.7 - 313.78 MBSF
134,831,B,27,R,323.4,323.59,indeterminate,"MOLLUSC WACKESTONE and CORAL RUDSTONE Major lithology: The core consists of 4 cobbles of carbonate. Three of the cobbles are white (10YR 8/2), partially lithified MOLLUSC WACKESTONE that has minor moldic porosity and minor amounts of carbonate cement infilling small pores. The remaining cobble is white (10YR 8/2) subrounded to rounded, well-preserved CORAL RUDSTONE. ",CORE 323.4 - 323.59 MBSF
134,831,B,28,R,333,333.1,indeterminate,"CORALGAL PACKSTONE Major lithology: The core consists of 7 cobbles of CORALGAL PACKSTONE which are white (10YR 8/2) and partially lithified. Several of the cobbles have minor amounts of carbonate cement and moldic porosity, especially well developed in pencil or stick corals. ",CORE 333 - 333.1 MBSF
134,831,B,29,R,342.7,342.81,indeterminate,MOLLUSC FLOATSTONE and CORAL RUDSTONE Major lithology: The core consists of 6 cobbles of MOLLUSC FLOATSTONE and 1 cobble of CORAL RUDSTONE. Moldic porosity and minor amounts of carbonate cement occur in the wackestone cobbles. All cobbles are white (10YR 8/2). ,CORE 342.7 - 342.81 MBSF
134,831,B,30,R,352.3,352.45,indeterminate,BIOCLASTIC FLOATSTONE Major lithology: The core consists of 7 cobbles of white to very pale brown (10YR 8/2 to 10YR 8/3) BIOCLASTIC FLOATSTONE with commonly developed moldic porosity. Carbonate cements occur in some of the larger molds. ,CORE 352.3 - 352.45 MBSF
134,831,B,31,R,362,362.12,indeterminate,"MOLLUSC FLOATSTONE and PELECYPOD RUDSTONE Major lithology: The core consists of 2 cobbles of MOLLUSC FLOATSTONE and 2 cobbles of PELECYPOD RUDSTONE. The rudstone cobbles are fragments of a thick-shelled pelecypod, most likely a tridacnid. The floatstone is lithified, but remains friable. Cobbles are white to very pale brown (N9 to 10YR 8/3). Petrographic analysis shows that the sediment consists of abundant sand-sized (2 mm-60 microns) grains in mosaic cement. Micritic grains and molds of grains represented only by micrite rims are abundant; coral, echinoid, and mollusc fragments are also present. I?ter- and i?tragranular spaces are typically filled with sparry mosaic crystals 20-30 microns in size. Moldic and vuggy porosity accounts for about 15% of the rock; open pores are often fringed with bladed spar cement. ",CORE 362 - 362.12 MBSF
134,831,B,32,R,371.6,371.67,indeterminate,"BIOCLASTIC FLOATSTONE Major lithology: The core consists of 6 cobbles of BIOCLASTIC FLOATSTONE which are white (N9), subrou?ded to subangular, well-lithified and have abundant cements. Minor amounts of skeletal material occur in the floatstone including molluscan debris, algal fragments, and pellets. ",CORE 371.6 - 371.67 MBSF
134,831,B,33,R,381.3,381.39,indeterminate,"CORAL RUDSTONE, ALGAL MUDSTONE, and CORALGAL FLOATSTONE Major lithology: The core consists of 1 cobble each of CORAL RUDSTONE, ALGAL MUDSTONE, and CORALGAL FLOATSTONE. The CORAL RUDSTONE is pervasively calcitized and much of the internal skeletal structures of the coral have been obliterated. The ALGAL MUDSTONE has minor amounts of moldic porosity, a well-rounded open pore, and a void-filling rind of carbonate cement. Moreover, the majority of this cobble is very pale brown (10YR 7/4) and has wavy parallel laminations across its upper surface. Lastly, the CORALGAL FLOATSTONE is white to very pale brown, pervasively calcitized, and exhibits minor moldic porosity. ",CORE 381.3 - 381.39 MBSF
134,831,B,34,R,391,391.21,indeterminate,"WACKESTONE, CORALGAL PACKSTONE. BIOCLASTIC WACKESTONE, CORAL RUDSTONE, CORALGAL WACKESTONE and FORAMINIFERAL PACKSTONE Major lithology: The core consists of 8 cobbles of carbonate. Three of the cobbles are white (10YR 8/2), subangular, pervasively calcitized WACKESTONE with a few mollusc fragments and several open pores. One of the cobbles is a CORALGAL PACKSTONE which has two generations of calcite cement filling void space. Another of the cobbles is a very pale brown (10YR 8/3) BIOCLASTIC WACKESTONE with algal and mollusc fragments. The last three cobbles are pervasively calcitized pieces of CORAL RUDSTONE, CORALGAL WACKESTONE and FORAMINIFERAL PACKSTONE.",CORE 391 - 391.21 MBSF
134,831,B,35,R,400.6,400.65,indeterminate,"BIOCLASTIC FLOATSTONE Major lithology: The core consists of white to very pale brown (10YR 8/2 to 10YR 7/3) BIOCLASTIC FLOATSTONE. Overall the rock is well-lithified, but remains friable and porous.",CORE 400.6 - 400.65 MBSF
134,831,B,36,R,410.3,410.47,indeterminate,"FORAMINIFERAL GRAINSTONE Major lithology: The core consists of very pale brown (10YR 7/3) FORAMINIFERAL GRAINSTONE with veins of white (10YR 8/2) pore-filling marine cement. Petrographic analysis shows that the sediment consists of sand-sized grains in mosaic spar cement. Grains include coral and coralline algae fragments, miliolids and other benthic foraminifers. Many grains have been dissolved and are preserved only as micritic rims; moldic porosity forms about 30% of the rock. Intergranular pore space is typically filled with mosaic spar, 20-70 microns in size.",CORE 410.3 - 410.47 MBSF
134,831,B,37,R,420,420.04,indeterminate,MOLLUSC FLOATSTONE Major lithology: The core consists of 1 well-rounded piece of very pale brown (10YR 8/3) MOLLUSC FLOATSTONE with a packstone matrix.,CORE 420 - 420.04 MBSF
134,831,B,38,R,429.6,429.77,indeterminate,MOLLUSC FLOATSTONE Major lithology: The core consists of 3 pieces of white (10YR 8/1) MOLLUSC FLOATSTONE with a packstone matrix; some moldic porosity is present.,CORE 429.6 - 429.77 MBSF
134,831,B,39,R,439.3,439.46,indeterminate,MOLLUSC FLOATSTONE Major lithology: The core consists of 7 pieces of white (1OYR 8/1) MOLLUSC FLOATSTONE with a packstone matrix; some mollusc molds are present. ,CORE 439.3 - 439.46 MBSF
134,831,B,40,R,448.9,449.32,indeterminate,MOLLUSC FLOATSTONE Major lithology: The core consists of 8 pieces of white (1OYR 8/1) MOLLUSC FLOATSTONE with a packstone matrix; some mollusc molds are present. ,CORE 448.9 - 449.32 MBSF
134,831,B,41,R,458.6,458.84,indeterminate,"MOLLUSC FLOATSTONE Major lithology: The core consists of 5 pieces of white (10YR 8/1) MOLLUSC FLOATSTONE with a packstone matrix; some mollusc molds are present. Gastropods, up to 0.5 cm in diameter, occur in Piece 1; whereas in Piece 2 they are up to 1 cm in diameter. One piece has a pelecypod mold that is 2 cm in diameter.",CORE 458.6 - 458.84 MBSF
134,831,B,42,R,468.3,468.35,indeterminate,"MOLLUSC FLOATSTONE Major lithology: The core consists of 1 piece, 6x4 cm, of white (1OYR 8/1), well-lithified MOLLUSC FLOATSTONE in a packstone matrix. Moldic porosity is present.",CORE 468.3 - 468.35 MBSF
134,831,B,43,R,477.9,478.01,indeterminate,"BIOCLASTIC FLOATSTONE Major lithology: The core consists of 2 pieces, 5x5 cm, of well-lithified BIOCLASTIC FLOATSTONE with a packstone matrix. Bryozoans and gastropods have been dissolved producing moldic porosity. The sediment is mottled, varying in color from very pale brown (10YR 7/3) to white (10YR 8/1). Petrographic analysis shows that the rock consists of areas ol packstone to wackestone and patches of grainstone. Grains range in size from 50 to 400 microns. Micritic grains are abundant and outlines of shell fragments (preserved as micritic rims) are common; toraminifers (miliolids, peneropolids. other rotaliids, biserial forms and a few planktonic forms) and echinoid fragments are also present. In the grai?stone, intergranular spaces ar generally filled with microspar, 10-30 microns in size. Mosaic microspar also fills many of the shell molds and foraminifer chambers. Moldic porosity accounts for about 15% of the rock.",CORE 477.9 - 478.01 MBSF
134,831,B,44,R,487.2,487.32,indeterminate,"MOLLUSC FLOATSTONE and BIOCLASTIC GRAINSTONE Major lithology: The core consists of 5 cobbles of white (10YR 8/2) carbonate rocks. Three of the cobbles are well-lithified MOLLUSC FLOATSTONE with packsto?e matrix and moldic porosity. Two of the cobbles are BIOCLASTIC GRAINSTONE with friable white micritic cement infilling small vugs. Petrographic analysis show that the matrix of the mollusc floatstone is packstone consisting of grains 50-800 microns in size. Micritic grains are abundant and outlines of grains preserved only as micritic rims are common. Benthic foraminifers, coralline algae, and molluscs are also present. I?tergranular space is filled with microspar (10-30 microns) and micrite. Moldic porosity after molluscs accounts for about 10% of the rock.",CORE 487.2 - 487.32 MBSF
134,831,B,45,R,496.4,496.51,indeterminate,"MOLLUSC FLOATSTONE Major lithology: The core consists of 4 cobbles of well-lithified, white (10YR 8/2) MOLLUSC FLOATSTONE with packstone matrix. The cobbles have numerous molds of gastropods and pelecypods, some up to 2 cm long.",CORE 496.4 - 496.51 MBSF
134,831,B,46,R,506,506.08,indeterminate,"MOLLUSC FLOATSTONE Major lithology: The core consists of 3 cobbles of well-lithified, white (10YR 8/2) MOLLUSC FLOATSTONE with packstone matrix. Thin-shelled pelecypods have been dissolved producing moldic porosity. ",CORE 506 - 506.08 MBSF
134,831,B,47,R,515.7,515.85,indeterminate,"MOLLUSC FLOATSTONE and MOLLUSC MUDSTONE Major lithology: The core consists of 4 cobbles of carbonate rock. Three of the pieces are white (10YR 8/2), well-lithified MOLLUSC FLOATSTONE with packstone matrix. These rocks feature abundant gastropod molds. The fourth piece is white (10YR 8/2) MUDSTONE.",CORE 515.7 - 515.85 MBSF
134,831,B,48,R,525.4,526.5,indeterminate,"BIOCLASTIC FLOATSTONE and MOLLUSC FLOATSTONE Major lithology: The core consists of 21 cobbles of white (10YR 8/2) BIOCLASTIC FLOATSTONE and MOLLUSC FLOATSTONE with a packstone matrix. The rocks feature abundant shell fragments and gastropod molds as much as 1-2 cm long. Many of the molds contain rim cements, and in one rock gastropods have been replaced by coarse-grained calcite cement. The rocks also show other minor to pervasive calcite cements, and some have zones of light brownish gray (10YR 6/2) depositional or diagenetic mottling.",CORE 525.4 - 526.5 MBSF
134,831,B,49,R,534.6,534.8,indeterminate,"BIOCLASTIC FLOATSTONE and MUDSTONE Major lithology: The core consists of 5 pieces of white (10YR 8/2) carbonate rock. Three pieces are well-lithified BIOCLASTIC FLOATSTONE with a packstone matrix. Moldic porosity, often with rim cement or calcite infilling, is present after gastropods, and a 1.1 cm steinkernen occurs in one piece. The other 2 cobbles are well-lithified MUDSTONE with rare gastropod molds. Regions of very pale brown (10YR 7/3) alternate with white (10YR 8/1) in the carbonate cobbles, a feature that may represent fossil algae, bioturbation, or diagenetic mottling.",CORE 534.6 - 534.8 MBSF
134,831,B,50,R,544.3,544.41,indeterminate,"WACKESTONE Major lithology: The core consists of 2 pieces of white (10YR 8/2), well-lithified WACKESTONE with a few gastropod molds and fragments 0.1-1.0 cm long. Petrographic analysis indicates that the fine-grained dense carbonate consists of micritic grains, 40-80 microns in size, in a mosaic of microspar with a crystal size of 10-20 microns. Sparry fragments and pieces of molluscs and echinoids are also present. ",CORE 544.3 - 544.41 MBSF
134,831,B,51,R,553.9,554.13,indeterminate,"MOLLUSC FLOATSTONE and MUDSTONE Major lithology: The core consists of 6 pieces of white (10YR 8/2), well-lithilied carbonate rock. Three pieces are MOLLUSC FLOATSTONE with abundant moldic porosity and highly dissolved and altered allochem?. The other three cobbles are MUDSTONE with minor moldic porosity.",CORE 553.9 - 554.13 MBSF
134,831,B,52,R,563.6,563.81,lower Miocene,"MOLLUSC FLOATSTONE and MUDSTONE Major lithology: The core consists of 6 pieces of well-lithified carbonate rock. Four pieces are white (10YR 8/2) MOLLUSC FLOATSTONE in a packstone matrix with abundant moldic porosity developed after gastropods = 1 cm long, and in one cobble, after 0.7 cm long coral fragments. One of the other two cobbles is very pale brown (10YR 8/3) MUDSTONE with brown to dark yellowish brown (10YR 5/3 to 10YR 3/4) calcite cement. The last piece is white (N2) lithified calcite with a coating of MOLLUSC FLOATSTONE with dissolved gastropods. ",CORE 563.6 - 563.81 MBSF
134,831,B,53,R,573.3,573.62,lower Miocene,"MOLLUSC FLOATSTONE and FORAMINIFERAL GRAINSTONE Major lithology: The core consists of 8 cobbles of carbonate rock. Six pieces are white to light brownish gray (10YR 8/2 to 10YR 6/2) MOLLUSCAN FLOATSTONE in a packstone matrix. Bivalves, corals, and gastropods have dissolved leaving abundant moldic porosity. Gastropod steinkerns and calcite cement are observed in several pieces. The other 2 cobbles are white (10YR 8/2), friable FORAMINIFERAL GRAINSTONE with moldic porosity after pencil corals. These cobbles are highly bored and have a dissolved texture. Petrographic analysis shows that the foraminiferal packstone is a poorly sorted mixture of grains ranging in size from 80 microns to 2 mm. The foraminifers are mainly smaller rotaliids, with less common miliolids. Micritic grains are common; intraclasts, coralline algae, echinoid spines and molluscs are also present. Intergranular space is filled with micrite and spar, having a crystal size of 10-30 microns.",CORE 573.3 - 573.62 MBSF
134,831,B,54,R,582.9,582.95,lower Miocene,"MOLLUSC FLOATSTONE Major lithology: The core consists of 2 pieces of white (10YR 8/2), well lithified MOLLUSC FLOATSTONE with minor moldic porosity and minor cement. One piece contains 2 pisolites.",CORE 582.9 - 582.95 MBSF
134,831,B,55,R,592.6,592.72,lower Miocene,"BIOCLASTIC FLOATSTONE Major lithology: The core consists of 3 pieces of white (10YR 8/2), well-lithified BIOCLASTIC FLOATSTONE with numerous molds of thin-shelled molluscs, some of which are filled with cement. Other molds identified include corals and gastropods.",CORE 592.6 - 592.72 MBSF
134,831,B,56,R,602.3,602.51,lower Miocene,"FORAMINIFERAL GRAINSTONE and MOLLUSC FORAMINIFERAL PACKSTONE Major lithology: The core consists of 7 pieces of white (10YR 8/2), well-lithified carbonate rock. Five pieces are FORAMINIFERAL GRAINSTONES to packstones, with miliolids especially abundant. Thin-shelled molluscs and corals have dissolved producing minor moldic porosity. Two pieces are MOLLUSC FORAMINIFERAL PACKSTONE with minor moldic porosity. Petrographic analysis indicates that the grainstone is composed mainly of foraminifers and micritic grains, 400 to 600 microns in size. Foraminifers include Austrolrillina striata, Flosculinella sorites, miliolids, and biserial and smaller rotaliids. Many of the micritic grains are recrystallized fragments of coralline algae. Intergranular spaces are filled with sparry mosaic cement, with a crystal size of 50-150 microns in size, and peloidal micritic cement.",CORE 602.3 - 602.51 MBSF
134,831,B,57,R,612,612.37,upper Oligocene,MOLLUSC FLOATSTONE Major Lithology: The core consists of 10 pieces of lithified very pale brown (10YR 8/3) MOLLUSC FLOATSTONE with packstone matrix. Some molluscs have dissolved producing moldic porosity. Darker mottled areas that are very pale brown (10YR 7/3) may be due to burrowing. Some molluscs molds are partially filled with sparry calcite cement. Piece 2 is a coral mollusc floatstone.,CORE 612 - 612.37 MBSF
134,831,B,58,R,621.6,621.8,upper Oligocene,"FORAMINIFERAL GRAINSTONE Major Lithology: The core consists of 4 piecces of white (10YR 8/2) FORAMINIFERAL GRAINSTONE with minor moldic porosity. Petrographic analysis indicates that the grainstone is composed of about 70% grains, 20% sparry calcite cement, and 10% moldic porosity. Grains are 400 microns to 2 mm in size. Foraminifers are abundant and include Numulites fichteli, Spiroclypeus, Borelis, Austrotrillina striata, milolids, and biserial rotaliids. Many of the foraminfers are completely micritized and are recognized only by their shape. Other micritic grains are also present, but were not identifiable. Most of the intergranular pore space is filled with sparry mosaic cement, with crystal size 20-100 microns; a few open intergranular pores are lined with dentate crystals, 50-70 microns in size. ",CORE 621.6 - 621.8 MBSF
134,831,B,59,R,631.3,631.63,upper Oligocene,FORAMINIFERAL GRAINSTONE and CORAL MOLLUSC FLOATSTONE Major lithology: a. Most of the core consists of six pieces of white (10YR 8/2) and one piece of very pale brown (10YR 7/1) BIOCLASTIC FORAMINIFERAL GRAINSTONE with minor moldic porosity. b. Three pieces consist of white (10YR 8/2) CORAL MOLLUSC FLOATSTONE with wackestone matrix. Mollusc and small coral stems have dissolved producing moldic porosity. ,CORE 631.3 - 631.63 MBSF
134,831,B,60,R,641,641.04,upper Oligocene,BIOCLASTIC FORAMINIFERAL GRAINSTONE Major lithology: This core consists of two small pieces of white (10YR 8/1) BIOCLASTIC FORAMINIFERAL GRAINSTONE. ,CORE 641 - 641.04 MBSF
134,831,B,61,R,650.3,650.4,upper Oligocene,"BIOCLASTIC GRAINSTONE Major lithology: This core consists of 5 small pieces of white (10YR 8/2) BIOCLASTIC GRAINSTONE with rare molds of mollusc shells. Petrographic analysis shows that the grainstone consists of abundant foraminifers and micritic grains, many of which are fragments of recrystallized coralline algae. Foraminifers include abundant miliolids and less common rotaliids. I?tergra?ular spaces are generally filled with sparry mosaic cement, with a crystal size of 20-60 microns; some open pores are lined with dentate crystals. 30-50 microns long. Many grains, including numerous mollusc fragments, are preserved only as micritic rims that have not been infilled with cement; this moldic porosity accounts for about 20% of the rock. ",CORE 650.3 - 650.4 MBSF
134,831,B,62,R,659.6,659.65,upper Oligocene,BIOCLASTIC RUDSTONE Major lithology: This core consists of 1 small piece of very pale brown (10YR 7/3) BIOCLASTIC RUDSTONE with coral and mollusc.,CORE 659.6 - 659.65 MBSF
134,831,B,63,R,669.2,670.45,upper Oligocene,"BIOCLASTIC PACKSTONE and FLOATSTONE Major lithology: This core consists of small pieces of white (10YR 8/2) BIOCLASTIC PACKSTONE and FLOATSTONE with a packstone matrix. Some of the pieces show pale brown (10YR 7/3) mottling; distinct burrows are present in one sample. Occasional pelecypod molds occur in some pieces. Pieces in the core catcher are very dense, with only a hint of granular structure. Petrographic analysis shows a patchy distribution of toraminiferal grai?stone and packstone within the sample. Foraminifers include Austrotrillina (ancestral form), miliolids, and smaller be?thic rotaliids (both uniserial and trochospiral forms); some of the foraminifers are completely infilled with micrite. Fecal pellets and fragments of branching coralline algae, molluscs and echinoid spines are also present. Grains range in size from about 60 to 800 microns. I?tergra?ular space is filled with sparry mosaic cement (50-150 microns) and micrite.",CORE 669.2 - 670.45 MBSF
134,831,B,64,R,678.5,680.63,upper Oligocene,"CORAL RUDSTONE and ALGAL PACKSTONE Major lithology: Two small cobbles ol well-preserved CORAL RUDSTONE occur in the upper 15 cm of this core. The occurrence of this facies only at the top of this core may indicate that these cobbles are stratigraphically out of place: perhaps they have fallen into the hole from above. The majority of the remaining 23 carbonate cobbles are dense, light gray (10YR 7/2) laminated ALGAL PACKSTONE with marine cement and occasional foraminifers (Numtnulites?). Most of the primary porosity has been occluded by marine cement. Petrographic analysis shows that at least some of the rock is algal packstone. consisting of about 40% coralline algae, including both encrusting and branching forms. Foraminifers (mainly rotaliids), echinoids, molluscs, and micritic grains are also present; some grains are preserved only as micritic rims infilled with microspar (10-20 microns). Intergranular space is filled with microspar (10-20 microns) and micrite. Moldic and vuggy porosity accounts for about 15% of the rock. ",CORE 678.5 - 680.63 MBSF
134,831,B,65,R,688.1,688.33,upper Oligocene,"SILTY CLAY, FORAMINIFERAL GRAINSTONE, WACKESTONE, INTRACLAST FLOATSTONE Major lithology: The upper 10 cm of this core consists of a reddish brown (2.5YR 5/4) SILTY CLAY, which clearly is a soil horizon (sensu stricto Terra Rosa). Beneath the SILTY CLAY layer is a cobble of light brown (7.5YR 6/4) FORAMINIFERAL GRAINSTONE. The two remaining carbonate cobbles are a dense, laminated (algal ?) WACKESTONE and an INTRACLAST FLOATSTONE. The latter has abundant marine and secondary carbonate cement.",CORE 688.1 - 688.33 MBSF
134,831,B,66,R,697.8,698.89,upper Oligocene,"CORAL RUDSTONE, FORAMINIFERAL GRAINSTONE, BIOCLASTIC PACKSTONE, WACKESTONE with CHLORITE Major lithology: A small cobble of pervasively calcitized CORAL RUDSTONE occurs in the upper 10 cm of this core. The occurrence of this cobble only at the top of this core may indicate that it is stratigraphically out of place; perhaps it has fallen into the hole from above. Several cobbles of FORAMINIFERAL GRAINSTONE and BIOCLASTIC PACKSTONE occur between 10 and 25 cm. Cobbles in the remaining 70 cm of the core are dominantly laminated (algal ?) WACKESTONE with CHLORITE. These cobbles have minor moldic porosity after pencil corals and minor amounts of pore-filling carbonate cement. Many of these cobbles have abundant veins of chlorite. In one case the chlorite veins diverge around a carbonate clast. Petrographic analysis shows that the bioclastic pack?tone consists of foraminifers (Austrolrilli?a striata. Borelis, miliolids), coralline algae, intraclasts, micritic grains and mollusc fragments. Grain size ranges from 100 microns to 1 mm. Intergranular space is filled with microspar (crystals 10-20 microns in size) and micrite.",CORE 697.8 - 698.89 MBSF
134,831,B,67,R,707.5,707.92,upper Oligocene,"CORAL RUDSTONE, FORAMINIFERAL WACKESTONE with CLAY, and BIOCLASTIC FLOATSTONE Major lithology: The upper 5 cm consists of 3 cobbles of partially calcitized CORAL RUDSTONE. The occurrence of this facies only at the top of this core may indicate that these cobbles are stratigraphically out of place; perhaps they have fallen into the hole from above. A well-lithified, pinkish white (7.5YR 8/2) streaked with light red (2.5YR 6/6), CORAL RUDSTONE with interstitial mudsto?e occurs below the tirst three cobbles. The largest piece of carbonate occurs from 19 to 27 cm. This piece is a very pale brown (10YR 8/3 to 10YR 7/4) with streaks of red (10R 5/6) and light yellowish brown (10YR 6/4) FORAMINIFERAL WACKESTONE with CLAY. The core catcher consists of 4 carbonate cobbles. Three of the cobbles are BIOCLASTIC FLOATSTONE in a wackestone matrix. Mollusc and coral tragments have dissolved producing moldic porosity. Carbonate cement occurs along the edge of several pores.",CORE 707.5 - 707.92 MBSF
134,831,B,68,R,717.1,717.67,upper Oligocene,"ALGAL RUDSTONE and BIOCLASTIC FLOATSTONE Major lithology: The core consists of 12 cobbles of carbonate. Four of the cobbles are classified as ALGAL RUDSTONE, some have chlorite veins throughout them. Two of the cobbles have such well-developed algal laminations they look like stromatolites. Seven of the carbonate cobbles are classified as BIOCLASTIC FLOATSTONE, Stick corals and thinshelled molluscs have dissolved producing moldic porosity. Foraminifers sporadically occur in these cobbles.",CORE 717.1 - 717.67 MBSF
134,831,B,69,R,726.8,730.27,upper Oligocene,"CORAL RUDSTONE, BIOCLASTIC PACKSTONE and FORAMINIFERAL GRAINSTONE Major lithology: This core consists of 20 pieces of well-lithifled carbonate rock that range in color from white (10YR 8/2) to very pale brown (10YR 7/3). Four of the pieces are. or contain, CORAL RUDSTONE, including 1) one piece of Porites with little to no cement. 2) another coral that is densely cemented, and 3) a coral that is coated with multiple layers of cement. Other pieces in the core are BIOCLASTIC PACKSTONE and FORAMINIFERAL GRAINSTONE; the packsto?e has borings. 0.5 to 2 mm in diameter. Petrographic analysis shows that the grainstone consists of well sorted grains 0.5 to 1 mm in size. The grains are mainly miliolids (including Auslrotrillina howchmi) and rotaliid foraminifers and fragments of coralline algae, with minor mollusc and echmoid fragments. Many of the foraminifers are micritized and the molluscs are preserved only as micritic rims infilled with spar. Intergra?ular spaces are filled with sparry mosaic cement, with crystal size ranging from 10-50 microns. 134-831B-69R-1 UNIT IV: ANDESITIC BRECCIA SUBUNIT IVA: Variegated andesitic breccia with some reworking ; 134-831B-69R-2 UNIT IV: ANDESITIC BRECCIA SUBUNIT IVA: Variegated andesitic breccia with some reworking ; 134-831B-69R-3 UNIT IV: ANDESITIC BRECCIA SUBUNITIVA: Variegated andesitic breccia with some reworking",CORE 726.8 - 730.27 MBSF
134,831,B,70,R,736.4,743.38,NA,134-831B-70R-1 UNIT IV: ANDESITIC BRECCIA SUBUNIT IVA: Variegated andesitic breccia with some reworking ; 134-831B-70R-2 UNIT IV: ANDESITIC BRECCIA SUBUNIT IVA: Variegated andesitic breccia with some reworking ; 134-831B-70R-3 UNIT IV: ANDESITIC BRECCIA SUBUNIT IVA: Variegated andesitic breccia with some reworking ; 134-831B-70R-4 UNIT IV: ANDESITIC BRECCIA SUBUNITIVB: Andesitic hyalo-breccia with green matrix ; 134-831B-70R-5 UNIT IV: ANDESITIC BRECCIA SUBUNITIVB: Andesitic hyalo-breccia with green matrix,CORE 736.4 - 743.38 MBSF
134,831,B,71,R,746,751.21,NA,134-831B-71R-1 UNIT IV: ANDESITIC BRECCIA SUBUNITIVB: Andesitic hyalo-breccia with green matrix ; 134-831B-71R-2 UNIT IV: ANDESITIC BRECCIA SUBUNITIVB: Andesitic hyalo-breccia with green matrix ; 134-831B-71R-3 UNIT IV: ANDESITIC BRECCIA SUBUNITIVB: Andesitic hyalo-breccia with green matrix ; 134-831B-71R-4 UNIT IV: ANDESITIC BRECCIA SUBUNITIVB: Andesitic hyalo-breccia with green matrix,CORE 746 - 751.21 MBSF
134,831,B,72,R,755.6,760.47,NA,"134-831B-72R-1 UNIT IV: CARBONATE, UNIT IV: ANDESITIC BRECCIA SUBUNIT IVB: Andesitic hyalo-breccia with green matrix ; 134-831B-72R-2 UNIT IV: ANDESITIC BRECCIA SUBUNIT IVB: Andesitic hyalo-breccia with green matrix ; 134-831B-72R-3 UNIT IV: ANDESITIC BRECCIA SUBUNIT IVB: Andesitic hyalo-breccia with green matrix ; 134-831B-72R-4 UNIT IV: ANDESITIC BRECCIA SUBUNIT IVB: Andesitic hyalo-breccia with green matrix ",CORE 755.6 - 760.47 MBSF
134,831,B,73,R,765.3,768.7,NA,134-831B-73R-1 UNIT IV: ANDESITIC BRECCIA SUBUNIT IVB: Andesitic hyalo-breccia with green matrix ; 134-831B-73R-2 UNIT IV: ANDESITIC BRECCIA SUBUNIT IVB: Andesitic hyalo-breccia with green matrix ; 134-831B-73R-3 UNIT IV: ANDESITIC BRECCIA SUBUNIT IVB: Andesitic hyalo-breccia with green matrix ,CORE 765.3 - 768.7 MBSF
134,831,B,74,R,770.1,772.56,NA,134-831B-74R-1 UNIT IV: ANDESITIC BRECCIA SUBUNIT IVB: Andesitic hyalo-breccia with green matrix ; 134-831B-74R-2 UNIT IV: ANDESITIC BRECCIA SUBUNIT IVB: Andesitic hyalo-breccia with green matrix,CORE 770.1 - 772.56 MBSF
134,831,B,75,R,775.6,778.84,NA,134-831B-75R-1 UNIT IV: ANDESITIC BRECCIA SUBUNIT IVB: Andesitic hyalo-breccia with green matrix ; 134-831B-75R-2 UNIT IV: ANDESITIC BRECCIA SUBUNIT IVB: Andesitic hyalo-breccia with green matrix ; 134-831B-75R-3 UNIT IV: ANDESITIC BRECCIA SUBUNIT IVB: Andesitic hyalo-breccia with green matrix ,CORE 775.6 - 778.84 MBSF
134,831,B,76,R,784.8,791.75,NA,134-831B-76R-1 UNIT IV: ANDESITIC BRECCIA SUBUNIT IVB: Andesitic hyalo-breccia with green matrix ; 134-831B-76R-2 UNIT IV: ANDESITIC BRECCIA SUBUNIT IVB: Andesitic hyalo-breccia with green matrix ; 134-831B-76R-3 UNIT IV: ANDESITIC BRECCIA SUBUNIT IVB: Andesitic hyalo-breccia with green matrix ; 134-831B-76R-4 UNIT IV: ANDESITIC BRECCIA SUBUNIT IVB: Variegated andesitic breccia with some reworking ; 134-831B-76R-5 UNIT IV: ANDESITIC BRECCIA SUBUNIT IVB: Variegated andesitic breccia with some reworking,CORE 784.8 - 791.75 MBSF
134,831,B,77,R,794.4,798.42,NA,134-831B-77R-1 UNIT IV: ANDESITIC BRECCIA SUBUNIT IVB: Variegated andesitic breccia with some reworking ; 134-831B-77R-2 UNIT IV: ANDESITIC BRECCIA SUBUNIT IVB: Variegated andesitic breccia with some reworking ; 134-831B-77R-3 UNIT IV: ANDESITIC BRECCIA SUBUNIT IVB: Variegated andesitic breccia with some reworking ; 134-831B-77R-4 UNIT IV: ANDESITIC BRECCIA SUBUNIT IVB: Variegated andesitic breccia with some reworking,CORE 794.4 - 798.42 MBSF
134,831,B,78,R,799.1,799.94,NA,134-831B-78R-1 UNIT IV: ANDESITIC BRECCIA SUBUNIT IVB: Variegated andesitic breccia with some reworking ,CORE 799.1 - 799.94 MBSF
134,831,B,79,R,800.1,804.15,NA,134-831B-79R-1 UNIT IV: ANDESITIC BRECCIA SUBUNIT IVB: Variegated andesitic breccia with some reworking ; 134-831B-79R-2 UNIT IV: ANDESITIC BRECCIA SUBUNIT IVB: Variegated andesitic breccia with some reworking ; 134-831B-79R-3 UNIT IV: ANDESITIC BRECCIA SUBUNIT IVB: Variegated andesitic breccia with some reworking,CORE 800.1 - 804.15 MBSF
134,831,B,80,R,804.1,810.56,NA,134-831B-80R-1 UNIT IV: ANDESITIC BRECCIA SUBUNIT IVB: Variegated andesitic breccia with some reworking ; 134-831B-80R-2 UNIT IV: ANDESITIC BRECCIA SUBUNIT IVB: Variegated andesitic breccia with some reworking ; 134-831B-80R-3 UNIT IV: ANDESITIC BRECCIA SUBUNIT IVB: Variegated andesitic breccia with some reworking ; 134-831B-80R-4 UNIT IV: ANDESITIC BRECCIA SUBUNIT IVB: Variegated andesitic breccia with some reworking ; 134-831B-80R-5 UNIT IV: ANDESITIC BRECCIA SUBUNIT IVB: Variegated andesitic breccia with some reworking,CORE 804.1 - 810.56 MBSF
134,831,B,81,R,813.7,823.01,NA,134-831B-81R-1 UNIT IV: ANDESITIC BRECCIA SUBUNIT IVB: Variegated andesitic breccia with some reworking ; 134-831B-81R-2 UNIT IV: ANDESITIC BRECCIA SUBUNIT IVB: Variegated andesitic breccia with some reworking ; 134-831B-81R-3 UNIT IV: ANDESITIC BRECCIA SUBUNIT IVB: Variegated andesitic breccia with some reworking ; 134-831B-81R-4 UNIT IV: ANDESITIC BRECCIA SUBUNIT IVB: Variegated andesitic breccia with some reworking ; 134-831B-81R-5 UNIT IV: ANDESITIC BRECCIA SUBUNIT IVB: Variegated andesitic breccia with some reworking ; 134-831B-81R-6 UNIT IV: ANDESITIC BRECCIA SUBUNIT IVB: Variegated andesitic breccia with some reworking ; 134-831B-81R-7 UNIT IV: ANDESITIC BRECCIA SUBUNIT IVB: Andesitic hyalo-breccia with green matrix,CORE 813.7 - 823.01 MBSF
134,831,B,82,R,823.4,829.76,NA,134-831B-82R-1 UNIT IV: ANDESITIC BRECCIA SUBUNIT IVB: Andesitic hyalo-breccia with green matrix ; 134-831B-82R-2 UNIT IV: ANDESITIC BRECCIA SUBUNIT IVB: Andesitic hyalo-breccia with green matrix ; 134-831B-82R-3 UNIT IV: ANDESITIC BRECCIA SUBUNIT IVB: Andesitic hyalo-breccia with green matrix ; 134-831B-82R-4 UNIT IV: ANDESITIC BRECCIA SUBUNIT IVB: Andesitic hyalo-breccia with green matrix ; 134-831B-82R-5 UNIT IV: ANDESITIC BRECCIA SUBUNIT IVB: Andesitic hyalo-breccia with green matrix,CORE 823.4 - 829.76 MBSF
134,831,B,83,R,833,838.86,NA,134-831B-83R-1 UNIT IV: ANDESITIC BRECCIA SUBUNIT IVB: Andesitic hyalo-breccia with green matrix ; 134-831B-83R-2 UNIT IV: ANDESITIC BRECCIA SUBUNIT IVB: Andesitic hyalo-breccia with green matrix ; 134-831B-83R-3 UNIT IV: ANDESITIC BRECCIA SUBUNIT IVB: Andesitic hyalo-breccia with green matrix ; 134-831B-83R-4 UNIT IV: ANDESITIC BRECCIA SUBUNIT IVB: Andesitic hyalo-breccia with green matrix ; 134-831B-83R-5 UNIT IV: ANDESITIC BRECCIA SUBUNIT IVB: Andesitic hyalo-breccia with green matrix,CORE 833 - 838.86 MBSF
134,831,B,84,R,842.7,848.51,NA,134-831B-84R-1 UNIT IV: ANDESITIC BRECCIA SUBUNIT IVB: Variegated andesitic breccia with some reworking ; 134-831B-84R-2 UNIT IV: ANDESITIC BRECCIA SUBUNIT IVB: Variegated andesitic breccia with some reworking ; 134-831B-84R-3 UNIT IV: ANDESITIC BRECCIA SUBUNIT IVB: Variegated andesitic breccia with some reworking ; 134-831B-84R-4 UNIT IV: ANDESITIC BRECCIA SUBUNIT IVB: Variegated andesitic breccia with some reworking,CORE 842.7 - 848.51 MBSF
