Expedition/Leg,Site,Hole,Core Number,Core Type,Top depth cored (m),Bottom depth recovered (m),Age,Description,Core ID
151,911,C,1,H,0,5.68,Quaternary,"SILTY CLAY and CLAYEY SILT Major Lithologies: SILTY CLAY and CLAYEY SILT are soft, homogeneous but display numerous variations in color that appear in 15- to 80-cm-thick layers. The first 30 cm of the core is very dark grayish brown ( 5Y 3/3) and very dark gray (5Y 3/2) in the lower part. Only traces of foraminifers and nannofossils are found at the top of the core. Downcore, colors range between gray ( 5Y 4/1) and a very dark gray (5Y 3/1); with often a sharp change to darker shade and then a gradational lightening. Bioturbation is visible only near this boundary. Very thin color bands forming sets 1 to 4 cm thick occur repetitively within the dark gray to gray transition. In some places, these thin bands seem to correspond :o changes in sediment texture. The ighter levels are often more homogeneous than the darker interval and appear more finer grained. They also contain more inorganic carbonate grains (up to 35%). Minor Lithology: CLAYEY MUD, heterogeneous, very dark gray (10Y 3/1) distinctively coarser grained, occurs as a single bed in Section 2, 81-101 cm. ",CORE 0 - 5.68 MBSF
151,911,C,2,H,5.7,12.25,Quaternary,"SILTY CLAY and CLAYEY SILT Major Lithologies: Very dark gray (5Y 3/1) SILTY CLAY and CLAYEY SILT, with common mm-size disseminated iron-sulfide concretions, occurs from top of core to Section 3, 116 cm; from Section 3, 146 cm to Section 4, 114 cm; and from Section 4, 138 cm to bottom of the core. Contains slightly finer, more massive SILTY CLAY layers with fewer Fe-sulfide concretions in Section 3, 22-116 cm, in Section 4, 12-60 cm, and in Section CC, 8-22 cm. Minor Lithology: Very dark gray )5Y 3/1) CLAYEY MUD occurs in Section 1, 64-102 cm, Section 3, 116-146 cm, and Section 4, 114-138 cm. Layers are marked by sharp bases with dark grayish brown (10YR 3/2) coarser material, grading upward into very dark gray (5Y 3/1) SILTY CLAY. ",CORE 5.7 - 12.25 MBSF
151,911,C,3,H,15.2,24.27,Quaternary,"SILTY CLAY and CLAY Major Lithologies: SILTY CLAY and CLAY, with minor grain-size variations within these lithologies. In Sections 1-3, there are distinct color cycles, 14-60 cm thick. Cycles begin with very dark gray (5Y 3/1), usually a sharp contact, have a thin layer of olive gray (5Y 4/2) commonly with a few slightly coarser grains, overlain by dark gray (5Y 4/1). The larger of these color band cycles are shown by individual boxes in the color column. Even though only one color is listed, the other colors are mostly present. Deeper in the core, most of the olive gray is missing and N4 gray substitutes for 5Y 4/1. Minor Lithologies: CLAYEY MUD, very dark gray (5Y 3/1), is present at the base of the graded layer in Section 5, 20-40 cm, and as thin laminae in some of the coarser layers in Section 5, 130 cm to Section 6, 20 cm. CARBONATE- BEARING SILTY CLAY is present in a single layer of dark gray (5Y 4/1) in Section 3, 96-102 cm. General Description: A pyritized burrow, 2 cm long, 2 mm wide is present in Section 2, 57 cm. Dropstones: Section 2, 88 cm, 0 1.1 cm, subangular, yellow sandstone, Section 6, 28 cm, 0 1.7 plutonic; 40 cm, 0 2.2 cm; 47 cm, coal 1.2 cm; 110 cm, 0 1.2 cm, rounded sandstone and 0 1 cm, subangular quartz. ",CORE 15.2 - 24.27 MBSF
151,911,C,4,H,24.7,33.61,Quaternary,"SILTY CLAY Major Lithology: SILTY CLAY, homogeneous, color very dark gray (5Y 3/1, 10Y 3/1, 10YR 3/1), dark gray (5Y 4/1), and gray (5Y 5/1); slight to moderately bioturbated; black Fe-sulfide burrow fills are abundant; gradational contacts are typical for coarser layers. Minor Lithology: CLAYEY MUD, Section 1, 40-60 cm, 140-150 cm; Section 2, 0-5 and 75-100 cm; very dark gray (5Y 3/1, 10Y 3/1,10YR 3/1), dark gray (5Y 4/1), and gray (5Y 5/1), slight to moderately bioturbated; with black Fe-sulfide burrow fills. General Description: Dropstones occur at: Section 1, 125 cm, 0 4.5 cm, siltstone. Section 2, 8 cm, 0 2.0 cm, coal fragment. Section 3, 61 cm, 0 1.5 cm, metamorphic. Section 6, 70 cm, 0 1.0 cm, sandstone. ",CORE 24.7 - 33.61 MBSF
151,911,C,5,H,34.2,41.75,Quaternary,"CLAYEY SILT Major Lithology: CLAYEY SILT, homogeneous, color very dark gray (5Y 3/1), dark gray (5Y 3/2), black (2.5Y NO/3), olive gray (10Y 4/1), dark olive gray (10Y 3/2), very dark olive gray (10Y 3/1). Moderate bioturbation, black Fe- sulfide burrow fills are abundant, white silt burrow fills are common. Several coarser layers ( 1.0 cm thick) occur with gradational contacts, lower part moderately disturbed. General Description: Dropstones: Section 2, 62 cm, 0 2.5 cm, siltstone. Section 2, 101 cm, 0 1.0 cm, siltstone. Section 4, 30 cm, 0 1.0 cm, siltstone. Section 4, 81 cm, 0 2.0 cm, igneous rock. Section 4, 115 cm, 0 1.0 cm, siltstone. Section 5, 62 cm, 0 1.0 cm, siltstone. ",CORE 34.2 - 41.75 MBSF
151,911,C,6,H,41.7,50.83,Quaternary,"SILTY CLAY Major Lithology: SILTY CLAY, color very dark gray (5Y 3/1), to dark gray (5Y 4/1), slight to moderate bioturbation. Black Fe- sulfide burrow fills are abundant, white silt burrow fills are common; coarser layers with gradational contacts are typical for this core. Minor Lithologies: CLAY, color very dark gray (5Y 3/1), to dark gray (5Y 4/1), slight to moderate bioturbation. Black Fe-sulfide borrow fills are abundant, white silt burrow fills inorganic carbonate, present in Section 1. Dropstones: Section 3, 27 cm, 0 1.2 cm, siltstone. Section 3 124 cm 0 10 cm quartzitic. ",CORE 41.7 - 50.83 MBSF
151,911,C,7,H,51.2,59.92,Quaternary,"SILTY CLAY Major Lithology: SILTY CLAY, homogeneous, color very dark gray (5Y 3/1) and dark gray (5Y 3/2), moderately bioturbated. Black Fe-sulfide burrow fills are dominant, white silt burrow fills are abundant. Several coarser layers (1.0 cm thick) occur with gradational contacts. Shell fragments are present in Sections 1, 2, 3, and 5. General Description: Dropstone: Section 1, 137 cm, 0 1,0 cm, coal particle, Section 3, 137 cm, 0 2,5 cm, siltstone, Section 4,100 cm, 0 1.0 cm, coal fragment. ",CORE 51.2 - 59.92 MBSF
151,911,C,8,H,60.7,69.85,Quaternary,"SILTY CLAY and CLAYEY SILT Major Lithologies: SILTY CLAY and CLAYEY SILT, predominantly very dark gray (5Y 3/1). Dark gray (5Y 4/1) intervals are found in Section 2, 64-81 cm and Section 5, 53-59 cm. Homogeneous, with scattered burrows filled with dark brown sediment or light gray carbonate-rich sediment. Pods and patches of black sulfides occur throughout the core. A few very dark grayish brown (2.5Y 3/2) color bands are present in Section 2, 80-85 cm. Minor Lithology: SILTY MUD, very dark gray (10YR 3/1) and slightly bioturbated is present in Section 5, 35-55 cm. Contacts to clayey silt are gradational. ",CORE 60.7 - 69.85 MBSF
151,911,C,9,H,69.5,77.59,Quaternary,"SILTY CLAY Major Lithology: SILTY CLAY, very dark gray to dark gray (5Y 3/1, 5Y 4/1), is homogeneous but is locally carbonate bearing or sandy. It contains black pods of Fe sulfides throughout the core. Pods of gray (5Y 5/1) sandy sediment, calcareous in places, are rare. Quartz and feldspar are the major silt- and sand-sized grains; inorganic calcite comprises up to 10% of the grains. Minor Lithologies: CLAYEY MUD, black and very dark gray (5Y 2.5/1, 5Y 3/1), occurs as thin beds interbedded with SILTY CLAY in Sections 1 and 2. Top and bottom contacts are gradational. Black Fe- sulfide pods occur throughout the layers. Quartz and feldspar are the main silt- and sand-sized grains. CLAY, dark gray to dark greenish gray (5Y 4/1, 5GY 4/1), is present in Section 4, 95-115 cm. Top and bottom contacts are very gradational. General Description: Black concretions, 0 >1 cm: Section 2, throughout. Section 3, 105 cm. Section 4, 131-146 cm. Section 5, 13 and 94 cm. ",CORE 69.5 - 77.59 MBSF
151,911,C,10,H,77.6,84.19,Quaternary,"CLAYEY SILT Major Lithology: Homogeneous CLAYEY SILT, very dark gray (5Y 3/1). Up to 10-cm-thick faint color bands, very dark gray (10YR 3/1) are found in Section 4, 0-73 cm. Patches and mm-sized sulfide concretions throughout the core. Two larger sulfide concretions occur in Section 3, 56 cm and Section 5, 10 cm. Minor Lithologies: A layer of CARBONATE-BEARING SILTY CLAY, dark gray (5Y 4/1) is present in Section 2, 122-139. Up to 5-cm-long pockets of CLAYEY CARBONATE occur in Section 3, 43-55 and 105-137 cm. These are burrows or remains from layers destroyed by the drilling process. ",CORE 77.6 - 84.19 MBSF
151,911,C,11,H,84.1,89.95,Quaternary,"CLAYEY SILT and SILTY CLAY Major Lithologies: The core consists of very dark gray (5Y 3/1) CLAYEY SILT and SILTY CLAY which mainly differ by the aspect of bioturbation. The CLAYEY SILT has numerous scattered Fe-sulfide pods corresponding to small sandy burrows. The sand percent is high enough to qualify the sediment as a mud (10%�12%) but coarse particles are rare. Only a 0 1.5-cm clast of lithified clay occurs Section 3, 40 cm. Small Fe-sulfide concretions are also found grouped in a single thin bed in Section 2,100 cm. SILTY CLAY has a more homogeneous texture but shows diffuse dark Fe-sulfide patches, which in places underline the bedding or Burrows are less numerous but larger sized. Minor Lithology: A black layer ( N3), Section 4, 86-90 cm, consists mainly of clay-sized opaque grains and only a few coarse quartz grains. ",CORE 84.1 - 89.95 MBSF
151,911,C,12,H,89.9,100.14,Quaternary,"SILTY CLAY and CLAYEY MUD Major Lithologies: SILTY CLAY, very dark gray (5Y 3/1) is interbedded with layers, 5-45 cm thick, of CLAYEY MUD, very dark gray (5Y 3/1) in Sections 1 to 4. Bedding contacts are gradational. SILTY CLAY predominates in Section 5 to CC. Both lithologies are relatively homogeneous but faint color banding occurs locally. Black (5Y 2.5/1) pods of Fe sulfide are present throughout. Section 5 to CC contain gray and light gray (5Y 5/1, 5Y 6/1) sandy pods, mm sized. SILTY CLAY and CLAYEY MUD are locally carbonate bearing. Quartz is the main silt- and sand-sized component. General Description: The core is firm in Section 5, 60 cm to Section CC. Dropstone: Section 2,114 cm, 0 3.5 cm, vesicular basalt. Concretions, 0 >1 cm: Section 4, 47 cm. Section 5, 126 cm. ",CORE 89.9 - 100.14 MBSF
151,911,C,13,H,99.4,109.52,Quaternary,"CLAYEY SILT and SILTY CLAY Major Lithologies: Fairly soft, very dark gray (5Y 3/1) CLAYEY SILT and SILTY CLAY, with common mm-size iron-sulfide (5GY 4/1) CLAYEY SILT and SILTY to Section 8, 12 cm, Section 6, 72-84 cm, and Section 6,138 cm to Section 7, 92 cm. General Description: Upper four sections and most of Section 5 contain numerous soupy sections, gas voids and water/gas release structures, indicative of severe disturbance during core retrieval. ",CORE 99.4 - 109.52 MBSF
151,911,C,14,H,108.9,118.35,Quaternary,"CLAYEY SILT and SILTY MUD Major Lithologies: The core is dominated by relatively coarse CLAYEY SILT, homogeneous and very dark gray (5Y 3/1) to black (5Y 2.5/1). Only traces of burrowing vary between scattered numerous dark Fe-sulfide pods, less numerous larger burrow fills, indistinct small dark patches or diffuse dark layers. SILTY MUD occurs as beds 10 to 30 cm thick with commonly gradational lower and upper contacts. They are distinguished by a coarser texture and a slightly more brown color (10YR 3/1). They are structureless or mottled and can contain granules. General Description: Dropstone: Section 3, 4 cm, 0 1.5 cm, friable sandstone. ",CORE 108.9 - 118.35 MBSF
151,911,C,15,H,118.4,128.77,Quaternary,"SILTY CLAY Major Lithology: Homogeneous, very dark gray (5Y 3/1) SILTY CLAY. Dark gray (5Y 4/1) and very dark gray (10YR 3/1) color bands occur in some intervals. Black sulfides patches and pods are common in all sections, except Section 5, 8, and CC. A few sand- filled burrows are scattered throughout the core. A 0.5-cm calcitic concretion is present in Section 5, 53 cm. Minor Lithology: A 4-cm-thick layer of CLAYEY CARBONATE, dark gray (5Y 4/1) occurs in Section 5, 41-45 cm. Contacts to SILTY CLAY are gradational. General Description: Dropstones: Section 3, 110 cm, 0 2.4 cm, sandstone; 116 cm, 0 2.1 cm, laminated clay/sandstone; 135 cm, 0 1.5 cm, quartz-sandstone. ",CORE 118.4 - 128.77 MBSF
