Expedition/Leg,Site,Hole,Core Number,Core Type,Top depth cored (m),Bottom depth recovered (m),Age,Description,Core ID
135,834,B,1,R,0,8.42,Pleistocene,"NANNOFOSSIL OOZE and NANNOFOSSIL OOZE WITH FORAMS AND BIOCLASTS Major lithology: NANNOFOSSIL OOZE and NANNOFOSSIL OOZE WITH FORAMS AND BIOCLASTS, dark brown to very pale brown (1 OYR 3/3 to 10YR 7/3), with scattered pumice pebbles. Generally structureless with intermittent areas of mottling and fining-upward intervals from 20 to 80 cm thick. Minor lithology: FORAM OOZE WITH BIOCLASTS, pate brown (10YR 6/3). Fining-upward intervals with sharp lower contacts and gradational upper contacts. Bioclasts include shell fragments and sponge spicules. Planktonic and benthonic forams present in approximately equal abundance. ",CORE 0 - 8.42 MBSF
135,834,B,2,R,68.2,71.39,upper Pliocene,"CLAYEY NANNOFOSSIL OOZE and CLAYEY NANNOFOSSIL OOZE AND FORAMS. Major lithology: CLAYEY NANNOFOSSIL OOZE and CLAYEY NANNOFOSSIL OOZE AND FORAMS, very dark grayish brown to very dark brown (10YR 3/2 to 10YR 2/2), generally structureless. Slight mottling occurs in Section 2,0-45 cm. Minor lithology: SANDY TO CLAYEY NANNOFOSSIL OOZE WITH INTRACLASTS, dark reddish brown (5YR 3/2) to light brownish gray (2.5Y 3/2). Alternating thin-bedded to very thin-bedded, partly indurated, layers of medium sand and clay. Abundant intraclasts are found isolated in a sandy to silty matrix. Intraclasts are <4cm in diameter. ",CORE 68.2 - 71.39 MBSF
135,834,B,3,R,77.8,82.5,lower Pliocene,"CLAYEY NANNOFOSSIL MIXED SEDIMENT and VOLCANIC SILT WITH NANNOFOSSILS AND CLAY. Major lithology: CLAYEY NANNOFOSSIL MIXED SEDIMENT, very dark grayish brown (10YR 3/2), with intervals of black (10YR 2/1). VOLCANIC SILT WITH NANNOFOSSILS AND CLAY, light yellowish brown (10YR 6/4). This forms the main lithology in the lower part of the core. Minor lithology: WELL-SORTED VOLCANIC SILT in Section 2, 41-42 cm, yellowish brown (10YR 5/8). ",CORE 77.8 - 82.5 MBSF
135,834,B,4,R,87.4,92.58,lower Pliocene,"CLAYEY NANNOFOSSIL MIXED SEDIMENT and VOLCANIC SILT WITH NANNOFOSSILS AND CLAY Major IKhology: CLAYEY NANNOFOSSIL MIXED SEDIMENT, yellowish brown to dark brown (10YR 5/4 to 10YR 4/3). Much of the sediment includes minor amounts of volcanic silt. VOLCANIC SILT WITH NANNOFOSSILS AND CLAY comprises a large proportion of 4 major upward-fining sequences, 45-115 cm thick, in which the volcanic silt forms the base and grades up into clayey nannofossil mixed sediment. The beds are structureless except for slight mottling. The top 1-2 cm of one sequence is composed of yellowish nannofossil clay (Section 3, 69-71 cm). Minor lithology: VOLCANIC SAND/ SILT WITH CLAY, light yellowish brown to dark brown (10YR 6/4 to 10YR 3/3), forming distinct layers (17-30 cm thick), of upward-fining sequences. A discrete layer (1 cm thick) of volcanic silt with clay and nannofossils occurs in Section 4 at 45 cm. ",CORE 87.4 - 92.58 MBSF
135,834,B,5,R,97.1,98.4,lower Pliocene,"NANNOFOSSIL CLAY WITH VOLCANIC SILT. Major lithology: NANNOFOSSIL CLAY WITH VOLCANIC SILT, brown to dark brown (10YR 4/3). Minor lithology: VOLCANIC SAND, pale brown (10YR 6/3). ",CORE 97.1 - 98.4 MBSF
135,834,B,6,R,106.8,112.84,lower Pliocene,"CLAYEY NANNOFOSSIL MIXED SEDIMENT Major lithology: CLAYEY NANNOFOSSIL MIXED SEDIMENT, dark brown (10YR 3/3). Minor lithologies: VOLCANIC SAND WITH NANNOFOSSILS AND CLAY, light yellowish brown (10YR 6/4). An interlayered sequence of VOLCANIC SAND WITH NANNOFOSSILS AND CLAY, and CLAYEY NANNOFOSSIL MIXED SEDIMENT occurs in Section 2, 42-66 cm. CLAY WITH NANNOFOSSILS occurs in Section 1, 0-5 cm, white (10YR 8/2), and in Section 2, 91-93 cm, yellowish brown (10YR5/8). 135-834B-6R-CC UNIT 2: APHYRIC BASALT, UNIT 2: LIMESTONE",CORE 106.8 - 112.84 MBSF
135,834,B,7,R,116.4,117.68,NA,135-834B-7R-1 UNIT 2: APHYRIC BASALT,CORE 116.4 - 117.68 MBSF
135,834,B,8,R,126.1,128.84,NA,135-834B-8R-1 UNIT 2: APHYRIC BASALT ; 135-834B-8R-2 UNIT 2: APHYRIC BASALT ,CORE 126.1 - 128.84 MBSF
135,834,B,9,R,135.8,137.3,NA,135-834B-9R-1 UNIT 5: APHYRIC BASALT,CORE 135.8 - 137.3 MBSF
135,834,B,10,R,145.4,149.82,NA,135-834B-10R-1 UNIT 5: APHYRIC BASALT ; 135-834B-10R-2 UNIT 5: APHYRIC BASALT ; 135-834B-10R-3 UNIT 5: APHYRIC BASALT ,CORE 145.4 - 149.82 MBSF
135,834,B,11,R,150,154.01,NA,135-834B-11R-1 UNIT 5: APHYRIC BASALT ; 135-834B-11R-2 UNIT 5: APHYRIC BASALT ; 135-834B-11R-3 UNIT 5: APHYRIC BASALT ,CORE 150 - 154.01 MBSF
135,834,B,12,R,156,161.33,NA,135-834B-12R-1 UNIT 5: APHYRIC BASALT ; 135-834B-12R-2 UNIT 5: APHYRIC BASALT ; 135-834B-12R-3 UNIT 5: APHYRIC BASALT ; 135-834B-12R-4 UNIT 5: APHYRIC BASALT ; 135-834B-12R-5 UNIT 5: APHYRIC BASALT ,CORE 156 - 161.33 MBSF
135,834,B,13,R,161,163.54,lower Pliocene,"CLAY Major lithology: CLAY, brown to dark brown (10YR 4/3). indurated. Minor lithologies: NANNOFOSSIL CLAY, very dark grayish brown (5YR 3/2), thickly laminated to thinly laminated in Section 2, 75-84 cm. NANNOFOSSIL CHALK, very dark, grayish brown (5YR 3/2) in Section 2, 100-105 cm. Chalk contains minor quantities of iron oxyhydroxide minerals, as well as trace magnetite, palagonite and sideromelane. Basaltic rubble occurs in Section 2, 72-75 cm, immediately beneath the basalt. 135-834B-13R-1 UNIT 5: APHYRIC BASALT ; 135-834B-13R-2 UNIT 5: APHYRIC BASALT, UNIT 6: APHYRIC BASALT ",CORE 161 - 163.54 MBSF
135,834,B,14,R,165.7,166.46,NA,135-834B-14R-1 UNIT 6: APHYRIC BASALT,CORE 165.7 - 166.46 MBSF
135,834,B,15,R,175.4,177.89,NA,135-834B-15R-1 UNIT 6: APHYRIC BASALT ; 135-834B-15R-2 UNIT 6: APHYRIC BASALT ,CORE 175.4 - 177.89 MBSF
135,834,B,16,R,185,186.67,NA,135-834B-16R-1 UNIT 6: APHYRIC BASALT ; 135-834B-16R-2 UNIT 6: APHYRIC BASALT ,CORE 185 - 186.67 MBSF
135,834,B,17,R,194.3,194.72,NA,135-834B-17R-1 UNIT 6: APHYRIC BASALT,CORE 194.3 - 194.72 MBSF
135,834,B,18,R,204,204.63,NA,135-834B-18R-1 UNIT 6: APHYRIC BASALT,CORE 204 - 204.63 MBSF
135,834,B,19,R,208.8,209.05,NA,135-834B-19R-1 UNIT 6: APHYRIC BASALT,CORE 208.8 - 209.05 MBSF
135,834,B,20,R,213.6,215.66,NA,"135-834B-20R-1 UNIT 6: APHYRIC BASALT, UNIT 7: HIGHLY PHYRIC PLAGIOCLASE BASALT ; 135-834B-20R-2 UNIT 7: HIGHLY PHYRIC PLAGIOCLASE BASALT ",CORE 213.6 - 215.66 MBSF
135,834,B,21,R,218.4,219.1,NA,135-834B-21R-1 UNIT 7: HIGHLY PHYRIC PLAGIOCLASE BASALT,CORE 218.4 - 219.1 MBSF
135,834,B,22,R,223.2,225.8,NA,135-834B-22R-1 UNIT 7: HIGHLY PHYRIC PLAGIOCLASE BASALT ; 135-834B-22R-2 UNIT 7: HIGHLY PHYRIC PLAGIOCLASE BASALT ,CORE 223.2 - 225.8 MBSF
135,834,B,23,R,228,228.19,NA,135-834B-23R-1 UNIT 7: HIGHLY PHYRIC PLAGIOCLASE BASALT,CORE 228 - 228.19 MBSF
135,834,B,24,R,232.9,234,NA,135-834B-24R-1 UNIT 7: HIGHLY PHYRIC PLAGIOCLASE BASALT,CORE 232.9 - 234 MBSF
135,834,B,25,R,237.9,239,NA,135-834B-25R-1 UNIT 7: HIGHLY PHYRIC PLAGIOCLASE BASALT,CORE 237.9 - 239 MBSF
135,834,B,26,R,242.6,243.95,NA,135-834B-26R-1 UNIT 7: HIGHLY PHYRIC PLAGIOCLASE BASALT,CORE 242.6 - 243.95 MBSF
135,834,B,27,R,247.6,247.87,NA,135-834B-27R-1 UNIT 7: HIGH PHYRIC PLAGIOCLASE BASALT,CORE 247.6 - 247.87 MBSF
135,834,B,28,R,252.3,255.11,NA,135-834B-28R-1 UNIT 7: HIGHLY PHYRIC PLAGIOCLASE BASALT ; 135-834B-28R-2 UNIT 7: HIGHLY PHYRIC PLAGIOCLASE BASALT ,CORE 252.3 - 255.11 MBSF
135,834,B,29,R,257.3,258.48,NA,135-834B-29R-1 UNIT 7: HIGHLY PHYRIC PLAGIOCLASE BASALT,CORE 257.3 - 258.48 MBSF
135,834,B,30,R,261.9,266.34,NA,135-834B-30R-1 UNIT 7: HIGHLY PHYRIC PLAGIOCLASE BASALT ; 135-834B-30R-2 UNIT 7: HIGHLY PHYRIC PLAGIOCLASE BASALT ; 135-834B-30R-3 UNIT 7: HIGHLY PHYRIC PLAGIOCLASE BASALT ,CORE 261.9 - 266.34 MBSF
135,834,B,31,R,266.9,270.44,NA,135-834B-31R-1 UNIT 7: HIGHLY PHYRIC PLAGIOCLASE BASALT ; 135-834B-31R-2 UNIT 7: HIGHLY PHYRIC PLAGIOCLASE BASALT ; 135-834B-31R-3 UNIT 7: HIGHLY PHYRIC PLAGIOCLASE BASALT ,CORE 266.9 - 270.44 MBSF
135,834,B,32,R,271.5,272.32,NA,135-834B-32R-1 UNIT 7: HIGHLY PHYRIC PLAGIOCLASE BASALT,CORE 271.5 - 272.32 MBSF
135,834,B,33,R,281.2,286.41,NA,135-834B-33R-1 UNIT 7: HIGHLY PHYRIC PLAGIOCLASE BASALT ; 135-834B-33R-2 UNIT 7: HIGHLY PHYRIC PLAGIOCLASE BASALT ; 135-834B-33R-3 UNIT 7: HIGHLY PHYRIC PLAGIOCLASE BASALT ; 135-834B-33R-4 UNIT 7: HIGHLY PHYRIC PLAGIOCLASE BASALT ,CORE 281.2 - 286.41 MBSF
135,834,B,34,R,286.2,288.94,NA,135-834B-34R-1 UNIT 7: HIGHLY PHYRIC PLAGIOCLASE BASALT ; 135-834B-34R-2 UNIT 7: HIGHLY PHYRIC PLAGIOCLASE BASALT ,CORE 286.2 - 288.94 MBSF
135,834,B,35,R,290.8,293.55,NA,135-834B-35R-1 UNIT 8: APHYRIC BASALT ; 135-834B-35R-2 UNIT 8: APHYRIC BASALT ,CORE 290.8 - 293.55 MBSF
135,834,B,36,R,300.5,301.23,NA,135-834B-36R-1 UNIT 8: APHYRIC BASALT,CORE 300.5 - 301.23 MBSF
135,834,B,37,R,310.2,312.73,late Miocene,"CALCAREOUS SANDSTONE AND CALCAREOUS MUDSTONE Major lithologies: CALCAREOUS SANDSTONE, white (10YR 8/1) to yellow (10YR 7/8). Generally fine-grained and parallel-laminated towards base. The sandstone also contains small mudclasts. Deformed CALCAREOUS MUDSTONE, brown (10YR 4/3) to very dark grey (10YR 3/1) containing deformed thin lenticular sandy layers. Minor lithologies: SILTSTONE, brown (10YR 4/3) to very dark grey (10YR 3/1), occurs as a deformed layer within the sandstone. 135-834B-37R-1 UNIT 9A: MODERATELY PHYRIC OLIVINE PLAGIOCLASE BASALT, UNIT 9B: MODERATELY PHYRIC OLIVINE PLAGIOCLASE BASALT ; 135-834B-37R-2 UNIT 10A: APHYRIC BASALT ",CORE 310.2 - 312.73 MBSF
135,834,B,38,R,319.8,320.44,NA,135-834B-38R-1 UNIT 10A: APHYRIC BASALT,CORE 319.8 - 320.44 MBSF
135,834,B,39,R,324.8,325.2,NA,135-834B-39R-1 UNIT 10A: APHYRIC BASALT,CORE 324.8 - 325.2 MBSF
135,834,B,40,R,329.4,330.06,NA,135-834B-40R-1 UNIT 10A: APHYRIC BASALT,CORE 329.4 - 330.06 MBSF
135,834,B,41,R,334.4,335.83,NA,135-834B-41R-1 UNIT 10A: APHYRIC BASALT,CORE 334.4 - 335.83 MBSF
135,834,B,42,R,339.1,340.2,NA,135-834B-42R-1 UNIT 10A: APHYRIC BASALT,CORE 339.1 - 340.2 MBSF
135,834,B,43,R,344.1,345.6,NA,135-834B-43R-1 UNIT 10A: APHYRIC BASALT,CORE 344.1 - 345.6 MBSF
135,834,B,44,R,348.8,349.16,NA,135-834B-44R-1 UNIT 10B: APHYRIC BASALT,CORE 348.8 - 349.16 MBSF
135,834,B,45,R,353.8,353.88,NA,135-834B-45R-1 UNIT 10B: APHYRIC BASALT,CORE 353.8 - 353.88 MBSF
135,834,B,46,R,358.5,358.95,NA,"135-834B-46R-1 UNIT 10B: APHYRIC BASALT, UNIT 11: SPARSELY PHYRIC OLIVINE PLAGIOCLASE BASALT",CORE 358.5 - 358.95 MBSF
135,834,B,47,R,363.5,364.94,NA,135-834B-47R-1 UNIT 12: APHYRIC BASALT,CORE 363.5 - 364.94 MBSF
135,834,B,48,R,368.2,369.7,NA,135-834B-48R-1 UNIT 12: APHYRIC BASALT,CORE 368.2 - 369.7 MBSF
135,834,B,49,R,373.2,374.64,NA,135-834B-49R-1,CORE 373.2 - 374.64 MBSF
135,834,B,50,R,377.9,379.4,NA,135-834B-50R-1 UNIT 12: APHYRIC BASALT,CORE 377.9 - 379.4 MBSF
135,834,B,51,R,382.9,384.36,NA,135-834B-51R-1 UNIT 12: APHYRIC BASALT,CORE 382.9 - 384.36 MBSF
135,834,B,52,R,387.5,389.47,NA,135-834B-52R-1 UNIT 12: APHYRIC BASALT ; 135-834B-52R-2 UNIT 12: APHYRIC BASALT ,CORE 387.5 - 389.47 MBSF
135,834,B,53,R,392.5,393.73,NA,135-834B-53R-1 UNIT 12: APHYRIC BASALT,CORE 392.5 - 393.73 MBSF
135,834,B,54,R,397.2,399.3,NA,135-834B-54R-1 UNIT 12: APHYRIC BASALT ; 135-834B-54R-2 UNIT 12: APHYRIC BASALT ,CORE 397.2 - 399.3 MBSF
135,834,B,55,R,402.2,403.55,NA,135-834B-55R-1 UNIT 12: APHYRIC BASALT,CORE 402.2 - 403.55 MBSF
135,834,B,56,R,406.9,409.23,NA,"135-834B-56R-1 UNIT 12: APHYRIC BASALT ; 135-834B-56R-2 UNIT 12: APHYRIC BASALT, UNIT 13: MODERATELY PHYRIC PLAGIOCLASE OLIVINE BASALT ",CORE 406.9 - 409.23 MBSF
135,834,B,57,R,416.3,417.59,NA,135-834B-57R-1 UNIT 13: MODERATELY PHYRIC CLINOPYROXENE OLIVINE PLAGIOCLASE BASALT,CORE 416.3 - 417.59 MBSF
135,834,B,58,R,426,427.07,NA,135-834B-58R-1 UNIT 13: MODERATELY PHYRIC OLIVINE PLAGIOCLASE BASALT,CORE 426 - 427.07 MBSF
135,834,B,59,R,431,433.24,NA,135-834B-59R-1 UNIT 13: MODERATELY PHYRIC OLIVINE CLINOPYROXENE PLAGIOCLASE BASALT ; 135-834B-59R-2 UNIT 13: MODERATELY PHYRIC OLIVINE CLINOPYROXENE PLAGIOCLASE BASALT ,CORE 431 - 433.24 MBSF
