Expedition/Leg,Site,Hole,Core Number,Core Type,Top depth cored (m),Bottom depth recovered (m),Age,Description,Core ID
151,910,C,1,R,0,1.82,Quaternary,"CLAYEY MUD and SILTY CLAY Major Lithologies: CLAYEY MUD, very dark grayish brown (2.5Y 3/2) to dark olive gray (5Y 3/2), with sharp color contacts, occurs from top of core to Section 1, 88 cm. Coarser layers ( 0.3 cm thick) Structureless, very dark gray (5Y 3/1) SILTY CLAY occurs from Section 1, 88 cm to bottom of core. ",CORE 0 - 1.82 MBSF
151,910,C,2,R,8.5,9.66,Quaternary,"CLAYEY MUD Major Lithology: brown (2.5Y 3/2) to very dark gray (2.5Y 3/2), with several coarser layers ( 0.3 cm thick). General Description: Dropstone: Section 1, 40 cm, 0 1.0 cm, siltstone. ",CORE 8.5 - 9.66 MBSF
151,910,C,3,R,17.4,20.29,Quaternary,"CLAYEY MUD Major Lithology: CLAYEY MUD, very dark grayish brown (2.5Y 3/2), structureless. Silty clasts, (0 0.3 cm) occur in Section 1, 75-85 and 108-113 cm. General Description: Dropstones: Section 1,13 cm, 0 3.0 cm, siltstone; 46 cm, 0 2.5 cm, ?; 100 cm, 0 2.5 cm, siltstone; Section 2, 67 cm, 0 3.0 cm, siltstone? ",CORE 17.4 - 20.29 MBSF
151,910,C,4,R,26.4,32.7,Quaternary,"SILTY CLAY Major Lithology: Homogeneous and massive SILTY CLAY, very dark gray (5Y 3/1), with dropstones, coal fragments, and mud clasts. Tube-like molluscan shell fragments are sparsely scattered. Minor Lithology: CLAYEY MUD layer is interbedded in Section 3, 99-103 cm. General Description: Dropstones: Section 1, 4 cm, 0 1 cm, angular sandstone; 106-107 cm, 0 4 cm, conglomeratic limestone; 133 cm, 0 0.3 cm, rounded plutonic rock; Section 2, 54 cm, 0 2 cm, rounded sandstone; Section 3, 56-59 cm, 0 1.3 cm, angular sandstone; Section 4, 51-53 cm, 0 2.5 cm, conglomeratic limestone, tightly cemented. ",CORE 26.4 - 32.7 MBSF
151,910,C,5,R,35.3,37.36,Quaternary,"SILTY CLAY and CLAYEY SILT Major Lithologies: SILTY CLAY to CLAYEY SILT, black (5Y 2.5/1), is firm and very homogeneous. Rare pockets (<1-cm size) of very dark gray (5Y 3/1) and gray (5Y 5/1) sandy sediment are present throughout. Major silt- and sand-sized ?rains include quartz. feldspar; minor components are inorganic calcite, accessory minerals, opaques, and glauconite. General Description: Dropstones: Section 1, 64 cm, 0 3.5 cm, siltstone; 77 cm, 0 1.6 cm, siltstone; 115 cm, 0 0.7 cm, siltstone; Section 2, 26 cm, 0 3.5 cm, sandstone; 29 cm, 0 2 cm, siltstone; 30 cm, 0 4.5 cm, siltstone with laminae and burrows; 34 cm, 0 2.5 cm, sandstone; 37 cm, 0 1.5 cm, siltstone. ",CORE 35.3 - 37.36 MBSF
151,910,C,6,R,44.9,45.65,Quaternary,"CLAYEY SILT Major Lithology: CLAYEY SILT, black (5Y 2.5/1), firm and very homogeneous. Black and gray (5Y 2.5/1, 5Y 5/1) sandy pockets are scattered throughout the core. Silt- and sand-sized grains include quartz, feldspar and minor accessory minerals, inorganic calcite, opaques, and glauconite. Minor Lithology: SILTY MUD, black (5Y 2.5/1), is homogeneous and occurs in Section 1, 63-67 cm. Top and bottom contacts are gradational. Silt- and sand-size grains are predominantly quartz and feldspar, with minor opaques, glauconite, and accessory minerals. General Description: Dropstone: Section 1,18 cm, 0 2.0 cm, siltstone. ",CORE 44.9 - 45.65 MBSF
151,910,C,7,R,54.5,54.62,Quaternary,"General Description: Only 5 cm of structureless CLAYEY SILT, very dark gray (5Y 3/1), and a dropstone of calcareous siltstone, 0 3 cm. Core catcher sampled for paleontology. ",CORE 54.5 - 54.62 MBSF
151,910,C,8,R,64.2,66.55,Pliocene-Quaternary,"SILTY CLAY and CLAYEY SILT Major Lithologies: SILTY CLAY, Section 1, 22-50 cm, black (5Y 2.5/1) changing to a less stiff and slightly lighter CLAYEY SILT (5Y 3/1), with mm-size dark burrows down to Section 2, 52 cm. Minor Lithologies: SILTY MUD, Section 1, 0-22 cm very structureless. SANDY-CLAYEY MUD, Section 2, 52-83 cm, very dark gray (5Y 3/1). Coarse grains and granules in indistinct layering. General Description: Dropstone: Section 2, 78 cm, 0 2.5 cm, dark sandy shale. ",CORE 64.2 - 66.55 MBSF
151,910,C,9,R,73.8,73.8,NA,NO RECOVERY,CORE 73.8 - 73.8 MBSF
151,910,C,10,R,83.4,83.4,NA,NO RECOVERY,CORE 83.4 - 83.4 MBSF
151,910,C,11,R,93.1,93.29,Pliocene,"CLAYEY SILT Major Lithology: CLAYEY SILT, very dark gray (5Y 3/1), is homogeneous. The major silt- and sand-sized components are quartz and feldspar; minor components are opaques, accessory minerals, volcanic glass, and glauconite (smear slide was made for Section 1, 8 cm). Section 1, 0-3 cm is soupy; 3-15 cm is moderately fractured by drilling. ",CORE 93.1 - 93.29 MBSF
151,910,C,12,R,102.8,103.67,Pliocene,"SILTY CLAY Major Lithology: SILTY CLAY, very dark gray ( 5Y 3/1), is firm and homogeneous, except for a single color band (slightly more brown) at 40-51 cm. Upper 6 cm is soupy; rest is moderately fractured. Silt- and sand- sized components include quartz (15%-20%), feldspar (5%-20%), and minor accessory minerals, opaques, volcanic glass, inorganic calcite, and glauconite. General Description: Dropstones: Section 1; 40 cm, 0 7.5 cm, sandstone. ",CORE 102.8 - 103.67 MBSF
151,910,C,13,R,112.4,114.48,Pliocene,"SILTY CLAY, CLAY Major Lithologies: Homogeneous and firm SILTY CLAY, very dark gray (5Y 3/1). Mm-sized pockets of darker sediment occur. Coal fragment (0 0.4 cm) is found in Section 1, 70 cm. CLAY, very dark gray (5Y 3/1) is present in Section 1, 82-88 cm. ",CORE 112.4 - 114.48 MBSF
151,910,C,14,R,122,124.16,Pliocene,"CLAYEY SILT and SILTY MUD Major Lithologies: Structureless, stiff, very dark gray (5Y 3/1) CLAYEY SILT grading progressively downward in a SILTY MUD bearing coarse sand-sized grains. The first 70 cm of the core are very disturbed by coring or by the expansion of gas. General Description: Dropstone: Section CC, 12 cm, 0 1.5 cm, siltstone. ",CORE 122 - 124.16 MBSF
151,910,C,15,R,131.6,133.6,Pliocene,"SILTY CLAY and CLAYEY SILT Major Lithologies: CLAYEY SILT, very dark gray (5Y 3/1), is firm and homogeneous. SILTY CLAY, very dark gray (5Y 3/1), is similar in appearance except that it is very firm and smooth textured on the split surface; it occurs in Section 1, 13-21, 30-38,141-145, and 147-150 cm; Section 2, 0-3 cm; Section CC. Major silt- and sand-sized constituents are quartz (20%-25%), feldspar (15%�25%); minor constituents are accessory minerals and opaques. Gray (5Y 5/1) and dark greenish gray (5GY 4/1), sandy pockets (<1-cm size) are rarely scattered throughout. Minor Lithology: CLAYEY MUD, very dark gray (5Y 3/1), in Section 2 is homogeneous. Sand comprises 20% of the sediment. The major constituents, excluding clay, are quartz, feldspar and minor volcanic glass, inorganic calcite, accessory minerals, and opaques. General Description: Dropstones: Section 1, 30 cm, 0 2.5 cm, sandstone; 40 cm, 0 3.0 cm, siltstone. ",CORE 131.6 - 133.6 MBSF
151,910,C,16,R,141.2,144.54,Pliocene,"SILTY CLAY AND CLAYEY SILT Major Lithologies: SILTY CLAY AND CLAYEY SILT, very dark gray (5Y 3/1) and structureless. Minor Lithology: SILTY CARBONATE, dark olive gray (5Y 3/2), in Section 1,16-21 cm. The layer consists of silt-sized, elongate, colorless, Mg-calcite grains. General Description: Mm-sized layers sand pockets filled with quartz sand and silt are present in Section 2. Mollusk fragments occur in the top of Section 2. Dropstones: Section 1, 30 cm, 0 1.8 cm, sandstone; Section 2, 101 cm, 0 6.0 cm, calcite- cemented sandstone. ",CORE 141.2 - 144.54 MBSF
151,910,C,17,R,150.9,155.37,Pliocene,"SILTY CLAY Major Lithology: SILTY CLAY, very dark gray (5Y 3/1), homogeneous throughout Section 1, 0 cm to Section 2,120 cm. Interbedded with CLAYEY MUD below. Minor Lithology: CLAYEY MUD, very dark gray (5Y 3/1), interbedded in Sections 2,120 cm through CC. General Description: SILTY CLAY in Section 1. In Section 2,120-127 cm through Section CC, CLAYEY MUD, interbedded in layers 1 to 13 cm thick. Sand clasts, light to brown and smaller dropstones which include coal are present, but not common. Dropstones: Section 1,40 cm, 0 2.1 cm, gray granite; 116 cm, 0 5.2 cm, large buff layered sandstone, Section 2, 21 cm, 0 1.9 cm, black limestone; 41 cm, 0 1.2 cm, black slate. ",CORE 150.9 - 155.37 MBSF
151,910,C,18,R,160.5,161.15,Pliocene,"SILTY CLAY Major Lithology: Homogeneous, dark olive gray (10Y 3/1), slightly bioturbated SILTY CLAY. Six coarser layers ( 0.5 cm thick) between 53-57 cm, gradational contacts. ",CORE 160.5 - 161.15 MBSF
151,910,C,19,R,170.2,177.99,Pliocene,"SILTY CLAY and CARBONATE-BEARING SILTY CLAY Major Lithologies: Homogeneous massive SILTY CLAY, dark gray (5Y 4/1), with small dropstones, mud clasts ( 0 2 cm) and pyrite concretions ( 0 0.5 cm). Fragmented molluscan shells are sparsely present throughout the core. CARBONATE-BEARING SILTY CLAY, from Section 5 through Section CC, contains 17% inorganic calcite. Minor Lithology: Faint coarser layer in Section 2, 69 cm, is composed of SILTY MUD. General Description: Dropstones: Section 1, 3 cm, 0 1 cm angular mudstone; 51 cm, 0 1 cm angular mudstone; Section 3, 123 cm, 0 1 cm conglomeratic limestone?; Section 4, 27 cm, 0 1.5 cm, rounded shale. ",CORE 170.2 - 177.99 MBSF
151,910,C,20,R,179.8,187.84,Pliocene,"SILTY CLAY and INORGANIC CALCITE-BEARING SILTY CLAY Major Lithologies: SILTY CLAY and INORGANIC CALCITE-BEARING SILTY CLAY, very dark gray (5Y 3/1). Although the percentage of inorganic calcite varies from 2% to 15% (smear slide numbers), the surface color doesn't change, making it impossible to visually distinguish the two units. General Description: Slighty coarser layers, although still SILTY CLAY, are present in Section 1, 36-50 cm and Section 2, 9-14 cm. Small shell fragments, mollusks (maximum 1-cm size), are present at several locations shown in the structure column. Dropstones: Section 2, 33 cm, 0 1.5 cm, metamorphic; 49 cm, 0 1 cm, carbonate, Section 3, 33 cm, 0 1 cm, pyrite; 64 cm, 0 1 cm, dark gray siltstone, odd shape; Section 5, 44 cm, 0 2.3 cm, black quartzite; 95 cm, 0 1 cm, black mudstone. ",CORE 179.8 - 187.84 MBSF
151,910,C,21,R,189.4,190.01,Pliocene,"SILTY CLAY Major Lithology: SILTY CLAY, very dark gray (5Y 3/1). Coarser layers, �0.5 mm thick, between 5-8 cm with gradational contacts. General Description: Dropstones: 20 cm, 0 1.0 cm, siltstone; 26 cm, 0 4.0 cm, siltstone. ",CORE 189.4 - 190.01 MBSF
151,910,C,22,R,199,205.94,Pliocene,"SILTY CLAY Major Lithology: Very dark gray (5Y 3/1, 10Y 3/1) SILTY CLAY. Lithology is homogeneous throughout most of the core. Quartz (-20%) is the major non- clay mineral. Minor (<5%) quantities of biogenic silica and inorganic calcite occur at sporadic intervals. General Description: A gas void occurs in Section 1, 20 cm. Pyrite nodules occur in Section 3, 90 cm, and Section 4, 75 cm. Bioturbation is only evident as rare filled burrows. Dropstones: Section 1, 53 cm, 01.5 cm sedimentary; 89 cm, 01.0 cm siltstone; 117 cm, 01.0 cm, shale, Section 2, 98 cm, 01.5 cm, gray sand; 104 cm, 01.5 cm shale. Section 3, 02 cm, 01.5 cm, siltstone; 136 cm, 0 2.0 cm, siltstone. Section 4, 82 cm, 0 1.0 cm, siltstone; 110 cm, 0 2.5 cm, siltstone. Section CC, 8 cm, 0 4.0 cm siltstone. ",CORE 199 - 205.94 MBSF
151,910,C,23,R,208.7,216.35,Pliocene,"SILTY CLAY Major Lithology: SILTY CLAY, homogeneous, very dark gray (5Y 3/1). Coarser layers ( 1.0 cm thick), present in upper three sections, have gradational contacts. Pyrite concretions ( 1.0 cm 0) occur in Sections 1,2,3, and 4. General Description: Dropstones: Section 1, 51 cm, 0 2.0 cm, metamorphic, Section 3, 64 cm, 0 5.5 cm, siltstone, Section 4, 149 cm, 0 1.0 cm, claystone-siltstone, Section 5, 0-4 cm, 0 5.0 cm, rounded sandstone. ",CORE 208.7 - 216.35 MBSF
151,910,C,24,R,218.3,222.47,Pliocene,"SILTY CLAY AND CLAYEY SILT Major Lithologies: SILTY CLAY and CLAYEY SILT, very dark gray (5Y 3/1), mottled throughout, especially in the clay section. Section 1, 41-118 cm, is the coarser CLAYEY SILT. Small shell fragments were observed in Section 3 and small sand clasts are present throughout. General Description: Dropstones: Section 3, 44 cm, 0 4 cm, gray quartzite; 94 cm, 0 5.8 cm, light gray quartzite. ",CORE 218.3 - 222.47 MBSF
151,910,C,25,R,228,236.54,Pliocene,"SILTY CLAY Major Lithology: SILTY CLAY, homogeneous, very dark gray (5Y 3/1). Several coarser layers ( 1.0 cm) are present throughout the whole core. Gradational contacts are dominant. General Description: Pyrite concretions ( 0.5 cm 0) occur in Section 1, 98 cm; Section 2, 95 and 98 cm; Section 3, 11 cm; Section 4, 44,122, and 132 cm; Section 5, 6, 27, and 72 cm. Shell fragments are present in Sections 1, 25 and 69 cm; Section 5,51, 72, and 112 cm. ",CORE 228 - 236.54 MBSF
151,910,C,26,R,237.6,247.12,Pliocene,"SILTY CLAY and SILTY MUD Major Lithologies: SILTY CLAY, very dark gray (5Y 3/1), has a smooth split surface and rare pyritic burrows. It grades into a SILTY MUD, slightly lighter in color and less homogeneous. Sandier indistinct patches and distinct small burrows are filled with clean quartz sand. General Description: Drilling breccia within the first 110 cm (soft and mottled sediment). Incipient drilling biscuits throughout. Dropstone: Section 6, 25 cm, 0 1.5 cm, angular flat sandstone. ",CORE 237.6 - 247.12 MBSF
151,910,C,27,R,247.2,254.95,Pliocene,"SILTY CLAY and CLAYEY MUD Major Lithologies: SILTY CLAY and CLAYEY MUD, very dark gray (5Y 3/1) and structureless. Gradational change between the two lithologies near the base of Section 2. Up to cm-sized pockets filled with quartz sand and shell fragments throughout the core. Larger, up to 1.2- cm mollusk fragments occur in Section 3, 7-8 cm and Section 5, 5-6 cm. One pyrite-cemented tubular burrow (1 cm) was found in Section 4, 34-35 cm. Pyrite concretion occurs in Section 5, 22-23 cm. Coarse fraction includes quartz, feldspar, accessory minerals, and opaques. Minor Lithologies: SILTY MUD, very dark gray (5Y 3/1) is present in Section 5, 84-122 cm. Contacts to other lithologies gradational. CLAYEY CARBONATE, olive gray (5Y 4/2) occurs in Section 2, 41-60 cm. Matrix in this layer is comprised of 60% (smear slide value which is generally much higher than the coulometer value) clay to silt-sized elongated carbonate grains. Coarse fraction consists of quartz and pyrite. General Description: Incipient drilling biscuits throughout the core. Dropstone: Section 1, 42 cm, 0 1.5 cm, quartz. ",CORE 247.2 - 254.95 MBSF
151,910,C,28,R,256.9,262.86,Pliocene,"SILTY CLAY and CLAYEY SILT Major Lithologies: SILTY CLAY and CLAYEY SILT, very dark gray (5Y 3/1), are homogeneous, except for scattered pockets (mm size) of black (5Y 2.5/1) and gray (5Y 5/1) sandy sediment throughout the core. Quartz and feldspar are the major silt- and sand-sized grains. Minor Lithology: SANDY MUD, very dark gray (5Y 3/1), in Section 2, 60-70 cm occurs in pockets and discontinuous layers. Top and bottom contacts of this interval are gradational. The dominant sand- and silt-sized components are quartz, feldspar, inorganic calcite, and accessory minerals. General Description: Dropstones, <0.5 cm in size, are scattered throughout Sections 2 to CC. Section 2, 103 cm, 0 4 cm, containing quartz, feldspar, biotite, and sulfides (vein filling?). ",CORE 256.9 - 262.86 MBSF
151,910,C,29,R,266.5,272.95,Pliocene,"SILTY CLAY and CLAYEY SILT Major Lithologies: SILTY CLAY and CLAYEY SILT, very dark gray (5Y 3/1), very homogeneous. Only fresh scraped surface shows fine darker patches indicative of bioturbation. Section 5 is slightly coarser grained. Four occurrences of (0.5-0.7 cm) large spherical irregular concretions with pyrite crystals, in Section 3, 79 and 140 cm, and Section 4, 40 and 140 cm. Thin shell fragments in Section 5. Section 1 is probably only drilling breccia. ",CORE 266.5 - 272.95 MBSF
151,910,C,30,R,276.2,276.44,Pliocene,"SILTY CLAY Major Lithology: SILTY CLAY, very dark gray (5Y 3/1), homogeneous. Fine darker patches indicative of bioturbation. Disturbed by coring. ",CORE 276.2 - 276.44 MBSF
151,910,C,31,R,285.8,285.82,NA,HARD ROCK,CORE 285.8 - 285.82 MBSF
151,910,C,32,R,295.5,304.85,Pliocene,"SILTY CLAY Major Lithology: SILTY CLAY, very dark gray (5Y 3/1) is homogeneous, containing pockets (<1 cm size) of gray (5Y 5/1) sandy sediment sparsely scattered throughout the core. Incipient concretions, <1 cm size, occur in Section 2, 34 cm; Section 5, 78, 118, and 124 cm. Dominant silt- and sand- sized grains are quartz, accessory minerals, and feldspar. General Description: The entire core is disrupted into drill biscuits. ",CORE 295.5 - 304.85 MBSF
151,910,C,33,R,305.1,310.4,Pliocene,"SILTY CLAY and CLAYEY SILT Major Lithologies: SILTY CLAY and CLAYEY SILT, very dark gray (5Y 3/1), stiff and structureless. The two lithologies alternate throughout the core. The coarse fraction includes quartz, feldspar, inorganic calcite, accessory minerals, opaques, and glauconite. General Description: Concretions (<0.5 cm) occur throughout the core. One large (1 cm) and several small concretions are found in Section 1, 115-120 cm. Quartz and pyrite crystals are included in the concretions. Dropstones: Section 1, 140 cm, 0 3.2 cm, sulfide- bearing propylite; Section 2, 4 cm, 0 4.1 cm, siltstone; 8.0 cm, 0 1.2 cm, siltstone; 53 cm, 0 1.5 cm, quartz. ",CORE 305.1 - 310.4 MBSF
151,910,C,34,R,314.8,324.27,Pliocene,"SILTY CLAY Major Lithology: Very stiff, homogeneous, very dark gray (5Y 3/1) SILTY CLAY. Major silt- and sand-sized components are quartz (20%-25%) and feldspar (5%). Inorganic calcite is present in minor amounts. General Description: A single siltstone dropstone (0 4.1 cm) occurs in Section 6, 72 cm, at the base of a 50-cm layer marked by numerous 2-5-mm sandy pods. ",CORE 314.8 - 324.27 MBSF
151,910,C,35,R,324.4,333.31,Pliocene,"SILTY CLAY Major Lithology: SILTY CLAY, homogeneous, very dark gray (5Y 3/1). Several coarser layers ( 1.0 cm thick) are present and have gradational contacts. General Description: Pyrite concretions, 0 0.5 cm, occur in Section 1, 25-37 cm; Seciton 1, 57-90 cm; Section 2, 0-21 cm; Section 2, 120-150 cm; Section 3, 0-108 cm; Section 4, 0-45 cm, Section 4, 110-130 cm; Section 5, 0-100 cm. They are probably burrow fills. ",CORE 324.4 - 333.31 MBSF
151,910,C,36,R,334.1,341.43,Pliocene,"SILTY CLAY Major Lithology: Very dark gray (5Y 3/1) SILTY CLAY. The lithology is homogeneous and very firm, with a smooth surface. Quartz is the predominant non-clay mineral. Feldspar, inorganic calcite, and light and dark brown glass shards are present in minor quantities (<5%). Minor Lithology: Scattered pods of CLAYEY SILT occur throughout the core. These may constitute burrow infillings. Within this lithology, sand grains are an important minor component (9%), while silt and clay are present in approximately equal proportions (45%). This lithology contrasts sharply with the dominant lithology in its episodic appearance, relatively coarse grain size, friable texture, and light gray (2.5Y 7/2) to white (2.5Y 8/0) color. ",CORE 334.1 - 341.43 MBSF
151,910,C,37,R,343.8,353.58,Pliocene,"SILTY CLAY and CLAYEY MUD Major Lithologies: Dark gray (5Y 4/1), homogeneous and firm SILTY CLAY, showing artificial layering (<2 mm thick; every 2-3 cm) caused by drilling shear in Sections 1-5. Drilling biscuits occur in Section 6. CLAYEY MUD, dark grayish brown (10YR 4/2), is dominant in Sections 6 toCC. General Description: Pyritized wood fragment in Section 1, 23-24 cm, 0 1.5 cm. Rounded pyrite concretions, <0.5 cm, in Section 1, 120 cm; Section 4, 40 cm, Section 5, 13 cm. Voids: Section 6, 134-136 cm; Section 7, 61-64 cm. ",CORE 343.8 - 353.58 MBSF
151,910,C,38,R,353.4,362.25,Pliocene,"SILTY CLAY AND CLAYEY SILT and CLAYEY MUD Major Lithologies: SILTY CLAY, CLAYEY SILT and CLAYEY MUD, very dark gray (5Y 3/1). There are many grain-size variations in this core, which in part can be correlated with softness. Section 1, 0 cm to Section 2,110 cm, are very firm SILTY CLAY. There may be thinner interbeds of coarser material, but these are difficult to detect. Most size changes are gradual and in Section 6, the sharpest contact is bioturbated. Bioturbation is moderate to abundant in the slightly coarser layers where burrows concentrate sand. With the exception of the more complete shell fragments in Sections 1, 104 cm and Section 5, 78 cm, all of the shell fragments are adjacent to or part of burrows. Both horizontal and vertical burrows are present. The longest vertical burrow is >7 cm long. Both burrow types are >1 cm in diameter. Minor Lithology: SILTY MUD is present in Section 3, 40-100 cm. General Description: A single dropstone is present in Section 4, 74 cm, 0 2.6 cm, black mudstone. ",CORE 353.4 - 362.25 MBSF
151,910,C,39,R,362.9,368.89,Pliocene,"SILTY MUD Major Lithology: SILTY MUD, homogeneous, very dark gray (5Y 3/1), contains several slightly coarser layers ( 1.0 cm thick) with gradational contacts. General Description: A pyrite concretion occurs in Section 4, 42 cm. Dropstones: Section 4, 120 cm, 0 1.5 cm, siltstone; 134 cm, 0 2.5 cm, igneous?. ",CORE 362.9 - 368.89 MBSF
151,910,C,40,R,372.4,381.33,Pliocene,"CLAY and SILTY CLAY Major Lithologies: CLAY and SILTY CLAY, very dark gray (5Y 3/1), throughout. Bioturbation is present in many areas and may be more prevalent than indicated. The cores have to be fairly intensely scraped to see the mottling, as drilling and cutting disturbance makes it difficult to see features in core. General Description: Dropstones: Sections 1, 69 cm, 0 3.0 cm, gray siltstone; 110 cm, 0 1.0 cm, angular black siltstone, Section 6, 97 cm, 0 1.0 cm pyrite clast. ",CORE 372.4 - 381.33 MBSF
151,910,C,41,R,381.9,391.74,Pliocene,"SILTY CLAY Major Lithology: SILTY CLAY, homogeneous, very dark gray (5y 3/1), is moderately to heavily bioturbated; burrows are present throughout the core. Slightly coarser layers ( 1.0 cm thick) occur in Sections 2, 3, and 5 and typically have gradational contacts. Minor Lithologies: CLAY, very dark gray (5Y 3/1), in Section 1, 0-30 cm. DETRITAL CARBONATE-BEARING SILTY CLAY, homogeneous, dark gray (5Y 4/1), is present in Section 2, 90-92 General Description: Pyrite concretions occur in Section 1, 15 cm; Section 2, 99 cm. Shell fragments are present in Sections 6 and CC. ",CORE 381.9 - 391.74 MBSF
151,910,C,42,R,391.5,400.36,Pliocene,"SILTY MUD and CLAYEY SILT Major Lithologies: SILTY MUD and CLAYEY SILT, very dark gray (5Y 3/1), is homogeneous,- except for very rare pockets of gray (5Y 5/1) and dark olive gray (5Y 3/2) sandy sediment (burrows?) scattered through the core. Quartz (35% 40%) and feldspar (15%-30%) are the main silt- and sand-sized constituents. A carbonate nodule in Section 3, 25-28 cm is composed of coarse to very fine crystals of brownish calcite; it has been largely removed by dissolution, leaving a void. Black concretions, pyritic and less than 0.5 cm in size), occur in Section 3, 137 cm; Section 5, 137 cm; Section 6, 85 cm, 113 cm. Mm-sized mollusk fragments occur locally in Section 1. General Description: Dropstones: Section 1, 32 cm, 0 3.5 cm, sandstone, Section 5, 16 cm, 0 1.1 cm, shale. ",CORE 391.5 - 400.36 MBSF
151,910,C,43,R,401.2,409.94,Pliocene,"CLAYEY SILT, SILTY CLAY, and SILTY MUD Major Lithologies: CLAYEY SILT, SILTY CLAY, and SILTY MUD, very dark gray (5Y3/1), stiff and slightly bioturbated throughout the core. Contacts between lithologies are gradational. Sand-filled burrows are scarce. Sand- and silt-sized grains include quartz, inorganic calcite, feldspar, and opaques. The inorganic calcite content exceeds 10% in smear slides from Sections 2 and 6. Nannofossils (up to 3%) are present throughout the General Description: Incipient drilling biscuits throughout the core. Section 1, 0-80 cm is very disturbed. ",CORE 401.2 - 409.94 MBSF
151,910,C,44,R,410.8,419.73,Pliocene,"CLAYEY SILT and SILTY CLAY Major Lithologies: Homogeneous, very dark gray (5Y 3/1), CLAYEY SILT to SILTY CLAY is slightly to moderately bioturbated as shown by: mm-size discontinuous patches of siltier sediment throughout; burrows surrounded by clean (white) quartz which are more numerous in Section 3; and a few larger pyrite- cemented burrows. The sediment is slightly more clayey in Sections 5 and 6. Correspondingly, the amount of fine inorganic calcite grains decreases from 20% to 10%. Nannofossils occur in trace amounts. ",CORE 410.8 - 419.73 MBSF
151,910,C,45,R,420.5,429.3,Pliocene,"SILTY CLAY and CLAYEY SILT Major Lithologies: SILTY CLAY and CLAYEY SILT, very dark gray (5Y 3/1), is relatively homogeneous. Burrow structures are commonly recognized as slightly lighter colored areas and may contain silt- and clay-sized grains of inorganic calcite (Section 5, 49-51 cm). Gray sandy pockets are sparsely scattered throughout the core. Black concretions(?) are pyritic and typically 1-3 mm in size; larger concretions (1 cm) occur in Section 1, 8 cm; Section 5, 37 cm. Silt- and sand-sized grains in SILTY CLAY and CLAYEY SILT are quartz, feldspar, inorganic calcite, opaques, and accessory minerals. Trace nannofossils are recognized in Section 4, 75 cm. General Description: Entire core is disrupted into drill biscuits. ",CORE 420.5 - 429.3 MBSF
151,910,C,46,R,430.1,437.01,Pliocene,"SILTY CLAY and CLAYEY SILT Major Lithologies: Very homogeneous, very dark gray (5Y 3/1) SILTY CLAY or CLAYEY SILT, with similar clay and silt content (40%-55%) and less than 5% sand; inorganic calcite comprises 1 %-3%. Small darker specks and small depressions on washed split surface indicate pervasive bioturbation. A few larger (0 0.5-mm) burrows are pyrite cemented. ",CORE 430.1 - 437.01 MBSF
151,910,C,47,R,439.7,449.28,Pliocene,"SILTY CLAY, CLAYEY SILT, and SILTY MUD Major Lithologies: SILTY CLAY, CLAYEY SILT, and SILTY MUD, very dark gray (5Y 3/1), slightly bioturbated throughout the core. A few larger burrows (up to 4 cm) filled with darker sediment occur. SILTY CLAY is predominant in the upper part of the core and CLAYEY SILT in the lower part. SILTY MUD is present in Section 4. Contacts between lithologies are gradational. Coarse fraction includes quartz, feldspar, accessory minerals, opaques, volcanic glass, and inorganic calcite. General Description: Incipient drilling biscuits throughout the core. Calcite concretions (pockets of sand-sized calcite grains), up to 5 cm 0, occur from Section 2, 147 cm to Section 3, 15 cm and in Section 4, 125-127 cm. Dropstones: Section 3, 52 cm, 0 3.5 cm, siltstone, Section 6, 74 cm, 0 1.8 cm, claystone. ",CORE 439.7 - 449.28 MBSF
151,910,C,48,R,449.4,458.09,Pliocene,"SILTY CLAY and CLAYEY MUD Major Lithologies: CLAYEY MUD, homogeneous, very dark gray (5Y 3/1), moderately bioturbated with pyritized burrows. Slightly coarser layers ( 1.0 cm thick) occur in Sections 1 through 3. SILTY CLAY, homogeneous, very dark gray (5Y 3/1), in Sections 4 through CC. Moderately bioturbated with pyritized burrows. Shell fragments are common in both lithologies as indicated by the structure column. General Description: Dropstones ( 1.0 cm): Section 1, 143 cm, 0 1.5 cm, siltstone, Section 2, 86 cm, 0 3.0 cm, siltstone, Section 3, 42 cm, 0 2.0 cm, metamorphic?. ",CORE 449.4 - 458.09 MBSF
151,910,C,49,R,459,468.5,Pliocene,"SILTY CLAY Major Lithology: Firm, very dark gray (5Y 3/1) SILTY CLAY. The sediment is nearly homogeneous and massive throughout the core. Bioturbation is evident as distinct burrow structures and a faintly mottled surface. The burrows are filled with coarse grains, pyrite, and shell fragments. Bioturbation generally increases with depth in the core. Small mud clasts and dropstones occur in all sections. General Description: A large dropstone occurs in Section 4, 145 cm, 0 1.5 cm, metasediment. ",CORE 459 - 468.5 MBSF
151,910,C,50,R,468.7,478.57,Pliocene,"SILTY CLAY and CLAYEY MUD Major Lithologies: SILTY CLAY and CLAYEY MUD, very dark gray (5Y 3/1). The CLAYEY MUD layers are more disturbed, as if they have been reconstituted. The SILTY CLAY layers are heavily biscuited. Small shell fragments are common and the larger shell concentrations are highly fragmented. Bioturbation is common, but difficult to detect. Washed-out burrows are observed on the surface and small concentrations of white sand, interpreted to be burrow fills are observed within the core. ",CORE 468.7 - 478.57 MBSF
151,910,C,51,R,478.4,484.71,Pliocene,"SILTY MUD Major Lithology: SILTY MUD, homogeneous, very dark gray (5Y 3/1), is moderately bioturbated; burrows are present throughout the core. The occurrences of shell fragments are as indicated in the structure column. ",CORE 478.4 - 484.71 MBSF
151,910,C,52,R,488,497.75,Pliocene,"CLAYEY SILT Major Lithology: CLAYEY SILT, homogeneous, very dark gray (5Y 3/1). Sections 1 and 2 are slightly bioturbated; Section 3 to CC are moderately bioturbated. Shell fragments and layers of shell fragments are present as indicated by the structure column. General Description: Mud clasts are present in Section 1, 77 and 89 cm; Section 4, 82 cm. Disseminated pyrite occurs in Section 2, 135 cm; Section 4, 46 cm; Section 6, 75 cm; and Section 7, 9 cm. Dropstones: Section 1,144 cm, 0 1.0 cm, siltstone. ",CORE 488 - 497.75 MBSF
151,910,C,53,R,497.7,504.67,Pliocene,"SILTY CLAY and CLAYEY SILT Major Lithologies: SILTY CLAY to CLAYEY SILT, homogeneous, very dark gray (5Y 3/1), with moderate bioturbation. Burrows are commonly filled by micropyrite nodules (0 <1 mm). Small shell fragments, including tube-shape mollusks, are also scattered through sections. Minor Lithology: CARBONATE SANDY SILT occurs in pockets in Section 3, 42.5-43.5 cm, 0 1 cm; Section 4, 56-57 cm, 0 2.5 cm. Grains are predominantly inorganic calcite, yellowish brown to light yellowish brown (10YR 5/4-6/4). General Description: Dropstones: Section 5,105 cm, 0 1 cm and 2.5 cm, siltstone. ",CORE 497.7 - 504.67 MBSF
