Expedition/Leg,Site,Hole,Core Number,Core Type,Top depth cored (m),Bottom depth recovered (m),Age,Description,Core ID
141,861,C,1,H,0,3.03,upper Pleistocene-Holocene,"SILTY CLAY Major Lithology: This core consists of grayish olive (1 OY 4/1) to grayish olive green (5Y 3/2) massively bedded (?) SILTY CLAY with mottled or variegated colors, burrows, dispersed sand-size shells and shell fragments, white specks of sponge spicules, and dark blotches of organic and pyritized organic matter. General Description: No structures are preserved. ",CORE 0 - 3.03 MBSF
141,861,C,2,H,3,12.86,upper Pleistocene,"SILTY CLAY AND CLAYEY SILT Major Lithology: This core consists mostly of interbedded dark greenish gray (5G 4/1) to grayish olive green (5GY 3/2) SILTY CLAY AND CLAYEY SILT with rare thin interbeds of the minor lithologies. Minor Lithologies: The dominant lithology is interbedded with greenish gray (5G 4/1) to grayish olive green (5GY 3/2) fine SILTY SAND and grayish olive green (5Y 3/2) SILT WITH NANNOFOSSILS. The SILTY SAND interbeds have sharp bases with underlying SILTY CLAY AND CLAYEY SILT or SILT WITH NANNOFOSSILS, and fine upwards. General Description: Little drilling disturbance is present other than downward bowing of beds at core edges. Bedding, defined by changes in texture and composition, is horizontal to gently inclined. ",CORE 3 - 12.86 MBSF
141,861,C,3,H,12.5,22.69,upper Pleistocene,"SILTY CLAY WITH NANNOFOSSILS Major Lithology: This core consists of dark greenish gray (5GY 4/1) to grayish olive green (5GY 3/2) SILTY CLAY WITH NANNO- FOSSILS; the nannofossil content varies from about 5% to about 25%. Minor Lithology: Two Intervals (Section 2, 14-20 cm; and Section 3, 101-105 cm) consist of dark greenish gray (5GY 4/1) to grayish olive green (5GY 3/2) SILTY SAND. General Description: Dispersed small pyrite concretions and white specks of sponge spicules occur throughout. Drilling disturbance has produced diapiric structures and apparent folds in all sections. Undisturbed bedding is close to horizontal in Section 5, 0-5 cm and Section 6, 20-30 cm. ",CORE 12.5 - 22.69 MBSF
141,861,C,4,H,22,31.8,upper Pleistocene,"NANNOFOSSIL CLAYEY SILT, SILTY CLAY WITH NANNOFOSSILS and SILTY CLAY Major Lithologies: The core consists of olive gray (5Y 3/2) NANNOFOSSIL CLAYEY SILT, light olive gray (5Y 5/2) to olive gray (5Y 3/2) SILTY CLAY WITH NANNOFOSSILS, and olive gray (5Y 4/1) SILTY CLAY. Minor Lithologies: Diffuse silty laminae (redistributed by bioturbation) occur throughout the core (Section 1, 148 cm; Section 2, 38 cm; Section 3, 79 cm; Section 4, 31-32 cm, and 103 cm; Section 4, 95 cm; Section 6, 48 cm, 74 cm, and 78 cm). Sand is only present in one sandy silt lamina in Section 4, 33 cm. General Description: Isolated pods of black, organic-rich, and white carbonate-rich silt occur throughout the core. These are interpreted as bioturbation features. Contacts are often bioturbated. The lithologies present show some cyclicity: often SILTY CLAY passes up from a sharp base into bioturbated NANNOFOSSIL CLAYEY SILT. ",CORE 22 - 31.8 MBSF
141,861,C,5,H,31.5,42.14,upper Pleistocene,"NANNOFOSSIL CLAYEY SILT, SILTY CLAY WITH NANNOFOSSILS, SILTY CLAY and CLAYEY SILT Major Lithologies: Sections 1 through 6,103 cm, consist of a highly deformed variegated (predominantly olive gray (5Y 3/2)) mixture of lithologies including: NANNOFOSSIL CLAYEY SILT, SILTY CLAY WITH NANNOFOSSILS, and SILTY CLAY. The remainder of the core is coherent and consists of olive gray (5Y 3/2) CLAYEY SILT to SILTY CLAY. Minor Lithologies: Bedding planes are defined by silty laminae (0.3 to 1.0 cm thick), many of which have been partially disseminated by bioturbation. General Description: The deformed lithologies in Sections 3 and 5 and undeformed lithologies in Sections 7 and CC contain dark pods and stringers of organic matter and silt. ",CORE 31.5 - 42.14 MBSF
141,861,C,6,H,41,51.23,upper Pleistocene,"SILTY CLAY WITH NANNOFOSSILS, SILTY CLAY and GRAVEL Major Lithologies: The core consists of olive gray (5Y 3/2; 5Y 4/1) SILTY CLAY WITH NANNOFOSSILS, medium dark gray (N4) SILTY CLAY, and muddy, olive green (5Y 3/2) granule to pebble GRAVEL. Minor Lithologies: Minor lithologies include olive gray (5Y 4/1) SANDY SILTY CLAY, olive gray (5Y 3/2) CLAY and olive black (5Y 2/1) SILT. Deformed silty laminae occur in Section 3, at 50 and 80 cm. General Description: Organic-rich, black pods occur in Section 2, 53-132 cm. Most of the pebbles and granules within gravelly units consist of angular to well-rounded fragments of claystone to silty claystone. Maximum clast size increases down core from 1.2 cm in Section 4 to 1.5 cm in Section 6 and to 1.7 cm in Section 7. Most of the gravelly units are matrix supported. Bedding planes have been distorted by drilling disturbance throughout the core. Sections 1 to 6 were cut by wire and Sections 7 and CC were cut using a saw.",CORE 41 - 51.23 MBSF
141,861,C,7,H,50.5,62.02,upper Pleistocene,"SILTY CLAY AND CLAYEY SILT and SILTY SAND Major Lithologies: This core consists of interbedded grayish olive green (5GY 3/2), dark greenish gray (5GY 4/1) and olive gray (5Y 3/2) SILTY CLAY AND CLAYEY SILT, and SILTY SAND, with normally graded intervals, dispersed large foraminifers, dark streaks of organic matter, and white specks of sponge spicules. Minor Lithology: Grayish olive green (5GY 3/2) MATRIX-SUPPORTED GRAVEL is present from Section 2, 145 cm to Section 3, 20 cm. General Description: Sections 1, 2, and CC are extremely disturbed by drilling. Sections 3, 6, 7, and 8 exhibit bedding that is horizontal to gently inclined. The bases of the thick sand layers in Sections 4 and 5 are similarly oriented. ",CORE 50.5 - 62.02 MBSF
141,861,C,8,H,60,70.42,upper Pleistocene,"SILTY CLAY AND CLAYEY SILT and MATRIX-SUPPORTED GRAVEL Major Lithologies: This core consists mostly of interbedded dark greenish gray (5GY 4/1) to grayish olive green (5GY 3/2) SILTY CLAY AND CLAYEY SILT, and dark greenish gray (5GY 4/1) granule to pebble MATRIX-SUPPORTED GRAVEL containing nannofossils, localized zones of bioturbation, shell and pyritized wood fragments. Minor Lithologies: A light olive gray (5Y 6/1) to light gray (N7) stratified, normally-graded, VOLCANIC ASH layer occurs in Section 5, 22 to 37 cm. It is overlain by a thin Interval (20 to 22 cm) of dark greenish gray, laminated, TUFFACEOUS SAND. General Description: Bedding is horizontal to gently inclined in Sections 1 through 4 and in Section 5, 0-37 cm. Section 5, below 37 cm, and Sections 6, 7, and CC all consist of 'flow-in' silty clay. ",CORE 60 - 70.42 MBSF
141,861,C,9,P,69.5,69.73,upper Pleistocene,SILTY CLAY Major Lithology: This core consists of olive gray (5Y 3/2) SILTY CLAY. General Description: The core is entirely fragmented and no original attributes are preserved. ,CORE 69.5 - 69.73 MBSF
141,861,C,10,H,71,79.97,upper Pleistocene,"CLAYEY SILT TO SILTY CLAY and GRAVEL Major Lithologies: The core consists of olive gray laminated to massive (5Y 3/2) CLAYEY SILT to SILTY CLAY interbedded with 5-20 cm thick olive gray (5Y 3/2) GRAVEL beds. Successions from gravel to silty clay are fining upward. Minor Lithology: Laminated coarser SILT TO FINE SAND occurs in Section 1, 35-38 cm, 135-140 cm; Section 2, 65-72 cm, 90-95 cm, 120-125 cm and in Section 5, 85-90 cm, 100-105 cm. General Description: Gravelly beds are clast-supported, with granule- to pebble-sized clasts ranging from dark greenish gray (5GY 4/1) to olive gray (5Y 3/2) siltstone and claystone and some wood and shell fragments. Lower contacts are sharp and upper contacts gradational. Bioturbated parts are dark greenish gray (5GY 4/1). In Section 3 between 120 and 140 cm the gravelly portion is matrix-supported and inversely graded, changing to clast-supported and fining-upward in 70-120 cm. The matrix is clayey silt and maximum clast-size is 1.8 cm. Both angular and well-rounded clasts are present. The overlying sediment from 5-70 cm is olive gray (5Y 4/1) silty clay. ",CORE 71 - 79.97 MBSF
141,861,C,11,X,80.5,80.55,NA,Entire core given to paleontologists.,CORE 80.5 - 80.55 MBSF
141,861,C,12,X,90.1,92.82,upper Pleistocene,"SILTY CLAY Major Lithology: The core predominantly consists of olive gray (5Y 3/2; 5Y 4/1) SILTY CLAY. Minor Lithologies: One interval of olive gray (5Y 4/1) CLAY is present. Granule- and sand-rich zones occur in Section 2, 25-29 cm and 76-78 cm. General Description: Black, organic-rich spots are present in Section 2, 25-78 cm. ",CORE 90.1 - 92.82 MBSF
141,861,C,13,X,99.8,101.1,upper Pleistocene,"CLAY Major Lithology: The core consists of structureless fragments of dark gray (N4) CLAY. General Description: Large foraminifers are present in Section 1, 20 cm. ",CORE 99.8 - 101.1 MBSF
141,861,C,14,X,109.4,112.56,upper Pleistocene,"CLAYEY SILT and SANDY SILTY CLAY Major Lithologies: The core predominantly consists of olive gray (5Y 4/1; 5Y 3/2) CLAYEY SILT and SANDY SILTY CLAY. Minor Lithologies: The top 24 cm of Section 1 consists of fragments of olive gray (5Y 3/2) SILT. Granule- to pebble-sized GRAVEL is dispersed in the core catcher; maximum clast size is 0.8 cm. General Description: Silty laminations and dark, organic-rich spots occur throughout the core, and these have been modified by drilling. The lowermost part of the core consists of a graded unit which starts as matrix-supported granules and sand in Section CC, 4-15 cm, and passes up-core into a poorly sorted mixture of gravel and sand (Section CC, 0-4 cm; disturbed by drilling), overlain by muddy sand and then silt in Section 2. ",CORE 109.4 - 112.56 MBSF
141,861,C,15,X,119,126.83,lower Pleistocene,"SILTY CLAY TO CLAYEY SILT, SILTY CLAYSTONE and MATRIX-SUPPORTED GRAVEL Major Lithologies: The core predominantly consists of olive gray (5Y 3/2 ; 5Y 4/1) SILTY CLAY TO CLAYEY SILT, SILTY CLAYSTONE, and MATRIX-SUPPORTED GRAVEL. Minor Lithologies: Minor lithologies include CLAY, SAND, and SILT. General Description: The muddy gravel units are primarily MATRIX-SUPPORTED GRAVEL with some linear bands of granules; pebbles are present in Sections 1 and 2. Graded units start with a sharp planar to scoured contact overlain by gravelly coarse SAND to sandy SILT, followed oy parallel-laminated to cross-laminated SILT to clayey SILT, and capped by structureless to bioturbated silty CLAY. Some of these graded intervals are separated by units of SILTY CLAYSTONE or MATRIX-SUPPORTED GRAVEL. Note that the silty clay in this core is preferentially consolidated, forming SILTY CLAYSTONE. ",CORE 119 - 126.83 MBSF
141,861,C,16,X,128.9,136.12,lower Pleistocene,"SILTY CLAY TO CLAYEY SILT, SILT and SAND Major Lithologies: The core consists of olive gray (5Y 3/2) SILTY CLAY TO CLAYEY SILT, SILT, and SAND. Some intervals of clayey silt are enriched in diatoms. General Description: The lithologies in this core are arranged in upward-fining sequences starting at a sharp planar to scoured contact overlain by sand or coarse silt, grading upward into parallel- to cross-laminated fine silt to clayey silt, and capped by structureless to bioturbated silty clay. The massive silty clay units in Sections 1 and 5 contain black, organic-rich pods and laminae. ",CORE 128.9 - 136.12 MBSF
141,861,C,17,X,138.7,141.37,lower Pleistocene,"SILTY CLAY AND CLAYEY SILT, FINE SAND and CLAYEY COARSE SAND AND GRAVEL Major Lithologies: This core consists of an olive gray (5Y 3/2) sequence of interbedded SILTY CLAY AND CLAYEY SILT, FINE SAND, and CLAYEY COARSE SAND AND GRAVEL, that comprises three complete upward-fining turbidites and parts of two others each with thicknesses of 30 to 50 cm. Bases of CLAYEY COARSE SAND AND GRAVEL have shell fragments and pyritized wood stems. Central portions of FINE SAND are planar-laminated. General Description: Although highly disturbed by drilling, stratigraphy is preserved; bedding is horizontal to gently inclined. ",CORE 138.7 - 141.37 MBSF
141,861,C,18,X,148.5,154.21,lower Pleistocene,"MATRIX-SUPPORTED GRAVEL, SILTY CLAY AND CLAYEY SILT and SILTY SAND Major Lithologies: This core consists of interbedded olive gray (5Y 3/2) pebble to granule MATRIX-SUPPORTED GRAVEL, SILTY CLAY AND CLAYEY SILT, and SILTY SAND. In part these appear in normally-graded, upward-fining intervals from 50 to 150 cm in thickness. MATRIX-SUPPORTED GRAVEL clasts include shell fragments and pyritized wood stems in addition to lithic fragments of claystone, siltstone, and other lithologies. General Description: The entire core is highly disturbed, but the stratigraphic sequence is preserved, and bedding is approximately flat-lying. ",CORE 148.5 - 154.21 MBSF
141,861,C,19,X,158.3,159.21,lower Pleistocene,"CLAYEY SILT and MATRIX-SUPPORTED GRAVEL Major Lithologies: This core consists of grayish olive green (5GY 3/2) CLAYEY SILT, and MATRIX-SUPPORTED GRAVEL of granule to pebble-size clasts within a clayey silt matrix. General Description: Although disrupted into biscuits by drilling, the sediment within biscuits is semi-coherent and exhibits incipient fissility. ",CORE 158.3 - 159.21 MBSF
141,861,C,20,P,168.2,168.2,NA,NO RECOVERY,CORE 168.2 - 168.2 MBSF
141,861,C,21,X,170.2,172.91,upper Pliocene,"CLAYEY SILT with greenish black SILTY CLAY AND CLAYEY SILT Major Lithology: This core consists of olive gray (5Y 3/2) interbedded SILTY CLAY AND (5GY 2/1) concretions, and rare shell fragments. Grayish olive green (5GY 3/2) CLAYEY SILT at the base of the core has nannofossils, radiolaria, and sponge spicules. General Description: Although the core is highly disturbed and lacks primary bedding contacts, the stratigraphic succession is preserved. The sediment exhibits an incipient fissility. ",CORE 170.2 - 172.91 MBSF
141,861,C,22,X,179.9,188.69,upper Pliocene,"CLAYEY SILT AND SILTY CLAY and MATRIX-SUPPORTED GRAVEL Major Lithologies: This core consists of grayish olive green (5GY 3/2) to olive gray (5Y 3/2) interbedded CLAYEY SILT AND SILTY CLAY, and MATRIX-SUPPORTED GRAVEL with clayey silt matrix. Minor Lithologies: In Sections 1 and 3, burrows filled with SILTY SAND are present. A thin (<0.5 cm) lens of light gray (N7) VOLCANIC LAPILLI is present at 110 cm in Section 3. General Description: Matrix-supported gravel in Section 3 and Section 4 near the thin VOLCANIC LAPILLI layer has tuffaceous clasts. Although severely disturbed by drilling, the stratigraphic sequence is preserved. Sediments exhibit no structures other than an incipient fissility. ",CORE 179.9 - 188.69 MBSF
141,861,C,23,X,189.6,189.6,upper Pliocene,NO RECOVERY,CORE 189.6 - 189.6 MBSF
141,861,C,24,X,199.2,199.5,upper Pliocene,"SILTY CLAY Major Lithology: The core consist of olive gray (5Y 3/2), structureless SILTY CLAY. ",CORE 199.2 - 199.5 MBSF
141,861,C,25,X,208.9,217.57,upper Pliocene,"SILTY CLAY TO SILTY CLAYSTONE Major Lithology: The core consists of olive gray (5Y 3/2), partially consolidated SILTY CLAY to consolidated SILTY CLAYSTONE. Coherent pieces show massive texture. Some horizontal laminae are present in Section 2,140-142 cm. Minor Lithologies: Concentrations of micritic silt/sand occur in Section 1, 28-32 cm and Section 2,102-104 cm. General Description: Sections 5, 6, and CC are slightly more greenish and calcareous. ",CORE 208.9 - 217.57 MBSF
141,861,C,26,P,218.6,219.6,upper Pliocene,SILTY CLAYSTONE Major Lithology: This core consists of several loose pieces of olive gray (5Y 3/2) SILTY CLAYSTONE. The core is highly disturbed by drilling. ,CORE 218.6 - 219.6 MBSF
141,861,C,27,X,220.1,226.48,upper Pliocene,CLAYSTONE TO SILTY CLAYSTONE Major Lithology: The core consists of olive gray (5Y 4/1 to 5Y 3/2) CLAYSTONE TO SILTY CLAYSTONE. ,CORE 220.1 - 226.48 MBSF
141,861,C,28,X,228.1,234.86,upper Pliocene,"SILTY CLAYSTONE TO CLAYEY SILTSTONE Major Lithology: This core consists of olive gray (5Y 3/2) SILTY CLAYSTONE TO CLAYEY SILTSTONE. Sections 4, 5, and CC are slightly more calcareous, they contain a small amount of micritic carbonate after nannofossils and foraminifers. General Description: The entire core is highly fractured by drilling and consists of drilling breccia fragments of silty claystone and clayey siltstone with some loose silt and sand. Relatively coherent intervals occur in Section 4, 60-80 cm and in Section 5, 70-80 cm. ",CORE 228.1 - 234.86 MBSF
141,861,C,29,X,237.7,239.37,upper Pliocene,"SANDY SILTSTONE and SILTSTONE WITH NANNOFOSSILS Major Lithologies: Section 1 primarily consists of structureless fragments of olive gray (5Y 4/1) SANDY SILTSTONE and SILTSTONE WITH NANNOFOSSILS. Minor Lithology: Section 1,148-150 cm, and Section CC consists of structureless fragments of olive gray (5Y 3/2) NANNOFOSSIL SILTY CLAYSTONE. ",CORE 237.7 - 239.37 MBSF
141,861,C,30,P,247.3,247.98,upper Pliocene,"CLAYEY SILTSTONE Major Lithology: The core consists of compressed, olive gray (5Y 3/2) CLAYEY SILTSTONE. General Description: The structure of the core is a function of the pressure-coring process. ",CORE 247.3 - 247.98 MBSF
141,861,C,31,X,248.3,252.51,upper Pliocene,SILTY CLAYSTONE WITH NANNOFOSSILS Major Lithology: This core consists of massive olive gray (5Y 3/2) SILTY CLAYSTONE WITH NANNOFOSSILS. Part of the calcareous component is present as micritic recrystallized carbonate. General Description: The core is brecciated by drilling and consists of fragments of silty claystone and loose silt. ,CORE 248.3 - 252.51 MBSF
141,861,C,32,X,257,260.08,upper Pliocene,"CLAYEY SILTSTONE and CLAYEY SANDSTONE Major Lithologies: The core consists of olive black (5Y 2/1) to olive gray (5Y 3/2) CLAYEY SILTSTONE and olive gray (5Y 3/2), massive CLAYEY SANDSTONE. Minor Lithology: Granule-sized CONGLOMERATE is present in Section 2, 26-33 cm. Clasts are mostly siltstone and claystone, with some shell fragments and fish remains. Contacts are sharp and the matrix has a minor calcareous component. General Description: Clayey sandstone in Section 1, 85-130 cm and in Section 2, 0-26 cm contains some amount of micrite representing partly recrystallized calcareous microfossils. ",CORE 257 - 260.08 MBSF
141,861,C,33,X,266.6,269.7,upper Pliocene,"SILTY CLAYSTONE Major Lithology: The core consists of olive gray (5Y 3/2) to medium dark gray (N4), massive SILTY CLAYSTONE. The lower portion of Section 1 is slightly coarser-grained. Minor Lithology: The granule CONGLOMERATE in Section 2 is clast-supported with a gradational upper contact. Granules are predominantly well-rounded to angular clasts of siltstone and claystone. ",CORE 266.6 - 269.7 MBSF
141,861,C,34,X,276.2,282.67,upper Pliocene,"MATRIX-SUPPORTED CONGLOMERATE Major Lithology: This core consists entirely of MATRIX-SUPPORTED CONGLOMERATE with predominantly granule-sized clasts. Several clasts are of nannofossil-rich siltstone. General Description: Although the entire core is highly disturbing by drilling, stratigraphy is preserved in Section 4, 100-150 cm, and in Sections 5 and 6. Bedding is subhorizontal. Thin, dark deformation bands are faintly visible on sawed surfaces at Section 6, 17-24 cm. ",CORE 276.2 - 282.67 MBSF
141,861,C,35,X,285.9,291.11,upper Pliocene,"CLAYEY SILTSTONE and MATRIX-SUPPORTED CONGLOMERATE Major Lithologies: This core consists of interbedded olive gray (5Y 3/2) CLAYEY SILTSTONE and MATRIX-SUPPORTED CONGLOMERATE. Matrix of conglomerate is clayey siltstone. Clasts include grayish olive green (5GY 3/2) clayey siltstone with nannofossils, dark greenish black (5G 2/1) lithic clasts (claystones?) and shell fragments. General Description: Core is highly fractured by drilling, but consists of a mostly coherent sequence of interbedded rocks. No obvious structures are preserved, and original bedding orientation is not preserved. ",CORE 285.9 - 291.11 MBSF
141,861,C,36,X,295.6,301.34,upper Pliocene,"CLAYEY SILTSTONE, MATRIX-SUPPORTED CONGLOMERATE and GRAVEL Major Lithologies: This core consists of interbedded olive gray (5Y 2/1 to 5Y 4/1) CLAYEY SILTSTONE, MATRIX-SUPPORTED CONGLOMERATE, and GRAVEL. General Description: Although highly fractured by drilling, core preserves original stratigraphy. Where original bedding orientation is preserved, it is gently to moderately inclined within the core reference frame. ",CORE 295.6 - 301.34 MBSF
141,861,C,37,X,304.9,308.02,upper Pliocene,"MATRIX-SUPPORTED CONGLOMERATE and CLAYEY SILTSTONE TO SILTY CLAYSTONE Major Lithologies: This core mostly consists of interbedded dark gray (N3) to greenish black (5G 2/1) MATRIX-SUPPORTED CONGLOMERATE and olive gray (5Y 3/2) CLAYEY SILTSTONE TO SILTY CLAYSTONE. The MATRIX-SUPPORTED CONGLOMERATE has gravel to pebble-size clasts of silty claystone, clayey siltstone, clayey silty limestone, and shell fragments. Minor Lithology: Coarse SAND occurs in a thin interval, 25-30 cm, in Section 2. General Description: Although core is highly fractured by drilling, original stratigraphy is preserved. Bedding is subhorizontal. ",CORE 304.9 - 308.02 MBSF
141,861,C,38,X,314.5,314.87,upper Pliocene,"CLAYEY SILTSTONE Major Lithology: This core consists of olive gray (5Y 3/2) CLAYEY SILTSTONE. General Description: A small pebble of carbonate-cemented siltstone occurs at the top of the core, and is interpreted as having fallen in from higher up in the hole. No structures are preserved. ",CORE 314.5 - 314.87 MBSF
141,861,C,39,X,324.2,328.65,upper Pliocene,"MATRIX-SUPPORTED CONGLOMERATE Major Lithology: This core consists entirely of olive gray (5Y 3/2) to dark gray (N3) MATRIX-SUPPORTED CONGLOMERATE, with clayey siltstone matrix, clasts up to 3 cm in diameter of siliciclastic rocks, and shell fragments. General Description: The core is highly fractured due to drilling disturbance; no original structures are preserved. ",CORE 324.2 - 328.65 MBSF
141,861,C,40,X,333.9,341.16,upper Pliocene,"SILTY CLAYSTONE TO CLAYEY SILTSTONE, MATRIX-SUPPORTED CONGLOMERATE and GRAVEL Major Lithologies: This core mostly consists of interbedded olive gray (5Y 3/2) to dark greenish black (5Y 2/1) SILTY CLAYSTONE TO CLAYEY SILTSTONE, MATRIX-SUPPORTED CONGLOMERATE, and GRAVEL Minor Lithology: A few thin beds of dark gray (N3) to olive gray (5Y 3/2) SANDSTONE are found interbedded with the major lithologies in Sections 2, 3, and 6. General Description: The core is highly fractured by drilling disturbance. Where preserved bedding is gently to moderately inclined, original stratigraphy is preserved. ",CORE 333.9 - 341.16 MBSF
141,861,C,41,X,343.4,349.4,upper Pliocene,"CLAYEY SILTSTONE TO SILTY CLAYSTONE and MATRIX-SUPPORTED CONGLOMERATE Major Lithologies: This core mostly consists of olive gray (5Y 3/2 to 5Y 2/1) to dark gray (N3) interbedded CLAYEY SILTSTONE TO SILTY CLAYSTONE, and MATRIX-SUPPORTED CONGLOMERATE. The MATRIX-SUPPORTED CONGLOMERATE has gravel to pebble size clasts and grades locally into matrix-poor and clast-supported gravel (Section 1, 60-73 cm). Minor Lithology: A minor interbed of dark gray (N3) SANDSTONE appears in Section 3, 40-45 cm, and two beds of olive gray (5Y 3/2) SANDSTONE appear at the base of CC, 31-40 cm. General Description: Although the core is moderately to highly fractured, rare gently dipping bedding is preserved. Sparse deformation bands occur at Section 3, 60-70 cm and 90-95 cm. ",CORE 343.4 - 349.4 MBSF
