Expedition/Leg,Site,Hole,Core Number,Core Type,Top depth cored (m),Bottom depth recovered (m),Age,Description,Core ID
146,890,B,1,H,0,7.32,upper Pleistocene,"CLAYEY SILT Major Lithology: CLAYEY SILT, olive gray to dark greenish gray (about 9.7Y 3.5/0.5 to about 6GY 3.5/0.5), bioturbated at the top, with very thin (1-2 mm) layers of silty sands. Shell fragments and bioclasts up to 1 mm General Description: Significant bioturbation through the entire core. ",CORE 0 - 7.32 MBSF
146,890,B,2,H,7.3,17.6,upper Pleistocene,"CLAYEY SILT and SILTY CLAY Major Lithologies: CLAYEY SILT, dark olive gray (about 7Y 3/0.5), with thin layers of fine sand. SILTY CLAY, very dark greenish gray (about 2GY 3/0.6 to 3GY 3/0.7), interlayered. In the Core Catcher, 15 cm, silty clay contains a single isolated subrounded pebble of andesite. Minor Lithology: FINE SAND, greenish black (1.8GY 2.4/0.5, localized in very thin (1-5 mm) layers with sharp bottom and gradational upper contacts. General Description: Gas cracks are widespread, especially in Sections 3, 4, and 5 seem to be restricted to sandy layers. ",CORE 7.3 - 17.6 MBSF
146,890,B,3,H,16.8,26.63,upper Pleistocene,"SILTY CLAY and CLAYEY SILT Major Lithologies: SILTY CLAY, dark greenish gray (about 7GY 3.5/0.5), uniform, with very thin (1-2 mm) silty layers, gas cracks and rare shell fragments. CLAYEY SILT, dark greenish gray (about 3GY 3/1), with silty and sandy layers. Section 7 contains broken carbonate concretion. Minor Lithology: SAND, thin layers interbedded with silts in Section 7 and Core Catcher. General Description: Gas cracks are especially widespread in Sections 5 and 6. Clayey silt in Section 3 is enriched in dispersed black sulfides. ",CORE 16.8 - 26.63 MBSF
146,890,B,4,H,26.3,26.3,NA,NO RECOVERY,CORE 26.3 - 26.3 MBSF
146,890,B,5,H,38.3,48.57,upper Pleistocene,"CLAYEY SILT Major Lithology: CLAYEY SILT, dark greenish gray to greenish black (about 7GY 3.5/0.5 to about 1.5GY 2/0.5), with indurated clayey silt fragments. Patches or thin layers of coarse silt to fine sand are observed in Sections 1, 4, 5, 6, and 7. Below Section 6, sediments are more green in color, and bear significant amounts of glaucony. Glaucony forms dark green mineral grains of medium sand size. Minor Lithology: VERY FINE SAND in Section 1, 75-128 cm, and thin layers (1 mm to 5 mm thick) and patches. Sands are greenish black (4.9GY 1.5/0.4), and the thin sand layers are normally graded. The layered sands are characterized by sharp bases and gradational upper contacts (fining up to clayey silt). General Description: Sediments in this core generally show subhorizontal gas-expansion cracks, particularly in Sections 2 and 4. ",CORE 38.3 - 48.57 MBSF
