Expedition.Leg,Site_Number,Hole,Core_Number,Core_Type,Core_Top_MBSF,Core_Bottom_MBSF,Age,Description,Core_ID
197,1204,A,1,R,761.9,770.61,middle Eocene," NANNOFOSSIL CHALK. Thin interval of pinkish white laminated NANNOFOSSIL CHALK with sharp inclined contact with very fine, light brownish gray (10YR 6/2) laminations of chalk that grade into pinkish white to white NANNOFOSSIL CHALK. In section 3 pale brown and pinkish NANNOFOSSIL CHALK alternate in cyclic sequence that occurs downward through the core.",CORE  761.9 - 770.61  MBSF
197,1204,A,2,R,771.5,776.12,"771.5-774.7 mbsf: middle Eocene, 774.4-776.12 mbsf:  early to middle Eocene"," NANNOFOSSIL CHALK, CALCAREOUS SILTY CLAY, VITRIC ASH NANNOFOSSIL SILT, CLAYEY VITRIC ASH w/NANNOFOSSILS, and Fe-OXIDE-rich SILTY CLAY w/NANNOFOSSILS. This core consists of slightly to highly disturbed (Section 3, 77-125 cm) to moderately bioturbated pinkish white and light gray (Section 1) NANNOFOSSIL to pinkish gray CLAY NANNOFOSSIL CHALK (Sections 1, and 3). Contacts are mainly sharp, somewhat affected by horizontal and vertical burrows (Section 1), and drilling disturbance (Section 3). Section 3 contains the Unit-I/Unit-II boundary (at 2R-3, 17 cm) with sharp (load casts) contact between very pale brown (10YR 8/3) and dark yellowish brown (10YR4/4) VITRIC ASH NANNOFOSSIL SILT. Here, cm to dm-thick beds of laminated brown to very dark grayish laminated VITRIC ASH w/NANNOFOSSILS are interbedded with pinkish gray to light brownish gray and dark NANNOFOSSIL CHALKS with sub mm to mm lenticular, undulating to planar lamination. ",CORE  771.5 - 776.12  MBSF
197,1204,A,3,R,781.1,788.14,early to middle Eocene," NANNOFOSSIL CHALK, CALCAREOUS SILTY CLAY, CLAY, CLAYEY VITRIC ASH w/NANNOFOSSILS, and Fe OXIDE-rich SILTY CLAY w/NANNOFOSSILS. This core consists of occasionally slightly disturbed (Sections 4, and CC), moderately bioturbated, microlaminated to massive NANNOFOSSIL, CALCAREOUS and CLAY NANNOFOSSIL CHALK. Chalks are interbedded with horizontal to slightly inclined, whole to broken cm-to dm-thick beds of black unaltered (5YR2.5/1) to dark yellowish brown altered (10YR4/4) volcanic glass (Sections 1 to 5). Section 1 contains structureless altered volcanic sandstone bed (at 110-115 cm), and soft sediment deformation (at 125-132 cm). Section 2 includes highly tilted body of stratified/laminated Fe-oxide and palagonite-rich silt and silty clay (at 17-45 cm). Folded white (10YR 8/1) to pinkish gray (7.5YR 7/2) NANNOFOSSIL CHALK, and pale brown (10YR 8/2, 8/3, and 10YR 7/2) CLAY NANNOFOSSIL CHALKS occur downcore. Section 3 hosts large rounded intraclast of olive palagonite-rich clay (at 17-24 cm) and it is affected by drag folds in soft sediment (at 5-15, and 110-120 cm). Sections 4 and 5 contain 57 cm-thick sharply laminated section of normally graded silt-sized basaltic glass, which becomes palagonitized and vertically burrowed upward. ",CORE  781.1 - 788.14  MBSF
197,1204,A,4,R,790.7,796.83,"790.7-794.8 mbsf:  early to middle Eocene, 794.8-796.83 mbsf:  late Paleocene to early Eocene"," NANNOFOSSIL CHALK w/CLAY and NANNOFOSSIL CHALK, VITRIC ASH-rich SILT w/NANNOFOSSILS, and Fe OXIDE-rich SILTY CLAY w/NANNOFOSSILS. This core consists of massive to very finely laminated very pale brown NANNOFOSSIL CHALK w/CLAY (10YR 8/3, 8/2, 7/3, and 7/4), and pinkish white (7.5YR 8/2) to pinkish gray nodules of NANNOFOSSIL CHALK. They are interbedded with a) very dark gray (5YR3/1) VITRIC ASH-rich SILT w/NANNOFOSSIL (Section 1); and b) horizontal, sharply stratified to structureless cm-to dm-thick beds of light to dark yellowish brown (10YR 6/4 and 4/4) (Sections 2 and 3). Beds are slightly to rarely disturbed (Sections 3 and 4) and moderately to commonly bioturbated in cm to dm intervals throughout the core. Cm-thick inclined beds, consisting of finely layered mm-sized clasts of brown clay and white chalk, occur in Section 1. Angular brown clay pebbles are chaotically clustered and embedded in deformed chalks within beds in Section 2 (at 82-87 cm) and Section 3 (at 45 cm). Section 1 contains silty-clay layers (130-136 cm). Bedding change inclination at 76-97 cm and dark brown clast of silty clay occurs at 120 cm. Section 3 contains the Unit-II/Unit-III boundary (at 4R-3, 105 cm). This has sharp, but bioturbated contact between very pale brown (10YR 8/3) chalk and the first occurring brown (10YR5/3) bed of horizontal sharply laminated and altered VITRIC ASH-rich SILTY CLAY. ",CORE  790.7 - 796.83  MBSF
197,1204,A,5,R,800.3,805.62,late Paleocene to early Eocene," NANNOFOSSIL CHALK, NANNO-FORAM CHALK, and NANNOFOSSIL CLAY. This core consists of massive and undulating to horizontally laminated, calcareous chalk, which can be moderately bioturbated throughout and sub-horizontally burrowed (i.e., Section 1, 130-137 cm). Subtle color changes reflect variable clay inputs. Horizontal beds of very pale brown (10YR ... 8/3, 8/2, and 7/3) NANNOFOSSIL CLAY alternate with pinkish white (5YR 8/2 and 7.5YR 8/2) to white (5YR 8/1) NANNOFOSSIL CHALK (Sections 1 to 3) with gradational to sharp (Section 1) contacts. Drilling disturbance sporadically occurs throughout sections, but mainly at bottom of Section 4 to CC. Section 1 contains red-dark brown chert clast (at 2 cm) and cm-thick fining upward sequence of pale brown (10YR 6/3) silt clay to clay (turbidite) at 49 to 69 cm. A cm silty-sand thin bed occurs at 133-136 cm. Section 2 contains disseminated layers of silt-sized pyrite at 11-12 cm. Sandy layers are sharp at base grading up into clay. Fine scale layering and change in the beds inclination occur at 145 cm. Section 3 contains isolated thin reddish brown layers at 62, 65, and 144 cm. Section 4 contains remains of truncated bed of Fe OXIDE-rich SILTY CLAY w/NANNOFOSSIL. CC has dark lamina at its top.",CORE  800.3 - 805.62  MBSF
197,1204,A,6,R,809.9,816.46,"809.9-810.5 mbsf:  late Paleocene to early Eocene, 810.5-816.46 mbsf:  Late Cretaceous (Campanian) to late Paleocene"," NANNOFOSSIL CHALK, VOLCANIC ASH PALAGONITE-rich CLAY, . DIAMICTITE CLAY The core consists of NANNOFOSSIL CHALK down to 60 cm. It is partly laminated and irregularly disturbed by bioturbation. This is followed by highly bioturbated interval to 82 cm. Broken up yellow beds and red sandy layer of VOLCANIC ASH follows with black diagenetic growth in laminated spotty and dendritic pattern, and bioturbated yellow and brown layers outlined with black Fe/Mn oxides. Section 1 contains yellow and olive brown mixed sediments of VOLCANIC ASH (and sometimes PALAGONITE-rich CLAY). Section 2 continues with bioturbated mixture of brown and yellow VOLCANIC ASH down into Section 3, where an interval (78-105 cm) of clayey iron-rich nannofossil chalk is found. A yellow laminated VOLCANIC ASH (PALAGONITE-rich CLAY) terminates the sediments that later turn into volcaniclastic units described elsewhere. The laminations are alternating coarse to fine grained, with outlines of fine black Fe/Mn specks. Section 5 contains the Subunit Va/IVb boundary (at 6R-5,13 cm (815.8 mbsf) with sharp downward contact with diamictite interval. The rest of Section 5 is volcaniclastic breccia described in 'Volcanology and igneous petrology'.",CORE  809.9 - 816.46  MBSF
197,1204,A,6,R,809.9,816.46,Late Cretaceous (Campanian) to late Paleocene,"VOLCANICLASTIC 197-1204A-6R-5 UNIT 1a: DIAMICTITE. Pieces: 2 (13�29 cm) COLOR: Matrix is pale yellow (5Y 8/2) to light brown (7.5 YR 5/3). Clasts are mid to dark brown (7.5YR 4/2 to 4/3). GENERAL DESCRIPTION: Fine grained, moderately to poorly sorted diamicton with subangular basalt fragments (2-20 mm), in pale carbonate matrix. TEXTURES: Matrix displays normal grading, whereas clasts are moderately well sorted and display no grading.  STRUCTURES: No sedimentary structures are present. COMMENTS: Faint 2-3 mm wide carbonate-filled veins are present throughout, but are concentrated in horizontal band at 19-21 cm. Clasts None None and matrix are similar to Unit 1b but Unit 1a contains substantially higher proportion of white carbonate cement. UNIT 1b: VOLCANICLASTIC BRECCIA. Pieces: 2�8. COLOR: Varies from orange (10YR 6/6) to mid brown (7.5YR 4/4). GENERAL DESCRIPTION: Poorly sorted volcaniclastic breccia consisting of angular to subrounded basaltic clasts (1-40 mm) in sandstone matrix. Uppermost 10 cm (interval 30-40 cm) contains no clasts. TEXTURES: Poorly sorted massive deposit.  STRUCTURES: None. COMMENTS: Vesicular basalt clasts in Piece 8 resemble basalt lava in Unit 2 below.",CORE  809.9 - 816.46  MBSF
197,1204,A,7,R,819.5,825.32,NA,"VOLCANICLASTIC 197-1204A-7R-1 UNIT 1b: VOLCANICLASTIC BRECCIA. Pieces: 1-19 COLOR: Gray (5Y 5/1) with altered areas dark brown (10YR 3/3). Unsorted, angular vesicular basalt clasts GENERAL DESCRIPTION: Poorly sorted volcaniclastic, clast-supported breccia consisting of angular to subrounded vesicular basaltic clasts (=1-15 cm) with vesicular basalt pebble and calcareous sandstone matrix. Piece 1 consists only of sand to silt sized sediment with dark (Mn?) laminae, (possibly out of place and from Core 5R). TEXTURES: Poorly sorted lapillus-size (2-20 mm) basalt fragments in sand-size matrix.  STRUCTURES: Structureless (massive). COMMENTS: The proportion of minerals in the groundmass as well as the vesicularity of the basalt varies from clast to clast.",CORE  819.5 - 825.32  MBSF
197,1204,A,7,R,819.5,825.32,NA,"IGNEOUS 197-1204A-7R-2 UNIT 2: APHYRIC TO MODERATELY OLIVINE-PLAGIOCLASE-PHYRIC  BASALT. Pieces: 1-11 GROUNDMASS: Fine grained and intergranular. Consists of plagioclase and clinopyroxene(?). COLOR: Gray (5Y 5/1). STRUCTURE: Massive. ALTERATION: High. Olivine is altered to yellowish brown (10YR 5/6) clay. VEINS/FRACTURES: Vertical veins are observed in Pieces 1 and 2. Veins are present in Pieces 1-5 and 10-11, and range from 1-5 mm in width. Veins in Piece 1 are filled with both calcite and brownish yellow (10YR 6/6) clay. Veins in the other pieces are filled with carbonate. 60% of the vesicles are filled with carbonate.   COMMENTS: 1 Olivine is present as microphenocryst phase. It is variable in abundance throughout, and is replaced by Fe oxyhydroxide but is still recognizable by its euhedral shape and distinctive fracture. 2 One megavesicle is 15 mm in size (Interval 6-8 cm) and is filled with carbonate and brownish yellow (10YR 6/6) clay.",CORE  819.5 - 825.32  MBSF
197,1204,A,7,R,819.5,825.32,NA,"IGNEOUS 197-1204A-7R-3 UNIT 2: APHYRIC TO MODERATELY OLIVINE-PLAGIOCLASE-PHYRIC  BASALT. Pieces: 1-13 GROUNDMASS: Fine grained and intergranular. Consists of plagioclase and clinopyroxene(?). COLOR: Gray (2.5YR 6/0). STRUCTURE: Massive. ALTERATION: Medium to high. Olivine is altered to yellowish brown (10YR 5/6) clay. 60% of the vesicles are filled with carbonate, the remainder are unfilled. VEINS/FRACTURES: Sparsely veined. Veins are present througout and are up to 2 mm in width and filled with carbonate (~60%) and mid brown (5YR 4/4) material (probably Fe oxyydroxide; 40%). COMMENTS: 1 Olivine is present as microphenocryst phase. It is variable in abundance throughout, and is replaced by Fe oxyhydroxide but is still recognizable by its euhedral to subhedral equant shape and distinctive fracture.",CORE  819.5 - 825.32  MBSF
197,1204,A,7,R,819.5,825.32,NA,"IGNEOUS 197-1204A-7R-4 UNIT 2: APHYRIC TO MODERATELY OLIVINE-PLAGIOCLASE-PHYRIC  BASALT. Pieces: 1-18 GROUNDMASS: Fine grained and intergranular. Consists of plagioclase and clinopyroxene(?). COLOR: Gray (2.5YR 6/0). STRUCTURE: Massive. ALTERATION: Medium to high. Olivine is altered to yellowish brown (10YR 5/6) clay. Veins are filled with mixture of carbonate and Feoxyhydroxide. 50% of the vesicles are carbonate filled; the remainder are unfilled. VEINS/FRACTURES: Sparsely veined. Veins are present in Pieces 1, 3, 7 and 9 and are typically up to 2 mm in width. A wide (1.5 cm) vein is present in Piece 1 and consists of basaltic breccia clasts in white carbonate and red brown clay matrix. COMMENTS: 1 Olivine is present as microphenocryst phase. It is variable in abundance throughout, and is replaced by Fe oxyhydroxide but is still recognizable by its euhedral to subhedral equant shape and distinctive fracture.",CORE  819.5 - 825.32  MBSF
197,1204,A,8,R,829,830.89,NA,"IGNEOUS 197-1204A-8R-1 UNIT 2: APHYRIC TO MODERATELY OLIVINE-PLAGIOCLASE-PHYRIC  BASALT. Pieces: 1-21 GROUNDMASS: Fine grained to aphanitic. Consists of plagioclase, clinopyroxene and black oxide minerals. COLOR: Grayish brown (10YR 5/2). STRUCTURE: Lobed. Lobe boundary inferred to lie at 122 cm between Pieces 19 and 20, based on presence of partially altered glass in Piece 19, and cryptocrystalline layer at the top of Piece 20. ALTERATION: High. Most vesicles are filled with carbonate, green clay and Fe oxyhydroxide. The clinopyroxene crystals in the groundmass are partly replaced by Fe oxyhydroxide. VEINS/FRACTURES: One carbonate-filled vein, 4.5 mm wide, occurs in  Piece 19.     COMMENTS: None",CORE  829 - 830.89  MBSF
197,1204,A,8,R,829,830.89,NA,"IGNEOUS 197-1204A-8R-2 UNIT 2: APHYRIC TO MODERATELY OLIVINE-PLAGIOCLASE-PHYRIC  BASALT. Pieces: 1-3 GROUNDMASS: Fine grained. Consists of plagioclase and clinopyroxene(?) in an intergranular texture. COLOR: Gray (10YR 6/1) to light brownish gray (10YR 6/2). STRUCTURE: Massive. No indicators of lobe boundaries are present in this short core section. ALTERATION: Moderate to high. Clinopyroxene in the groundmass is replaced by Fe oxyhydroxide. Vesicles are mostly filled with white carbonate and Fe oxyhydroxide. Where unfilled, they are lined with Fe oxyhydroxide. VEINS/FRACTURES: Sparsely veined. Veins are <1 mm wide and filled with white carbonate and Fe oxyhydroxide. COMMENTS: One piece in Piece 1 is aphanitic. All other pieces are fine grained.",CORE  829 - 830.89  MBSF
197,1204,A,9,R,838.6,843.86,NA,"IGNEOUS 197-1204A-9R-1 UNIT 2: APHYRIC TO MODERATELY OLIVINE-PLAGIOCLASE-PHYRIC  BASALT. Pieces: 1-19 GROUNDMASS: Fine grained to aphanitic (cryptocrystalline) adjacent to the lobe margin. Consists of plagioclase, (altered) clinopyroxene, and black oxides in an intergranular texture. COLOR: Gray (10YR 6/1) to brownish yellow (10YR 6/8) to grayish brown (10YR 5/2). STRUCTURE: Lobed. Glassy lobe margins are present in Pieces 10 and 13 and 19. ALTERATION: Moderate to complete. Glassy lobe margins are completely altered to clay minerals. Fe oxyhydroxide is pervasive throughout the core section. Clinopyroxene is completely replaced by Fe oxyhydroxide. Vesicles are filled with Fe oxyhydroxide and white carbonate are unfilled but lined with Fe oxyhydroxide. VEINS/FRACTURES: Sparsely veined. Veins are <1 mm wide and filled with white carbonate (in Piece 10) and Fe oxyhydroxide (in Piece 12B). COMMENTS: Vesicles are present in distinct zones in Pieces 10 and 18. Olivine microphenocrysts are most distinct in the aphanitic region adjacent to the glassy lobe margin (Piece 19). Quenched plagioclase laths of the groundmass are approximately the same size as the olivine phenocrysts.",CORE  838.6 - 843.86  MBSF
197,1204,A,9,R,838.6,843.86,NA,"IGNEOUS 197-1204A-9R-2 UNIT 2: APHYRIC TO MODERATELY OLIVINE-PLAGIOCLASE-PHYRIC  BASALT. Pieces: 1-12 GROUNDMASS: Fine grained. COLOR: Yellowish brown (2.5YR 5/4). STRUCTURE: Massive. May be part of massive lobe interior. ALTERATION: Moderate. Olivine is completely altered to iddingsite(?)/Fe oxyhydroxide. Approximately half of the vesicles are filled partially filled with carbonate and Fe oxyhydroxide. VEINS/FRACTURES: Sparsely veined. Veins are present in Pieces 3, 9, 11, and 12 only, and are randomly oriented, 1-2 mm wide, and filled with white carbonate and Fe oxyhydroxide. COMMENTS: Pieces 1-4 have vesicles =4 mm in diameter.",CORE  838.6 - 843.86  MBSF
197,1204,A,9,R,838.6,843.86,NA,"IGNEOUS 197-1204A-9R-3 UNIT 2: APHYRIC TO MODERATELY OLIVINE-PLAGIOCLASE-PHYRIC  BASALT. Pieces: 1-15 GROUNDMASS: Fine grained. Consists of plagioclase, clinopyroxene and black oxides. COLOR: Grayish brown (10YR 5/3). STRUCTURE: Lobed. Possible lobe margin is present in Piece 5. ALTERATION: Moderate to high. Most vesicles are filled with carbonate and Fe oxyhydroxide, some of which are present as small nodules. Olivine microphenocrysts are completely altered to Fe oxyhydroxide. The clinopyroxene crystals in the groundmass are partly altered to Fe oxyhydroxide. VEINS/FRACTURES: 0.5 mm to 6 mm wide veins, filled with carbonate, are present in Pieces 1 and 11 to 15.   COMMENTS: Olivine microphenocrysts appear to be more abundant in Pieces 4-15. This may be an artefact of variable alteration making recognition of olivine difficult.",CORE  838.6 - 843.86  MBSF
197,1204,A,9,R,838.6,843.86,NA,"IGNEOUS 197-1204A-9R-4 UNIT 2: APHYRIC TO MODERATELY OLIVINE-PLAGIOCLASE-PHYRIC  BASALT. Pieces: 1-11 GROUNDMASS: Fine grained. Plagioclase and highly to moderately altered mesostasis. Grain size increases to 1.5 mm below 59 cm (Piece 7). COLOR: Yellowish brown (2.5YR 5/3). STRUCTURE: Lobed. A trace of glassy margin is present on the top of Piece 4. ALTERATION: Moderate to complete. Highest near the glassy margin. Most of the vesicles are filled partially filled with gray carbonate. Glass remnants in the top of Piece 4 look devitrified and palagonitized. VEINS/FRACTURES: None to sparsely veined. Two <1 mm wide veins are present in the top half of Piece 1, are randomly oriented, and are filled with carbonate. COMMENTS: Larger vesicles (=10 mm) are randomly dispersed throughout.",CORE  838.6 - 843.86  MBSF
197,1204,A,10,R,848.3,856.56,NA,"IGNEOUS 197-1204A-10R-1 UNIT 2: APHYRIC TO MODERATELY OLIVINE-PLAGIOCLASE-PHYRIC  BASALT. Pieces: 1-16 GROUNDMASS: Fine grained. Grain size decreases down section, and abundance of completely altered microphenocrysts of what may have been olivine also decreases to zero at the bottom. Plagioclase and clinopyroxene are also present. COLOR: Yellowish brown (2.5YR 5/2). STRUCTURE: Massive. ALTERATION: Moderate. Olivine(?) microphenocysts are completely replaced by Fe oxyhydroxide. Variably 20%-80% of the vesicles are filled with carbonate lined with Fe oxyhydroxide. VEINS/FRACTURES: None. COMMENTS: None",CORE  848.3 - 856.56  MBSF
197,1204,A,10,R,848.3,856.56,NA,"IGNEOUS 197-1204A-10R-2 UNIT 2: APHYRIC TO MODERATELY OLIVINE-PLAGIOCLASE-PHYRIC  BASALT. Pieces: 1-7 GROUNDMASS: Fine grained to aphanitic. Plagioclase is ~1 mm in length, which is at the boundary between fine grained and aphanitic. Clinopyroxene is also present. COLOR: Yellowish brown (2.5YR 5/2) from 0-95 cm, and blue gray (5BG 9/1) with slight bluish green tint below 95 cm. STRUCTURE: Massive. ALTERATION: Moderate. From 0-95 cm the groundmass is partially altered to Fe oxyhydroxide, most of the vesicles are filled with carbonate lined with Fe oxyhydroxide, and some vesicles are lined with bluish black 2h metallic mineral (hematite?). Below 95 cm the groundmass is partly altered to to bluish gray clay and 100% of the vesicles are filled with the same bluish- gray clay. VEINS/FRACTURES: None. COMMENTS: There is sharp horizontal boundary at 95 cm between two different styles of alteration. Below 95 cm the vesicles are not obvious because they are filled with the same clay that replaces the groundmass mesostasis. ",CORE  848.3 - 856.56  MBSF
197,1204,A,10,R,848.3,856.56,NA,"IGNEOUS 197-1204A-10R-3 UNIT 2: APHYRIC TO MODERATELY OLIVINE-PLAGIOCLASE-PHYRIC  BASALT. Pieces: 1-3B GROUNDMASS: Fine grained, holocrystalline. Consists of partially altered plagioclase, clinopyroxene and black oxides. COLOR: Gray green (5BG 4/1). STRUCTURE: Massive. ALTERATION: Moderate. Groundmass plagioclase is partially sericitized. Sulfide occurs throughout the groundmass. Vesicles are filled with green- gray clay and sulfide, and rarely with carbonate. VEINS/FRACTURES: Sparsely veined. Veins are 1-2 mm wide, filled with carbonate, and occur in Pieces 1, 3A, and 3B. COMMENTS: None",CORE  848.3 - 856.56  MBSF
197,1204,A,10,R,848.3,856.56,NA,"IGNEOUS 197-1204A-10R-4 UNIT 2: APHYRIC TO MODERATELY OLIVINE-PLAGIOCLASE-PHYRIC  BASALT. Pieces: 1-3B GROUNDMASS: Fine grained, holocrystalline. Consists of partially altered plagioclase, clinopyroxene and black oxides. COLOR: Gray green (5BG 4/1). STRUCTURE: Massive. ALTERATION: Moderate. Most intense close to veins. Groundmass plagioclase is partially sericitized. Sulfide occurs throughout the groundmass. Vesicles are filled with green-gray clay, sulfide and carbonate (carbonate filled vesicles occur mostly close to veins). VEINS/FRACTURES: Sparsely veined. Veins are 1-4 mm wide, filled with carbonate and brown clay. COMMENTS: Piece 2 contains one 8 mm plagioclase phenocryst.",CORE  848.3 - 856.56  MBSF
197,1204,A,10,R,848.3,856.56,NA,"IGNEOUS 197-1204A-10R-5 UNIT 2: APHYRIC TO MODERATELY OLIVINE-PLAGIOCLASE-PHYRIC  BASALT. Pieces: 1-3 GROUNDMASS: Fine grained, holocrystalline. Consists of partially altered plagioclase, clinopyroxene and black oxides. COLOR: Gray green (5BG 4/1), between 26 cm and 48 cm is brown (2.5Y 5/3). STRUCTURE: Massive. ALTERATION: Moderate. Groundmass plagioclase is partially sericitized. Secondary sulfide occurs throughout the groundmass. Vesicles are filled with green-gray (5G 4/2) clay and sulfide, carbonate. VEINS/FRACTURES: Sparsely veined. Veins are 0.5-4 mm wide, filled with carbonate, Fe oxyydroxide and green clays. COMMENTS: In Piece 1, 22 cm wide zone (between 26 cm and 48 cm) has brown color (2.5Y 5/3), which contrasts with the green-gray color of the rest of this section. Sulfide is present only in the green-gray (reduced) portion of the section.",CORE  848.3 - 856.56  MBSF
197,1204,A,10,R,848.3,856.56,NA,"IGNEOUS 197-1204A-10R-6 UNIT 2: APHYRIC TO MODERATELY OLIVINE-PLAGIOCLASE-PHYRIC  BASALT. Pieces: 1-10 GROUNDMASS: Fine grained, holocrystalline. Contains plagioclase, clinopyroxene and black oxides COLOR: Pieces 1 and 2 are gray green (5BG 4/1), Pieces 3 to 6 are brown (2.5Y 5/3). STRUCTURE: Massive. ALTERATION: High. Groundmass plagioclase is partially sericitized. Secondary sulfide occurs in the groundmass in Pieces 1 and 2. Vesicles are filled with green-gray (5G 4/2) clay and sulfide, carbonate and Fe oxyhydroxide. VEINS/FRACTURES: Sparsely veined. Piece 3 contains 2 mm wide vein of carbonate and Fe oxyhydroxide. COMMENTS: This is the last section recovered before Hole 1204A was abandoned, and the lower part of the section is much disturbed by drilling. Pieces 7 to 9 consist of rounded 1-5 cm sized fragments of aphyric basalt similar to that in Pieces 1 to 6, and Piece 10 consists of mud to 0.5 cm sized fragments of the same material.",CORE  848.3 - 856.56  MBSF
197,1204,B,1,R,810.7,815.99,NA," CALCAREOUS CLAY, NANNOFOSSIL CLAY, NANNOFOSSIL CHALK, SILTY CLAY, Fe-Oxides and PALAGONITE-rich CLAY, and GYPSIFEROUS CLAY; DIAMICTITE. This core consists of yellowish brown (10YR 5/4) NANNOFOSSIL CHALK to pale brown (10YR 6/4) CALCAREOUS CLAY, and light reddish brown (2.5Y 7/4) and pale olive (10YR 6/4) PALAGONITE-rich CLAY. Bedding is horizontal to slightly inclined, with gradational contacts somewhat highly to very highly disturbed. Unsorted, poorly consolidated conglomerate (diamictite) is different color (i.e., brown to light gray and dark yellowish brown), which reflects the most common components in its clay matrix (i.e., sand and gravel to pebble-sized rounded to angular clasts of clay, red sandstone and basalt). Unconsolidated beds of sand-sized clay particles occur in Section 2 (110-117 cm) and Section 3 (30-31 cm). Section 1 is very finely laminated NANNOFOSSIL CLAY interbedded with mottled Fe-rich calcareous clays w/nannofossils A dendritic vein of dark brown material occurs as of loading structure at 55-57 cm. Section 2 contains the IVa/Unit IVb boundary (at 1R-2, 47 cm) with sharp downward contact between olive (10YR 8/3) PALAGONITE-rich CLAY. Section 3 is pale brown (10YR 6/3) diamictite ending with altered material at the basement interface. Section 4 is igneous rock.",CORE  810.7 - 815.99  MBSF
197,1204,B,1,R,810.7,815.99,NA,"IGNEOUS 197-1204B-1R-3 UNIT 1: APHYRIC BASALT.  Pieces: 2-10 GROUNDMASS: Fine grained. Glassy to aphanitic in Pieces 3 and 7. The groundmass contains plagioclase, clinopyroxene and black oxides. COLOR: Gray brown (2.5Y 6/1 to 10YR 5/2). STRUCTURE: Lobed. Glassy lobe margins are present in Pieces 3 and 7. ALTERATION: Moderate. Olivine microphenocrysts are completely replaced by Fe oxyhydroxide and carbonate. Vesicles are filled with carbonate and Fe oxyhydroxide. Glass in Pieces 3 and 7 is partly to completely devitrified. mp VEINS/FRACTURES: Sparsely veined. A 1-2 cm vein in Piece 8 is filled with carbonate and angular fragments of altered basalt. COMMENTS: Olivine crystals are similar in size to those of the groundmass, but are described as microphenocrysts on the basis of their euhedral shape, which indicates that they were an early formed phase.",CORE  810.7 - 815.99  MBSF
197,1204,B,1,R,810.7,815.99,NA,"IGNEOUS 197-1204B-1R-4 UNIT 1: APHYRIC BASALT.  Pieces: 1-11 GROUNDMASS: Fine grained. The groundmass contains plagioclase, clinopyroxene, and black oxides. COLOR: Yellowish brown (10YR 4/1). STRUCTURE: Lobed. A glassy lobe margin is present in Piece 2. ALTERATION: Moderate. Olivine microphenocysts are completely replaced by Fe oxyhydroxides and carbonate. Some vesicles are filled with carbonate and lesser amounts of Fe oxyhydroxides. Glass in Piece 2 is devitrified. VEINS/FRACTURES: Sparsely veined. Veins are mostly subhorizontal, (except for vertical one in Piece 2), are 0.5-8 mm wide, and are filled with gray carbonate and scattered Fe oxyydroxides that in some cases may be replacing glass fragments. COMMENTS: Olivine and plagioclase microphenocrysts are only slightly larger than those of the groundmass, but are described as microphenocrysts on the basis of their euhedral shape, which indicates that they formed early. Microphenocryst size and groundmass crystallinity decrease down section. Vesicles appear to have bimodal size distribution. Many are <0.5 mm, but some scattered vesicles are 1-2 mm wide. A pipe vesicle is present in Piece 5 at 58-60 cm.",CORE  810.7 - 815.99  MBSF
197,1204,B,2,R,820.3,827.34,NA,"IGNEOUS 197-1204B-2R-1 UNIT 1: APHYRIC BASALT.  Pieces: 1-3C GROUNDMASS: Fine grained. The groundmass contains plagioclase and olivine microphenocrysts, clinopyroxene, and black oxides. COLOR: Yellowish brown (10YR 4/1), except slightly browner (10R 4/3) next to wider veins. Wider veins are off-white (2.5Y 7/0). STRUCTURE: Lobed. A possible lobe margin (glass present in the working half) is present on the top part of Piece 1. ALTERATION: Moderate. Olivine microphenocrysts are completely replaced by Fe oxyhydroxides and carbonate. Some vesicles are filled with carbonate and lesser amounts of Fe oxyhydroxides. VEINS/FRACTURES: Moderately veined. Veins are randomly oriented, 0.5-2 mm wide, and filled with gray carbonate and Fe oxyhydroxides. Veins contain angular clasts of basalt at 30-60 cm and 85-102 cm. COMMENTS: Olivine microphenocrysts are only slightly larger than those of the groundmass, but are described as microphenocrysts on the basis of their euhedral shape, which indicates that they formed early. One plagioclase phenocryst, 4 mm in length, is present in Piece 1. Vesicle abundance is patchy. Segregated material is present at 86-103 cm.",CORE  820.3 - 827.34  MBSF
197,1204,B,2,R,820.3,827.34,NA,"IGNEOUS 197-1204B-2R-2 UNIT 1: APHYRIC BASALT.  Pieces: 1A-1B GROUNDMASS: Fine grained. The groundmass contains plagioclase and olivine microphenocrysts, clinopyroxene, and black oxides. COLOR: Yellowish brown (10YR 4/1), except slightly browner (10R 4/3) next to wider veins. Wider veins are off-white (2.5Y 7/0). STRUCTURE: Massive. ALTERATION: Moderate. Olivine microphenocrysts are completely replaced by Fe oxyhydroxides and carbonate. Some vesicles are filled with carbonate and lesser amounts of Fe oxyhydroxides. The vein at 44 cm has an ~2 mm thick layer of Fe oxyhydroxides. VEINS/FRACTURES: Moderately veined. Veins are randomly oriented, 0.5-2 mm wide, and filled with gray carbonate and Fe oxyhydroxides. Veins are slightly narrower and fewer below 60 cm. COMMENTS: Olivine microphenocrysts are only slightly larger than those of the groundmass, but are described as microphenocrysts on the basis of their euhedral shape, which indicates that they formed early. Vesicle abundance is patchy.",CORE  820.3 - 827.34  MBSF
197,1204,B,2,R,820.3,827.34,NA,"IGNEOUS 197-1204B-2R-3 UNIT 1: APHYRIC BASALT.  Pieces: 1-2B GROUNDMASS: Fine grained. Plagioclase and clinopyroxene in an intergranular texture. COLOR: Gray (10YR 5/1) to very pale brown (10YR 7/4). STRUCTURE: Massive. ALTERATION: Moderate. Fe oxyhydroxide alteration halos, up to 12 mm wide, are present adjacent to veins. Olivine microphenocrysts are altered to Fe oxyhydroxide and replaced by white carbonate. Glass and some clinopyroxene are altered to Fe oxyhydroxide. Where present, vesicles are filled with white carbonate and lined with Fe oxyhydroxide. VEINS/FRACTURES: Sparsely to moderately veined. Randomly oriented veins, 0.1-6 mm wide, are filled with white carbonate and Fe oxyhydroxide. COMMENTS: Olivine is microphenocryst phase that is approximately the same size as the fine-grained groundmass. It is distinct where it has been replaced by white carbonate as Fe oxyhydroxide highlights the characteristic fracture pattern. Plagioclase phenocryst abundance has decreased from Section 2R-2.",CORE  820.3 - 827.34  MBSF
197,1204,B,2,R,820.3,827.34,NA,"IGNEOUS 197-1204B-2R-4 UNIT 1: APHYRIC BASALT.  Pieces: 1-2E GROUNDMASS: Fine grained. Plagioclase and clinopyroxene in an intergranular texture. COLOR: Gray (10YR 5/1) to very pale brown (10YR 7/4). STRUCTURE: Lobed. ALTERATION: Moderate. Fe oxyhydroxide alteration halos, up to 2 cm wide, are present adjacent to veins. Olivine microphenocrysts are altered to Fe oxyhydroxide and replaced by white carbonate. Glass and some clinopyroxene are altered to Fe oxyhydroxide. Where present, vesicles are filled with white carbonate and lined with Fe oxyhydroxide. VEINS/FRACTURES: Sparsely to moderately veined. Predominantly orizontal veins, 0.1-5 mm wide, are filled with white carbonate and Fe oxyhydroxide. Veins have brecciated the basalt at 90-92 cm. COMMENTS: Olivine is microphenocryst phase that is approximately the same size as the fine-grained groundmass. It is distinct where it has been replaced by white carbonate as Fe oxyhydroxide highlights the characteristic fracture pattern. Olivine abundance has increased from Section 2R-3 and increases down the core section to 15% in Piece 2E.",CORE  820.3 - 827.34  MBSF
197,1204,B,2,R,820.3,827.34,NA,"IGNEOUS 197-1204B-2R-5 UNIT 1: APHYRIC BASALT.  Pieces: 1A-19 GROUNDMASS: Fine grained to aphanitic. Consists of plagioclase, black oxides, and clinopyroxene (+olivine?) in an intergranular texture. Plagioclase laths are occasionally coated with Fe oxyhydroxide. COLOR: Dark yellowish brown (10YR 4/2), moderate brown (5YR 4/4), and light brownish gray (5YR 6/1). STRUCTURE: Lobed. Completely altered glassy lobe margins are present on Pieces 10-12. ALTERATION: Moderate to complete. Fe oxyhydroxide is pervasive. Olivine microphenocrysts are completely altered to Fe oxyhydroxide and white carbonate. Vesicles are variably filled with carbonate (white calcite and cream colored dolomite), Fe oxyhydroxide, and green-brown clay. Clinopyroxene is partially altered and glass is completely altered to Fe oxyhydroxide and white carbonate. VEINS/FRACTURES: Sparsely veined. Veins are <0.1-1 mm wide (Pieces 1B, 15, and 18) and are present on the outer surface of Pieces 4-8, 10-12, 15, and 17. They are filled with white carbonate (calcite) and cream colored carbonate (dolomite), and Fe oxyydroxide. COMMENTS: This section is continuation of massive flow interior of Unit 1 from Section 2R-4. The massive interior is represented by Pieces 1A- 3 where olivine is most abundant (10% 20%). Pieces 4-19 represent the vesicular base of this unit, which is moderately olivine phyric. There are only rare plagioclase phenocrysts present. Olivine is present as microphenocryst phase that is similar in size to the fine-grained groundmass. Vesicularity is variable. The basalt is essentially nonvesicular in Pieces 1A-3 to highly vesicular in Pieces 4-19. Pipe vesicles are present in Pieces 4, 5, and 19. They are approximately 2 cm long, 3-5 mm wide, and filled with predominantly white carbonate (calcite) and cream colored carbonate (dolomite) and minor segregated material.",CORE  820.3 - 827.34  MBSF
197,1204,B,2,R,820.3,827.34,NA,"IGNEOUS 197-1204B-2R-6 UNIT 1: APHYRIC BASALT.  Pieces: 1-7 GROUNDMASS: Fine grained. Consists of plagioclase, black oxides and clinopyroxene in an intergranular texture. COLOR: Dark brown (5YR 3/1). STRUCTURE: Lobed. ALTERATION: Moderate. Olivine microphenocrysts are completely altered to Fe oxyhydroxide and carbonate. Vesicles are variably filled with carbonate (calcite and dolomite), Fe oxyhydroxide and green-brown clay. VEINS/FRACTURES: Sparsely veined. Fragments of carbonate filled veins are present on te sides of Pieces 6 and 7. COMMENTS: Olivine is present as microphenocryst phase. Vesicles in Pieces 1 and 2 are largely empty, and lined with green-brown clay, whereas those in Pieces 3-7 are filled with carbonate.",CORE  820.3 - 827.34  MBSF
197,1204,B,3,R,829.9,833.15,NA,"IGNEOUS 197-1204B-3R-1 UNIT 1: APHYRIC BASALT.  Pieces: 1-20  GROUNDMASS: Fine grained. Consists of plagioclase, black oxides, clinopyroxene and orange red patches (olivine??) in an intergranular texture. COLOR: Medium dark brown (5YR 4/2). STRUCTURE: There is no convincing evidence for the presence of lobe margins in this section. ALTERATION: Moderate to high. Olivine is completely altered to Fe oxyhydroxide and carbonate. 30% of the vesicles are filled with carbonate and Fe oxyhydroxide. The remainder are lined with greenish brown clay. VEINS/FRACTURES: Sparsely veined. Veins are 1-5 mm wide, filled with white carbonate, and are found in Pieces 1, 6, 9 and the upper part of Piece 10. One large vein is present along the edge of Piece 6, is 12 mm wide and contains angular vesicular altered basalt fragments 3-20 mm in size. COMMENTS: Olivine may be microphenocryst phase rather than groundmass phase. Several more vesicular areas (30%-35%) are found in intervals 22-30 cm and 76-86 cm (Piece 10). In Piece 1 vesicles are up to 12 mm.",CORE  829.9 - 833.15  MBSF
197,1204,B,3,R,829.9,833.15,NA,"IGNEOUS 197-1204B-3R-2 UNIT 1: APHYRIC BASALT.  Pieces: 1-17 GROUNDMASS: Aphanitic. Consists of plagioclase, black oxides, clinopyroxene and orange red patches of Fe oxyhydroxide (replacing olivine??) in an intergranular texture. COLOR: Brownish gray (5YR 4/1). More altered areas are moderate brown (5YR 4/4). STRUCTURE: Lobed. A lobe margin is present in Piece 11, indicated by unaltered glass and brecciation caused by quenching. Evidence for lobe margin is also found in Piece 12 which contains an unaltered glassy margin. ALTERATION: Moderate to high. Olivine is completely altered to Fe oxyhydroxide. 40% of the vesicles are filled with carbonate, Fe oxyhydroxide, lined with green-brown clay. Alteration appears to be most prevalent around veins. VEINS/FRACTURES: Sparsely veined. White carbonate filled 1mm veins are present in Piece 7, and Pieces 14-17. Wite carbonate lined fractures are present on the edges of Pieces 1-3. COMMENTS: Olivine may be microphenocryst phase rather than groundmass phase. Two small (1 cm long) pipe vesicles, coated with Fe oxyhydroxide and brown clays, are present in Piece 9.",CORE  829.9 - 833.15  MBSF
197,1204,B,3,R,829.9,833.15,NA,"IGNEOUS 197-1204B-3R-3 UNIT 1: APHYRIC BASALT.  Pieces: 1-3 GROUNDMASS: Aphanitic. Consists of plagioclase, black oxides, clinopyroxene and orange red patches of Fe oxyhydroxide (replacing olivine??) in an intergranular texture. COLOR: Brownish gray (5YR 4/1). More altered areas are moderate brown (5YR 4/4). STRUCTURE: There is no convincing evidence for the presence of lobe margins in this section. ALTERATION: Moderate to high. Olivine is completely altered to Fe oxyhydroxide. 85% of the vesicles are filled with carbonate, Fe oxyhydroxide, and white mineral with globular texture (zeolite?). The remainder are lined with green-brown clay. Alteration appears to be most prevelant around veins. VEINS/FRACTURES: Sparsely veined. A vein, 1.5 mm wide, is found in Piece 3 filled with white carbonate. COMMENTS: Olivine may be microphenocryst phase rather than groundmass phase.",CORE  829.9 - 833.15  MBSF
197,1204,B,4,R,839.6,843.11,NA,"IGNEOUS 197-1204B-4R-1 UNIT 1: APHYRIC BASALT.  Pieces: 1-17 GROUNDMASS: Fine grained to aphanitic. Consists of plagioclase, black oxides, clinopyroxene and orange red patches (olivine?) in an intergranular texture. Glassy and/or aphanitic near lobe margins. COLOR: Medium dark brown (5YR 4/2) in highly altered regions, and medium gray (N5) in moderately altered regions. STRUCTURE: Lobed. Lobe margins are observed in Piece 3, Piece 9, between Piece 11 and 12, and Piece 14, and are defined by the presence of mv glassy margins. ALTERATION: Moderate to high. Olivine is completely altered to Fe oxyhydroxide and carbonate. 40% of the vesicles are filled with carbonate and Fe oxyhydroxide. The remainder are lined with greenish brown clay. Two vesicle cylinders are observed in Piece 6 at 46-51 cm and 65-71 cm, and are filled with white calcite. VEINS/FRACTURES: Sparsely veined. Veins are 1-5 mm wide, are found in Pieces 4, 5 and 6, and are filled with white carbonate. COMMENTS: Highly vesicular zones are present in Pieces 2, 5, upper part of 6, and Pieces 10-17.",CORE  839.6 - 843.11  MBSF
197,1204,B,4,R,839.6,843.11,NA,"IGNEOUS 197-1204B-4R-2 UNIT 2a: APHYRIC BASALT.  Pieces: 1-22 GROUNDMASS: Fine grained to aphanitic. Consists of plagioclase, black oxides, and altered orange red clinopyroxene and olivine in an intergranular texture. COLOR: Light brownish gray (5YR 6/1) to light brown (5YR 5/6). STRUCTURE: Lobed. Based on significant changes in vesicularity and presence of glass in Piece 22. ALTERATION: Moderate to high. Olivine and clinopyroxene are completely altered to Fe oxyhydroxide. 75% of the vesicles are filled with white carbonate and 25% are unfilled. VEINS/FRACTURES: Sparsely veined. Veins 0.5 to 2 mm wide are found in Piece 8 and are filled with carbonate.  COMMENTS: Olivine may be microphenocryst phase rather than groundmass phase. Highly vesicular zones are in Pieces 1, 7, 12, 13, 16, and 22. Pipe vesicles present in Piece 15 are filled with white carbonate. A prominent vesicle cylinder in Piece 5 is partially filled with segregated material.",CORE  839.6 - 843.11  MBSF
197,1204,B,4,R,839.6,843.11,NA,"IGNEOUS 197-1204B-4R-3 UNIT 2a: APHYRIC BASALT.  Pieces: 1-7 GROUNDMASS: Fine grained to aphanitic. Consists of plagioclase, black oxides, altered orange red clinopyroxene and olivine in an intergranular texture. COLOR: Light brownish gray (5YR 6/1) to light brown (5YR 5/6). STRUCTURE: Lobed. Based on significant changes in vesicularity and presence of glass in Pieces 2 and 6. ALTERATION: Moderate to high. Olivine and clinopyroxene are completely altered to Fe oxyhydroxide. 75% of the vesicles are filled with white carbonate and 25% are unfilled. VEINS/FRACTURES: None. COMMENTS: Olivine may be microphenocryst phase rather than groundmass phase. Highly vesicular zones are present in Pieces 2, 3, 4, 6, and 7.",CORE  839.6 - 843.11  MBSF
197,1204,B,5,R,849.3,852.16,NA,"IGNEOUS 197-1204B-5R-1 UNIT 2a: APHYRIC BASALT.  Pieces: 1-21 GROUNDMASS: Aphanitic. Consists of plagioclase, black oxides and euhedral equant orange red patches (olivine and clinopyroxene?) in an intergranular texture. Glassy near lobe margins. COLOR: Medium brown (10YR 5/2) in highly altered regions, and medium brown (2.5Y 5/3) in moderately altered regions. mov STRUCTURE: Lobed. A lobe margin is observed in Piece 15, and is defined by the presence of glass and variolitic texture in aphanitic areas. ALTERATION: Moderate to high. Olivine is completely altered to Fe oxyhydroxide and carbonate. 50% of the vesicles are filled with carbonate and Fe oxyhydroxide. The remainder are lined with greenish brown clay. VEINS/FRACTURES: None. COMMENTS: Highly (30%-40%) vesicular zones are present in Pieces 5, 6, 10, 16, and 17. Within 1.5 cm of glassy lobe margin (Piece 15), occasional microphenocrysts of plagioclase are present up, to 1 mm in size.",CORE  849.3 - 852.16  MBSF
197,1204,B,5,R,849.3,852.16,NA,"IGNEOUS 197-1204B-5R-2 UNIT 2a: APHYRIC BASALT.  Pieces: 1-19 GROUNDMASS: Fine grained. Consists of plagioclase, black oxides and euhedral equant orange red patches (olivine and clinopyroxene?) in an intergranular texture. COLOR: Medium brown (10YR 5/2) in highly altered regions, and medium brown (2.5Y 5/3) in moderately altered regions. STRUCTURE: Lobed. There is no convincing evidence for the presence of lobe margins in this section. ALTERATION: Moderate to high. Olivine is completely altered to Fe oxyhydroxide and carbonate. 50% of the vesicles are filled with carbonate and Fe oxyhydroxide. The remainder are lined with greenish brown clay. VEINS/FRACTURES: None.  COMMENTS: Highly vesicular zones are present in Pieces 6-10. A vesicle cylinder is observed in Piece 15 at 107-113 cm, and is filled with black oxide enriched segregated material. A rectangular feldspar(?) crystal, 3 mm in size, is present in Piece 19 at 132 cm.",CORE  849.3 - 852.16  MBSF
197,1204,B,6,R,858.6,864.04,NA,"IGNEOUS 197-1204B-6R-1 UNIT 2a: APHYRIC BASALT.  Pieces: 1-16 GROUNDMASS: Fine grained. Consists of plagioclase, clinopyroxene, and orange red patches (olivine altered clinopyroxene?) in an intergranular texture. COLOR: Medium brown (10YR 5/2) in highly altered regions, and medium brown (2.5Y 5/3) in moderately altered regions. STRUCTURE: Lobed. A lobe margin is observed along the length of Piece 14, and is defined by the presence of unaltered glass and concentration of vesicles. ALTERATION: Moderate. The groundmass is dominated by orange red patches which may represent olivine clinopyroxene. Olivine is completely altered to Fe oxyhydroxide and carbonate. 85% of the vesicles are filled with carbonate. The remainder are lined with greenish brown clay. VEINS/FRACTURES: Sparsely veined. A 2-3 mm wide white carbonate and Fe oxyydroxide filled vein is present in Piece 5 (35-50 cm). COMMENTS: Pieces 1, 3, 6, 14, 15, and 16 are highly vesicular.",CORE  858.6 - 864.04  MBSF
197,1204,B,6,R,858.6,864.04,NA,"IGNEOUS 197-1204B-6R-2 UNIT 2a: APHYRIC BASALT.  Pieces: 1-16 GROUNDMASS: Fine grained to aphanitic near lobe margins. Consists of plagioclase, clinopyroxene, and orange red patches (olivine altered clinopyroxene?) in an intergranular texture. COLOR: Medium brown (10YR 5/2) in highly altered regions, and medium brown (2.5Y 5/3) in moderately altered regions. STRUCTURE: No convincing evidence for the presence of lobes in this section. ALTERATION: Moderate. The groundmass is dominated by orange red patches which may replace olivine clinopyroxene. VEINS/FRACTURES: Very sparsely veined. A 1 mm vein is present in Piece 3, and contains Fe oxyhydroxide. COMMENTS: Small lath-like to skeletal (0.5-2.5 mm) plagioclase phenocrysts are present only in Piece 6.",CORE  858.6 - 864.04  MBSF
197,1204,B,6,R,858.6,864.04,NA,"IGNEOUS 197-1204B-6R-3 UNIT 2a: APHYRIC BASALT.  Pieces: 1-21 GROUNDMASS: Fine grained. Consists of plagioclase, clinopyroxene, and orange red patches (olivine altered clinopyroxene?) in an intergranular texture. Glassy and/or aphanitic near lobe margins. COLOR: Medium brown (10YR 5/2) in highly altered regions, and medium brown (2.5Y 5/3) in moderately altered regions. STRUCTURE: Lobed. Lobe margins are observed in Piece 1, between Piece 11 and 12, Pieces 15, 17, 19 and 21, and are defined by the presence of glass and/or variolitic texture in aphanitic areas. ALTERATION: Moderate to high. The groundmass is dominated by orange red patches which may represent olivine clinopyroxene. Olivine is completely altered to Fe oxyhydroxide and carbonate. 85% of the vesicles are filled with carbonate. The remainder are lined with greenish brown clay. VEINS/FRACTURES: Sparsely veined. A <1 mm wide vein filled with Fe oxyydroxide and carbonate is present in Piece 7 (50-57 cm). COMMENTS: Highly vesicular zones are present in Pieces 3 and 4. A 12 mm wide vesicle cylinder is present in Piece 2 at 11-15 cm, filled with segregated material and Fe oxyhydroxide. In Piece 11, we recovered small pahoehoe lobe blanketing an ~10 cm long cognate lava lithic. The glassy lobe margins follow exactly the outline of the clast.",CORE  858.6 - 864.04  MBSF
197,1204,B,6,R,858.6,864.04,NA,"IGNEOUS 197-1204B-6R-4 UNIT 2a: APHYRIC BASALT.  Pieces: 1-11 GROUNDMASS: Fine grained to aphanitic. Consists of plagioclase, clinopyroxene, and olivine which ranges from unaltered to completely altered (replaced by Fe oxyhydroxide) in an intergranular texture. COLOR: Light olive gray (5Y6/1) in slightly altered regions to dark yellowish orange (10YR 6/6) in moderately altered regions. STRUCTURE: Lobed. A lobe margin is marked by 5 mm wide aphanitic zone. ALTERATION: Moderate to slight. Some regions are dominated by orange red alteration that may represent olivine clinopyroxene. Olivine is unaltered in gray regions of Piece 5B. 75% of the vesicles are filled with carbonate and 25% are lined with red orange to black minerals. VEINS/FRACTURES: None. COMMENTS: None",CORE  858.6 - 864.04  MBSF
197,1204,B,7,R,868.2,872.67,NA,"IGNEOUS 197-1204B-7R-1 UNIT 2a: APHYRIC BASALT.  Pieces: 1-24 GROUNDMASS: Fine grained to aphanitic. Consists of plagioclase, clinopyroxene, and olivine. COLOR: Pale yellowish brown (10YR 6/2), except moderate yellowish brown (10YR 5/4) along edges of many pieces that probably adjoined veins. STRUCTURE: Lobed. No convincing evidence for the presence of lobe margins in this section. ALTERATION: Moderate. Some groundmass is replaced by clay and Fe oxyhydroxide. Olivine is completely replaced by Fe oxyhydroxide. 30%- 100% of vesicles are filled with light gray carbonate, and the other 0%-70% are lined with Fe oxyhydroxide, except for Piece 15, in which all of the vesicles are lined with Fe oxyhydroxide. VEINS/FRACTURES: None. However, many of the pieces have angular edges with additional Fe oxyhydroxide staining and traces of carbonate that suggest those edges adjoined veins. COMMENTS: None",CORE  868.2 - 872.67  MBSF
197,1204,B,7,R,868.2,872.67,NA,"IGNEOUS 197-1204B-7R-2 UNIT 2a: APHYRIC BASALT.  Pieces: 1-16B GROUNDMASS: Fine grained to aphanitic. Consists of plagioclase, clinopyroxene, and black oxides. COLOR: Pale yellowish brown (10YR 6/2). STRUCTURE: Lobed. No convincing evidence for the presence of lobe margins in this section. ALTERATION: Moderate. Most intensely altered close to veins. Olivine microphenocrysts are completely replaced by Fe oxyhydroxide and carbonate. Vesicles are filled with carbonate, Fe oxyhydroxide and green- brown clay. Plagioclase crystals of the groundmass are partially sericitized close to veins. VEINS/FRACTURES: Sparsely veined. Subhorizontal and subvertical veins, 1-3 mm in width, occur in Pieces 15 and 16. Veins are filled with carbonate and Fe oxyhydroxide. COMMENTS: None",CORE  868.2 - 872.67  MBSF
197,1204,B,7,R,868.2,872.67,NA,"IGNEOUS 197-1204B-7R-3 UNIT 2a: APHYRIC BASALT.  Pieces: 1A-15 GROUNDMASS: Medium grained to aphanitic. In the aphanitic regions (e.g., Piece 2) the texture is subvariolitic to intersertal, and is occasionally subtrachytic. Olivine is distinctive in the aphanitic regions. COLOR: Moderate yellowish brown (10YR 5/4) to light gray (N7). STRUCTURE: Lobed (based on vesicle patterns). ALTERATION: Moderate to high. Fe oxyhydroxide is pervasive. Some groundmass is replaced by clay and Fe oxyhydroxide. Approximately 60% of the vesicles are filled with white carbonate; 40% are unfilled but lined with Fe oxyhydroxide. Olivine is completely replaced by Fe oxyhydroxide and white carbonate. VEINS/FRACTURES: Sparsely veined. Veins up to 0.2 mm wide are present in Pieces 2, 9, and 10, and are filled with white carbonate and Fe oxyhydroxide. COMMENTS: Olivine may be microphenocryst phase that is the same size as the groundmass. Rare euhedral and blocky plagioclase crystals up to 4 mm long are present. UNIT 2b: DIABASE. Pieces: 16-17 fg mov GROUNDMASS: Medium grained. Consists of plagioclase, clinopyroxene, olivine, and black oxides in an intergranular texture. COLOR: Moderate yellowish brown (10YR 5/4) to pale yellowish brown (10YR 6/2). STRUCTURE: Massive. ALTERATION: Moderate to high. Fe oxyhydroxide is pervasive. Some groundmass is replaced by clay and Fe oxyhydroxide. Approximately 60% of the vesicles are filled with white carbonate; 40% are unfilled but lined with Fe oxyhydroxide. Olivine is completely replaced by Fe oxyhydroxide and white carbonate. VEINS/FRACTURES: None. COMMENTS: Olivine may be microphenocryst phase that is the same size as the groundmass. Rare euhedral and blocky plagioclase crystals up to 4 mm long are present (e.g., Piece 16).",CORE  868.2 - 872.67  MBSF
197,1204,B,8,R,877.8,882.08,NA,"IGNEOUS 197-1204B-8R-1 UNIT 2b: DIABASE.  Pieces: 1-24 GROUNDMASS: Piece 1 is aphanitic with euhedral to subhedral olivine (2%- 4%) made conspicuous by alteration to Fe oxyhydroxide. Pieces 2-24 are medium grained and consist of clinopyroxene and plagioclase intergrown in subophitic texture, with black oxides and olivine (10%-15%). COLOR: Moderate yellowish brown (10YR 5/4) to pale yellowish brown (10YR 6/2). STRUCTURE: Massive. ALTERATION: Moderate to high. Fe oxyhydroxide is pervasive. Olivine is completely replaced by Fe oxyhydroxide and white carbonate. Plagioclase crystals of the groundmass are stained with Fe oxyhydroxide. 50% of vesicles are filled with white carbonate, Fe oxyhydroxide and gray-green clay, and 50% are unfilled but lined with Fe oxyhydroxide. Some clinopyroxene and glass in the groundmass are altered to clay. VEINS/FRACTURES: Sparsely veined. Veins up to 0.5 mm wide are present in Pieces 5, 6, and 21, and are filled with Fe oxyhydroxide and white carbonate. COMMENTS: Euhedral to subhedral olivine is the same size as smaller m/h than the groundmass in the medium-grained regions.",CORE  877.8 - 882.08  MBSF
197,1204,B,8,R,877.8,882.08,NA,"IGNEOUS 197-1204B-8R-2 UNIT 2b: DIABASE.  Pieces: 1-17 GROUNDMASS: Medium grained. Consists of clinopyroxene and plagioclase intergrown in an ophitic texture, black oxides and some olivine. COLOR: Dark brown (10YR 4/2). STRUCTURE: Massive. ALTERATION: Moderate to high. Fe oxyhydroxide is pervasive. Olivine is completely replaced by Fe oxyhydroxide and white carbonate. Plagioclase crystals of the groundmass are partially sericitized. Vesicles are filled with carbonate, Fe oxyhydroxide and gray green clay. Glass in Piece 7 is partially devitrified. VEINS/FRACTURES: Sparsely veined. Veins up to 2 mm wide are present in Pieces 14 and 17, and are filled with white carbonate and Fe oxyhydroxide. In Piece 7, 0.5 mm wide vein is filled with partially altered glass. COMMENTS: None",CORE  877.8 - 882.08  MBSF
197,1204,B,8,R,877.8,882.08,NA,"IGNEOUS 197-1204B-8R-3 UNIT 2b: DIABASE.  Pieces: 1-16 GROUNDMASS: Medium grained. Clinopyroxene, plagioclase, and possibly some completely altered olivine. Large (=6 mm) clinopyroxene is grown around plagioclase laths (ophitic texture). COLOR: Pale yellowish brown (10YR 6/2). STRUCTURE: Massive. ALTERATION: Moderate. Some groundmass (possibly including olivine) is replaced by clay and Fe oxyhydroxide. Some vesicles are filled with white carbonate, and others are lined with Fe oxyhydroxide. VEINS/FRACTURES: None, except for one 1.5 mm wide vein filled with gray carbonate in Piece 2. COMMENTS: Traces of glass are present on the bottom at the back of Piece 1.",CORE  877.8 - 882.08  MBSF
197,1204,B,9,R,887.1,890.04,NA,"IGNEOUS 197-1204B-9R-1 UNIT 2b: DIABASE.  Pieces: 1-3 GROUNDMASS: Medium grained. Consists of clinopyroxene and plagioclase intergrown in subophitic to ophitic texture, with black oxides and olivine (10%-15%). COLOR: Moderate yellowish brown (10YR 5/4) to dark yellowish orange (10YR 6/6). STRUCTURE: Massive. ALTERATION: Moderate to high. Fe oxyhydroxide is pervasive. Olivine is completely replaced by Fe oxyhydroxide and white carbonate. 40% of vesicles are filled with white carbonate, Fe oxyhydroxide and gray-green clay, and 60% are unfilled but lined with Fe oxyhydroxide. VEINS/FRACTURES: None. COMMENTS: Same unit as in the base of 8R-3. Olivine abundance is 10%- 12%.",CORE  887.1 - 890.04  MBSF
197,1204,B,9,R,887.1,890.04,NA,"IGNEOUS 197-1204B-9R-2 UNIT 2b: DIABASE.  Pieces: 1A-1C GROUNDMASS: Medium grained. Consists of clinopyroxene and plagioclase intergrown in subophitic to ophitic texture. Other components are difficult to observe due to the nature of the alteration. COLOR: Moderate yellowish brown (10YR 5/4) to dark yellowish orange (10YR 6/6). STRUCTURE: Massive. ALTERATION: Moderate to high. The nature of the alteration has changed from Section 9R-1 from oxidizing to reducing. Fe oxyhydroxide is rare and present only around one vein. Pyrite is present in veins and the groundmass and blue-green clay is pervasive in the groundmass. Olivine is defined only where it is replaced by white carbonate, which accentuates the crystal shape. Vesicles are filled with white carbonate and blue-green clay. VEINS/FRACTURES: Sparsely veined. Veins are 0.1-4 mm wide, randomly oriented, and filled with white carbonate, blue-green clay, and pyrite. There is an Fe oxyhydroxide alo (~1 cm wide) around the vein at 111-115 cm in Piece  1C. COMMENTS: There is large (1.5 cm) plagioclase crystal at 61 cm.",CORE  887.1 - 890.04  MBSF
197,1204,B,9,R,887.1,890.04,NA,"IGNEOUS 197-1204B-9R-3 UNIT 2b: DIABASE.  Pieces: 1A-1E GROUNDMASS: Medium grained. Clinopyroxene, plagioclase, and possibly some completely altered olivine. Large (=5 mm) clinopyroxene is grown around plagioclase laths (ophitic texture). Grain size is slightly smaller than Core 8R. COLOR: Grayish blue green (5BG 5/2). STRUCTURE: Massive. ALTERATION: Moderate. Some groundmass (possibly including olivine) is replaced by grayish blue-green clay. All vesicles are filled with slightly lighter grayish blue-green clay. Veins have Fe oxyhydroxide alteration halos up to 30 mm wide in Pieces 1B, 1C, and 1E. VEINS/FRACTURES: Sparsely veined. Veins are randomly oriented, 0.5-4 mm wide, and filled with gray carbonate and Fe oxyhydroxide. No veins are present in Piece 1D. COMMENTS: This diabase is very similar to that in Core 8R except for the different style of alteration.",CORE  887.1 - 890.04  MBSF
197,1204,B,10,R,888.8,893.81,NA,"IGNEOUS 197-1204B-10R-1 UNIT 2b: DIABASE.  Pieces: 1-8 GROUNDMASS: Medium grained. Clinopyroxene and plagioclase form subophitic to ophitic texture. Olivine (8%-12%) is present as euhedral to subhedral, equant crystals that are the same size smaller than the groundmass. COLOR: There is color change between 30-35 cm. Between 2-30 cm the color is pale blue (5B 6/2 to 5PB 6/2). From 0-2 cm and 35-150 cm it is pale yellowish brown (10YR 6/2). STRUCTURE: Massive. ALTERATION: Moderate to high. The style of alteration changes although this is the same Unit. In the interval 2-30 cm, blue-green clay is pervasive. It replaces some of the groundmass and olivine, although olivine is difficult to identify. Vesicles are filled with white carbonate and blue-green clay. Sulfide is present in the groundmass. In the intervals 0-2 cm and 35-150 cm, Fe oxyhydroxide is pervasive. It completely replaces olivine and some of the groundmass. Vesicles are filled with white carbonate and Fe oxyhydroxide. The interval 30-35 cm marks the transition between the two styles of alteration. VEINS/FRACTURES: Sparsely veined. Veins are <0.1-2 mm wide and are filled with white carbonate, blue-green clay, and Fe oxyhydroxide. COMMENTS: In places grain size is on the borderline between fine and medium grained.",CORE  888.8 - 893.81  MBSF
197,1204,B,10,R,888.8,893.81,NA,"IGNEOUS 197-1204B-10R-2 UNIT 2b: DIABASE.  Pieces: 1A-13 GROUNDMASS: Medium grained. Clinopyroxene, plagioclase, and possibly some completely altered olivine. Large (=5 mm) clinopyroxene is grown around plagioclase laths (ophitic texture). COLOR: Pale yellowish brown (10YR 6/2). STRUCTURE: Massive. ALTERATION: Moderate. Some groundmass is replaced by clay and Fe oxyhydroxide. Olivine(?) is completely replaced by Fe oxyhydroxide. Some of the larger vesicles are filled with light gray carbonate, and the rest are lined with Fe oxyhydroxide. VEINS/FRACTURES: None. However, many of the pieces have angular edges with additional Fe oxyhydroxide staining and traces of carbonate that suggest those edges adjoined veins.  COMMENTS: None",CORE  888.8 - 893.81  MBSF
197,1204,B,10,R,888.8,893.81,NA,"IGNEOUS 197-1204B-10R-3 UNIT 2b: DIABASE.  Pieces: 1A-6 GROUNDMASS: Medium grained. Groundmass consists of clinopyroxene, plagioclase, olivine and black oxides. Plagioclase and clinopyroxene are intergrown in an ophitic texture. COLOR: Grayish orange (10YR 7/4). STRUCTURE: Massive. ALTERATION: Moderate to high. Olivine and some plagioclase are completely replaced by carbonate and Fe oxyhydroxide. Vesicles are filled with carbonate and Fe oxyhydroxide. Some vesicles are lined with Fe oxyhydroxide. VEINS/FRACTURES: Sparsely veined. Two thin (0.1-0.3 mm) veins occur in Pieces 1A, 1B and 3, and are filled with carbonate and minor amounts of Fe oxyhydroxide. A ticker vein (2 mm) is present in Piece 6 and is filled by carbonate and Fe oxyydroxide in similar amounts. COMMENTS: None",CORE  888.8 - 893.81  MBSF
197,1204,B,10,R,888.8,893.81,NA,"IGNEOUS 197-1204B-10R-4 UNIT 2b: DIABASE.  Pieces: 1A-6 GROUNDMASS: Medium grained. Groundmass consists of clinopyroxene, plagioclase, olivine, and black oxides. Plagioclase and clinopyroxene are intergrown in an ophitic texture. COLOR: Grayish blue green (5BG 5/2) between 25 cm and 60 cm. The rest of the section is brown (10YR 5/2). STRUCTURE: Massive. ALTERATION: Moderate to high. Olivine is completely replaced by carbonate and Fe oxyhydroxide. Plagioclase is partially sericitized. Secondary sulfide occurs between 27 cm and 60 cm in Piece 1B. Vesicles are filled with carbonate, Fe oxyhydroxide, and green-blue clay. VEINS/FRACTURES: Sparsely veined. Veins occur in Pieces 1 and 2 between 0 and 30 cm. They are randomly oriented, 0.5-9 mm wide, and filled with carbonate and Fe oxyhydroxide. COMMENTS: None",CORE  888.8 - 893.81  MBSF
197,1204,B,11,R,896.6,898.67,NA,"IGNEOUS 197-1204B-11R-1 UNIT 2b: DIABASE.  Pieces: 1-15 GROUNDMASS: Medium grained. Clinopyroxene, plagioclase, and possibly some completely altered olivine. Clinopyroxene is grown around plagioclase laths in an ophitic to subophitic texture. COLOR: Brownish yellow (10YR 6/8). STRUCTURE: Massive. ALTERATION: Moderate. In some regions significant amount of groundmass is replaced stained by Fe oxyhydroxide. Olivine (if present) is completely replaced by Fe oxyhydroxide. Most of the larger vesicles are filled with carbonate stained with yellow (10YR 8/6) Fe oxyhydroxide. VEINS/FRACTURES: Sparsely veined. Veins are <1 mm wide and are filled with white carbonate. COMMENTS: None",CORE  896.6 - 898.67  MBSF
197,1204,B,11,R,896.6,898.67,NA,"IGNEOUS 197-1204B-11R-2 UNIT 2b: DIABASE.  Pieces: 1-7 GROUNDMASS: Medium grained (average: 2 mm). Groundmass consists of clinopyroxene, plagioclase, black oxides and orange anhedral patches that may be olivine (altered to Fe oxyhydroxide). Plagioclase and clinopyroxene are intergrown in an ophitic texture. COLOR: Brown (10YR 5/3). STRUCTURE: Massive. ALTERATION: Moderate to high. Olivine (if present) is completely replaced by carbonate and Fe oxyhydroxide. Plagioclase is partially sericitized. Vesicles are filled with carbonate and Fe oxyhydroxide. VEINS/FRACTURES: None present. COMMENTS: None",CORE  896.6 - 898.67  MBSF
197,1204,B,12,R,906.3,907.95,NA,"IGNEOUS 197-1204B-12R-1 UNIT 2b: DIABASE.  Pieces: 1-10 GROUNDMASS: Medium grained (average: 2 mm). Groundmass consists of clinopyroxene, plagioclase, abundant black oxides (5%) and orange anhedral patches that may be olivine (altered to Fe oxyhydroxide). COLOR: Brown (10YR 5/2). STRUCTURE: Massive. ALTERATION: Moderate. Olivine (if present) is completely replaced by carbonate and Fe oxyhydroxide. Plagioclase is partially sericitized. Vesicles are filled with carbonate and Fe oxyhydroxide. VEINS/FRACTURES: Sparsely veined. 1-5 mm wide veins are present in Pieces 4, 8 and 9 and are filled with Fe oxyhydroxide and carbonate.  COMMENTS: None",CORE  906.3 - 907.95  MBSF
197,1204,B,12,R,906.3,907.95,NA,"IGNEOUS 197-1204B-12R-2 UNIT 2b: DIABASE.  Pieces: 1-2 GROUNDMASS: Medium grained (average: 2 mm). Groundmass consists of clinopyroxene, plagioclase, abundant black oxides (5%) and orange anhedral patches that may be olivine (altered to Fe oxyhydroxide). COLOR: Brown (10YR 5/2). STRUCTURE: Massive. ALTERATION: Moderate. Olivine (if present) is completely replaced by carbonate and Fe oxyhydroxide. Plagioclase is partially sericitized. Vesicles are filled with carbonate and Fe oxyhydroxide. VEINS/FRACTURES: None. COMMENTS: None",CORE  906.3 - 907.95  MBSF
197,1204,B,13,R,908.3,913.24,NA,"IGNEOUS 197-1204B-13R-1 UNIT 2b: DIABASE.  Pieces: 1-10 GROUNDMASS: Fine grained. Contains plagioclase and clinopyroxene intergrown in subophitic to intergranular texture. Olivine is present as mov euhedral to subhedral crystals of similar size to the groundmass. COLOR: Moderate yellowish brown (10YR 5/4) to pale yellowish brown (10YR 6/2). STRUCTURE: Massive. ALTERATION: Moderate to high. Fe oxyhydroxide is pervasive. Vesicles are filled with white carbonate and Fe oxyhydroxide. Olivine and some clinopyroxene are replaced by Fe oxyhydroxide, which also stains plagioclase laths. VEINS/FRACTURES: None.  COMMENTS: None",CORE  908.3 - 913.24  MBSF
197,1204,B,13,R,908.3,913.24,NA,"IGNEOUS 197-1204B-13R-2 UNIT 2b: DIABASE.  Pieces: 1-15 GROUNDMASS: Fine grained. Contains plagioclase and clinopyroxene intergrown in subophitic to intergranular texture. Olivine is present as euhedral to subhedral crystals of similar size to the groundmass. COLOR: Moderate yellowish brown (10YR 5/4) to pale yellowish brown (10YR 6/2). The base of Piece 15 is medium light gray (N6) and marks change in the style of alteration. STRUCTURE: Massive. ALTERATION: Moderate to high. Fe oxyhydroxide is pervasive from Piece 1 to all but the lower part of Piece 15. Vesicles are filled with white carbonate and Fe oxyhydroxide. Olivine and some clinopyroxene are replaced by and the plagioclase laths are stained by Fe oxyhydroxide. At the base of Piece 15, change in the style of alteration is present. Fe oxyhydroxide is no longer present; blue-green clay is the pervasive alteration mineral. This style of alteration highlights the clinopyroxene, as the plagioclase laths are stained by the clay. VEINS/FRACTURES: None. COMMENTS: An increase in vesicle size and abundance occurs in Piece 12.",CORE  908.3 - 913.24  MBSF
197,1204,B,13,R,908.3,913.24,NA,"IGNEOUS 197-1204B-13R-3 UNIT 2b: DIABASE.  Pieces: 1A-2 GROUNDMASS: Fine grained. Contains plagioclase and clinopyroxene intergrown in subophitic texture, together with black oxide. COLOR: Medium gray (N5). STRUCTURE: Massive. ALTERATION: High. Plagioclase is partially sericitized, and clinopyroxene is slightly altered to white clay. Vesicles are filled with carbonate and gray-green clay. Secondary sulfide occurs throughout the groundmass. VEINS/FRACTURES: Sparsely veined. Veins are 0.5-2 mm wide, randomly  oriented, and filled with carbonate and gray-green clay, often with an outer layer of sulfide. COMMENTS: None",CORE  908.3 - 913.24  MBSF
197,1204,B,13,R,908.3,913.24,NA,"IGNEOUS 197-1204B-13R-4 UNIT 2b: DIABASE.  Pieces: 1 GROUNDMASS: Fine to medium grained. Only some of the clinopyroxene and little of the plagioclase remains unaltered. The rest is bluish greenish gray clay. COLOR: Medium gray (N5) with slight bluish tint when wet. STRUCTURE: Massive. ALTERATION: High. Most of the groundmass is altered to bluish greenish gray clay. Only some of the clinopyroxene and little of the plagioclase remains unaltered. Carbonate and Fe oxyhydroxide and sulfide are present in and near veins. VEINS/FRACTURES: Sparsely veined. Two carbonate filled 1-2 mm wide veins are present, one at 37-40 cm and one at 55-72 cm. A vertical vein <0.5 mm wide and filled with sulfide runs down the middle of the section from 3-55 cm. COMMENTS: It is difficult to estimate vesicle abundance because they are filled with the same greenish bluish gray clay that replaces most of the groundmass.",CORE  908.3 - 913.24  MBSF
197,1204,B,14,R,915.9,919.8,NA,"IGNEOUS 197-1204B-14R-1 UNIT 2b: DIABASE.  Pieces: 1-2B GROUNDMASS: Fine grained. Plagioclase and clinopyroxene form an intersertal texture. Euhedral to subhedral olivine is present and is the same size smaller than the groundmass. COLOR: Medium gray (N5) 0-43 cm. Moderate yellowish brown (10YR 5/4) 43-112 cm. STRUCTURE: Massive. ALTERATION: Moderate to high. Blue-green clay is pervasive from 0 to 43 cm replacing glass and some clinopyroxene. Sulfide is present in the groundmass throughout this interval. Fe oxyhydroxide is pervasive in the interval 43-112 cm. Olivine is replaced by white carbonate (0-43 cm) and white carbonate and Fe oxyhydroxide (43-112 cm). Vesicles are filled with white carbonate and lined with blue-green clay (0-43 cm) and Fe oxyhydroxide (43-112 cm). VEINS/FRACTURES: Sparsely veined. Veins are <0.1-2 mm wide, randomly oriented, and filled with white carbonate and eiter blue-green clay and pyrite (0-43 cm) Fe oxyhydroxide (43-112 cm). COMMENTS: A 5-7 mm vesicle cylinder is present in the interval 66-75 cm, Piece 2A. It is filled with white carbonate and segregated material. A 1.5 cm long horizontal vesicle is present at 91 cm in Piece 2A and is filled with white carbonate.",CORE  915.9 - 919.8  MBSF
197,1204,B,14,R,915.9,919.8,NA,"IGNEOUS 197-1204B-14R-2 UNIT 2b: DIABASE.  Pieces: 1A-1B GROUNDMASS: Fine grained to aphanitic. Only some of the clinopyroxene and little of the plagioclase remains unaltered in Piece 1A and 51-72 cm in Piece 1B, but below 72 cm the groundmass is aphanitic and consists of variolitic plagioclase microlites in altered mesostasis. Obvious outlines of olivine microphenocrysts that were replaced by Fe oxyhydroxide are present below 72 cm in Piece 1B. Above 72 cm there are smaller and less distinct areas of Fe oxyhydroxide which may have been olivines. COLOR: Dark yellow brown (10YR 4/2) except medium gray (N5) from 12-26 cm. STRUCTURE: Massive. ALTERATION: High (12-26 cm) to moderate. From 12-26 cm most of the groundmass is altered to bluish greenish gray clay, and only some of the clinopyroxene and little of the plagioclase remains unaltered. Elsewhere some of the groundmass is altered to clay, and Fe oxyhydroxide replaces what appear to have been olivine microphenocrysts. Vesicles are filled with carbonate and Fe oxyhydroxide. Carbonate and Fe oxyhydroxide are present in and near veins. From 10-26 cm sulfide is also present in the vein and in the groundmass. VEINS/FRACTURES: Sparsely veined. One 1-2 mm wide vein filled with carbonate and sulfide is present at 16-23 cm. COMMENTS: Vesicles segregation cylinders are present from 75-85 cm, plus three others are scattered from 45-68 cm. Thus, the bottom of Piece 1B appears to be the bottom of the flow. Glass in the bottom of Piece 1B appears fg altered but may contain some unaltered regions.",CORE  915.9 - 919.8  MBSF
197,1204,B,14,R,915.9,919.8,NA,IGNEOUS 197-1204B-14R-2 UNIT 2c: APHYRIC BASALT.  Pieces: 2-8 GROUNDMASS: Aphanitic. Consists of variolitic plagioclase microlites in altered mesostasis. Olivine microphenocrysts have been replaced by Fe oxyhydroxide. COLOR: Dark yellowish brown (10YR 4/2). STRUCTURE: Lobed. ALTERATION: Moderate. Some of the groundmass is altered to clay and Fe oxyhydroxide replace what appear to have been olivine microphenocrysts. Some vesicles are filled with Fe oxyhydroxide and lesser amounts of carbonate. Others are lined with Fe oxyhydroxide. VEINS/FRACTURES: Sparsely veined. One <1 mm wide vein filled with carbonate and Fe oxyhydroxide is present in Piece 7. COMMENTS: Vertical vesicle segregation cylinders are present in Piece 7. Glass in the top of Piece 3 appears altered but may contain some unaltered material.,CORE  915.9 - 919.8  MBSF
197,1204,B,14,R,915.9,919.8,NA,"IGNEOUS 197-1204B-14R-3 UNIT 2c: APHYRIC BASALT.  Pieces: 1-25 GROUNDMASS: Fine grained to aphanitic. The groundmass contains plagioclase, clinopyroxene, and black oxides. COLOR: Brownish gray (5YR 4/1). STRUCTURE: Lobed. Glassy lobe margins are present in Pieces 2 and 3. ALTERATION: Moderate to high. Glass in Pieces 2 and 3 is completely devitrified. Olivine is completely replaced by Fe oxyhydroxide and carbonate. Vesicles are filled with carbonate and lesser amounts of Fe oxyhydroxide. Some sulfur coating on Piece 4. VEINS/FRACTURES: None.  COMMENTS: A vesicle cylinder (25 mm long, 3 mm wide), composed of carbonate-filled vesicles, and surrounded by quench plagioclase and feathery clinopyroxene crystals, is present in Piece 1.",CORE  915.9 - 919.8  MBSF
197,1204,B,15,R,925.6,929.43,NA,"IGNEOUS 197-1204B-15R-1 UNIT 2c: APHYRIC BASALT.  Pieces: 1-10 GROUNDMASS: Fine grained to aphanitic in more vesicular regions. The groundmass contains plagioclase, clinopyroxene, black oxides, and olivines that have been completely altered to Fe oxyhydroxide. Variolitic texture is present near the lobe margin in Piece 7C. COLOR: Dark brownish gray (10YR 4/2) in moderately altered areas, and dark brown in highly altered areas (10YR 3/3). STRUCTURE: Lobed. A glassy lobe margin is found in Piece 7C at 116 cm. Lobe structure is also supported by changes in vesicularity, including pipe vesicles and vesicle cylinders in Pieces 1 and 7. ALTERATION: Moderate to high. Highly altered in the more vesicular areas, near lobe margins, and near veins. VEINS/FRACTURES: Sparsely veined. Thin (<1 mm wide) veins are present in Pieces 2 and 7, and are filled with white carbonate and Fe oxyhydroxide. COMMENTS: None",CORE  925.6 - 929.43  MBSF
197,1204,B,15,R,925.6,929.43,NA,"IGNEOUS 197-1204B-15R-2 UNIT 2c: APHYRIC BASALT.  Pieces: 1-19 GROUNDMASS: Fine grained to glassy and aphanitic near lobe margins. The groundmass contains plagioclase, clinopyroxene, and black oxides with an intersertal texture. A subvariolitic texture is visible in the aphanitic region in Piece 16A. COLOR: Brownish gray (5YR 4/1) in moderately altered areas, and moderate brown in highly altered areas (10YR 4/6). spv STRUCTURE: Lobed. A thin glassy lobe margin is found in Piece 18. Two margins surrounded by hyaloclastite lapilli tuff are found in Pieces 16 and 18. ALTERATION: Moderate to high. Highly altered in the more vesicular areas near the hyaloclastite lapilli tuff. Vesicles are filled with carbonate and Fe oxyhydroxide in Pieces 1, 2, 3, 5, 6, 7, and 10, and remain unfilled in the remainder of the pieces. VEINS/FRACTURES: Sparsely veined. Tin (<1 mm) wide veins are present in Piece 1 and are filled with carbonate and Fe oxyhydroxide. COMMENTS: A small vesicle cylinder (20 mm long, 3 mm wide), composed of carbonate-filled vesicles, and surrounded by quenched plumose clinopyroxene crystals, is present at 27-29 cm. Slivers of hyaloclastite lapilli tuff found in Pieces 16 and 18 consist of irregular and angular basalt clasts 1-5 mm in size, in fine-grained carbonate matrix.",CORE  925.6 - 929.43  MBSF
197,1204,B,15,R,925.6,929.43,NA,"IGNEOUS 197-1204B-15R-3 UNIT 2c: APHYRIC BASALT.  Pieces: 1-11 GROUNDMASS: Fine grained. The groundmass contains plagioclase, clinopyroxene, and black oxides. Glassy and aphanitic near lobe margin. COLOR: Brownish gray (5YR 4/1) in moderately altered areas, and moderate brown in highly altered areas (10YR 4/6). hiv STRUCTURE: Lobed. A sub-mm glassy lobe margin is found in Piece 11 at 79 cm. ALTERATION: Moderate to high. Highly altered in the more vesicular areas in Pieces 2-10. Vesicles are filled with Fe oxyhydroxide in Piece 1, carbonate in Piece 11, and remain unfilled in the remainder of the pieces. VEINS/FRACTURES: None. COMMENTS: In Pieces 8 and 9 yellow hyaloclastic lapilli tuff is present on the basalt margins.",CORE  925.6 - 929.43  MBSF
197,1204,B,16,R,935.2,940.29,NA,"VOLCANICLASTIC 197-1204B-16R-1 UNIT 2d: HYALOCLASTITE LAPILLI BRECCIA. Pieces: 1-19 COLOR: Varies from yellow brown (5YR 5/4) to brown (5YR 3/2). The lava clasts are typically gray brown (10YR 4/2), whereas basalt glass fragments vary from dark brown (5YR 3/2) through light brown (5YR 5/6) to yellow brown (5YR 5/4). The matrix color is typically yellow brown (10YR 6/6). GENERAL DESCRIPTION: Matrix supported, very poorly sorted lapilli breccia consisting of coarse fraction comprised of angular medium lapilli to breccia (10-120 mm) fragments and matrix of fine lapilli (1-5 mm). TEXTURES: Sorting is extremely poor and in terms of grain size there is continuous range from the matrix to the coarse fraction. No discernable size grading.  STRUCTURES: Massive, matrix supported breccia, with matrix supported interval at 40-49 cm (Piece 5). COMMENTS: The dominance of blocky clasts is consistent with origin by quenched fragmentation of lava entering water, thus the convoluted shapes may be formed by disintegration of molten lava in littoral explosions.",CORE  935.2 - 940.29  MBSF
197,1204,B,16,R,935.2,940.29,NA,"VOLCANICLASTIC 197-1204B-16R-2 UNIT 2d: HYALOCLASTITE LAPILLI BRECCIA. Structures Veins Pieces: 1-21 COLOR: Varies from yellow brown (5YR 5/4) to brown (5YR 3/2). The lava clasts are typically medium gray (10YR 4/2), whereas basalt glass fragments vary from dark brown (5YR 3/2) through light brown (5YR 5/6) to yellow brown (5YR 5/4). The matrix color is typically yellow brown (10YR 6/6). GENERAL DESCRIPTION: Matrix supported, very poorly sorted lapilli breccia consisting of coarse fraction comprised of angular medium lapilli to breccia (10-100 mm) fragments and matrix of fine lapilli (1-5 mm). TEXTURES: Sorting is extremely poor and in terms of grain size there is continuous range from the matrix to the coarse fraction. No discernable size grading.  STRUCTURES: Massive, matrix supported breccia, with matrix supported interval at 0-5 cm (Piece 1). COMMENTS: The dominance of blocky clasts is consistent with origin by quenched fragmentation of lava entering water, thus the convoluted shapes may be formed by disintegration of molten lava in littoral explosions. Pieces 17-21 are aphyric basalt, and are identical to the other basalt in this unit. There is glassy lobe margin on Piece 17 at 107 cm. The observed aphyric basalt continues to Section 16R-3, Piece 2. They are described as basalt clast here, but it could also represent subunit.",CORE  935.2 - 940.29  MBSF
197,1204,B,16,R,935.2,940.29,NA,"VOLCANICLASTIC 197-1204B-16R-3 UNIT 2d: HYALOCLASTITE LAPILLI BRECCIA. Structures Veins Pieces: 1-14 COLOR: Varies from yellow brown (5YR 5/4) to brown (5YR 3/2). The lava clasts are typically gray brown (10YR 4/2), whereas basalt glass fragments vary from dark brown (5YR 3/2) through light brown (5YR 5/6) to yellow brown (5YR 5/4). The matrix color is typically yellow brown (10YR 8/4). GENERAL DESCRIPTION: Matrix supported, very poorly sorted lapilli breccia consisting of coarse fraction comprised of angular medium lapilli to breccia (10-120 mm) fragments and matrix of fine lapilli (1-5 mm). Large basalt clasts (90-180 mm) without matrix are also present. TEXTURES: Sorting is extremely poor and in terms of grain size there is continuous range from the matrix to the coarse fraction. No 5YR 4/6 - 10YR 8/4 discernable size grading.  STRUCTURES: Massive, mainly matrix supported breccia. Massive h- None None Piece 13, contains multiple clasts (~2 mm) and is clast supported. COMMENTS: Pieces 1-2 are large (80-190 mm) clasts of vesicular basalt. They appear to be continuation from the bottom of Section 16R-2. They may represent large clasts incorporated into the breccia, alternatively may represent part of lobe (i.e., new subunit).",CORE  935.2 - 940.29  MBSF
197,1204,B,16,R,935.2,940.29,NA,"VOLCANICLASTIC 197-1204B-16R-4 UNIT 2d: HYALOCLASTITE LAPILLI BRECCIA. Degree of Alteration Veins Pieces: 1-4 COLOR: Clasts are reddish brown (2.5YR 3/3) and matrix is yellowish orange 10YR 4/1 - 5YR 4/3 (10YR 6/6). GENERAL DESCRIPTION: Matrix supported very poorly sorted lapilli breccia comprised of angular basaltic glass clasts <1-80 mm in size in white cement. Clasts are broadly bimodal in size, ranging from <1-10 mm and >10- 80 mm. Some of the larger clasts (e.g., 1-10 cm) may represent small in situ lobes parts of lobes that have brecciated in contact with water and produced hyaloclastite. TEXTURES: Extremely poorly sorted. No discernable grading. Deposit is matrix supported overall, but appears clast supported in interval 32-44 cm, where we see an abundance of larger basalt fragments.  STRUCTURES: None. COMMENTS: None",CORE  935.2 - 940.29  MBSF
197,1204,B,17,R,944.9,948.71,NA,"IGNEOUS 197-1204B-17R-1 UNIT 3: APHYRIC BASALT.  Pieces: 1-15 GROUNDMASS: Fine grained. The intersertal groundmass contains plagioclase, clinopyroxene, black oxides, and altered olivine. COLOR: Gray (10YR 5/1) in moderately altered areas and weak red (2.5YR 5/2) in more altered areas. STRUCTURE: Possibly lobed. Piece 14 is glass, but it is not obviously related to Pieces 13 and 15. ALTERATION: Moderate to high. Patchy distribution of vesicles filled with white carbonate (50%) and unfilled (50%). Sulfides occur in groundmass. Olivine has been completely altered to Fe oxyhydroxide. VEINS/FRACTURES: Sparsely veined. A white carbonate, 1-3 mm wide vein is present in Piece 15. COMMENTS: Piece 6 consists of 5 cm, highly vesicular, ovoid basalt clast (lobe toe?) with glassy margins in hyaloclastite lapilli breccia similar to that described in Core 16R4.",CORE  944.9 - 948.71  MBSF
197,1204,B,17,R,944.9,948.71,NA,"IGNEOUS 197-1204B-17R-2 UNIT 3: APHYRIC BASALT.  Pieces: 1-6 GROUNDMASS: Fine grained. The intergranular groundmass contains plagioclase, clinopyroxene, black oxides, and altered olivine. COLOR: Grayish brown (10YR 5/2) in moderately altered areas, reddish brown (5YR 5/4) in more altered areas and yellow (2.5Y 8/8) adjacent to glassy lobe margins. STRUCTURE: Lobed. Pieces 1A, 2, 4, 5, and 6 have aphanitic groundmass bordered by 1-5 mm glass rim and 1-5 mm thick layer of yellow sediment. ALTERATION: Moderate to high. Patchy distribution of vesicles filled with white carbonate. Olivine has been completely altered to Fe oxyhydroxide. VEINS/FRACTURES: Sparsely veined. Thin <1 mm white carbonate veins are present in Piece 1B, 1C, 3, and 4. COMMENTS: Presence of numerous glassy margins indicates 20-40 cm thick lobes.",CORE  944.9 - 948.71  MBSF
197,1204,B,17,R,944.9,948.71,NA,"IGNEOUS 197-1204B-17R-3 UNIT 3: APHYRIC BASALT.  Pieces: 1A GROUNDMASS: Fine grained. The intergranular groundmass contains plagioclase, clinopyroxene, black oxides, and olivine that has been completely altered to Fe-oxyhydroxide. COLOR: Grayish brown (2.5YR 5/2). STRUCTURE: Lobed. The basalt has red (5YR 5/8), 5 mm glassy margin bordered by an aphanitic groundmass. ALTERATION: High. Vesicles filled with white carbonate. VEINS/FRACTURES: None. COMMENTS: None",CORE  944.9 - 948.71  MBSF
