Expedition.Leg,Site_Number,Hole,Core_Number,Core_Type,Core_Top_MBSF,Core_Bottom_MBSF,Age,Description,Core_ID
160,965,A,1,H,0,0.76,late Pleistocene,CLAYEY NANNOFOSSIL OOZE Major Lithology: Gray (5Y 5/2) CLAYEY NANNOFOSSIL OOZE is the dominant sediment in this core. Minor Lithologies: A laminated SAPROPEL occurs at 24-28 cm. General Description: Sediments are late Pleistocene to recent in age.,CORE  0 - 0.76  MBSF
160,965,A,2,H,0.8,10.78,late Pleistocene,"CLAYEY NANNOFOSSIL OOZE Major Lithology: The dominant sediment in this core is CLAYEY NANNOFOSSIL OOZE, color banded at a decimeter scale (5YR 6/2 5Y 7/3) with scattered foraminifer concentrations. Minor Lithologies: Three thin SAPROPELS up to 5 cm thick occur in the core. They are unlaminated with gradational bases and tops and frequently contain foraminifers scattered throughout. General Description: The sediments are bioturbated throughout and are considerably disturbed by down-slope slumping and mass-flow processes. Foraminifers are common and frequently occur in a patchy distribution.",CORE  0.8 - 10.78  MBSF
160,965,A,3,H,10.3,20.27,Pliocene,"CLAYEY FORAMINIFER-BEARING NANNOFOSSIL OOZE Major Lithology: The dominant lithology in this core is CLAYEY FORAMINIFER-BEARING NANNOFOSSIL OOZE color banded at decimeter scale (5Y 7/1-7.5YR 5/4), with numerours concentrations of foraminifers in coarser horizons, which are frequently intercalated with foraminifer-poor material. There are occasional disseminated sulfide flecks and blebs associated with the latter sediments. Minor Lithologies: A single, 4-cm thick, laminated foraminifer-bearing SAPROPEL occurs at 14-18 cm in Section 1. General Description: The sediment in this core are frequently slumped and/or disrupted by mass flow processes. Sulfides are randomly distributed as flecks and blebs and foraminifers are frequently concentrated burrows. ",
160,965,A,4,H,19.8,28.96,Pliocene,"CLAYEY FORAMINIFER BEARING NANNOFOSSIL OOZE and CLAY Major Lithologies: The dominant sediment in this core is a gray (10YR 7/4) CLAYEY FORAMINIFER-BEARING NANNOFOSSIL OOZE, which occurs in a series of beds that alternate between foraminifer rich and foraminifer poor. Several horizons contain exotic fragments and blocks of the former lithology within the latter. Sections 4, 5, and 6 contain clasts of both foraminifer-rich and chalky limestone scattered within a green gray (5Y 6/3) CLAY which has small dolomite and aragonite crystals, and occasional ostracod carapaces contained within it. General Description: Sediments are bioturbated and are frequently slumped and/or chaotic with calcitic clasts randomly distributed in a fine matrix of the dominant lithology.",CORE  19.8 - 28.96  MBSF
160,965,A,5,X,29.3,29.76,Miocene,"FORAMINIFER-BEARING OOLITIC PACKSTONE/GRAINSTONE Major Lithology: FORAMINIFER-BEARING OOLITIC GRAINSTONE/PACKSTONE, which is partially recrystallized with a sparry cement and occasional dissolution vugs. General Description: Poor core recovery, 3%. Thirteen pieces up to 6-cm diameter. Age is probably Miocene.",CORE  29.3 - 29.76  MBSF
160,965,A,6,X,38.8,39.11,Miocene,"FORAMINIFER-BEARING OOLITIC GRAINSTONE and BIOCLASTIC MUDSTONE Major Lithologies: There are two lithologies in this core, a FORAMINIFER-BEARING OOLITIC GRAINSTONE and a BIOCLASTIC MUDSTONE. The former is somewhat recrystallized and has a sparry cement and minor dissolution features. The latter is a biomicrite with numerous small bivalves and oncolites up to 2 cm in diameter. General Description: Poor core recovery, 3%. Numerous fragments, largest about 6 cm.",CORE  38.8 - 39.11  MBSF
160,965,A,7,X,48.3,48.48,Miocene,"FORAMINIFER PACKSTONE/GRAINSTONE Major Lithology: The rocks recovered in this core are FORAMINIFER PACKSTONE/GRAINSTONE with sparry cement and faint bedding highlighted by differential cementation and solution. General Description: Poor core recovery, <1%. Five pieces up to 5 cm diameter.",CORE  48.3 - 48.48  MBSF
160,965,A,8,X,57.9,58.29,Miocene,"PACKSTONE Major Lithology: The rocks in this core are PACKSTONE. This is a vuggy- bioclastic calcarenite with sparry cement and clasts of mollusc, foraminifers, calcareous algae, and rare coral. General Description: Poor core recovery, 2%. Numerous fragments up to 10 cm.",CORE  57.9 - 58.29  MBSF
160,965,A,9,X,67.5,68.42,Miocene,"OOLITIC-BIOCLASTIC PACKSTONE/WACKESTONE Major Lithology: OOLITIC BIOCLASTIC PACKSTONE/ WACKESTONE with mollusc, foraminifer, calcareous algae and ooids as the dominant grains. These grains are cemented by sparry calcite, which also fills occasional vugs. General Description: Core recovery 9%. Numerous fragments up to 10 cm.",CORE  67.5 - 68.42  MBSF
160,965,A,10,X,77.1,77.37,Miocene,"ALGAL GRAINSTONE Major Lithology: The rocks recovered in this core are ALGAL GRAINSTONE, which in addition to the dominant calcareous algae have mollusc, foraminifer, and rare coral fragments cemented by sparry calcite that fills occasional vugs. General Description: Recovery in this core was 2%. Hand speciment examination reveals differential cementation controlled by grain size, with coarser horizons being less well cemented.",CORE  77.1 - 77.37  MBSF
160,965,A,11,X,86.8,87.24,Miocene,"ALGAL GRAINSTONE Major Lithology: The rocks in this core are ALGAL GRAINSTONE that contain fragments of bivalves, whole benthic foraminifers, and rare coral debris cemented by sparry calcite. General Description: Generally sand-sized material differentially cemented according to grain size, with finer horizons better cemented. ",CORE  86.8 - 87.24  MBSF
160,965,A,12,X,96.4,97.4,Miocene,"BIOCLASTIC PACKSTONE/WACKESTONE Major Lithology: BIOCLASTIC PACKSTONE/WACKESTONE containing algae, molluscs, foraminifers and ooids a cemented by sparry calcite. General Description: Core recovery 7%. Some articulated bivalves in the material which is differentially cemented according to grain size, with some micrite rich horizons semi-consolidated, alternating with coarser, better cemented horizons.",CORE  96.4 - 97.4  MBSF
160,965,A,13,X,106,106.64,Miocene,"BIOCLASTIC PACKSTONE Major Lithology: The rocks in this core are BIOCLASTIC PACKSTONE dominated by algae with subordinate foraminifers and mollusc fragments in a micrite matrix. These components are cemented by sparry calcite that fills occasional vugs. General Description: Core recovery 5%. Biomicrite, laminated and cemented parallel to bedding according to grain size. Finer material is better cemented parallel to bedding according to grain size. Finer material is better cemented, occasional disarticulated mollusc shells with slight bioturbation at times. ",CORE  106 - 106.64  MBSF
160,965,A,14,X,115.7,116.91,Miocene,"BIOCLASTIC PACKSTONE Major Lithology: The rocks in this core are BIOCLASTIC PACKSTONE composed of algae, foraminifers, molluscs, and rare echinoderm fragments in a recrystallized micrite matrix. Material is patchily cemented by sparry calcite. General Description: Recovery 8%. Biomicrite in thin horizons differentially cemented according to grain size, with finer fractions more heavily indurated.",CORE  115.7 - 116.91  MBSF
160,965,A,15,X,125.4,126.38,Miocene,"BIOCLASTIC PACKSTONE Major Lithology: The rocks in this core are BIOCLASTIC PACKSTONE dominated by algae with subordinate foraminifers and mollusc fragments in a micrite matrix. Patchy, sparry cement fills the occasional vugs. General Description: Core recovery 8%. Biomicrite, laminated and cemented parallel to bedding according to grain size. Finer material is better cemented.",CORE  125.4 - 126.38  MBSF
160,965,A,16,X,135.1,136.12,Miocene,"BIOCLASTIC PACKSTONE Major Lithology: The rocks in this core are dominated by foraminifers, with subordinate mollusc and calcareous algae cemented by patchy sparry calcite. General Description: Core recovery 9%. Bioclastic micrite differentially cemented according to grain size of bedding, with finer material more indurated. Some fine scale cross bedding and faint bioturbation traces occur.",CORE  135.1 - 136.12  MBSF
160,965,A,17,X,144.7,145.65,Miocene,"BIOCLASTIC PACKSTONE Major Lithology: The rocks in this core are dominated by algae, with subordinate mollusc and foraminifer fragments cemented by sparry calcite. General Description: Core recovery 9%. Color change in the general lithology from yellowish to white (10YR 8/6-5y 8/1) accompanied by an overall increase in the degree of cementation of the materials. Some possible algal binding.",CORE  144.7 - 145.65  MBSF
160,965,A,18,X,154.3,154.44,Miocene,BIOCLASTIC WACKESTONE Major Lithology: The rocks in this core are algal- dominated BIOCLASTIC WACKESTONE. General Description: Core recovery 1%.,CORE  154.3 - 154.44  MBSF
160,965,A,19,X,163.9,164.41,Miocene,"BIOCLASTIC GRAINSTONE Major Lithology: The rocks recovered in this core are partly recrystallized foraminifer- dominated BIOCLASTIC GRAINSTONE, with subdominant mollusc fragments and a variety of minor skeletal components cemented by sparry calcite. General Description: Core recovery 5%.",CORE  163.9 - 164.41  MBSF
160,965,A,20,X,173.6,174.13,Miocene,"BIOCLASTIC GRAINSTONE Major Lithology: The rocks in this core are partially recrystallized foraminifer-dominated BIOCLASTIC GRAINSTONE, with minor amounts of mollusc, echinoderm, and algae cemented by sparry calcite. General Description: Core recovery 4%. These biosparites are well cemented and show some evidence of solution porosity.",CORE  173.6 - 174.13  MBSF
160,965,A,21,X,183.1,183.55,Miocene,BIOCLASTIC WACKESTONE Major Lithology: The rocks of this core are recrystallized BIOCLASTIC WACKESTONE in which algal bound clasts are supported in a micrite matrix that has been brecciated after lithification. General Description: Core recovery 4%. The rocks recovered in this core are fractured with secondary calcite-filled fractures.,CORE  183.1 - 183.55  MBSF
160,965,A,22,X,192.6,192.7,Miocene,"BIOCLASTIC GRAINSTONE Major Lithology: These rocks are algal dominated, recrystallized BIOCLASTIC GRAINSTONE in which corals, molluscs, and foraminifers occur as minor components. General Description: Core recovery 1%.",CORE  192.6 - 192.7  MBSF
160,965,A,23,X,202.2,202.87,Miocene,"BIOCLASTIC WACKESTONE Major Lithology: The rocks in this core are algal dominated BIOCLASTIC WACKESTONE, with minor amounts of molluscs, foraminifers, and encrusting coral cemented by sparry calcite. General Description: Core recovery 5%. Rocks have been recemented by secondary fracture- filling calcite.",CORE  202.2 - 202.87  MBSF
160,965,A,24,X,211.9,212.92,Miocene,"BIOCLASTIC WACKESTONE Major Lithology: The rocks in this core are brecciated BIOCLASTIC WACKESTONE dominated by algae, with subordinate mollusc, foraminifer, and echinoderm fragments in a micritic matrix. Sparry calcite fills occasional vugs and secondary calcite anneals fractures. Some micrite has recrystallized to microspar. General Description: Core recovery 9%. These rocks have been fractured and recemented after their initial compaction and lithification by sparry calcite cement.",CORE  211.9 - 212.92  MBSF
160,965,A,25,X,221.5,222.47,Miocene,"BIOCLASTIC PACKSTONE/GRAINSTONE Major Lithology: The rocks recovered in this core are algal-dominated BIOCLASTIC PACKSTONE/GRAINSTONE, with minor mollusc and foraminifer material. The components are cemented by sparry calcite with some possibility of algal binding. General Description: Core recovery 9%. These rocks are composed of individual cemented clasts partially bound by algae contained within a softer micrite matrix.",CORE  221.5 - 222.47  MBSF
160,965,A,26,X,231.1,232.75,Miocene,"BIOCLASTIC PACKSTONE Major Lithology: The rocks in this core are BIOCLASTIC PACKSTONE dominated by algae and foraminifers with subordinate molluscs and echinoderms. The rocks are cemented by calcitic spar that also fills occasional vugs. General Description: Core recovery 15%. Numerous fragments up to cm; well-cemented grain-dominated horizons alternating with muddy, softer intervals that contain algal-bound and encrusted clasts up to 10 cm in diameter.",CORE  231.1 - 232.75  MBSF
160,965,A,27,X,240.8,242.02,Miocene,"BIOCLASTIC GRAINSTONE/PACKSTONE Major Lithology: The rocks in this core are brecciated BIOCLASTIC GRAINSTONE/PACKSTONE dominated by algae, foraminifers, and mollusc with rare coral. They are cemented by patchy calcite spar which also fills numerous cracks and fissures in the material. General Description: Core recovery 10%. These rocks have been brecciated and recemented to form a massive limestone with calcite filling numerous veins and fissures.",CORE  240.8 - 242.02  MBSF
