Expedition/Leg,Site,Hole,Core Number,Core Type,Top depth cored (m),Bottom depth recovered (m),Age,Description,Core ID
152,919,B,1,H,0,9.26,Holocene-Pleistocene,"SILTY CLAY, SILTY CLAY WITH QUARTZ and CLAY WITH SILT Major Lithologies: SILTY CLAY (Section 1, 117-150 cm; Section 3, 0-150 cm; Section 4, 0-56 cm; Section 7, 0-64 cm and CC) occurs as massive beds changing in color from very dark grayish brown (2,5Y 3/2) to dark gray (5Y 4/1) to bluish gray (5B 5/1) to very dark gray (5Y 3/1). These beds contain sand-rich zones in Section 7, and show slight bioturbation throughout. SILTY CLAY WITH QUARTZ (Section 1, 75-117 cm; Section 2, 0-150 cm) occurs as massive beds with nannofossil-rich zones, rare sand-rich intervals, and slight bioturbation. The color varies between light olive brown (2.5Y 5/6), grayish brown (2.5Y 4/2), very dark grayish brown (2.5Y 3/2), bluish gray (5B 5/1), dark olive gray (5Y 3/2) and olive gray (5Y 4/2). CLAY WITH SILT (Section 4, 56-150 cm and Section 5, 0-150 cm) occurs as massive beds, which include slightly sandier intervals. The sediment changes in color from very dark gray (5Y 3/1) to dark gray (5Y4/1). Minor Lithologies: SILTY CLAY WITH QUARTZ AND FELDSPAR (Section 1, 0-75 cm) occurs as massive, light olive brown (2.5Y 5/6) beds. SILTY CLAY WITH DIATOMS (Section 6, 0-101 cm) occurs as a very dark gray (5Y 3/1), massive bed with minor sandier zones. The bed contains greenish mottles, possibly a bioturbation effect. General Description: This core contains three dropstones (Interval, lithology, dimensions): - Section 2, 50 cm, claystone, 5 x3 cm; - Section 4, 76 cm, black sandstone, 3 cm across; - Section 6, 30 cm, white quartzite, 1.2 cm across. ",CORE 0 - 9.26 MBSF
152,919,B,2,H,9.2,18.61,Pleistocene,"CLAYEY SILT Major Lithology: CLAYEY SILT is very dark gray brown (2.5 Y 3/2), and generally homogeneous, except in Section 3, where three fining-upward sequences occur, each with a sharp basal contact. The color of the CLAYEY SILT in this area changes gradually from dark gray brown (2.5Y 4/2) to greenish gray (5GY 5/1) from Section 3, 60 cm to Section 3, 150 cm. The CLAYEY SILT contains foraminifer- rich zones at Section 5, 10-20, 65-95, 110-140 cm, and Section 6, 15-50 cm. Minor Lithologies: CLAYEY SILT WITH FORAMINIFERS occurs near Section 5, 124-125 cm. A black (2.5Y 2/0) mafic VOLCANIC ASH occurs in Section 1, 106-110 cm. A light brown (2.5Y 4/2) silicic VOLCANIC ASH occurs in Section 2, 21-26 cm. General Description: A basaltic dropstone (1.5 cm diameter) is present in Section 2, 91 cm.",CORE 9.2 - 18.61 MBSF
152,919,B,3,H,90,99.93,Pleistocene,"SILTY CLAY Major Lithology: SILTY CLAY, dark gray (2.5Y N4/0), is slightly bioturbated and mottled hroughout, with occasional distinct burrows. A foraminifer-rich zone occurs in Section 2, 64-70 cm, and a nannofossil-rich zone occurs in Section 3, 76-124 cm. Both layers have rapid, gradational boundaries with the dominant Iithology. Minor Lithology: QUARTZ SILT, dark gray (2.5Y N4/0), grades into dominant Iithology and is found in the core catcher. eneral Description: An isolated gabbro dropstone (1 cm diameter) occurs at Section 6, 1 cm.",CORE 90 - 99.93 MBSF
152,919,B,4,H,99.5,109.32,Pleistocene,"SILTY CLAY Major  Lithology: SILTY CLAY is homogeneous, very dark grayish brown (2.5Y 3/2)  to grayish brown (2.5Y 5/2).  Small burrows filled with quartz silt are scattered throughout, but occur  most frequently  in Section 2, 57-80 cm. Possible Planolites burrows occur in Section 3, 90-92  and  32-34 cm. Some sharp contacts occur  between zones of different color, but most color changes are gradual. Bedding appears to be defined by small shifts in composition and oxidation state. Bed boundaries are generally gradational. Greenish gray clay-rich zones are seen in Section 2, 84-86 cm and 47-48 cm. Foraminifer-rich zones are noted at Section 3, 112-145 cm and Section 5, 0-25  cm. Minor  Lithology: NANNOFOSSIL OOZE WITH FORAMINIFERS occurs in Section 4, 65-85 cm, as a greenish gray  (5G 6/1) bed with visible foraminifers. General  Description: Dropstone occurs occasionally  through the core, including: basalt, 1.5 cm diameter,  Section 4, 33-34  cm; basalt, 1 cm diameter,  Section 6, 79-80 cm; quartz, 0.8 cm diameter, Section 6, 81-82 cm; basalt, 2 cm diameter, Section 6, 122-124 cm.",CORE 99.5 - 109.32 MBSF
152,919,B,5,H,109,118.29,Pleistocene,"SILTY CLAY Major Lithology: SILTY CLAY is uniform, homogeneous, dark gray (2.5Y 4/0) to gray (2.5Y 5/0) throughout. Small, gradual changes from darker to lighter gray occur, but these are barely perceptible. Burrows are common, especially in Section 1, 35-50, 65-75, and 105-150 cm, Section 2, 1-50 and 95-110 cm, Section 3, 45-65 cm, and Section 4, 115-120 cm. Minor Lithology: VOLCANIC ASH occurs as a small burrow filling in Section 5, 88 cm. General Description: A basaltic dropstone, 3 cm in diameter, occurs in the core catcher at 10-12 cm.",CORE 109 - 118.29 MBSF
152,919,B,6,H,118.5,128.42,Pliocene,"SILTY CLAY Major  Lithology: SILTY CLAY, uniform, homogeneous, dark gray (2.5Y 4/2) to greenish gray  (5GY 5/1). Small, gradual changes from darker to lighter gray occur,  but these are usually virtually  imperceptible. Burrows, sometimes filled with quartz silt, occur  occasionally thoughout the core, especially in Section 1, 105-140 cm, and Section 6, 30-80  cm.  Some sharp contacts are visible within the SILTY CLAY, especially where a minor change in grain size occurs  in Section 5, 23 cm. Minor Lithologies: FORAMINIFER  QUARTZ SILT WITH CLAY, massive and homogeneous, grayish brown  (2.5Y 5/2) to greenish gray  (5GY 5/1). It occurs in thin zones in Section  1, 39-46  cm, and Section 6,  130-134 cm, and as a thicker zone in Section 2, 50-100 cm.  VOLCANIC ASH, generally  mafic, is present in Section 6, 87-91  cm, while a silicic layer of VOLCANIC ASH occurs in Section 6, 22-25 cm.",CORE 118.5 - 128.42 MBSF
152,919,B,7,H,128,137.82,Pliocene,"SILTY CLAY Major Lithology: SILTY CLAY, greenish gray (5G 4/1), Section 1 and 4 to CC, with slightly darker beds or lightly mottled by bioturbation. Color changes are very gradual and not reflected by compostional changes visible under he light microscope. Minor lithology: CLAY WITH SILT, greenish gray (5G 4/1), comprising Sections 2 and 3. QUARTZ SILT laminae, Section 1, 130 cm; Section 2, 97-98 and 127-129 cm, and Section 4, 10-14 cm. Bed at Section 2, 127-129 cm, is graded. Burrows filled with similar quartz silt at Section 2, 25- 32 cm, and Section 6, 26-28, 50-52, 100-117, and 132-140 cm. ",CORE 128 - 137.82 MBSF
152,919,B,8,H,137.5,147.33,Pliocene,"SILTY CLAY Major Lithology: SILTY CLAY, uniform, homogeneous, dark gray (2.5Y 4/0) to greenish gray (5G 5/1). Small, gradual changes from darker to lighter color occur, but these are usually gradual and virtually imperceptible. Burrows, sometimes filled with quartz silt, occur occasionally, but are mostly absent from Section 1, 56-60 cm and 126-150 cm. In Section 2, 87-90 cm the burrow is pyritized. Minor Lithologies: VOLCANIC ASH WITH QUARTZ SILT occurs in a burrow in Section 3, 94-95 cm. CLAYEY SILT WITH FORAMINIFERS occurs in a bed in Section 4, 69-76 cm. CLAYEY SILT occurs in burrows in Section 3, 88 cm, Section 3, 57-58 cm, and beds in Section 5, 37-43 cm, and Section 5 145-150 cm. QUARTZ SILT WITH LAY occurs in a bed in Section 6, 98-100 cm. SILTY NANNOFOSSIL OOZE occurs in Section 3, 47-57 cm. General Description: A basaltic dropstone, 2 cm in diameter, occurs in Section 5, 7-9 cm. ",CORE 137.5 - 147.33 MBSF
