Expedition/Leg,Site,Hole,Core Number,Core Type,Top depth cored (m),Bottom depth recovered (m),Age,Description,Core ID
130,806,C,1,H,0,5.58,Pleistocene,"FORAMINIFER NANNOFOSSIL OOZE Major lithology: This core contains FORAMINIFER NANNOFOSSIL OOZE, which grades from light gray (10YR 7/2) and very pale brown (10YR 7/3) to light gray (5Y 7/1) within Section 1. The remainder of the core is light gray (5Y 7/1 to 2.5Y 7/0) in color, with minor intervals of light olive gray (5Y 6/2). The entire core is moderately to heavily bioturbated, with grayish red purple (5RP 4/2) mottling. Diffuse cm scale, gray (N6/), greenish gray (�G 6/1 and 5BG 5/1), and pale purple (5P 6/2) color bands are present. ",CORE 0 - 5.58 MBSF
130,806,C,2,H,5.6,15.53,Pleistocene,"NANNOFOSSIL OOZE with FORAMINIFERS and FORAMINIFER NANNOFOSSIL OOZE Major lithology: This core contains 60% light gray (5Y 7/1) NANNOFOSSIL OOZE with FORAMINIFERS interbedded with 40% light gray (5Y 7/1) FORAMINIFER NANNOFOSSIL OOZE. Contacts between the two sediment types are graded. Evidence of bioturbation is abundant, including light gray (2.5Y 7/2) mottles and pyrite-filled burrows. Light greenish gray (5G 7/1) color bands, approximately 0.5 to 1 cm thick, are common. A few pale purple (5P 6/2) color bands are present. ",CORE 5.6 - 15.53 MBSF
130,806,C,3,H,15.1,25.08,Pleistocene,"NANNOFOSSIL OOZE with FORAMINIFERS Major lithology: This core contains NANNOFOSSIL OOZE with FORAMINIFERS. The ooze is predominantly white (2.5Y 8/0 to 2.5Y 8/2). Abundant burrow fills and light gray (2.5Y 7/1) mottles indicate extensive bioturbation. Some of the burrows contain pyrite or pale purple (5P 6/2) ooze. Pale purple (5P 6/2) streaks are associated with some burrows. Light greenish gray (5GY 7/1) bands, 1 cm thick, are common. The ooze has a slight H2S odor Minor Lithology: The nannofossil FORAMINIFER NANNOFOSSIL OOZE in Section 3, 70 to 150 cm.",CORE 15.1 - 25.08 MBSF
130,806,C,4,H,24.6,34.58,Pleistocene,"NANNOFOSSIL OOZE with FORAMINIFERS and FORAMINIFER NANNOFOSSIL OOZE Major lithology: This core contains 90% NANNOFOSSIL OOZE with FORAMINIFERS and 10% FORAMINIFER NANNOFOSSIL OOZE, both of which are white (2.5Y 8/0) in color. The sediment is moderately to heavily bioturbated, as indicated by abundant light gray (5Y 7/2) mottles and burrows, disseminated pyritic pale purple (5P 6/2) burrows, and burrows filled with pyritized, dark gray (2.5Y 4/0) material that is coarser and softer than the surrounding sediment. Diffuse faint, greenish gray (5G 7/2) color bands (cm scale) are frequent throughout the core.",CORE 24.6 - 34.58 MBSF
130,806,C,5,H,34.1,43.21,uppermost Pliocene,"FORAMINIFER NANNOFOSSIL OOZE and NANNOFOSSIL OOZE with FORAMINIFER Major lithology: This core contains 60% FORAMINIFER NANNOFOSSIL OOZE interbedded with 40% NANNOFOSSIL OOZE with FORAMINIFERS, both white (2.5Y 8/0) in color. The ooze is heavily bioturbated with light gray (2.5Y 7/1) mottles, and pale purple (5P 6/2) pyrite specks. The ooze exhibits 1 cm thick, greenish gray (5G 7/2) and pale purple (5P 6/2) bands. Minor lithology: Section 4, 83 cm contains a thin, well-sorted bed of FORAMINIFER OOZE. ",CORE 34.1 - 43.21 MBSF
130,806,C,6,H,43.6,53.08,upper Pliocene,"NANNOFOSSIL OOZE with FORAMINIFERS Major lithology: This core contains white (2.5Y 8/0) NANNOFOSSIL OOZE with FORAMINIFERS. The ooze is heavily bioturbated, with light gray (2.5Y 7/1) mottles and pale purple (5P 6/2) pyrite specks and ""halos"". One cm thick, greenish gray (5G 7/2) and pale purple (5P 6/2) bands are common. Section 2, 2 to 4 cm, has a thin graded bed. ",CORE 43.6 - 53.08 MBSF
130,806,C,7,H,53.1,62.91,upper Pliocene,"NANNOFOSSIL OOZE with FORAMINIFERS interbedded with FORAMINIFER NANNOFOSSIL OOZE Major lithology: This core contains about 75% FORAMINIFER NANNOFOSSIL OOZE interbedded with 25% NANNOFOSSIL OOZE with FORAMINIFERS. It is predominantly white (2.5Y 8/0) in color, with abundant light gray (5Y 7/2) and pale purple (5P 6/2) mottles and pyrite specks. These features indicate slight to moderate bioturbation. Several diffuse faint, greenish gray (5G 7/1) and fewer pale purple (5P 6/2) color bands were observed. A 2 cm diameter pumice pebble was observed in Section 3, 52 to 54 cm. Trace amounts of volcanic glass were noted in the smear slide from Section 4. ",CORE 53.1 - 62.91 MBSF
130,806,C,8,H,62.6,72.51,upper Pliocene,"NANNOFOSSIL OOZE with FORAMINIFERS interbedded with FORAMINIFER NANNOFOSSIL OOZE Maior lithology: This core contains predominantly white (2.5Y 8/0 and 10YR 8/2) NANNOFOSSIL OOZE with FORAMINIFERS interbedded with FORAMINIFER NANNOFOSSIL OOZE, but the color often grades between white (2.5Y 8/0) and light gray (5Y 7/1). The sediment is moderately to heavily bioturbated, with light gray (5Y 7/2), and pale purple (5P 6/2) mottling common throughout. Faint grayish green (5G 7/2), light greenish gray (5G 7/1), and grayish blue (5PB 5/2) color bands are evident. Long (>10 cm), dipping, grayish blue bands appear in Sections 3 and 4, possibly as parts of burrow ""halos"". ",CORE 62.6 - 72.51 MBSF
130,806,C,9,H,72.1,82.1,upper Pliocene,"NANNOFOSSIL OOZE with FORAMINIFERS interbedded with FORAMINIFER NANNOFOSSIL OOZE Major lithology: This core contains white (2 5Y 8/0 and 10YR 8/2) NANNOFOSSIL OOZE FORAMINIFERS interbedded with FORAMINIFER NANNOFOSSIL OOZE. The sediment is moderately to heavily bioturbated, with light gray (5Y 7/2) and grayish blue (5PB 5/2) mottles. Faint and diffuse, grayish green (5G 7/2). light greenish gray (5G 7/1), and grayish blue (5PB 5/2} color bands are present throughout. ",CORE 72.1 - 82.1 MBSF
130,806,C,10,H,81.6,91.58,upper Pliocene,"NANNOFOSSIL OOZE with FORAMINIFERS interbedded with FORAMINIFER NANNOFOSSIL OOZE Major lithology: This core contains white (2.5Y 8/0 and 5Y 8/1) NANNOFOSSIL OOZE with FORAMINIFERS interbedded with FORAMINIFER NANNOFOSSIL OOZE, which have light gray (5Y 7/2) and grayish blue (5PB 5/2) mottles. The sediment is moderately to heavily bioturbated. Numerous faint and diffuse, grayish green (5G 7/2), light greenish gray (5G 7/1), and grayish blue (5PB 5/2) color bands are present throughout. Inclined, grayish blue color bands in Section 1 may be part of burrow ""halos"". ",CORE 81.6 - 91.58 MBSF
130,806,C,11,H,91.1,101.17,lower Pliocene,"NANNOFOSSIL OOZE with FORAMINIFERS interbedded with FORAMINIFER NANNOFOSSIL OOZE Major lithology: This core contains white (2.5Y 8/0) to light gray (5Y 7/1) NANNOFOSSIL OOZE with, FORAMINIFERS interbedded with FORAMINIFER NANNOFOSSIL OOZE. The sediment is moderately to heavily bioturbated, with light gray (5Y 7/2) and grayish blue (5PB 5/2) mottles. Numerous taint and diffuse, grayish green (5G 7/2), light greenish gray (5G 7/1) and grayish blue (5PB 5/2) color bands, as well as burrow ""halos"", are present throughout.",CORE 91.1 - 101.17 MBSF
130,806,C,12,H,100.6,110.58,lower Pliocene,"NANNOFOSSIL OOZE with FORAMINIFERS interbedded with FORAMINIFER NANNOFOSSIL OOZE Major lithology: This core contains white (5Y 8/1) NANNOFOSSIL OOZE with FORAMINIFERS interbedded with FORAMINIFER NANNOFOSSIL OOZE. Moderate to heavy bioturbatio? is evident from abundant light gray (5Y 7/2) mottles, and pyritized burrow tills and specks. Some burrows exhibit pale purple (5P 6/2) halos. Diffuse, taint, cm thick, greenish gray (5G 7/1) color bands are frequently present; pale purple bands are less frequent throughout the core. In Sections 2, 3 and 4, a few dipping color bands were observed.",CORE 100.6 - 110.58 MBSF
130,806,C,13,H,110.1,119.91,lower Pliocene,"NANNOFOSSIL OOZE with FORAMINIFERS interbedded with FORAMINIFER NANNOFOSSIL OOZE Major lithology: This core contains white (5Y 8/1) NANNOFOSSIL OOZE with FORAMINIFERS interbedded with FORAMINIFER NANNOFOSSIL OOZE. Moderate bioturbation is evident from abundant light gray (5Y 7/1 to 5Y 7/2) mottles and grayish blue (5PB 5/2) pyritized burrow fills and specks. Diffuse, cm thick, light greenish gray (5G 7/1) and grayish blue (5PB 5/2) color bands are frequently observed. Long (10 to 20 cm) grayish blue (5PB 5/2) vertical bands and burrow ""halos"" are noted.",CORE 110.1 - 119.91 MBSF
130,806,C,14,H,119.6,129.32,lower Pliocene,"NANNOFOSSIL OOZE with FORAMINIFERS interbedded with FORAMINIFER NANNO- FOSSIL OOZE Major lithology: This core contains white (5Y 8/1) NANNOFOSSIL OOZE with FORAMINIFERS interbedded with FORAMINIFER NANNOFOSSIL OOZE. The sediments are mode ately to heavily bioturbated, with light gray (5Y 7/1, 5Y 7/2 and N7/) and grayish blue (5PB 5/2) mottling and pyritized burrow linings common throughout. Diffuse, cm thick, light greenish gray (5G 7/1) and grayish blue (5PB 5/2) color bands also are common.",CORE 119.6 - 129.32 MBSF
130,806,C,15,H,129.1,138.77,lower Pliocene,"NANNOFOSSIL OOZE with FORAMINIFERS interbedded with FORAMINIFER NANNOFOSSIL OOZE Major lithology: This core contains white (5Y 8/1 and 2.5Y 8/0) NANNOFOSSIL OOZE with FORAMINIFERS interbedded with FORAMINIFER NANNOFOSSIL OOZE The sediments are moderately to heavily bioturbated, with light gray (5Y 7/1, 5Y 7/2 and N7/), cm scale (mainly horizontal) mottles. Grayish blue (5PB 5/2) and pale purple (5P 6/2) mottling and py?tized burrow linings appear frequently throughout the core. Diffuse, cm thick, light greenish gray (5G 7/1), pale purple (5P 6/2) and grayish blue (5PB 5/2) color bands are common.",CORE 129.1 - 138.77 MBSF
130,806,C,16,H,138.6,148.47,lower Pliocene,"NANNOFOSSIL OOZE with FORAMINIFERS Major lithology: This core contains white (1OYR 8/1) NANNOFOSSIL OOZE with FORAMINIFERS. The sediments are slightly to heavily bioturbated, with light gray (5Y 7/1 and 5Y 7/2), cm scale (mainly horizontal) mottles and grayish blue (5PB 5/2), mm scale, pyritic burrow fills Diffuse light greenish gray (5G 71) and grayish blue (5PB 5/2), cm thick color bands are common. Short (cm size), more indurated intervals are present in Sections 6 and 7. Section 5, 61-124 cm, is stretched and moderately disturbed by coring.",CORE 138.6 - 148.47 MBSF
130,806,C,17,H,148.1,158.02,lower Pliocene,"NANNOFOSSIL OOZE with FORAMINIFERS Major lithology: This core contains white (7.5YR 8/0 and 10YR 8/1) NANNOFOSSIL OOZE with FORAMINIFERS. The sediments are slightly to heavily bioturbated, with light gray (5Y 7/1 and 5Y 7/2). cm scale (mainly horizontal) mottles and grayish blue (5PB 5/2), cm to mm scale, pyritic burrow fills. Diffuse, light greenish gray (5G 7/1) and grayish blue (5PB 5/2), cm thick color bands and ""halos"", and vertical to steeply inclined grayish blue (5PB 5/2) color bands are common.",CORE 148.1 - 158.02 MBSF
130,806,C,18,H,157.6,167.49,upper Miocene,"NANNOFOSSIL OOZE with FORAMINIFERS Major lithology: This core contains slightly to heavily bioturbated, white (7.5YR 8/0 and 2.5Y 8/0) NANNOFOSSIL OOZE with FORAMINIFERS. Evidence for burrowing includes cm scale, light gray (5Y 7/1 and 2.5Y 7/2) mottling and mm scale, grayish blue (5PB 5/2) and pale purple (5P 6/2), pyritic burrow fills. Irregular, vertical, grayish blue (5PB 5/2) and pale purple bands (5P 6/2) are probably parts of large burrow ""halos"". Diffuse, horizontal, light greenish gray (5G 7/1 and 5GY 7/1) and pale purple (5P 6/2) to grayish blue (5PB 5/2) color bands are present throughout the core, and become more abundant downcore.",CORE 157.6 - 167.49 MBSF
130,806,C,19,H,167.1,176.67,upper Miocene,"NANNOFOSSIL OOZE with FORAMINIFERS Major lithology: This core contains slightly to heavily bioturbated, predominantly white (7/5YR 8/0 and 2.5Y 8/0) NANNOFOSSIL OOZE with FORAMINIFERS. Heavily bioturbated intervals are light gray (5Y 7/1) to light brownish gray (2.5Y 6/2). Evidence for burrowing includes cm scale, light gray (5Y 7/1 and 2.5Y 7/2) to light brownish gray (2.5Y 6/2) mottling and mm scale, grayish blue (5PB 5/2) and pale purple (5P 6/2) pyritic burrow fills. Irregular vertical, grayish blue (5PB 5/2) and pale purple (5P 6/2) bands are probably parts of large burrow ""halos"". Diffuse, horizontal, light greenish gray (5G 7/1 and 5GY 7/1) and pale purple (5P 6/2) to grayish blue (5PB 5/2) color bands are present throughout the core. ",CORE 167.1 - 176.67 MBSF
130,806,C,20,H,176.6,186.39,upper Miocene,"NANNOFOSSIL OOZE with FORAMINIFERS Maior lithology: This core contains white (5Y 8/1 and 2.5Y 8/0) NANNOFOSSIL OOZE with FORAMINIFERS and is moderately bioturbated as indicated by light gray (5Y 7/1 and N6/) mottling. Pyritic burrow fills (mm size) are present, with associated grayish blue (5PB 5/2) mottling and ""halos"". Diffuse horizontal, light greenish gray (5G 7/1), pale purple (5P 6/2) and grayish blue (5PB 5/2) color bands are present throughout the core. ",CORE 176.6 - 186.39 MBSF
130,806,C,21,H,186.1,195.39,upper Miocene,"NANNOFOSSIL OOZE with FORAMINIFERS Major lithology: This core contains white (2.5Y 8/0 and 7/5YR 8/0) NANNOFOSSIL OOZE with FORAMINIFERS. Bioturbatio? is slight to moderate throughout the core, and is expressed as light gray (5Y 7/1 and 2.5Y 7/2), pale purple (5P 6/2), and grayish blue (5PB 5/2), cm scale mottling. Vertical pale purple (5P 6/2) and grayish blue (5PB 5/2) color bands are probably portions of large burrow ""halos"". Diffuse horizontal, light greenish gray (5G 7/1 and 5GY 7/1) and pale purple (5P 5/2) color bands are common in Sections 4 and 6, but rare in the remainder of the core. A microfault is present in Section 4, 5-15 cm. ",CORE 186.1 - 195.39 MBSF
130,806,C,22,H,195.6,205.35,upper Miocene,"FORAMINIFER NANNOFOSSIL OOZE Major lithology: This core contains white (7.5YR 8/0) FORAMINIFER NANNOFOSSIL OOZE. Bioturbation is light to moderate and is expressed as cm scale, light gray (5Y 7/1), predominantly horizontal burrows, mm scale, grayish blue (5PB 5/2) pyritic burrow fills, and cm scale, horizontal grayish blue (5PB 5/2) burrows. Large grayish blue (5PB 5/2) ""halos"" also are present, as are grayish green (5G 5/2) mottles. Diffuse light greenish gray (5G 7/1) and pale purple (5P 6/2) color bands are common. ",CORE 195.6 - 205.35 MBSF
130,806,C,23,H,205.1,215.04,upper Miocene,"NANNOFOSSIL OOZE with FORAMINIFERS Major lithology: This core contains white (7.5YR 8/0 and 5Y 8/0) NANNOFOSSIL OOZE with FORAMINIFERS Bioturbation is moderate to heavy and is expressed as cm scale, light gray (5Y 7/1). predominantly horizontal burrows, mm scale, pyritic grayish blue (5PB 5/2) burrows and cm scale, horizontal grayish blue (5PB 5/2) burrows. Diffuse horizontal, light greenish gray {5G 7/1) and pale purple (5P 6/2) color bands are common.",CORE 205.1 - 215.04 MBSF
130,806,C,24,H,214.6,224.46,upper Miocene,"NANNOFOSSIL OOZE with FORAMINIFERS Major lithology: This core contains white (7.5YR 8/0 and 5Y 8/0) NANNOFOSSIL OOZE with FORAMINIFERS. Bioturbation is moderate and is expressed as cm scale, light gray (5Y 7/2), predominantly horizontal burrows, mm scale, pyritic, grayish blue (5PB 5/2) burrow fills, and cm scale, horizontal, grayish blue (5PB 5/2) burrows. Diffuse horizontal, light greenish gray (5G 7/1), grayish blue (5PB 5/2), and pale purple (5P 6/2) color bands are common.",CORE 214.6 - 224.46 MBSF
130,806,C,25,H,224.1,233.95,upper Miocene,"NANNOFOSSIL OOZE with FORAMINIFERS Major lithology: This core contains white (2.5Y 8/0) NANNOFOSSIL OOZE with FORAMINIFERS. Bioturbation is moderate throughout and is expressed as light gray (2.5Y 7/2), cm scale and bluish gray (5PB 5/2), mm to cm scale mottling. A few grayish blue {5PB 5/2) ""halos"" are noted. Diffuse light greenish gray (5G 7/1) and pale purple (5P 6/2) color bands are present.",CORE 224.1 - 233.95 MBSF
130,806,C,26,H,233.6,243.57,upper Miocene,"NANNOFOSSIL OOZE with FORAMINIFERS Major lithology: This core contains slightly to moderately bioturbated, white (2.5Y 8/0) NANNOFOSSIL OOZE with FORAMINIFERS. Bioturbation includes light gray (5Y 7/1), cm scale mottles, and mm to cm scale, grayish blue (5PB 5/2) mottles and pyritic burrow linings. Minor large burrow ""halos"" are present. Diffuse light greenish gray (5G 7/1) and pale purple (5P 6/2), horizontal color bands are present, but rare and poorly developed. Minor lithology: Nodules of PORCELLANITE are present at Section 5. 140 cm and Section 6, 25 cm. These nodules are light gray (N7/), and each is approximately 2 cm in diameter. ",CORE 233.6 - 243.57 MBSF
130,806,C,27,H,243.1,252.93,upper Miocene,"NANNOFOSSIL OOZE with FORAMINIFERS Major lithology: This core contains slightly to moderately bioturbated, white (2.5Y 8/0) NANNOFOSSIL OOZE with FORAMINIFERS. Bioturbation is seen as cm scale, light gray (5Y 7/1) burrows, with minor mm to cm scale grayish blue (5PB 5/2) mottling. Pale purple (5P 6/2) and light greenish gray (5G 7/1), 0.5 to 1 cm thick color bands are present, but rare. Long, vertical, grayish blue (5PB 5/2) color bands may represent parts of large burrow ""halos"". ",CORE 243.1 - 252.93 MBSF
130,806,C,28,H,252.6,262.78,upper Miocene,"NANNOFOSSIL OOZE with FORAMINIFERS Major lithology: This core contains white (7.5YR 8/0) NANNOFOSSIL OOZE with FORAMINIFERS. The sediment is moderately to heavily bioturbated, with abundant light gray (5Y 7/1) mottles, pyritic burrow fills, and specks. Some burrows have pale purple (5P 6/2) ""halos"". A few diffuse, pale purple and greenish gray (5G 7/1) color bands are observed throughout the core. ",CORE 252.6 - 262.78 MBSF
130,806,C,29,H,262.1,272.01,upper Miocene,"NANNOFOSSIL OOZE with FORAMINIFERS Major lithoiogy: This core contains white (7.5YR 8/0) NANNOFOSSIL OOZE with FORAMINIFERS. The ooze is bioturbated, with pale purple (5P 6/2) specks, streaks, and ""halo"" segments. Further evidence of bioturbation is provided by white (2.5Y 8/2) mottles. Several 4 to 5 cm thick intervals are more consolidated than the surrounding sections. The consolidated ooze commonly has a nodular shape. Section 2, 40 cm, contains one porcellanite concretion.",CORE 262.1 - 272.01 MBSF
130,806,C,30,H,271.6,281.56,upper Miocene,"NANNOFOSSIL OOZE with FORAMINIFERS Major lithology: This core contains white (7.5YR 8/0) NANNOFOSSIL OOZE with FORAMINIFERS. The sequence appears to become coarser, with a higher concentration of foraminifers, towards the base of the core. The ooze is bioturbated as indicated by abundant light gray (2.5Y 7/2) mottles (1 to 3 cm in diameter), abundant pale purple (5P 6/2) mottles, and pyritized infillings of burrow. A number of cm scale, stiff to hard intervals are noticed within the ooze sequence. These intervals are spaced about 10 cm apart throughout the core. Some faint, diffuse pale yellowish green (10GY 7/2) color bands, about 1 cm thick, are scattered throughout the core. ",CORE 271.6 - 281.56 MBSF
130,806,C,31,H,281.1,291.03,upper Miocene,"NANNOFOSSIL OOZE with FORAMINIFERS Major lithology: This core contains white (7.5YR 8/0) NANNOFOSSIL OOZE with FORAMINIFERS. Light gray (2.5Y 7/2) mottles, 0.5 to 4 cm in diameter, are abundant. Numerous mottles, and pale purple (5P 6/2) halo structures also are present. Some traces of pyrite infilling are noticeable. Pale yellowish green (10GY 7/2) and pale purple (5P 6/2) color banding is sometimes recognizable. Semi-indurated (stiff) to semi-lithified (hard) layers are intercalated with the softer ooze throughout the core. These layers may represent nodules, 1 to several cm thick, and occur every 5 to 10 cm.",CORE 281.1 - 291.03 MBSF
130,806,C,32,H,290.6,300.54,upper Miocene,"NANNOFOSSIL OOZE with FORAMINIFERS Major lithology: This core contains white (7.5YR 8/0) NANNOFOSSIL OOZE with FORAMINIFERS. The ooze is bioturbated with pale purple (5P 6/2) halos, and streaks, and light gray (5Y 7/2) burrow-fills. Some intervals (3 to 5 cm thick) are stiffer than the surrounding sections. Faint pale purple (5P 6/2) and, less commonly, pale yellowish green (10GY 7/2), 1 to 2 cm thick bands are present throughout. The base of Section 6 exhibits minor microfaulting. ",CORE 290.6 - 300.54 MBSF
130,806,C,33,H,300.1,310.22,upper Miocene,"NANNOFOSSIL OOZE with FORAMINIFERS Major lithology: This core contains white (7.5YR 8/0) NANNOFOSSIL OOZE with FORAMINIFERS. Many 3 to 5 cm thick intervals are semi-consolidated. The ooze is bioturbated with light gray (5Y 7/2) mottles and pale purple (5P 6/2) streaks. The top of Section 4 contains a large porcellanite nodule. Faint pale purple (5P 6/2) and pale yellowish green (10GY 7/2), 1 to 2 cm thick bands are present throughout the core. ",CORE 300.1 - 310.22 MBSF
130,806,C,34,X,309.6,309.62,upper Miocene,All recovery went to the paleontology laboratory. ,CORE 309.6 - 309.62 MBSF
130,806,C,35,X,319.3,328.39,upper Miocene,"NANNOFOSSIL OOZE Major lithology: This core contains white (2.5Y 8/0) NANNOFOSSIL OOZE. The softer ooze interbedded with 5 cm thick indurated sections. The entire core is moderately bioturbated, with pyritized burrows and faint grayish blue (5PB 5/2) to pale purple (5P 6/2) and dark gray (5Y 4/1) to light gray (2.5Y 7/2) mottling. Diffuse light greenish gray (5G 7/1) and grayish blue (5PB 5/2) color bands are widespread. ",CORE 319.3 - 328.39 MBSF
130,806,C,36,X,328.9,338.23,upper Miocene,"NANNOFOSSIL OOZE Major lithology: This core contains white (2.5Y 8/0) NANNOFOSSIL OOZE. The softer ooze is interbedded with 5 to 10 cm thick, indurated sections. The entire core is moderately bioturbated with pyritized burrows and faint, grayish blue (5PB 5/2) to pale purple (5P 6/2) and dark gray (5Y 4/1) to light gray (2.5Y 7/2) mottling. Diffuse light greenish gray (5G 7/1) and grayish blue (5PB 5/2) color bands appear throughout.",CORE 328.9 - 338.23 MBSF
130,806,C,37,X,338.5,345.48,upper Miocene,"NANNOFOSSIL CHALK Major lithology: This core contains white (2.5Y 8/0) NANNOFOSSIL CHALK. It is moderately fragmented. Slight to moderate bioturbation is represented by pyrite and grayish blue (5PB 5/2) mottling. Faint and sharp, pale pink (5RP 5/2), light greenish gray (5G 7/1) and pale purple (5P 6/2) color bands are present through this core. ",CORE 338.5 - 345.48 MBSF
130,806,C,38,X,348.2,355.84,upper Miocene,"NANNOFOSSIL CHALK Major lithology: This core contains white (2.5Y 8/0 and 10YR 8/0) NANNOFOSSIL CHALK. Bioturbation is slight to moderate as indicated by mottling. Centimeter-size chert nodules are present in Sections 1 and 2. Distinct mm size, gray (N6/), greenish gray (5G 6/1) to grayish green (5G 5/2) bands and diffuse, cm scale, light greenish gray (5G 7/1), pale purple (5P 6/2) and grayish blue (5PB 5/2) bands are common. ",CORE 348.2 - 355.84 MBSF
130,806,C,39,X,357.9,366.1,middle Miocene,"NANNOFOSSIL CHALK with FORAMINIFERS Major lithology: This core contains slightly to moderately bioturbated, white (2.5Y 8/0) NANNOFOSSIL CHALK with FORAMINIFERS. The color grades locally to pale pink (5RP 8/2) and pale purple (5P 6/2) for intervals of 1 to 3 cm. Minor mm scale, grayish blue (5PB 5/2) pyritic burrow fills are present, as are mm to cm thick, light greenish gray (5G 7/1) and light grayish green (5G 6/2) color bands. ",CORE 357.9 - 366.1 MBSF
130,806,C,40,X,367.6,374.31,middle Miocene,"NANNOFOSSIL CHALK with FORAMINIFERS Major lithology: This core contains white (2.5Y 8/0) NANNOFOSSIL CHALK with FORAMINIFERS. The color grades to pale blue (5PB 7/2) in a single 8 cm thick zone. The sediment is slightly to moderately bioturbated with mm scale, pyritic mottling and Zoophycos burrows. Light greenish gray (5G 7/1), grayish blue (5PB 5/2), pale purple (5P 6/2), and gray (N6/) color bands are present.",CORE 367.6 - 374.31 MBSF
130,806,C,41,X,377.3,383.99,middle Miocene,"NANNOFOSSIL CHALK with FORAMINIFERS Major lithology: This core contains white (10YR 8/1) NANNOFOSSIL CHALK with FORAMINIFERS. The sediment is moderately to heavily bioturbated, evident from disseminated pyritic burrow fills. Distinct and faint, mm to cm scale, greenish gray (5G 7/1) and pale purple (5P 6/2) color bands are common. ",CORE 377.3 - 383.99 MBSF
130,806,C,42,X,387,396.43,middle Miocene,"NANNOFOSSIL CHALK with FORAMINIFERS interbedded with FORAMINIFER NANNOFOSSIL CHALK Major lithology: This core contains white (10YR 8/1) NANNOFOSSIL CHALK with FORAMINIFERS interbedded with FORAMINIFER NANNOFOSSIL CHALK. Disseminated pyrite burrow fills, pyrite concretions, and trace fossils are indicative of moderate bioturbation. Abundant distinct, very thin (mm scale), pale yellowish green (10GY 7/2) and grayish green (5GY 7/1) color bands are present throughout the core. Pale purple (5P 6/2) color bands are less abundant. ",CORE 387 - 396.43 MBSF
130,806,C,43,X,396.7,406.2,middle Miocene,"NANNOFOSSIL CHALK with FORAMINIFERS interbedded with FORAMINIFER NANNOFOSSIL CHALK Major lithology: This core contains white (10YR 8/1) NANNOFOSSIL CHALK with FORAMINIFERS interbedded with FORAMINIFER NANNOFOSSIL CHALK. Horizontal, 1 to 2 mm thick, pale yellowish green (10GY 7/2) and grayish green (5GY 7/1) bands are present throughout the core. Disseminated pyrite burrow-fills and pyrite concretions, and trace fossils indicate moderate bioturbation. ",CORE 396.7 - 406.2 MBSF
130,806,C,44,X,406.3,415.77,middle Miocene,"NANNOFOSSIL CHALK with FORAMINIFERS interbedded with FORAMINIFER NANNOFOSSIL CHALK Major lithology: This core contains white (1OYR 8/1) NANNOFOSSIL CHALK with FORAMINIFERS interbedded with FORAMINIFER NANNOFOSSIL CHALK. Light gray (2.5Y 7/2) cm scale burrow mottles, disseminated pyrite-filled burrows, and calcite nodules are indicative of moderate bioturbation. Thin (mm scale), distinct and faint, greenish gray (5G 7/1) and pale yellowish green (1OGY 7/2) color bands are common. Pale purple (5P 6/2) color bands are less common. Section 7 and the Core Catcher are characterized by faint color bands.",CORE 406.3 - 415.77 MBSF
130,806,C,45,X,415.9,425.47,middle Miocene,"NANNOFOSSIL CHALK with FORAMINIFERS interbedded with FORAMINIFER NANNOFOSSIL CHALK Major lithology: This core contains white (10YR 8/0) NANNOFOSSIL CHALK with FORAMINIFERS interbedded with FORAMINIFER NANNOFOSSIL CHALK, both of which are slightly to moderately fractured (heavily fragmented in top of Section 1) by drilling. The sediment is moderately bioturbated as indicated by light gray (2.5Y 7 2) mottles, pyritized burrow fills and specks. Some pyritic burrows are disseminated and others exhibit halos. In Section 7, a Zoophycos burrow is observed. Faint, distinct, mm thick, greenish gray (5G 7/1) and pale purple (5P 6/2) color bands are abundant throughout the core.",CORE 415.9 - 425.47 MBSF
130,806,C,46,X,425.6,434.91,middle Miocene,"NANNOFOSSIL CHALK with FORAMINIFERS interbedded with FORAMINIFER NANNOFOSSIL CHALK Major lithology: This core contains white (10YR 8/0) NANNOFOSSIL CHALK with FORAMINIFERS interbedded with FORAMINIFER NANNOFOSSIL CHALK. The chalk is bioturbated as indicated by light gray (2.5Y 7/2) burrows, pyrite specks, pale purple (5P 6/2) streaks, and trace fossils. Faint greenish gray (5G 7/1) and pale purple (5P 6/2) bands, between 0.1 and 1 cm thick, are apparent throughout. Microfaulting is present at the base of Section 5. ",CORE 425.6 - 434.91 MBSF
130,806,C,47,X,435.2,444.63,middle Miocene,"NANNOFOSSIL CHALK with FORAMINIFERS interbedded with FORAMINIFER NANNOFOSSIL CHALK Major lithology: This core contains white (10YR 8/0) NANNOFOSSIL CHALK with FORAMINIFERS interbedded with FORAMINIFER NANNOFOSSIL CHALK. The chalk is bioturbated as indicated by light gray (2.5Y 7/2) burrows [Zoophycos], and pyrite specks, pale purple (5P 6/2) streaks, and trace fossils. Faint pale yellowish green (10GY 7/2) and pale purple (5P 6/2) bands, between 0.1 and 1 cm thick, are apparent throughout the core. The color bands are commonly grouped in 5 to 10 cm thick, pale purple zones. ",CORE 435.2 - 444.63 MBSF
130,806,C,48,X,444.9,449.1,middle Miocene,"NANNOFOSSIL CHALK with FORAMINIFERS interbedded with FORAMINIFER NANNOFOSSIL CHALK Major lithology: This core contains white (10YR 8/0) NANNOFOSSIL CHALK with FORAMINIFERS interbedded with FORAMINIFER NANNOFOSSIL CHALK. The chalk is bioturbated as indicated by light gray (2.5Y 7/2) burrows (Zoophycos) and pyrite specks, and pale purple (5P 6/2) streaks. Faint pale yellowish green (10GY 7/2), greenish gray (5G 7/1) and pale purple (5P 6/2) color bands, between 0.1 and 1 cm thick, are apparent Porcellanite concretions/nodules are abundant at the top of Section 1. ",CORE 444.9 - 449.1 MBSF
130,806,C,49,X,454.6,461.39,middle Miocene,"NANNOFOSSIL CHALK with FORAMINIFERS interbedded with FORAMINIFER NANNOFOSSIL CHALK Major lithology: This core contains white (10YR 8/0) NANNOFOSSIL CHALK with FORAMINIFERS interbedded with FORAMINIFER NANNOFOSSIL CHALK. Drilling disturbance resulted in moderately fractured to heavily fragmented biscuits in a stiff ooze matrix. The sediment is moderately bioturbated as indicated by light gray (2.5Y 7/2) mottles and pyritic burrow fills. A Zoophycos burrow is noted in Section 4. Distinct mm thick, greenish gray (5G7/1) color bands are frequent throughout the core, and a few diffuse, cm thick, pale purple (5P 6/2) color zones are observed. A few porcellanite concretions are present at the top of Section 1.",CORE 454.6 - 461.39 MBSF
130,806,C,50,X,464.5,474.04,middle Miocene,"NANNOFOSSIL CHALK with FORAMINIFERS interbedded with FORAMINIFER NANNOFOSSIL CHALK Major lithology: This core contains white (10YR 8/1) NANNOFOSSIL CHALK with FORAMINIFERS interbedded with FORAMINIFER NANNOFOSSIL CHALK. The sediment is moderately bioturbated as indicated by light gray (2.5Y 7/2) mottles and pyritic burrow fills. Distinct mm thick, greenish gray (5G 7/1) color bands are frequently present throughout the core, and a few diffuse, cm thick, pale purple (5P 6/2) color zones are observed.",CORE 464.5 - 474.04 MBSF
130,806,C,51,X,474.3,480.63,middle Miocene,"NANNOFOSSIL CHALK with FORAMINIFERS interbedded with FORAMINIFER NANNOFOSSIL CHALK Major lithology: This core contains white (10YR 8/1) NANNOFOSSIL CHALK with FORAMINIFERS interbedded with FORAMINIFER NANNOFOSSIL CHALK. Pale yellowish green (10GY 7/2), very thin color bands are common to frequent. Some cm scale, pale purple (5P 6/2) color bands are also present. Numerous burrow mottles, burrows (Zoophycos), and pyritized specks are indicative of moderate bioturbation. A few porcellanite concretions/ nodules are observed.",CORE 474.3 - 480.63 MBSF
130,806,C,52,X,483.7,488.8,middle Miocene,"NANNOFOSSIL CHALK with FORAMINIFERS interbedded with FORAMINIFER NANNOFOSSIL CHALK Major lithology: This core contains white (10YR 8/1) NANNOFOSSIL CHALK with FORAMINIFERS interbedded with FORAMINIFER NANNOFOSSIL CHALK. Zones of pale pink (5RP 8/2), between 20 and 40 cm thick, are present in Sections 1 and 2. These zones contain sets of thin (1 mm) greenish gray (5BG 5/1) and pale purple (5P 6/2) bands that are spaced about 5 cm apart. The chalk is bioturbated with Zoophycos trace fossils. ",CORE 483.7 - 488.8 MBSF
130,806,C,53,X,493.3,501.49,middle Miocene,"NANNOFOSSIL CHALK with FORAMINIFERS interbedded with FORAMINIFER NANNO- FOSSIL CHALK Major lithology: This core contains white (10YR 8/1) NANNOFOSSIL CHALK with FORAMINIFERS interbedded with FORAMINIFER NANNOFOSSIL CHALK. Only a few color bands were observed. These bands are distinct, very thin (<1 mm) and greenish gray (5G 7/1) and pale purple (5P 6/2) in color. In Section 3, they are observed in intervals 5-10 cm thick. Bioturbation appears to be moderate, as indicated by a few light gray (2.5Y 7/2) mottles, pyritized burrow fills, and Zoophycos trace fossils in Section 4. Bioturbation appears to be heavy in a few darker intervals. At the top of Section 1, several calcite nodules (ca. 1 cm in diameter) are found. The concentration of these nodules at the top ot the core may indicate that they are washed in. ",CORE 493.3 - 501.49 MBSF
130,806,C,54,X,503,508.47,middle Miocene,"NANNOFOSSIL CHALK with FORAMINIFERS interbedded with FORAMINIFER NANNOFOSSIL CHALK Major lithology: This core contains white (10YR 8/0) NANNOFOSSIL CHALK with FORAMINIFERS interbedded with FORAMINIFER NANNOFOSSIL CHALK. Drilling disturbance is moderate, except for Section 1, where it is heavy. The only signs of bioturbation are a few Zoophycos trace fossils in Section 3, and pyritic specks and streaks. Very few thin (mm scale), greenish gray (5G 7/1) and pale purple (5P 6/2) color bands and diffuse pale purple intervals are observed.",CORE 503 - 508.47 MBSF
130,806,C,55,X,512.7,518.93,middle Miocene,"NANNOFOSSIL CHALK with FORAMINIFERS interbedded with FORAMINIFER NANNOFOSSIL CHALK Major lithology: This core contains white (10YR 8/0) NANNOFOSSIL CHALK with FORAMINIFERS interbedded with FORAMINIFER NANNOFOSSIL CHALK. The chalk is moderately bioturbated as indicated by burrows, trace fossils, and pyrite specks. The chalk is characterized by 5 to 10 cm thick, pale pink (5RP 8/2) zones, which contain line (1 mm) bluish gray (5B 5/1) bands. A porcellanite nodule is noted at the top of Section 4. ",CORE 512.7 - 518.93 MBSF
130,806,C,56,X,522.4,531.72,middle Miocene,"NANNOFOSSIL CHALK with FORAMINIFERS interbedded with FORAMINIFER NANNOFOSSIL CHALK Major lithology: This core contains white (10YR 8/1) NANNOFOSSIL CHALK with FORAMINIFERS interbedded with FORAMINIFER NANNOFOSSIL CHALK. It is moderately bioturbated, as is evident from mottles, trace fossils (Zoophycos), and pyrite-filled burrows. Distinct mm thick, dark gray {2.5Y 4/0) and greenish gray (5G 6/1) color bands, and cm thick, pale purple (5P 6/2) zones are common. The pale purple zones have distinct, horizontal, mm thick, white (10YR 8/1) bands within them. ",CORE 522.4 - 531.72 MBSF
130,806,C,57,X,532,541.54,middle Miocene,"NANNOFOSSIL CHALK with FORAMINIFERS interbedded with FORAMINIFER NANNOFOSSIL CHALK Mapr lithology: This core contains white (10YR 8/1) NANNOFOSSIL CHALK with FORAMINIFERS interbedded with FORAMINIFER NANNOFOSSIL CHALK. It is moderately bioturbated and has numerous trace fossils, including Zoophycos, and pyrite infillings of burrows. Trace fossils are especially abundant in several 10 to 20 cm thick pale pink (5RP 8/2) zones. A few, very distinct, thin (<1 mm) dark gray (2.5Y 4/0) and greenish gray (5G 7/1) color bands are noted. The chalk is well lithified in this core.",CORE 532 - 541.54 MBSF
130,806,C,58,X,599,608.04,lower Miocene,"NANNOFOSSIL CHALK with FORAMINIFERS Major lithology: This core contains NANNOFOSSIL CHALK with FORAMINIFERS. It is white (1OYR 8/1) at the top of Section 1, in all of Sections 3 and 4, and most of Section 5; the remainder of the core is pale pink (5RP 8/2) in color. The sediment is moderately bioturbated, as indicated by faint mottles, and a few disseminated, pyritic burrow fills. In Section 4, Zoophycos trace fossils are noted. Very few distinct, mm thick, greenish gray (5G 7/1) and dark gray (2.5Y 4/0) color bands are present throughout the core. Drilling disturbance has resulted in highly fragmented biscuits in a stiff ooze matrix. ",CORE 599 - 608.04 MBSF
130,806,C,59,X,740,740.81,upper Oligocene,"NANNOFOSSIL CHALK with FORAMINIFERS Major lithology: This core contains white (10YR 8/1) NANNOFOSSIL CHALK with FORAMINIFERS. Bioturbation is moderate, as indicated by faint mottles and burrow traces. A few distinct, mm thick, gray (10YR 6/1) color bands are noted. Drilling disturbance has resulted m highly fragmented biscuits in a stiff ooze matrix. ",CORE 740 - 740.81 MBSF
130,806,C,60,X,749.5,750.29,upper Oligocene,"NANNOFOSSIL CHALK with FORAMINIFERS Major lithology: This core contains white (5Y 8/1) NANNOFOSSIL CHALK with FORAMINIFERS. The sediment is heavily bioturbated, as indicated by abundant burrows and trace fossils. Numerous thin, wavy, greenish gray (5G 7/1) color bands are observed. Drilling disturbance has resulted in highly fragmented biscuits in a stiff ooze matrix. ",CORE 749.5 - 750.29 MBSF
130,806,C,61,X,759.2,768.32,upper Oligocene,"NANNOFOSSIL CHALK with FORAMINIFERS Major lithology: This core contains white (10YR 8/1) NANNOFOSSIL CHALK with FORAMINIFERS. The sediment is heavily bioturbated, as evident from abundant burrows and trace fossils. Numerous ultra-thin (<1 mm), wavy greenish gray to gray (5G 7/1 to N7/) color bands and zones of color bands (cm's thick) are apparent. Much of the core consists of fragmented biscuits in a stiff ooze matrix, which formed during the drilling process. ",CORE 759.2 - 768.32 MBSF
130,806,C,62,X,766.7,767.87,upper Oligocene,"NANNOFOSSIL CHALK with FORAMINIFERS Major lithology: This core contains white (5Y 8/1) NANNOFOSSIL CHALK with FORAMINIFERS. The chalk is bioturbated with burrows and trace fossils. Distinct, very thin (<1 mm), gray (5Y 6/1) bands that form a braided pattern are present over intervals of 1 to 3 cm.",CORE 766.7 - 767.87 MBSF
