Expedition/Leg,Site,Hole,Core Number,Core Type,Top depth cored (m),Bottom depth recovered (m),Age,Description,Core ID
143,867,B,1,R,0,3.79,Albian,"FLOATSTONE, WACKESTONE, GRAINSTONE, RUDSTONE, PACKSTONE, and FORAMINIFER-NANNOFOSSIL CHALK Major Lithologies: FORAMINIFER-NANNOFOSSIL CHALK phosphatized, yellowish-brown (10YR 5/4), locally conglomeratic, with mm-scale rounded clasts, and impregnated with black (10YR 2/1) manganese dendrites, which rests directly on FLOATSTONE in Section 1, 0-29 cm. FLOATSTONE, white to very pale brown (10YR 8/2 to 10YR 8/3), contains well-rounded intraclasts of MUDSTONE and abundant rudist debris, occasional gastropods, corals and green algae, set in a matrix of peloidal micrite. This lithology occurs in Section 1, 0-136 cm, Section 2, 0-14 cm and 43-92 cm and Section 3, 61-93 cm, where it contains sparse cm-scale oncoids. Local void spaces are filled with sparry calcite and impregnated with manganese dendrites, these latter being particularly common in Section 1. Section 1 has local intercalations of WACKESTONE. Section 2, 14-43 cm contains peloidal PACKSTONE, white (10YR 8/2) with many oyster and rudist fragments and corals. Section 2, 92-118 cm comprises WACKESTONE, peloidal, with shell fragments, rudists and corals, blackened intraclasts, large vugs, an obvious burrow and is phosphatized. Section 2, 118-150 cm and Section 3, 0-38 cm are composed of RUDSTONE with imbricated clasts of rudist and gastropod fragments, commonly with micrite envelopes, peloids, and thin crusts. Section 3, 38-61 cm is a very pale brown (10YR 8/3) GRAINSTONE-RUDSTONE that contains local keystone vugs. ",CORE 0 - 3.79 MBSF
143,867,B,2,R,8.1,10.27,Albian,"WACKESTONE , PACKSTONE, MUDSTONE, and FLOATSTONE Major Lithologies: Section 1, 0-20 cm contains WACKESTONE-PACKSTONE, very pale brown (10YR 8/4), phosphatized, locally laminated with abundant shell fragments and peloids, some of which are blackened, and dark specks of Mn oxyhydroxides and rare bird's-eye vugs. Section 1, 20-50cm, contains FLOATSTONE, white to gray (10YR 8/1 to 10YR 5/1), graded, with blackened lithoclasts (up to cm-scale) and blackened shell fragments, including rudist debris. MUDSTONE, dark yellowish brown (10YR 4/6), pervasively phosphatized occurs in Section 1, 50-64 cm. Section 1, 64-113 cm contains WACKESTONE, white (10YR 8/1) with dasycladacean algae, gastropods, bivalve fragments and black pebbles. Miliolids are abundant between 96-113 cm. Section 1, 113-120 cm comprises PACKSTONE to WACKESTONE, yellow (10YR 7/6) with peloids, intraclasts, shell fragments, and Mn-dendrites, which are locally pink-stained (5YR 4/8). MUDSTONE to WACKESTONE, white (10YR 8/1), with gastropods and bivalve shells in Section 1, 120-138 cm contains light gray (5Y 7/2) sediment of similar composition, brecciated burrow fills, some black pebbles and minor dolomitization. In Section 1, 138-150 cm, PACKSTONE, very pale brown (10YR 8/3), peloidal, laminated, with bird's-eyes grades up into a shell hash with large molds of rudists that have an irregular contact with the overlying facies. Section 2 is composed of WACKESTONE, white (10YR 8/2) to light brownish gray (2.5Y 6/2), heavily bioturbated, irregularly colored and brecciated with dissolved shell fragments, angular black pebbles up to 1 cm in diameter and local peloids. In Section 2, 7-14 cm, there are some disrupted fragments of algal-mat and ? calcite pseudomorphs after gypsum. ",CORE 8.1 - 10.27 MBSF
143,867,B,3,R,15.1,16.32,Albian,"MUDSTONE, WACKESTONE, RUDSTONE, and FLOATSTONE Major Lithologies: WACKESTONE, very pale brown fragments and gastropods. Interval 0-22 cm contains angular black pebbles, is brecciated and includes internal cavities filled with laminated sediment, some of which is phosphatized. Interval 22-40 cm comprises WACKESTONE-MUDSTONE, white (10YR 8/1), with peloids. Interval 40-65 cm, is a brown (1OYR 6/3), phosphatized WACKESTONE, some of which is a cavity fill. Interval 65-78 cm is constituted by RUDSTONE, very pale brown (10YR 8/4), containing rudist fragments and some gastropods. Interval 78-122 cm is a FLOATSTONE, very pale brown (10YR 8/3), with abundant shell fragments, intraclasts of cm-scale, some blackened and with much vuggy porosity, a portion of which is occluded by mm-laminated cavity fills. Intervals, 78-79 cm and 116-121 cm contain such cavity fills and are associated with phosphatization. ",CORE 15.1 - 16.32 MBSF
143,867,B,4,R,18.1,23.11,Albian,"PACKSTONE, GRAINSTONE, RUDSTONE, WACKESTONE, and MUDSTONE Major Lithologies: Section 1, 0-63 cm is PACKSTONE, light gray (10YR 7/1), with bivalve and gastropod fragments. Black lithoclasts occur throughout this interval. Section 1, 63 cm to Section 2, 70 cm is GRAINSTONE and RUDSTONE, white (10YR 8/2) to very pale brown (10YR 8/3), peloidal, with many large mollusc fragments, rare coral, some keystone vugs. Section 2, 70-150 cm is bioturbated WACKESTONE with some cm-size upright oriented bivalves. Section 3, 0-150 cm is GRAINSTONE, white (10YR 8/1), peloidal, with large bivalve-fragments and molds, rare coral fragments. Small blackened lithoclasts occur throughout. Some burrowing occurs; burrows are filled with white (N9) mud. Section 4 is fossiliferous MUDSTONE, very pale brown (10YR 8/3) with small mollusc fragments and molds. Cm-scale cavities with speleothem deposits and dog-tooth spar cement occur in Section 1, 123-129 cm and in Section 2, 21-26 cm. All the material is well-cemented, the coarser-grained intervals contain abundant moldic and some vuggy porosity. Minor Lithology: Section 1, 0-30 cm contains small clasts of PHOSPHORITE. A horizon of laminated PHOSPHORITE cavity-fill occurs in Section 1, 19-23 cm. ",CORE 18.1 - 23.11 MBSF
143,867,B,5,R,24.5,24.82,Albian,"WACKESTONE Major Lithology: 0-32 cm: WACKESTONE, white (10YR 8/1). Abundant moldic porosity of high-spired gastropods and thin-shelled bivalves occurs throughout. ",CORE 24.5 - 24.82 MBSF
143,867,B,6,R,33.9,34.63,Albian,"GRAINSTONE Major Lithology: 0-73 cm: GRAINSTONE, white (10YR 8/2), peloidal, with some small bivalve shell fragments. From 0-47 cm, the material is very well sorted. From 47-73 cm, sorting is moderate. Minor Lithology: WACKESTONE, white (10YR 8/2), with gastropod and bivalve fragments, occurs from 67-73 cm. One pebble contains a chunk of recrystallized coral. ",CORE 33.9 - 34.63 MBSF
143,867,B,7,R,43.2,43.67,Albian,"WACKESTONE and GRAINSTONE Major Lithologies: 0-20 cm: WACKESTONE, white (10YR 8/1) with moldic porosity of gastropods. 20-47 cm: GRAINSTONE, white (10YR 8/1), with moldic porosity. Fragments of rudists occur at 45-47 cm. The material is well indurated. Molds are lined with dog-tooth spar cement. Black pebble intraclasts occur at 15 cm; 35 cm and 40 cm. ",CORE 43.2 - 43.67 MBSF
143,867,B,8,R,52.5,54.6,Albian,"MUDSTONE, WACKESTONE, FLOATSTONE, and RUDSTONE Major Lithology: Section 1,0-6 cm contains MUDSTONE-WACKESTONE, white (10YR 8/1), with gastropods. In Section 6-44 cm, white to very pale brown (10YR8/2to10YR8/3), WACKESTONE-FLOATSTONE, with rudist (caprinids) fragments and small gastropods. In Section 1, 44 cm to Section 2, 6 cm, RUDSTONE-FLOATSTONE, white to very pale brown (1 OYR 8/2 to 10YR 8/3), with cm-scale cavities, some of which is filled with white (1 OYR 8/1) MUDSTONE. Section 2, 6-53 cm contains WACKESTONE, white to very pale brown (10YR 8/2 to 10YR 8/3), with blackened angular granules, rudist shells with white micritic fringes and small gastropods. In Section 2, 53-60 cm, MUDSTONE-WACKSTONE, white to very pale brown (1 OYR 8/2 to 10YR 8/3), with benthic foraminifers (rare) and burrows (?) infilled with light gray (10YR 7/1) MUDSTONE. ",CORE 52.5 - 54.6 MBSF
143,867,B,9,R,61.8,63.82,Albian,"WACKESTONE and FLOATSTON E- R U DSTON E Major Lithologies: WACKESTONE, Section 1, 0-150 cm, white (10YR 8/2) with light-colored (5YR 8/2) and very pale brown (10YR 8/3) patches, and a mottled appearance, resulting from bioturbation or water-escape features. This WACKESTONE contains abundant dark gray (1OYR 4/1) intraclasts of MUDSTONE, numerous thin bivalve shells, and gastropods with moldic porosity. Section 1, 56-63 cm exhibits an example of vadose-zone cement, which has a slope of 4 degrees. A speleothem exists at the vadose phreatic boundary. FLOATSTONE-RUDSTONE, white (1 OYR 8/1) with abundant mollusc and bivalve debris comprises Section 2. Moldic porosity developed around the original aragonitic shell fragments, many of which contain bored cavities with MUDSTONE fills. MUDSTONE is also present as a veneer on some of the large bioclasts. ",CORE 61.8 - 63.82 MBSF
143,867,B,10,R,66.4,67.9,Albian,"PACKSTONE and MUDSTONE Major Lithologies: PACKSTONE, white (10YR 8/1), with abundant shell debris, dark gray intraclasts, internal molds of borings, and moldic porosity produced by dissolution of gastropod shells. The 17-19 cm interval consists of coral. MUDSTONE (in 93-150 cm), white, (10YR 8/2) contains sparse fauna including bivalves, dasycladacean algae, and benthic foraminifers. ",CORE 66.4 - 67.9 MBSF
143,867,B,11,R,68.4,69.36,Albian,"WACKESTONE and MUDSTONE Major Lithology: WACKESTONE (0-49 cm), white to very pale brown (1 OYR 8/2 to 10YR 8/3), with numerous dark gray (10YR 4/1) intraclasts, gastropods (as molds), and benthic foraminifers (miliolids). Many small thin-shelled bivalves. The interval 49-96 cm contains MUDSTONE, very pale brown (10YR 8/3) with very small bioclasts and benthic foraminifers (miliolids). ",CORE 68.4 - 69.36 MBSF
143,867,B,12,R,71.4,75,Albian,"MUDSTONE, WACKESTONE, and PACKSTONE Major Lithology: Section 1, 0-22 cm contains MUDSTONE, white (10YR 8/2), with a few small high-spired gastropod molds and granule- to small pebble-sized intraclasts. Small boring cavities (< 1 mm in diam.) occur. Section 1, 22 cm to Section 2, 33 cm contains WACKESTONE, white (10YR 8/2), with bivalve (including rudist) and gastropod shell fragments and blackened (dark gray, 10YR 4/1) intraclasts. Occasional horizon rich in gastropod molds occur. I ne interval section i, 40-142 cm includes cavities, some of which are infilled with one to several calcite layers. Speleothem in Section 2, 25 cm. MUDSTONE (Section 2, 33-100 cm), white (10YR 8/2), burrowed, with moldic porosity pf gastropods and dasycladacean algae. Section 2, 100-138 cm contains WACKESTONE- PACKSTONE, white (10YR 8/2), with predominately bivalve fragments, some dasycladacean algae, and a few dark gray intraclasts. Section 3, 0-80 cm, contains WACKESTONE, white (10YR 8/2), with numerous bivalve shell fragments, molds of gastropods and dasycladacean algae, and dark gray intraclasts. Molds infilled with sparry calcite. Possible cave floor (phreatic zone) layers in Section 3, 27-30 cm. ",CORE 71.4 - 75 MBSF
143,867,B,13,R,75.3,76.8,Albian,"MUDSTONE and WACKESTONE Major Lithology: WACKESTONE (0-59 cm), white (10YR 8/2), with abundant bivalve and rudist fragments, moldic porosity of gastropod fragments infilled with sparry calcite and coral (20-23 cm). Some speleothem fillings indicate vadose zones. MUDSTONE (59-89 cm), white (10YR 8/2), with moldic porosity of gastropod shells and speleothem filling. The interval 89-150 cm contains WACKESTONE, white (10YR 8/2), with dark gray intraclasts and rudist fragments and fining up over approximate 1 m. ",CORE 75.3 - 76.8 MBSF
143,867,B,14,B,76.8,76.87,Albian,"WACKESTONE-PACKSTONE Major Lithology: WACKESTONE-PACKSTONE, white (2.5 Y 8/0), with numerous bivalve clasts and angular black pebbles. Minor vuggy porosity is partially filled with internal sediment and coarse calcite spar. ",CORE 76.8 - 76.87 MBSF
