Expedition/Leg,Site,Hole,Core Number,Core Type,Top depth cored (m),Bottom depth recovered (m),Age,Description,Core ID
145,885,A,1,H,0,4.57,Pleistocene,"CLAY WITH DIATOMS and SPICULES General Description: This core consists of homogeneous bioturbated reddish brown (6.1 YR 3.5/2.8) clay with diatoms and spicules; diatom clay is present in Section 3, 50-85 cm. An open burrow is present in Section 1, 59-60 cm. Ash-filled burrows are present in Section 1, 36-37 cm, Section 2, 44-45 cm and 142-145 cm, and Section 3, 95-113 cm. A concretion of agglomerated cubic (?) pyrite (?) crystals occurs in Section 1,112-113 cm. ",CORE 0 - 4.57 MBSF
145,885,A,2,H,4.6,14.08,upper Pliocene-Pleistocene,"CLAY General Description: This core consists of homogeneous clay. Bioturbation is indicated by dark brown (6.9YR 3.9/2.9) and brown (9YR 5/3.1) mottling throughout the core. Burrowed ash is present as black mottles in Section 1,41-55 cm, Section 3, 10-13 cm, Section 4,5-6 cm, 14-25 cm, and 53-73 cm. Ash layers occur in Section 3,25-26 cm and Section 6, 118-121 cm. A pocket, 1 cm in diameter, of white spicule ooze is seen in Section 5,61 cm. A pumice loanstone, >4 cm in diameter, is present in Section 2,57-61 cm. ",CORE 4.6 - 14.08 MBSF
145,885,A,3,H,14.1,23.93,lower to upper Pliocene,"DIATOM OOZE General Description: This core predominantly is composed of diatom ooze, which is gradationally interbedded with minor amounts of clayey diatom ooze from Section 1 to Section 4, 65 cm. The diatom ooze is brown (8.7YR 5.3/3.3) in the interval from Section 1 to Section 4, 65 cm, and grades from yellowish brown (8.9YR 5.4/3.7) to reddish brown (6.5YR 4.6/3.4) from Section 4, 65 cm to the core catcher. The gradationally interbedded clayey diatom ooze is dark reddish brown (6.1YR 3.4/2.0). The entire core is slightly bioturbated. Pockets of white spicule ooze are present at Section 6, 7-13 cm and Section 7, 19-20 cm. A zone of pebble-sized weathered pumice is present at Section 6, 23-29 cm; that zone is surrounded by a yellow-orange halo of limonite. ",CORE 14.1 - 23.93 MBSF
145,885,A,4,H,23.6,33.49,upper Miocene-lower Pliocene,"DIATOM OOZE General Description: This core contains relatively homogeneous diatom ooze, which grades in color between brown (6.7YR 5.1/2.9) and light yellowish brown (8.8YR 5.5/3.6). The entire core is slightly bioturbated. Small pockets of white spicule ooze, each 1-4 cm in diameter, are common in Sections 2 and 3. A botryoidal chert concretion, approximately 7 cm in diameter, is present at Section 5, 34-40 cm; this concretion displays well-developed concentric layering around multiple cores of volcaniclastic (?) material. ",CORE 23.6 - 33.49 MBSF
145,885,A,5,H,33.1,42.87,upper Miocene,"DIATOM OOZE and CLAYEY DIATOM OOZE General Description: This core contains light brown (8.7YR 5.5/3.7) diatom ooze in Section 1 to Section 5, and brown (8.4YR 4.7/3.0) clayey diatom ooze in Section 6 to core catcher. The entire core is slightly bioturbated. Small chert nodules, approximately 2-5 mm in diameter, are present at Section 1, 138 cm and Section 2, 122 cm. Botryoidal Fe/Mn-sulfide concretions or coatings on volcanic glass are present at Section 5,134-137 cm; individual spheroids that compose the botryoids are 1-2 mm in diameter. ",CORE 33.1 - 42.87 MBSF
145,885,A,6,H,42.6,52.13,upper Miocene,"DIATOM OOZE WITH CLAY, CLAY WITH ZEOLITE and HEMATITIC CLAY General Description: This core contains dark grayish brown (0.1 Y 4.1/2.8) diatom ooze with clay in Section 1 to Section 3, 20 cm, and dark grayish brown (0.1 Y 4.1/2.8) clay with zeolite grading down to very dark brown (8.5YR 2.1/0.8) hematitic clay in Section 3, 20 cm to Core Catcher. The entire core is slightly bioturbated. ",CORE 42.6 - 52.13 MBSF
145,885,A,7,H,52.1,52.35,NA,145-885A-7H-1 UNIT 1: APHYRIC BASALT,CORE 52.1 - 52.35 MBSF
145,885,A,8,X,52.3,52.72,NA,145-885A-8X-1 UNIT 2: APHYRIC BASALT,CORE 52.3 - 52.72 MBSF
