Expedition/Leg,Site,Hole,Core Number,Core Type,Top depth cored (m),Bottom depth recovered (m),Age,Description,Core ID
133,823,B,1,H,0,8.28,Pleistocene,"NANNOFOSSIL OOZE with CLAY, QUARTZ, and PTEROPODS; BIOCLASTIC PACKSTONE with QUARTZ Major Lithology: Light gray to pale brown (5Y 7/1; 10YR 6/3) in Section 1, and greenish gray (5GY 7/1) for rest of core; NANNOFOSSIL OOZE with CLAY, QUARTZ, and PTEROPODS. Well bioturbated, some burrow fills contain BIOCLASTIC PACKSTONE (see below). Minor Lithology: Light gray, pale brown, and olive gray (5Y 7/1; 10YR 6/3; 5Y 5/2) fine sand to gravel-sized BIOCLASTIC PACKSTONE with QUARTZ. Allochems include Halimeda, PTEROPODS, CORALLINE ALGAE, CORALS and pyritic FORAMINIFERS, ROCK FRAGMENTS also occur. ",CORE 0 - 8.28 MBSF
133,823,B,2,H,8.3,18.15,Pleistocene,"NANNOFOSSIL MICRITIC OOZE with BIOCLASTS; BIOCLASTIC PACKSTONE with QUARTZ Major Lithology: Light gray (5Y 7/1) NANNOFOSSIL MICRITIC OOZE with BIOCLASTS. Bioturbation is common; clay content increases below Section 3. Below 80 cm in Section 6, bedding is steeply inclined and contorted, suggesting soft sediment deformation; color of the sediment becomes light olive gray (5Y 7/2) and laminae are common. Minor Lithology: Dark gray (5Y 4/1) BIOCLASTIC PACKSTONE with QUARTZ forming thin (few cm) interbeds within the core. FORAMINIFERS commonly contain pyrite. Packstone units display sharp bases and transitional tops. From 80-85 cm, LITHOCLASTIC RUDSTONE with a light gray (5Y 7/1) NANNOFOSSIL OOZE matrix. Clasts are composed of dark gray (5Y 4/1) NANNOFOSSIL OOZE. ",CORE 8.3 - 18.15 MBSF
133,823,B,3,H,17.8,27.54,Pleistocene,"NANNOFOSSIL OOZE with FORAMINIFERS and BIOCLASTS Major Lithology: Variegated gray (5Y 7/1 to 5Y 5/1), laminated to homogeneous NANNOFOSSIL OOZE with FORAMINIFERS and BIOCLASTS. The top 4 sections display contorted, folded, and steeply inclined bedding suggesting soft sediment deformation Isolated clasts of dark gray (5Y 4/1) NANNOFOSSIL OOZE with CLAY occur throughout the deformed part of the core Minor Lithology: Dark greenish gray and greenish gray (5GY 4/1 to 5GY 6/1), fine to medium sand-sized BIOCLASTIC PACKSTONE with FORAMINIFERS. Units are mterbedded both within the deformed bedding as well as throughout Sections 5-CC. Sharp bases and transitional tops characterize the units which are commonly <10 cm thick. LITHOCLASTIC FLOATSTONE, with clasts of dark gray (5Y 4/1) NANNOFOSSIL OOZE with CLAY within a gray (5Y 5/1) NANNOFOSSIL OOZE matrix. ",CORE 17.8 - 27.54 MBSF
133,823,B,4,H,27.3,37.16,Pleistocene,"NANNOFOSSIL OOZE with FORAMINIFERS and BIOCLASTS; BIOCLASTIC PACKSTONE Major Lithology: Greenish gray (5GY 7/1) and gray (5Y 7/1; 10YR 6/1), bioturbated and firm NANNOFOSSIL OOZE with FORAMINIFERS and BIOCLASTS. Ooze is interbedded with silt- to medium sand-sized, variable gray (N4-6; and 5Y 5/1) BIOCLASTIC PACKSTONES. These latter units are commonly less than 20 cm in thickness but vary up to about 45 cm, and commonly show normal grading. There is a common repetitive pattern in which the ooze is consistently darker and with better preserved bioturbated texture immediately overlying each packstone unit, but grade upward into a lighter green color. ",CORE 27.3 - 37.16 MBSF
133,823,B,5,H,36.8,46.63,Pleistocene,"NANNOFOSSIL OOZE with FORAMINIFERS and BIOCLASTS; BIOCLASTIC PACKSTONE Major Lithology: Greenish gray (5GY 7/1) and gray (5Y 7/1; 10YR 6/1), bioturbated and firm. NANNOFOSSIL OOZE with FORAMINIFERS and BIOCLASTS, Ooze is interbedded with silt- to medium sand sized BIOCLASTIC PACKSTONE. These latter units are commonly less than 30 cm in thickness, and show normal grading. There is a common repetitive pattern in which the ooze is consistently darker with better developed bioturbated texture immediately overlying each packstone unit, but grade upward into a lighter green color.",CORE 36.8 - 46.63 MBSF
133,823,B,6,H,46.3,56.35,Pleistocene,"NANNOFOSSIL OOZE with BIOCLASTS; CLAYEY BIOCLASTIC MUDSTONE with NANNOFOSSILS; BIOCLASTIC PACKSTONE Major Lithology: In Sections 2-4, light greenish gray to gray (5GY 7/1 to 5GY 6/1) NANNOFOSSIL OOZE with BIOCLASTS; bioturbated to locally laminated and thinly bedded. In Sections 5-CC, CLAYEY BIOCLASTIC MUDSTONE with NANNOFOSSILS changing in color from light gray (10Y 6/1) to dark gray (10Y 5/1) by Section 6 at 80 cm. Minor Lithology: Dark gray (10Y 4/1 to 10Y 5/1) BIOCLASTIC PACKSTONE beds, silt- to fine sand-sized, commonly less than 10 cm thick, and locally showing normal grading. The base of each bed is generally sharp and the top transitional into overlying ooze. In Section 1, LITHOCLASTIC RUDSTONE with variegated gray (10Y 4/1, 4/2, 5/2/, 6/1, 7/1) NANNOFOSSIL OOZE clasts within a lighter gray NANNOFOSSIL OOZE matrix. Soft sediment deformation features are associated with both matrix bedding and clast integrity. ",CORE 46.3 - 56.35 MBSF
133,823,B,7,H,55.8,65.68,Pleistocene,"CLAYEY BIOCLASTIC MUD with NANNOFOSSILS; BIOCLASTIC PACKSTONE Major Lithology: Greenish gray (5GY 6/1 and 5GY 5/1) CLAYEY BIOCLASTIC MUD with NANNOFOSSILS; slightly to well bioturbated. A few thin (few cm) beds within Sections 4 and 5 are BIOCLASTIC PACKSTONE, commonly silt- to fine sand-sized, homogeneous to locally bedded and laminated.",CORE 55.8 - 65.68 MBSF
133,823,B,8,H,65.3,75.3,Pleistocene,"BIOCLASTIC NANNOFOSSIL OOZE; NANNOFOSSIL OOZE with BIOCLASTS; BIOCLASTIC PACKSTONE Major Lithology: Greenish gray (5GY 6/1 and 5GY 7/1) NANNOFOSSIL OOZE with BIOCLASTS (Sections 1, 5-CC) and BIOCLASTIC NANNOFOSSIL OOZE (Sections 2-4) predominate. Bioturbation mottling is common to abundant. Finely laminated ooze occurs in Section 6 and part of 7. Minor Lithology: Greenish gray (5GY 6/1) BIOCLASTIC PACKSTONE, silt- to fine sand- sized; sharp base and gradational tops are common for a given unit which is commonly only a few cm in thickness. ",CORE 65.3 - 75.3 MBSF
133,823,B,9,H,74.8,84.8,Pleistocene,"CLAYEY NANNOFOSSIL OOZE with BIOCLASTS; BIOCLASTIC PACKSTONE Major Lithology: Greenish gray (5GY 5/1 and 5GY 6/1) CLAYEY NANNOFOSSIL OOZE with BIOCLASTS, commonly well laminated to thinly bedded in Sections 1, 3, and the upper part of 4. Below 15 cm in Section 4, the ooze is well bioturbated and is associated with a general color change to light bluish gray (5B7/1) to gray (5Y 5/1) Color variations also occur below Section 4 where ooze is interbedded with BIOCLASTIC PACKSTONE which is commonly gray (5Y 7/1), silt- to medium sand sized units less than 40 cm in thickness; normal grading is common. The packstone shows abrupt basal contacts with underlying ooze, and a gradational top; the overlying ooze lightens in colour slightly above the packstone. ",CORE 74.8 - 84.8 MBSF
133,823,B,10,H,84.3,94.26,Pleistocene,"NANNOFOSSIL OOZE with CLAY and BIOCLASTS; BIOCLASTIC PACKSTONE Major Lithology: Greenish gray and gray (5GY 6/1 to 5GY5/1 with N6) NANNOFOSSIL OOZE with CLAY and BIOCLASTS; well bioturbated. Some burrows contain silty to sandy BIOCLASTIC PACKSTONE fill. Minor Lithology: Gray (N7 to 5Y 5/1) BIOCLASTIC PACKSTONE; silt- to medium sand-sized and homogeneous. Beds are less than a few cm in thickness, appear to be lensoid (discontinuous), and are slightly deformed by soft sediment deformation. Unlithified LITHOCLASTIC RUDSTONE, with clasts consisting of variegated shades of gray and white NANNOFOSSIL OOZE with CLAY and BIOCLASTS, within a matrix of lighter gray NANNOFOSSIL OOZE with CLAY and BIOCLASTS. ",CORE 84.3 - 94.26 MBSF
133,823,B,11,H,93.8,103.86,Pleistocene,"NANNOFOSSIL OOZE with CLAY and BIOCLASTS; BIOCLASTIC PACKSTONE Major Lithology: Gray and greenish gray (N6; 5GY 5/1 to 5GY6/1), laminated to homogenous, NANNOFOSSIL OOZE with CLAY and BIOCLASTS. Bedding is strongly contorted, steeply inclined and locally folded in Sections 1, 2, and 4. More homogenous and relatively undisturbed sections may however form a block within the overall disturbed sequence of strata. Local isolated clasts of NANNOFOSSIL OOZE are present. Minor Lithology: Gray to dark gray (5Y 4/1 to 5/1) BIOCLASTIC PACKSTONE forms thin (few cm) contorted beds within the above ooze. Also Sections 6, 70-150 cm, and 7 contain LITHOCLASTIC RUDSTONE, with clasts of light to dark gray (5Y 6/1 to 4/1) NANNOFOSSIL OOZE with CLAY which appear smeared and distorted due to soft sediment deformation. ",CORE 93.8 - 103.86 MBSF
133,823,B,12,H,103.3,113.44,Pleistocene,"NANNOFOSSIL OOZE with BIOCLASTS and CLAY; BIOCLASTIC PACKSTONE Major Lithology: Greenish gray (5GY 5/1 to 6/1) NANNOFOSSIL OOZE with BIOCLASTS and CLAY; locally laminated but generally well bioturbated. Thin (few cm) to thick (10's of cm) beds of normally graded to homogeneous silt- to sand-sized BIOCLASTIC PACKSTONE are interbedded with the above ooze. Orientation of the beds is variable suggesting some distortion of the entire sedimentary sequence by soft sediment deformation. Packstone beds display sharp, locally scoured bases and transitional tops. The overlying ooze changes in color from darker greenish gray (with well preserved bioturbated textures) to lighter greenish gray (but equally bioturbated). ",CORE 103.3 - 113.44 MBSF
133,823,B,13,X,112.8,121.07,Pleistocene,"NANNOFOSSIL OOZE with CLAY and BIOCLASTS; CLAYEY NANNOFOSSIL MIXED SEDIMENT with BIOCLASTS and QUARTZ; SKELETAL PACKSTONE with FORAMINIFERS Major Lithology: Gray to light gray (5Y 5/1 to 5Y 7/1) NANNOFOSSIL OOZE with CLAY ; BIOCLASTS. Pyritic burrow fills contain SKELETAL FORAMINIFER PACKSTONE. Minor Lithology: From 82 cm in Section 2 to 55 cm in Section 4, dark gray brown (10YR 3/2) grading down to gray (5Y 5/1) CLAYEY NANNOFOSSIL MIXED SEDIMENT with BIOCLASTS and QUARTZ. Throughout core, dark gray (5Y 4/1), locally pyritic, normally sized SKELETAL PACKSTONE with BIOCLASTS (notably prismatic calcite) of each unit is abrupt whereas the top is gradational into overlying ooze or mixed sediment.",CORE 112.8 - 121.07 MBSF
133,823,B,14,X,122.4,132.09,Pleistocene,"NANNOFOSSIL OOZE with BIOCLASTS and CLAY; SKELETAL PACKSTONE with FORAMINIFERS Major Lithology: Greenish gray (5GY 5/1 to 5GY 6/1) NANNOFOSSIL OOZE with BIOCLASTS and CLAY. There is a transition in color where ooze overlies skeletal packstone; from darker greenish gray (5GY 5/1 to 5GY 4/1) up into lighter colored sediment (5GY6/1). Minor Lithology: Gray (5Y 5/1) to dark greenish gray (5GY 4/1), very fine to medium sand- sized SKELETAL PACKSTONE with FORAMINIFERS, pyritic in places and with minor SILICICLASTIC GRAINS. The base of packstone beds are sharp and the tops commonly appear transitional with overlying ooze. ",CORE 122.4 - 132.09 MBSF
133,823,B,15,X,132.1,141.59,Pleistocene,"LITHOCLASTIC RUDSTONE; NANNOFOSSIL OOZE with CLAY: SKELETAL PACKSTONE ith FORAM1NIFERS Major Lithology: Variegated gray (light to dark: 5GY 4/1 to 6/1; 5G 6/1), firm, LITHOCLASTIC RUDSTONE with a NANNOFOSSIL OOZE with CLAY matrix. Clast lithologies are NANNOFOSSIL OOZE with CLAY, but of varying color (shades of gray and greenish gray). The base of the unit displays slumped bedding. Clasts show ""smeared"", deformed edges suggesting soft sediment deformation. Skeletal packstone forms ""rinds"" a few millimeters thick around many clasts, as well as displaying small pockets and tortuous, anastomosing geometries (possible burrows) which cross-cut and wrap around many of the clasts. Another major lithology is undisturbed to locally contorted, greenish gray (5GY 6/1 and 5GY 5/1), firm and bioturbated NANNOFOSSIL OOZE with CLAY. Minor Lithology: Within the above unit, gray (5Y 5/1), very fine to medium sand-sized SKELETAL PACKSTONE with FORAMINIFERS form discrete, thin, normally graded beds. Abrupt bases and transitional tops characterize these beds. ",CORE 132.1 - 141.59 MBSF
133,823,B,16,X,141.7,151.52,Pleistocene,CLAYEY NANNOFOSSIL OOZE Major Lithology: Gray (5Y 6/1) CLAYEY NANNOFOSSIL OOZE. Minor Lithology: Gray (5Y 6/1) BIOCLASTIC PACKSTONE with PYRITIC FORAMINIFERS. ,CORE 141.7 - 151.52 MBSF
133,823,B,17,X,151.4,159.5,Pleistocene,"NANNOFOSSIL OOZE with CLAY; SKELETAL PACKSTONE with FORAMINIFERS Major Lithology: Gray (5Y 5/1, and local 5Y 7/1), firm, laminated to bioturbated NANNOFOSSIL OOZE with CLAY. Several burrows, centimeters in diameter, are filled with sand-sized SKELETAL PACKSTONE with FORAMINIFERS. Minor Lithology: Gray (5Y 5/1) sand-sized SKELETAL PACKSTONE with FORAMINIFERS forming laminae and beds within the ooze. Several of these units show normal grading, abrupt basal contacts, and more transitional tops into overlying ooze. ",CORE 151.4 - 159.5 MBSF
133,823,B,18,X,161.1,170.26,upper Pliocene,"NANNOFOSSIL OOZE with CLAY and BIOCLASTS; SKELETAL PACKSTONE with FORAMINIFERS Major Lithology: Greenish gray (5GY 5/1 to 5GY 6/1), firm and bioturbated, NANNOFOSSIL OOZE with CLAY and BIOCLASTS. Dark greenish gray (5GY 4/1) clasts of NANNOFOSSIL OOZE occur within Sections 1 and 4. Minor Lithology: Gray (5Y 5/1), sand-sized SKELETAL PACKSTONE with FORAMINIFERS form rare interbeds showing typical abrupt bases and transitional tops. Also rare beds of bioturbated WACKESTONE with transitional margins.",CORE 161.1 - 170.26 MBSF
133,823,B,19,X,170.8,180.16,upper Pliocene,"NANNOFOSSIL OOZE with CLAY; SKELETAL PACKSTONE with FORAMINIFERS Major Lithology: Gray (5Y 5/1 to 5Y 4/1), firm, bioturbated NANNOFOSSIL OOZE with CLAY, transitional as well as the common occurrence of a sharp, abrupt basal contact. ",CORE 170.8 - 180.16 MBSF
133,823,B,20,X,180.5,186.91,upper Pliocene,"NANNOFOSSIL OOZE with CLAY; SKELETAL PACKSTONE with FORAMINIFERS; LITHOCLASTIC RUDSTONE Major Lithoiogy: From Section 1 through to 100 cm in Section 2, gray (5Y 5/1) NANNOFOSSIL OOZE with CLAY, commonly well bioturbated. Some burrows are filled with sand-sized SKELETAL PACKSTONE with FORAMINIFERS. Minor Lithology: Between Section 2, 100 cm and Section 3, 60 cm LITHOCLASTIC RUDSTONE to FLOATSTONE with a NANNOFOSSIL OOZE with CLAY matrix. Sand-sized SKELETAL PACKSTONE with FORAMINIFERS occur intercalated with the major lithology and below about 60 cm in Section 3. Note, below 60 cm in Section 3, the core displays complex folding and convoluted bedding, with all the above lithologies intermixed. ",CORE 180.5 - 186.91 MBSF
133,823,B,21,X,190.2,200.22,upper Pliocene,"NANNOFOSSIL OOZE with CLAY and BIOCLASTS; SKELETAL PACKSTONE with FORAMINIFERS Major Lithology: Greenish gray (5GY 5/1 to 5GY 6/1), firm and bioturbated. NANNOFOSSIL OOZE with CLAY and BIOCLASTS. Minor Lithology: Gray (5Y 5/1), sand-sized. SKELETAL PACKSTONE with FORAMINIFERS - some are pyritic. ",CORE 190.2 - 200.22 MBSF
133,823,B,22,X,199.8,209.75,upper Pliocene,"NANNOFOSSIL OOZE with CLAY; SKELETAL PACKSTONE with FORAMINIFERS and NANNOFOSSILS; LITHOCLASTIC RUDSTONE Major Lithology; Greenish gray (5GY 6/1 to 5GY 5/1), firm and bioturbated NANNOFOSSIL OOZE with CLAY. Minor Lithology: Dark gray (5Y 4/1 to N4), fine to medium sand-sized SKELETAL PACKSTONE with FORAMINIFERS and NANNOFOSSILS. The base of each unit is typically abrupt, whereas the top is generally more transitional. Each unit is commonly normally graded. In Section 6, below 60 cm, the lithology is a LITHOCLASTIC RUDSTONE with a NANNOFOSSIL OOZE with CLAY matrix. Clasts are pebble-sized NANNOFOSSIL OOZE of varying shades of gray and greenish gray. ",CORE 199.8 - 209.75 MBSF
133,823,B,23,X,209.1,218.38,upper Pliocene,"NANNOFOSSIL OOZE with CLAY and BIOCLASTS; SKELETAL PACKSTONE with FORAMINIFERS Major Lithology: Greenish gray (5GY 5/1 to 5GY 6/1), fir OOZE with CLAY and BIOCLASTS. Minor Lithology: Gray (5Y 5/1) to dark greenish gray (5GY 4/1) sand-sized SKELETAL PACKSTONE with FORAMINIFERS beds, some showing normal grading. Note: Section 4 and the lower part of Section 3 contain contorted, disrupted beds of OOZE and PACKSTONE, and possible cobble-sized (and coarser?) blocks of NANNOFOSSIL OOZE. ",CORE 209.1 - 218.38 MBSF
133,823,B,24,X,218.7,226.19,upper Pliocene,"NANNOFOSSIL OOZE FORAMINIFERS Major Lithology: Greenish gray (5GY 5/1 to 5GY 6/1), firm and bioturbated, NANNOFOSSIL OOZE with CLAY and BIOCLASTS. Minor Lithology: Gray (5Y 5/1) to greenish gray (5GY 4/1 to 5GY 6/1) sand-sized SKELETAL PACKSTONE with FORAMINIFERS beds, some showing normal grading. Bases are abrupt, and may downcut into underlying ooze; tops are transitional. ",CORE 218.7 - 226.19 MBSF
133,823,B,25,X,228,237.83,upper Pliocene,"NANNOFOSSIL OOZE with CLAY and BIOCLASTS: SKELETAL PACKSTONE with FORAMINIFERS Major Lithology: Greenish gray (5GY 5/1 to 5GY 6/1), firm and bioturbated NANNOFOSSIL OOZE with CLAY and BIOCLASTS. Minor Lithology: Gray (5Y 5/1) to greenish gray (5GY 4/1 to 5GY 6/1), sand sized. SKELETAL PACKSTONE with FORAMINIFERS beds, commonly showing normal grading. Bases are abrupt and tops are transitional. ",CORE 228 - 237.83 MBSF
133,823,B,26,X,237.7,247.46,upper Pliocene,"NANNOFOSSIL OOZE with CLAY and BIOCLASTS; SKELETAL PACKSTONE with FORAMINIFERS Major Lithology: Greenish gray (5GY 5/1 to 5GY 6/1), fin OOZE with CLAY and BIOCLASTS. Minor Lithology: Gray (5Y 5/1 to 5Y 4/1) to greenish gray (5GY 4/1 to 5GY 6/1) sand-sized SKELETAL PACKSTONE with FORAMINIFERS, commonly showing normal grading. Bases are abrupt and tops are transitional. ",CORE 237.7 - 247.46 MBSF
133,823,B,27,X,247.3,257.07,upper Pliocene,"NANNOFOSSIL OOZE with CLAY and BIOCLASTS; SKELETAL PACKSTONE with FORAMINIFERS Major Lithology: Greenish gray (5GY 5/1 to 5GY 6/1), firm and bioturbated NANNOFOSSIL OOZE with CLAY and BIOCLASTS. Minor Lithology: Gray (5Y 5/1 to 5Y 4/1) to greenish gray (5GY 4/1 to 5GY 6/1) sand-sized SKELETAL PACKSTONE with FORAMINIFERS, commonly showing normal grading. Bases are abrupt and tops are transitional. Note: Section 5 and 6, to 40 cm, both contain complex, disrupted bedding, small to interpreted larger folds (extending beyond the axis of the core); lithologies as above. ",CORE 247.3 - 257.07 MBSF
133,823,B,28,X,257,266.2,upper Pliocene,"NANNOFOSSIL OOZE with CLAY and BIOCLASTS; SKELETAL PACKSTONE with FORAMINIFERS Major Lithology: Greenish gray (5GY 5/1 to 5GY 6/1), firm and bioturbated NANNOFOSSIL OOZE with CLAY and BIOCLASTS. Minor Lithology: Gray (5Y 5/1 to 5Y 4/1) to greenish gray (5GY 4/1 to 5GY 6/1) fine- to medium sand-sized SKELETAL PACKSTONE with FORAMINIFERS, commonly showing normal grading. Bases are abrupt and tops are transitional. ",CORE 257 - 266.2 MBSF
133,823,B,29,X,266.7,275.99,upper Pliocene,"NANNOFOSSIL OOZE with CLAY and BIOCLASTS; SKELETAL PACKSTONE with FORAMINIFERS OOZE with CLAY and BIOCLASTS. Major lithology: Gray (5Y 5/1 to 5Y 4/1) to greenish gray (5GY 4/1 to 5GY 6/1) fine- to medium sand-sized SKELETAL PACKSTONE with FORAMINIFERS, commonly showing normal grading. Bases are abrupt and tops are transitional.",CORE 266.7 - 275.99 MBSF
133,823,B,30,X,276.3,284.77,upper Pliocene,"NANNOFOSSIL OOZE with CLAY and BIOCLASTS; SKELETAL PACKSTONE with FORAMINIFERS Major Lithology: Greenish gray (5GY 5/1 to 5GY 7/1), firm and bioturbated NANNOFOSSIL OOZE with CLAY and BIOCLASTS. FORAMINIFER abundance varies considerably. Color becomes dark greenish gray (5GY 4/1) in Section 6. Minor Lithology: Gray (5Y 5/1 to 5Y 4/1) to greenish gray (5GY 4/1 to 5GY 6/1) fine- to medium sand-sized SKELETAL PACKSTONE with FORAMINIFERS, commonly showing normal grading. Bases are abrupt and tops are transitional.",CORE 276.3 - 284.77 MBSF
133,823,B,31,X,286,295.71,upper Pliocene,"FORAMINIFER NANNOFOSSIL OOZE with MICRITE to CLAYEY NANNOFOSSIL OOZE with MICRITE to FORAMINIFER BIOCLASTIC PACKSTONE with QUARTZ and CLAY Major Lithology: Gray (5GY 6/1 to 5GY 5/1) bioturbated FORAMINIFER NANNOFOSSIL OOZE with MICRITE, interbedded with dark gray (5GY 5/1 to 5GY 4/1) bioturbated CLAYEY NANNOFOSSIL OOZE with MICRITE. Minor Lithology: Dark gray (5GY 4/1) FORAMINIFER BIOCLASTIC PACKSTONE with QUARTZ and CLAY, consisting of fine sand-sized particles grading upwards to silt, and with a sharp base. Bed thickness varies from a few millimeters to some centimeters. ",CORE 286 - 295.71 MBSF
133,823,B,32,X,295.6,304.38,upper Pliocene,"FORAMINIFER BIOCLASTIC PACKSTONE to CLAYEY NANNOFOSSIL OOZE with MICRITE to FORAMINIFER NANNOFOSSIL OOZE Major lithology: Dark gray (5GY 4/1) FORAMINIFER BIOCLASTIC PACKSTONE, showing generally normal grading from line sand-size to silt-size, a sharp base and a transitional top, grades upward into a gray (5GY 5/1) CLAYEY NANNOFOSSIL OOZE with MICRITE and finally into a light gray (5GY 7/1) to gray (5GY 6/1) FORAMINIFER NANNOFOSSIL OOZE. Minor lithology: Gray (5GY 5/1), moderately to well lithified DOLOMITIC NANNOFOSSIL CHALK with BIOCLASTS to DOLOMITIC FORAMINIFER NANNOFOSSIL CHALK appear either as small nodules or centimeter thick layers from Section 4 onwards. ",CORE 295.6 - 304.38 MBSF
133,823,B,33,X,305.3,314.21,upper Pliocene,"NANNOFOSSIL CHALK to SKELETAL FORAMINIFER PACKSTONE Major lithology: Moderately bioturbated, NANNOFOSSIL CHALK with colors rang light gray (N7) to light greenish gray (5GY 7/1) to dark greenish gray (5GY 4/1), alternating with dark greenish gray (5GY 4/1) to dark gray (N4) partially lithified SKELETAL FORAMINIFER PACKSTONE beds. ",CORE 305.3 - 314.21 MBSF
133,823,B,34,X,314.9,323.7,upper Pliocene,"NANNOFOSSIL CHALK to SKELETAL FORAMINIFER PACKSTONE Major lithology: Light gray (5GY 7/1) to light greenish gray (5GY 6/1) to dark greenish gray (5GY 4/1), moderately bioturbated NANNOFOSSIL CHALK. Minor Lithology: Gray (5GY 5/1) partially lithified SKELETAL FORAMINIFER PACKSTONE. Small slump folds appear in Section 4, at approximately 20 cm, Section 5, around 25 cm and Section 6, at 40 cm. ",CORE 314.9 - 323.7 MBSF
133,823,B,35,X,324.6,334.43,upper Pliocene,"NANNOFOSSIL CHALK to SKELETAL FORAMINIFER PACKSTONE Major lithology: Light gray (5GY 7/1) lo dark greenish gray (5GY 4/1) NANNOFOSSIL CHALK. Minor Lithology: Dark gray (5GY 4/1), partially lithified, SKELETAL FORAMINIFER PACKSTONE. These layers generally possess a scoured base and show normal grading from fine sand-size to silt-size. Inclined layers occur at the bottom of Section 4 and in the middle of Section 5. ",CORE 324.6 - 334.43 MBSF
133,823,B,36,X,334.2,344.28,upper Pliocene,"NANNOFOSSIL CHALK with FORAMINIFER and BIOCLASTS Major lithology: Light gray (5GY 7/1) to dark greenish gray (5GY 5/1), finely laminated and moderately burrowed NANNOFOSSIL CHALK with FORAMINIFERS and BIOCLASTS. Laminations are due to subtle color variations. Minor lithology: A few thin (up to several cm thick), dark gray (5GY 5/1), partially lithified SKELETAL PACKSTONE beds occur in Section 1, between 30 and 33 cm and 145-149, Section 2, between 24 and 25 and 79-83 and Section 5, at 40, 50 and 90 cm. ",CORE 334.2 - 344.28 MBSF
133,823,B,37,X,343.9,353.93,upper Pliocene,"NANNOFOSSIL CHALK with BIOCLASTS and FORAMINIFERS Major lithology: Light gray (5GY 7/1) to dark gray (5GY 4/1), heavily bioturbated NANNOFOSSIL CHALK with BIOCLASTS and FORAMINIFERS. Minor lithology: From the bottom of Section 6 onwards the dominant lithology is a gray (5GY 5/1) LITHOCLASTIC RUDSTONE with clasts of laminated NANNOFOSSIL CHALK and pieces of slump folds. ",CORE 343.9 - 353.93 MBSF
133,823,B,38,X,353.4,363.42,lower Pliocene,"NANNOFOSSIL CHALK with FORAMINIFERS and CLASTS Major lithology: Dark gray (5GY 4/1) to gray (5GY 6/1), bioturbated to laminated NANNOFOSSIL CHALK with FORAMINIFERS and BIOCLASTS. The entire core is within a slump and locally contains a LITHOCLASTIC RUDSTONE. Minor lithology: Dark gray (5GY 4/1), variably laminated CLAYEY NANNOFOSSIL CHALK is the only lithology represented in Section 6, Section 7 and CC. ",CORE 353.4 - 363.42 MBSF
133,823,B,39,X,363,372.53,lower Pliocene,"NANNOFOSSIL CHALK with CLAY and BIOCLASTS to CLAYEY NANNOFOSSIL CHALK with QUARTZ Major lithology: Gray (5Y 6/1) CLAYEY NANNOFOSSIL CHALK with QUARTZ. Both lithologies are finely laminated. Most of the section is slumped. Minor lithology: Gray (5Y 6/1), partially lithified, FORAMINIFER PACKSTONE with BIOCLASTS intercalations appear in Section 3 at 30 cm and betwen 140-150 cm. In the range of medium to fine sand. At the bottom of Section 6 (50-150 cm) and in Sections 7 and CC there is a LITHOCLASTIC RUDSTONE, with clasts of NANNOFOSSIL CHLAK and CLAYEY NANNOFOSSIL CHALK. ",CORE 363 - 372.53 MBSF
133,823,B,40,X,372.7,382.57,lower Pliocene,"NANNOFOSSIL MIXED SEDIMENT to COARSE LITHOCLASTIC MIXED SEDIMENT Major lithology: Light gray (5GY 7/1) to dark gray (5GY 4/1), finely laminated and slumped NANNOFOSSIL MIXED SEDIMENT mixed with coarse grained (conglomerate-sized) LITHOCLASTIC MIXED SEDIMENT with clasts and matrix with the same composition as the finer grained mixed sediment.",CORE 372.7 - 382.57 MBSF
133,823,B,41,X,382.4,392.24,lower Pliocene,"NANNOFOSSIL CHALK to CLAYEY NANNOFOSSIL MIXED SEDIMENT Major lithology: Light gray (5GY 7/1) to dark gray (5GY 4/1), bioturbated to laminated NANNOFOSSIL CHALK is the prevailing lithology in Sections 1, 2, 4, 5, 6, 7 and CC. In Section 3 it is a gray (5GY 6/1), bioturbated CLAYEY NANNOFOSSIL MIXED SEDIMENT. Minor lithology: Dark gray (5GY 4/1), partially lithified BIOCLASTIC FORAMINIFER PACKSTONE occurs in Section 4 (from 130 to 146 cm) and Section 5 (around 40 to 70 cm), in this last case within a slump fold. Dark gray (5GY 4/1) LITHOCLASTIC RUDSTONES occur at the bottom of Section 6.",CORE 382.4 - 392.24 MBSF
133,823,B,42,X,392,402.03,lower Pliocene,"NANNOFOSSIL MIXED SEDIMENT with CLAY and BIOCLASTS to CLAYEY NANNOFOSSIL MIXED SEDIMENT Major lithology: Gray (5Y 6/1) laminated NANNOFOSSIL MIXED SEDIMENT with CLAY and BIOCLASTS interbedded with dark gray (5Y 4/1) CLAYEY NANNOFOSSIL MIXED SEDIMENT. Minor lithology: LITHOCLASTIC CONGLOMERATE, with clasts of NANNOFOSSIL MIXED SEDIMENT occur in Section 3 (75 to 150 cm), and 5 (20-38 cm). Dark gray (5Y 4/1), partially lithified, FORAMINIFER BIOCLASTIC PACKSTONE intercalations are located in Section 5 (38-50 cm) and CC, in this last case only 1 cm thick and intensively folded. ",CORE 392 - 402.03 MBSF
133,823,B,43,X,401.6,411.59,lower Pliocene,"NANNOFOSSIL MIXED SEDIMENT Major lithology: Gray (5Y 5/1) to dark gray (5Y 4/1), finely laminated and burrowed, NANNOFOSSIL MIXED SEDIMENT. Minor lithology: Some very minor, centimeter thick, dark gray (5Y 4/1) partially lithified BIOCLASTIC FORAMINIFER PACKSTONE intercalations are located in Sections 5 and 6. ",CORE 401.6 - 411.59 MBSF
133,823,B,44,X,411.3,421.04,lower Pliocene,"CLAYEY NANNOFOSSIL MIXED SEDIMENT with BIOCLASTS and DOLOMITIC NANNOFOSSIL CHALK with CLAY Major lithology: Interlami?ations of gray and dark gray (5Y 6/1 to 4/1) CLAYEY NANNOFOSSIL MIXED SEDIMENT with BIOCLASTS. A great part of the section is slumped. Bioturbation is locally very intense. Dark gray (5Y 4/1) DOLOMITIC NANNOFOSSIL CHALK with CLAY occurs in Sections 5 (from 130 to 150 cm), 6, 7 and CC. Minor lithology: LITHOCLASTIC RUDSTONE with cla?ts of gray NANNOFOSSIL CHALK and dark gray CLAYEY NANNOFOSSIL CHALK in a matrix of gray NANNOFOSSIL CHALK appear in Section 4, from 0 to 112 cm. This deposit is highly burrowed. Burrows postdate the deposition of the debris flow as they crosscut matrix and lithoclasts.",CORE 411.3 - 421.04 MBSF
133,823,B,45,X,420.9,430.96,lower Pliocene,"NANNOFOSSIL CHALK Major lithology: Gray (5Y 5/1) to dark gray (5Y 4/1), weakly laminated and burrowed NANNOFOSSIL CHALK. Minor lithology: In Sections 7 and CC, dark gray (5Y 4/1) coarse grained LITHOCLASTIC MIXED SEDIMENTS occur. Clasts of NANNOFOSSIL CHALK within the mixed sediment are sometimes burrowed. ",CORE 420.9 - 430.96 MBSF
133,823,B,46,X,430.6,440.53,lower Pliocene,"NANNOFOSSIL MIXED SEDIMENT to CALCAREOUS SANDSTONE/SILTSTONE with BIOCLASTS, CALCITE and PYRITE; LITHOCLASTIC MIXED SEDIMENT Major lithology: Greenish gray (5GY 5/1) to dark greenish gray (5GY 4/1) NANNOFOSSIL MIXED SEDIMENT to CALCAREOUS SANDSTONE/SILTSTONE with BIOCLASTS, CALCITE and PYRITE. In places this lithology is slumped and broken into pieces forming a coarse-grained LITHOCLASTIC MIXED SEDIMENT. ",CORE 430.6 - 440.53 MBSF
133,823,B,47,X,440.3,448.53,lower Pliocene,"NANNOFOSSIL CHALK to MIXED SEDIMENT to SILTSTONE with BIOCLASTS and CALCITE Major Lithology: Gray (5Y 6/1) to dark greenish gray (5GY 4/1), finely laminated, highly contorted and slumped NANNOFOSSIL CHALK to MIXED SEDIMENT to SILTSTONE with BIOCLASTS and CALCITE. Minor Lithology: Locally, some very fine (centimeter thick), partially lithified BIOCLASTIC PACKSTONE intercalations occur. They are located in Sections 3, 4, 5, 6 and 7. ",CORE 440.3 - 448.53 MBSF
133,823,B,48,X,449.9,456.86,lower Pliocene,"NANNOFOSSIL CHALK to MIXED SEDIMENT with BIOCLASTS and MICRITE; BIOCLASTIC PACKSTONE Major Lithology: Light greenish gray (5GY 7/1) to dark greenish gray (5Y 4/1) NANNOFOSSIL CHALK to MIXED SEDIMENT with BIOCLASTS and MICRITE, normally finely laminated, interbedded with dark gray (5Y 4/1), partially lithified BIOCLASTIC PACKSTONE, up to several centimeters thick. The section is partially slumped. Minor Lithology: Greenish gray (1OY 5/1), bioturbated beds of NANNOFOSSIL OOZE wit CLAY are found in Section 4 (from 60 to 85 cm) and Section 5 (0 to 15 and 20 to 63 cm). ",CORE 449.9 - 456.86 MBSF
133,823,B,49,X,459.6,468.67,lower Pliocene,"NANNOFOSSIL CHALK to MIXED SEDIMENT with FORAMINIFERS and BIOCLASTS Major Lithology: Greenish gray (5GY 6/1), slightly bioturbated NANNOFOSSIL CHALK to MIXED SEDIMENT with FORAMINIFERS and BIOCLASTS. Minor Lithology: Dark greenish gray (5GY 4/1), homogeneous, partially lithified. FORAMINIFER BIOCLAST PACKSTONE or GRAINSTONE with QUARTZ, which commonly have sharp bases. Distinct tops are less common. In Section 5 normal, fining-upward grading of grian size occurs (0-8 cm, 79-64 cm).",CORE 459.6 - 468.67 MBSF
133,823,B,50,X,469.2,473.9,lower Pliocene,"NANNOFOSSIL OOZE to MIXED SEDIMENT with BIOCLASTS Major Lithology: Light greenish gray (10Y 7/1), bioturbated NANNOFOSSIL OOZE or CHALK to MIXED SEDIMENT with BIOCLASTS. Minor Lithology: Dark greenish gray (10Y 4/1), partially lithified, FORAMINIFER BIOCLAST GRAINSTONE/PACKSTONE, showing normal graded bedding and sharp bases. Grains range from medium sand- at the base to silt-sized on top. At the base FORAMINIFERS dominate; BIOCLASTS increase upwards. In Section 1 (63-58 cm) one bed of light greenish gray (10Y 6/1), BIOCLASTIC PACKSTONE occurs. ",CORE 469.2 - 473.9 MBSF
133,823,B,51,X,478.1,478.11,NA,NO RECOVERY,CORE 478.1 - 478.11 MBSF
133,823,B,52,X,487.8,494.82,lower Pliocene,"NANNOFOSSIL CHALK to MIXED SEDIMENT with BIOCLASTS and CALCITE Major Lithology: Slightly bioturbated NANNOFOSSIL CHALK to MIXED SEDIMENT with BIOCLASTS and CALCITE ranging in color from light greenish gray (5GY 7/1) bands to dark greenish gray (5GY 4/1) layers. Minor lithology: Dark greenish gray (5GY 4/1), partially lithified, BIOCLAST PACKSTONE  commonly showing sharp bases and gradual tops. ",CORE 487.8 - 494.82 MBSF
133,823,B,53,X,497.5,507.42,lower Pliocene,"NANNOFOSSIL MIXED SEDIMENT to CHALK with MICRITE, FORAMINIFERS, BIOCLASTS and CLAY Major Lithology: Light to dark greenish gray, intensively bioturbated or planar laminated NANNOFOSSIL MIXED SEDIMENT to CHALK with MICRITE, FORAMINIFERS, BIOCLASTS and CLAY. A few horizons show wavey lamination or microfolds. Minor Lithology: Dark greenish gray (5GY 4/1) layers of partially lithilied BIOCLAST PACKSTONE of 1 cm thickness occur at the base of Section 1 and in Section 6 at 55-53 cm. ",CORE 497.5 - 507.42 MBSF
133,823,B,54,X,507.1,515.4,lower Pliocene,"NANNOFOSSIL CHALK with MICRITE Major lithology: Light greenish gray (10Y 6/1), bioturbated or finely laminated NANNOFOSSIL CHALK with MICRITE, QUARTZ, BIOCLASTS, FORAMINIFERS and CLAY occur subordinately. Minor lithology: Dark greenish gray (10Y 4/1), poorly bedded, medium to fine sand-sized BIOCLAST PACKSTONE with FORAMINIFERS. Normal grading and sharp bases occur locally.",CORE 507.1 - 515.4 MBSF
133,823,B,55,X,516.8,526.47,lower Pliocene,"NANNOFOSSIL CHALK to MIXED SEDIMENT with MICRITE Major Lithology: Bioturbated or finely laminated NANNOFOSSIL CHALK to MIXED SEDIMENT with MICRITE ranging in color from greenish gray (10Y 6/1) to dark greenish gray (1OY 4/1). Between Section 1 and 100 cm in Section 4, bedding planes are inclined and have suffered soft sediment deformation. Horizons with abundant mud clasts (matrix support?) ranging in size from several mm to 6 cm occur. Below these slump masses and debris deposits, the chalk is heavily bioturbated. Minor Lithology: From Section 5 to CC, dark greenish gray (5GY 4/1), partially lithified BIOCLASTIC PACKSTONE layers with sharp bases, usually grading upward into a greenish gray (5GY 6/1), bioturbated NANNOFOSSIL CHALK with BIOCLASTS and CLAY. ",CORE 516.8 - 526.47 MBSF
133,823,B,56,X,526.4,536.51,lower Pliocene,"NANNOFOSSIL CHALK with FORAMINIFERS and BIOCLASTS Major Lithology: Finely laminated NANNOFOSSIL CHALK with FORAMINIFERS and BIOCLASTS. The lamination is due to the alternation of very thin dark greenish gray (10Y 5/1) laminae with thicker layers of light greenish gray (10Y 6/1) chalk. Horizons with isolated, well-rounded, flat chalk pebbles occur as well as isolated cm-sized slump folds. Major slumps comprise Sections 1-2, Section 3, the lower part of Section 5 to CC. ",CORE 526.4 - 536.51 MBSF
133,823,B,57,X,535.7,544.22,lower Pliocene,"FORAMINIFER NANNOFOSSIL CHALK Major Lithology: Light greenish gray (5GY 7/1) to light gray (5Y 7/1), bioturbated FORAMINIFER NANNOFOSSIL CHALK with variable amounts of BIOCLASTS. Minor Lithology: Greenish gray (5GY 5/1 to 5Y 5/1), partially lithified, BIOCLASTIC FORAMINIFER to FORAMINIFER PACKSTONE, commonly showing fining-upward trends and sharp bases. This lithology grades further into greenish gray (5GY 5/1 to 5GY 6/1) heavily burrowed BIOCLASTIC NANNOFOSSIL CHALK. In many cases the packstone layer is missing and BIOCLASTIC CHALK is directly overlying the major lithology.",CORE 535.7 - 544.22 MBSF
133,823,B,58,X,545.4,555.34,lower Pliocene,"NANNOFOSSIL MIXED SEDIMENT to CHALK with FORAMINIFERS and BIOCLASTS Major Lithology: Light greenish gray (5GY 7/1) NANNOFOSSIL MIXED SEDIMENT to CHALK with BIOCLASTS and FORAMINIFERS showing fine, planar, sometimes low angle wedge lamination. Small scale slump folds occur. In Sections 2 to the middle of Section 4, the content OF FORAMINIFERS, BIOCLASTS and CLAY is changing regularly on a 10cm scale, which gives rise to rhythmical color banding. Minor lithology: Layers of olive (5Y 6/2), partially lithified, BIOCLASTIC FORAMINIFER PACKSTONE occur in Sections 1 (5-23 cm), 3 (64-65 cm) and 4 (34-36 cm).",CORE 545.4 - 555.34 MBSF
133,823,B,59,X,555,562.33,lower Pliocene,"NANNOFOSSIL CHALK to MIXED SEDIMENT with FORAMINIFERS and BIOCLASTS Major Lithology: Finely laminated or burrowed NANNOFOSSIL CHALK to MIXED SEDIMENT with FORAMINIFERS and BIOCLASTS. Depending on the amount of siliciclastic material, the color of the rock ranges from light greenish gray (5GY 7/1) in relatively pure carbonate chalk to greenish gray (5G Y 5/1) in mixed sediment. In Section 1, bedding is inclined, which may be due to slumping. Minor Lithology: Greenish gray (5GY 5/1) cm-sized bands of lithified FORAMINIFER PACKSTONE with QUARTZ. Graded layers continue into NANNOFOSSIL CHALK with FORAMINIFERS, BIOCLASTS and SILICICLASTIC GRAINS. GLAUCONITE grains occur. ",CORE 555 - 562.33 MBSF
133,823,B,60,X,564.7,574.85,lower Pliocene,"NANNOFOSSIL CHALK to MIXED SEDIMENT with BIOCLASTS and FORAMINIFERS Major Lithology: Gray (5Y 5/1), bioturbated or laminated NANNOFOSSIL CHALK to MIXED EDIMENT with BIOCLASTS and FORAMINIFERS. Laminated parts of the core (below 100 m in Section 2 to 60 cm in Section 4) are slumped. Another probable slump mass encompasses Sections 6 and 7. ",CORE 564.7 - 574.85 MBSF
133,823,B,61,X,574.3,584.17,lower Pliocene,"CLAYEY NANNOFOSSIL CHALK to MIXED SEDIMENT with FORAMINIFERS and BIOCLASTS Major Lithology: Dark grayish green (5Y 4/1) slightly bioturbated CLAYEY NANNOFOSSIL CHALK to MIXED SEDIMENT with FORAMINIFERS and BIOCLASTS. Slumping occurs in two layers in Section 4 (40-65 cm, 120-150 cm) and in the CC. ",CORE 574.3 - 584.17 MBSF
133,823,B,62,X,583.9,593.41,lower Pliocene,"CLAYEY NANNOFOSSIL CHALK to MUDSTONE with QUARTZ and BIOCLASTS to NANNOFOSSIL CHALK with CLAY, QUARTZ and BIOCLASTS Major Lithology: Dark gray (5Y 4/1), finely laminated CLAYEY NANNOFOSSIL CHALK to MUDSTONE with BIOCLASTS and QUARTZ to gray (5Y 6/1) NANNOFOSSIL CHALK with CLAY, QUARTZ and BIOCLASTS. In places the sediment is heavily burrowed. Soft sediment deformation occurs in various intervals (Section 1: 30-70 cm, Section 2: 0- 45cm, 105-130 cm, Section 3: 20-40 cm). Minor Lithology: Gray (5GY 5/1) FORAMINIFER BIOCLAST PACKSTONE ranging in grain size from upper medium sand to upper fine sand (Section 4: 70-74 cm, Section 5: 30-47 cm, 76-89 cm, Section 6: 10-25 cm, 27-39 cm, 39-84 cm, Section 7: 13-15 cm, CC: 0-10 cm).",CORE 583.9 - 593.41 MBSF
133,823,B,63,X,593.6,602.92,lower Pliocene,"NANNOFOSSIL CHALK to CLAYEY NANNOFOSSIL CHALK Major Lithology: Gray (5Y 5/1) CLAYEY NANNOFOSSIL CHALK to light gray (5Y 6/1) NANNOFOSSIL CHALK, finely laminated. The core is slumped from 100 cm to 150 cm in Section 1, from Section 2: 60 cm downcore to the core catcher. Minor Lithology: Gray (5GY 5/1) FORAMINIFER BIOCLAST PACKSTONE layers, which probably represent turbidites. ",CORE 593.6 - 602.92 MBSF
133,823,B,64,X,603.2,610.57,lower Pliocene,"NANNOFOSSIL CHALK with FORAMINIFERS Major Lithology: Gray (5Y 5/1) bioturbated or laminated NANNOFOSSIL CHALK with FORAMINIFERS; slumped. Minor Lithology: BIOCLAST FORAMINIFER PACKSTONE with a sharp base and coarse top occurs in Section 5 (30 cm). The intensity of bioturbation increases downward, which may indicate an overturned turbidite (slumping). ",CORE 603.2 - 610.57 MBSF
133,823,B,65,X,612.8,621.44,lower Pliocene,"NANNOFOSSIL CHALK with FORAMINIFERS Major Lithology: Greenish gray (5GY 5/1), finely laminated NANNOFOSSIL CHALK with FORAMINIFERS. The degree of lamination decreases downcore. Slump features occur in Section 1 (75-95 cm), Section 2 (65-102 cm), Section 3 (70-75 cm), Section 4 (10-30 cm, 140-150 cm) and Sections 5-CC, which may be overturned. Minor Lithology: Greenish gray (5GY 5/1) LITHOCLAST RUDSTONE with a slightly muddier matrix than the clasts. Clasts are cut by Chondrites and Zoophycos burrows, indicating soft pebbles during reworking.",CORE 612.8 - 621.44 MBSF
133,823,B,66,X,622.5,632.23,lower Pliocene,"NANNOFOSSIL CHALK with FORAMINIFERS and CLAY Major Lithology: Intensely bioturbated, greenish gray (5GY 5/1 to 6/1) NANNOFOSSIL CHALK with FORAMINIFERS and CLAY. When preserved, lamination is planar to wavy. Slumping occurs in various intervals throughout core. Minor Lithology: Dark greenish gray (5GY 4/1) layers of BIOCLAST PACKSTONE occurring in Sections 3, 5 and 6. In Section 6 the PACKSTONE beds have sharp bases and show fining upward trends. ",CORE 622.5 - 632.23 MBSF
133,823,B,67,X,632.2,641.87,lower Pliocene,"NANNOFOSSIL CHALK to FORAMINIFER NANNOFOSSIL CLAYEY CHALK to NANNOFOSSIL MIXED SEDIMENT. Major Lithology: Light greenish gray to dark greenish gray (5GY 4/1 to 5GY 6/1) bioturbated, NANNOFOSSIL CHALK to FORAMINIFER NANNOFOSSIL CLAYEY CHALK to NANNOFOSSIL MIXED SEDIMENT. Minor Lithology: Dark greenish gray (5GY 4/1) PACKSTONE. ",CORE 632.2 - 641.87 MBSF
133,823,B,68,X,641.6,651.56,lower Pliocene,"FORAMINIFER NANNOFOSSIL CLAYEY MIXED SEDIMENT Major Lithology: Light greenish gray to dark greenish gray (5GY 4/1 to 5GY 6/1), bioturbated FORAMINIFER NANNOFOSSIL CLAYEY MIXED SEDIMENT. Some burrow are filled with monosulphides. Minor Lithology: Light greenish gray to dark greenish gray (5GY 4/1 to 5GY 6/1), laminated FORAMINIFER NANNOFOSSIL CLAYEY MIXED SEDIMENT occurs in some pieces in Sections 3,4 and 6. ",CORE 641.6 - 651.56 MBSF
133,823,B,69,X,650.9,660.66,upper Miocene to lower Pliocene,"NANNOFOSSIL CHALK with FORAMINIFERS and FORAMINIFER BIOCLASTIC PACKSTONE to PACKSTONE to NANNOFOSSIL CHALK with FORAMINIFERS and BIOCLASTS Major Lithology: Gray (5GY 5/1), bioturbated NANNOFOSSIL CHALK with FORAMINIFERS in Sections 1 to 4; and dark greenish gray (5GY 4/1) FORAMINIFER BIOCLASTIC PACKSTONE with well defined parallel laminations grading up into extensively burrowed dark greenish gray (5GY 4/1) (burrows 5GY 6/1) silt-sized PACKSTONE which in turn grades up into gray (5GY 5/1 to 6/1) bioturbated NANNOFOSSIL CHALK with FORAMINIFERS and BIOCLASTS. These intervals are interpreted as turbidites. They first occur in Section 4 and increase in frequency in Section 5, Section 6 consists of laminated and locally contorted silt to fine sand-size NANNOFOSSIL CHALK with FORAMINIFERS. ",CORE 650.9 - 660.66 MBSF
133,823,B,70,X,660.6,670.51,upper Miocene,"NANNOFOSSIL CHALK to MIXED SEDIMENT Major Lithology: Gray to dark gray (5GY 4/1 to 6/1), laminated NANNOFOSSIL CHALK to Major Lithology: Gray to dark gray (5GY 4/1 to 6/1), laminated NANNOFOSSIL CHALK to MIXED SEDIMENT. Some pieces have contorted bedding. MIXED SEDIMENT. Some pieces have contorted bedding. Minor Lithology: Dark gray (5GY 4/1) BIOCLASTIC FORAMINIFER PACKSTONE forming the basal portion of a turbidite (Section 2, Pieces 5, 8 and 10). ",CORE 660.6 - 670.51 MBSF
133,823,B,71,X,670.3,679.87,upper Miocene,"NANNOFOSSIL CHALK with FORAMINIFERS and BIOCLASTIC PACKSTONE with QUARTZ Major Lithology: Greenish gray (5GY 6/1), bioturbated NANNOFOSSIL CHALK with FORAMINIFERS. These sediments are locally laminated and sometimes contorted. Minor Lithology: Dark gray (5GY 4/1) BIOCLASTIC PACKSTONE with QUARTZ form base of numerous fining-upward cycles that are interpreted as turbidite beds. ",CORE 670.3 - 679.87 MBSF
133,823,B,72,X,679.9,689.86,upper Miocene,"FORAMINIFER BIOCLASTIC NANNOFOSSIL PACKSTONE to NANNOFOSSIL MIXED SEDIMENT Major Lithology: Greenish gray to gray, stacked turbidites consisting of basal FORAMINIFER BIOCLASTIC NANNOFOSSIL PACKSTONE that grade up into bioturbated NANNOFOSSIL MIXED SEDIMENT, complexly intermixed with greenish gray to dark gray laminated NANNOFOSSIL MIXED SEDIMENT. In Sections 5 and 7 these laminated sediments are contorted. Minor Lithology: Section 2, 48-70 and 80-150 cm; Section 3, 47-80 and 98-105 cm: greenish gray to dark greenish gray, highly disturbed, NANNOFOSSIL CHALK to MIXED SEDIMENT with mud lumps and contorted bedding that are interpreted as debris flows. There are also slumps in Sections 3 (127-150 cm), 4 (0-8 cm) and 5 (22-46 cm).",CORE 679.9 - 689.86 MBSF
133,823,B,73,X,689.6,699.51,upper Miocene,"NANNOFOSSIL CHALK to MIXED SEDIMENT with FORAMINIFERS Major Lithology: Dark greenish gray to gray (5GY 4/1 to 6/1) laminated NANNOFOSSIL CHALK to MIXED SEDIMENT with FORAMINIFERS. Some laminae are contorted. Minor Lithology: Dark greenish gray to gray (5GY 4/1 to 6/1), bioturbated, NANNOFOSSIL CHALK to MIXED SEDIMENT with FORAMINIFERS occur in Section 6 from 45 cm through to the bottom of the core. ",CORE 689.6 - 699.51 MBSF
133,823,B,74,X,699.3,709.3,upper Miocene,"NANNOFOSSIL CLAYEY CHALK to MIXED SEDIMENT; NANNOFOSSIL CHALK with FORAMINIFERS to FORAMINIFER PACKSTONE Major Lithology: The core in Sections 1 to 4 is a slumped mass consisting of contorted anc disturbed, laminated, NANNOFOSSIL CLAYEY CHALK to MIXED SEDIMENT, whereas the core in Sections 5 to CC consists of NANNOFOSSIL CHALK with FORAMINIFERS with several layers of FORAMINIFER PACKSTONE which forms the basal part of a fining- upward sequence that is interpreted as a turbidite layer. ",CORE 699.3 - 709.3 MBSF
133,823,B,75,X,708.9,718.68,upper Miocene,"NANNOFOSSIL CHALK to MIXED SEDIMENT with FORAMINIFERS Major Lithology: Dark greenish gray to gray (5GY 4/1 to 6/1), laminated or bioturbated, NANNOFOSSIL CHALK to MIXED SEDIMENT with FORAMINIFERS. Some laminae are contorted. Minor Lithology: Dark gray, pyritic, BIOCLASTIC PACKSTONE forms the base of fining- upward units in Section 4. ",CORE 708.9 - 718.68 MBSF
133,823,B,76,X,718.6,728.49,upper Miocene,"CLAYEY NANNOFOSSIL MIXED SEDIMENT to NANNOFOSSIL MUDSTONE with FORAMINIFERS to NANNOFOSSIL MIXED SEDIMENT with FORAMINIFERS Major Lithology: Greenish gray (5GY 6/1), bioturbated or homogeneous, CLAYEY NANNOFOSSIL MIXED SEDIMENT to NANNOFOSSIL MUDSTONE with FORAMINIFERS and laminated NANNOFOSSIL MIXED SEDIMENT with FORAMINIFERS. Minor Lithology: Gray, FORAMINIFER SKELETAL PACKSTONE with QUARTZ. Forms the base of fining upward sequences in Section 7. ",CORE 718.6 - 728.49 MBSF
133,823,B,77,X,728.2,738.06,upper Miocene,"NANNOFOSSIL CHALK with CLAY to NANNOFOSSIL MIXED SEDIMENT Major lithology: Greenish gray (5GY 4/1 to 5GY 6/1), laminated and contorted, NANNOFOSSIL CHALK with CLAY to NANNOFOSSIL MIXED SEDIMENT. Some horizons are bioturbated. Minor lithology: LITHOCLASTIC RUDSTONE consisting of rounded clasts of NANNOFOSSIL CHALK in a matrix of NANNOFOSSIL CHALK to MIXED SEDIMENT with FORAMINIFERS and BIOCLASTS. Probable debris flow.",CORE 728.2 - 738.06 MBSF
133,823,B,78,X,737.9,743.76,upper Miocene,"NANNOFOSSIL MIXED SEDIMENT to CHALK with FORAMINIFERS Major Lithology: Dark gray to greenish gray (5Y 4/1 to 5GY 6/1), laminated or bioturbated, NANNOFOSSIL MIXED SEDIMENT to CHALK with FORAMINIFERS. The bedding of most of this core is steeply inclined or contorted. It appears to be part of a slump mass. ",CORE 737.9 - 743.76 MBSF
133,823,B,79,X,747.6,757.51,upper Miocene,"NANNOFOSSIL MIXED SEDIMENT to MUDSTONE with BIOCLASTS Major Lithology: Dark greenish gray to greenish gray (5GY 4/1 to 5GY6/1), laminated or bioturbated, NANNOFOSSIL CHALK with FORAMINIFERS or BIOCLASTS. Some beds ar contorted. Entire core is part of a slump. Minor Lithology: Greenish gray (5GY 5/1), fine grained, FORAMINIFER BIOCLASTIC PACKSTONE. ",CORE 747.6 - 757.51 MBSF
133,823,B,80,X,757.3,767.05,upper Miocene,"NANNOFOSSIL MUDSTONE with FORAMINIFERS and BIOCLASTS NANNOFOSSIL MUDSTONE with FORAMINIFERS and BIOCLASTS Major Lithology: Dark greenish gray (5GY 4/1), laminated or bioturbated. NANNOFOSSIL Major Lithology: Dark greenish gray (5GY 4/1), laminated or bioturbated. NANNOFOSSIL MUDSTONE with FORAMINIFERS and BIOCLASTS. Some beds are contorted. The entire core is part of a slump. MUDSTONE with FORAMINIFERS and BIOCLASTS. Some beds are contorted. The entire core is part of a slump. ",CORE 757.3 - 767.05 MBSF
133,823,B,81,X,767,774.77,upper Miocene,"NANNOFOSSIL MUDSTONE with FORAMINIFERS and BIOCLASTS Major Lithology: Dark greenish gray to greenish gray (5GY 4/1 to 5GY 6/1), laminated or bioturbated, NANNOFOSSIL MUDSTONE with FORAMINIFERS and BIOCLASTS. Some beds are contorted and others overturned. The entire core is part of a slump. Minor Lithology: Greenish gray (5GY 7/1), fine grained, FORAMINIFER BIOCLASTIC PACKSTONE. ",CORE 767 - 774.77 MBSF
133,823,B,82,X,776.7,783.12,upper Miocene,"NANNOFOSSIL CHALK to MIXED SEDIMENT with BIOCLASTS Major Lithology: Dark gray to gray (5Y 4/1 to 5Y 6/1), laminated or bioturbated, NANNOFOSSIL CHALK to MIXED SEDIMENT with BIOCLASTS. ",CORE 776.7 - 783.12 MBSF
133,823,B,83,X,786.4,791.52,upper Miocene,"NANNOFOSSIL CHALK to MIXED SEDIMENT with BIOCLASTS Major Lithology: Dark gray to greenish gray (5Y 4/1 to 5GY 6/1), laminated or bioturbated. NANNOFOSSIL CHALK to MIXED SEDIMENT with BIOCLASTS. ",CORE 786.4 - 791.52 MBSF
133,823,B,84,X,795.7,796.9,upper Miocene,"NANNOFOSSIL CHALK to MIXED SEDIMENT with BIOCLASTS Major Lithology: Dark gray to greenish gray (5Y 4/1 to 5GY 6/1), laminated or bioturbated NANNOFOSSIL CHALK to MIXED SEDIMENT with BIOCLASTS. ",CORE 795.7 - 796.9 MBSF
