Expedition.Leg,Site_Number,Hole,Core_Number,Core_Type,Core_Top_MBSF,Core_Bottom_MBSF,Age,Description,Core_ID
160,966,F,1,R,59,60.37,early Pliocene,NANNOFOSSIL OOZE Major Lithology: The sediment in this core is olive gray (5Y 6/1) NANNOFOSSIL OOZE. Minor Lithologies: Three SAPROPEL beds occur in this 30-- core. General Description: The entire core has been significantly disturbed by the drilling process.,CORE 59 - 60.37 MBSF
160,966,F,2,R,68,68.39,early Pliocene,BIOMICRITE Major Lithology: Rock in this core is BIOMICRITE. Color is very light gray (N8). General Description: Core recovery 4%.,CORE 68 - 68.39 MBSF
160,966,F,3,R,77,80.56,early Pliocene,"CALCAREOUS CONGLOMERATE Major Lithology: The sediment in this core is matrix- supported CALCAREOUS CONGLOMERATE which is composed of white (5Y 8/1) micritic limestone clasts in a gray (5Y 6/1) matrix of nannofossil ooze. General Description: Core recovery 37%, probably some drilling disturbance.",CORE 77 - 80.56 MBSF
160,966,F,4,R,86.6,87.3,early Pliocene,CALCAREOUS CONGLOMERATE Major Lithology: The rock in this core is a very light gray matrix-supported CALCAREOUS CONGLOMERATE with micritic limestone fragments in a semi- consolidated calcareous matrix. General Description: Core recovery 7%.,CORE 86.6 - 87.3 MBSF
160,966,F,5,R,96.2,96.2,NA,NO RECOVERY,CORE 96.2 - 96.2 MBSF
160,966,F,6,R,105.8,106.16,early Pliocene,BIOSPARITE/BIOMICRITE Major Lithologies: The rock in this core is medium gray BIOSPARITE/BIOMICRITE. Some pieces are possibly dolomitized. General Description: Core recovery 2%.,CORE 105.8 - 106.16 MBSF
160,966,F,7,R,115.4,117.43,early Pliocene,BIOCLASTIC CALCARENITE and BIOSPARITE Major Lithologies: The rock in this core is BIOCLASTIC CALCARENITE and BIOSPARITE very light gray in color with numerous concentrations of mollusks in a well- cemented finer grained matrix of skeletal fragments. General Description: Core recovery 19%.,CORE 115.4 - 117.43 MBSF
160,966,F,8,R,125,126.06,Miocene,"BIOSPARITE, QUARTZ-BEARING Major Lithologies: The rock in this core is very light gray BIOMICRITE and BIOSPARITE which has numerous mollusk concentrations, considerable calcareous algae, and occasional coral fragments cemented by sparry calcite. General Description: Core recovery 9%.",CORE 125 - 126.06 MBSF
160,966,F,9,R,134.6,134.76,Miocene,BIOSPARITE Major Lithology: The rock recovered in this core is foraminifer-dominated BIOSPARITE. Color is very light gray (N8). General Description: Core recovery 1%.,CORE 134.6 - 134.76 MBSF
160,966,F,10,R,144.2,146.91,Miocene,"BIOSPARITE and ALGAL BIOSPARITE Major Lithologies: The rock in this core is very light gray BIOSPARITE and ALGAL BIOSPARITE containing considerable red algae, many benthic foraminifers, mollusks, and other skeletal fragments cemented by sparry calcite.",CORE 144.2 - 146.91 MBSF
160,966,F,11,R,153.8,157.92,Miocene,"BIOCLASTIC PACKSTONE/ GRAINSTONE, ALGAL BIOSPARITE/BIOMICRITE, and RECRYSTALLIZED BIOSPARITE Major Lithologies: The rock in this core is very light gray BIOCLASTIC GRAINSTONE PACKSTONE and BIOSPARITE/ BIOMICRITE with numerous corals (favids), foraminifers, occasional echinoderm fragments, and encrusting red algae cemented by calcite spar. General Description: Core recovery 32%.",CORE 153.8 - 157.92 MBSF
160,966,F,12,R,163.5,166,Miocene,"BIOCLASTIC PACKSTONE/ GRAINSTONE and BIOSPARITE Major Lithologies: The rock in this core is very light gray BIOCLASTIC PACKSTONE/ GRAINSTONE and BIOSPARITE containing coral, foraminifer, mollusk, echinoderm, and encrusting red algae fragments cemented by sparry calcite. General Description: Core recovery 19%.",CORE 163.5 - 166 MBSF
160,966,F,13,R,173.1,174.43,Miocene,CALCIRUDITE/PACKSTONE and RECRYSTALLIZED (ALGAL?) BIOMICRITE Major Lithologies: The rock in this core is a very light gray (N8) CALCIRUDITE PACKSTONE and BIOMICRITE containing predominantly large coral fragments (up to 5 cm) encrusted with calcareous red algae. General Description: Core recovery 10%.,CORE 173.1 - 174.43 MBSF
160,966,F,14,R,182.7,184.36,Miocene,"ALGAL PACKSTONE and RECRYSTALLIZED BIOMICRITE Major Lithologies: The rock in this core is very light gray (N8) ALGAL PACKSTONE and BIOMICRITE in that encrusting red algae dominates over other bioclasts echinoderms, cemented by sparry calcite. Some moldic porosity after mollusks is present and chert occasionally replaces some biota. General Description: Core recovery 15%.",CORE 182.7 - 184.36 MBSF
160,966,F,15,R,192.4,194.84,Miocene,"ALGAL MUDSTONE/ PACKSTONE and DOLOMITIC RECRYSTALLIZED LIMESTONE Major Lithologies: ALGAL MUDSTONE PACKSTONE and RECRYSTALLIZED LIMESTONE are the dominant lithologies in the rest of the core. Oncolites are scattered throughout the matrix of the mudstone. Minor Lithologies: The rock in the top of this core (Section 1, 0-70 cm) is brown (10YR) CHERT (dolomite?). General Description: Core recovery 20%.",CORE 192.4 - 194.84 MBSF
160,966,F,16,R,202,206.19,Miocene,ALGAL MUDSTONE/PACKSTONE and DOLOMITIC RECRYSTALLIZED LIMESTONE Major Lithologies: The rock in this core is ALGAL MUDSTONE/MUDSTONE and RECRYSTALLIZED LIMESTONE with oncolites in a very light gray to brown (N8-10YR 6/1) micrite matrix. A small amount of laminated algal mat is present. General Description: Core recovery 37%.,CORE 202 - 206.19 MBSF
160,966,F,17,R,211.6,216.32,Miocene,"ALGAL MUDSTONE, MOLLUSK DOMINATED MUDSTONE and RECRYSTALLIZED ALGAL LIMESTONE Major Lithologies: The rock in the upper portion of this core is an ALGAL MUDSTONE in which the oncolites are distributed in a brownish (10YR 6/1) micrite matrix. In Section 4, there is a lithological change to a MOLLUSK-DOMINATED MUDSTONE in which numerous bivalves are distributed in a very light gray (N8) micrite matrix. General Description: Core recovery 43%.",CORE 211.6 - 216.32 MBSF
160,966,F,18,R,221.3,223.68,Miocene,MOLLUSC DOMINATED MUDSTONE Major Lithology: The rock in this core is a MOLLUSK- DOMINATED MUDSTONE in which pelecypod valves are distributed in a brownish (10YR 6/1) micrite matrix. Some moldic porosity is developed after the shell clasts. General Description: Core recovery 20%.,CORE 221.3 - 223.68 MBSF
160,966,F,19,R,231,234.94,Miocene,ALGAL-DOMINATED MUDSTONE and BRYOZOAN BIOSPARITE Major Lithologies: The rock in this core is ALGAL- DOMINATED MUDSTONE and BRYOZOAN BIOSPARITE in which oncolites up to 5 cm are distributed in a brown (10YR 6/1) micrite matrix. Intercalated with this material are thin beds of bioclastic grainstone. General Description: Core recovery 36%.,CORE 231 - 234.94 MBSF
160,966,F,20,R,240.6,240.72,Miocene,"BIOSPARITE Major Lithology: The rock in this core is BIOMICRITE with mollusk and algae as the dominant components cemented by calcite spar. Small green fragments (<1 mm) of material are incorporated in the rock, which is fractured and veined with secondary calcite. General Description: Core recovery 1%.",CORE 240.6 - 240.72 MBSF
160,966,F,21,R,250.3,250.63,Miocene,ALGAL-DOMINATED MUDSTONE and FORAMINIFER-BEARING BITUMINOUS CALCILUTITE Major Lithologies: The rock in this core is ALGAL- DOMINATED MUDSTONE and FORAMINIFER-BEARING BITUMINOUS CALCILUTITE with mollusk and algae as the dominant components cemented by calcite spar. The rock is fractured with secondary calcite filling some fissures. General Description: Core recovery 2%.,CORE 250.3 - 250.63 MBSF
160,966,F,22,R,259.9,260.13,Miocene,BIOSPARITE Major Lithology: The rock in this core is BIOSPARITE with mollusk and algae as the dominant components cemented by calcite spar. There is minor fracturing in the material. General Description: Core recovery 1%.,CORE 259.9 - 260.13 MBSF
160,966,F,23,R,269.4,270.06,Miocene,BIOMICRITE/BIOSPARITE Major Lithologies: The rock in this core is very light gray BIOSPARITE/BIOMICRITE with bryozoans as the dominant components cemented by sparry and/or micritic calcite. General Description: Core recovery 6%.,CORE 269.4 - 270.06 MBSF
160,966,F,24,R,279,279.12,Miocene,BIOSPARITE Major Lithology: The rock in this core is BIOSPARITE with mollusk and algae as the dominant components cemented by calcite spar. There is minor fracturing in the material. General Description: Core recovery 1%.,CORE 279 - 279.12 MBSF
160,966,F,25,R,288.6,288.77,Miocene,BIOSPARITE Major Lithology: The rock in this core is BIOSPARITE  with mollusk and algae as the dominant components cemented by calcite spar. There is minor fracturing in the material. General Description: Core recovery 2%. ,CORE 288.6 - 288.77 MBSF
160,966,F,26,R,298.3,302.9,Eocene,"BIOSPARITE and BITUMINOUS CALCAREOUS MUDSTONE Major Lithologies: The top 15 cm of this core consists of very light gray (N8) BIOSPARITE with a sparry calcite cement. From Section 1, 15 to the bottom of the core the rock is a dark gray (5Y 4/1) finely laminated BITUMINOUS CALCAREOUS MUDSTONE, which has been intensely burrowed. The considerable proportion of silt-sized material in the rock. General Description: Core recovery 44%. ",CORE 298.3 - 302.9 MBSF
160,966,F,27,R,307.9,315.5,Eocene,FORAMINIFER BIOMICRITE Major Lithology: The rock in this core is very light gray finely laminated FORAMINIFER BIOMICRITE that has been intensely bioturbated. The material is well cemented by sparry calcite. General Description: Core recovery 74%. Many of the rock fragments are fractured.,CORE 307.9 - 315.5 MBSF
160,966,F,28,R,317.5,325.66,Eocene,CALCILUTITE Major Lithology: The rock in this core is very light gray finely laminated CALCILUTITE that has been intensely bioturbated. The material is well cemented by sparry calcite. General Description: Core recovery 80%. Rocks are somewhat fractured.,CORE 317.5 - 325.66 MBSF
160,966,F,29,R,327.1,330.97,Eocene,CALCILUTITE and FORAMINIFER BIOMICRITE Major Lithologies: The rock in this core is very light gray finely laminated CALCILUTITE that has been intensely bioturbated. The material is well cemented by sparry calcite. General Description: Core recovery 36%. The rock fragments in this core are fractured.,CORE 327.1 - 330.97 MBSF
160,966,F,30,R,336.8,341.21,Eocene,CALCILUTITE and FORAMINIFER BIOMICRITE Major Lithologies: The rock in this core is very light gray (N8) finely laminated CALCILUTITE that has been intensely bioturbated. The material is well cemented by calcite. General Description: Core recovery 42%.,CORE 336.8 - 341.21 MBSF
160,966,F,31,R,346.4,350.2,Eocene,CALCILUTITE and FORAMINIFER BIOMICRITE Major Lithologies: The rock in this core is very light gray (N8) intensely bioturbated CALCILUTITE that is well cemented by calcite. General Description: Core recovery 35%. The material in this core is fractured. ,CORE 346.4 - 350.2 MBSF
