Expedition.Leg,Site_Number,Hole,Core_Number,Core_Type,Core_Top_MBSF,Core_Bottom_MBSF,Age,Description,Core_ID
160,966,B,1,H,0,7.73,late Pleistocene-Holocene,CLAYEY NANNOFOSSIL OOZE and CLAYEY NANNOFOSSIL OOZE WITH FORAMINIFERS Major Lithologies: This core consists of pale brown (10YR 6/3) to gray (5Y 5/1) to light gray (10Y 7/1) and CLAYEY NANNOFOSSIL OOZE WITH FORAMINIFERS. Minor Lithologies: Five dark gray to black (5Y 3/1 to 5Y 2.5/1) and gray to dark gray (5Y 5/1 to 5Y 4/1) SAPROPEL beds occur in this core. All are heavily bioturbated. There is no evidence of lamination. ,CORE  0 - 7.73  MBSF
160,966,B,2,H,7.7,17.72,early to middle Pleistocene,"NANNOFOSSIL OOZE Major Lithology: Sediments recovered from this core consist of light gray (10YR 7/1 to 5Y 7/2) NANNOFOSSIL OOZE with slight color variation throughout. General Description: Material is moderately to heavily bioturbated, showing burrows of Zoophycos and Chondrites up to 3 cm in diameter. Occasional shell fragments of pteropods and moliusks are found. Lamination on a mm-scale results from changes in color. ",CORE  7.7 - 17.72  MBSF
160,966,B,3,H,17.2,27.14,late Pliocene-early Pleistocene,"NANNOFOSSIL OOZE Major Lithology: Light gray (5Y 7/2) to light olive gray (5Y 6/2) NANNOFOSSIL OOZE is the dominant lithology recovered from this core. Minor Lithology: Twelve SAPROPEL beds are observed in this core. Material varies from dark olive gray (5Y 3/1) to black (5Y 2.5/1), and is generally heavily bioturbated. Burrows of Zoophycos have destroyed the original sedimentary fabric of most of the sapropels. The beds generally show sharp tops and bases, and have minor amounts of foraminifers. Lamination is not visible. General Description: Sediment shows occasional enrichment in foraminifers on a decimeter-scale. Pyrite dissemination is observed in Sections 1 through 3.",CORE  17.2 - 27.14  MBSF
160,966,B,4,H,26.7,36.59,late Pliocene,"NANNOFOSSIL OOZE Major Lithology: Light olive gray (5Y 6/2) NANNOFOSSIL OOZE with subdominant clayey foraminifer nannofossil ooze and clayey nannofossil ooze with foraminifers are the major lithologies recovered from this core. Minor Lithology: Twelve SAPROPEL beds are observed in this core. Sapropel beds are heavily burrowed and therefore commonly show irregular contacts with the surrounding oozes. Laminations are absent. Foraminifers are found in minor amounts, and are especially enriched in the burrows. Sharp top and basal contacts are found in fewer cases. Color varies as a function of bioturbation of Zoophycos from black (5Y 2.5/1) to greenish gray (5Y 4/1). General Description: The material in this core is largely homogeneous in composition. Moderate to heavy bioturbation (Zoophycos, Chondrites) and occasional shell fragments and tiny patches of pyrite are found throughout the core.",CORE  26.7 - 36.59  MBSF
160,966,B,5,H,36.2,46.09,Pliocene,"NANNOFOSSIL OOZE Major Lithology: Dark olive gray (5Y 3/2) to gray (5Y 6/1) NANNOFOSSIL OOZE is the dominant lithoiogy recovered from this core. Clayey nannofossil ooze with foraminifers is subdominant. Minor Lithology: Eighteen SAPROPEL beds are identified in this core, varying from 7 to 16 cm in thickness. Bases and tops are generally disturbed by burrows of Zoophycos. Laminations and foraminifers are absent occur in negligible amounts. Color ranges from dark gray to black (5Y 4/1 to 5Y 2.5/1). General Description: Slight color banding and moderate to heavy bioturbation occur throughout the core. Horizons rich in foraminifers and disseminated pyrite are found. Shell fragments are scattered through the whole core.",CORE  36.2 - 46.09  MBSF
160,966,B,6,H,45.7,55.52,early Pliocene,"NANNOFOSSIL OOZE Major Lithology: Sediment recovered from this core is gray (5Y 6/1) to light olive gray (5Y 6/2), heavily bioturbated NANNOFOSSIL OOZE, with subdominant nannofossil ooze with foraminifers and clay. Minor Lithology: Thirteen SAPROPEL beds are identified in this core varying from 7 to 16 cm in thickness. Bases and tops of the beds are generally disturbed by burrows of Zoophycos. Laminations and foraminifers are absent occur in negligible amounts. Color ranges from dark gray to black (5Y 4/1 to 5Y 2.5/1).",CORE  45.7 - 55.52  MBSF
160,966,B,7,H,55.2,65.23,early Pliocene,"NANNOFOSSIL OOZE Major Lithology:  Sediments cored consist mainly of faintly color banded, gray (5Y 6/1) to light olive gray (5Y 6/2) NANNOFOSSIL OOZE, with subdominant clayey nannofossil ooze with foraminifers, clayey nannofossil ooze, and nannofossil clay. Minor Lithology: Twenty-one SAPROPEL beds are identified in this core, varying from 7 to 16 cm in thickness. Bases and tops of the beds are generally disturbed by burrows of Zoophycos. Laminations and foraminifers are absent occur in negligible amounts. Color ranges from dark gray to black (5Y 4/1 to 5Y 2.5/1). General Description: Material is moderately to heavily burrowed (both Zoophycos and Chondrites) and shows significant enrichment in foraminifers at several horizons.",CORE  55.2 - 65.23  MBSF
160,966,B,8,H,64.7,74.69,early Pliocene,"NANNOFOSSIL OOZE Major Lithologies: Light gray (5Y 7/1) to white (5Y 8/1) NANNOFOSSIL OOZE is the dominant lithology recovered from this core, with subdominant calcareous silt, calcareous nannofossil ooze, and nannofossil ooze with foraminifers. Minor Lithology: One 5-cm-thick, dark gray (5Y 3/1) SAPROPEL bed occurs in Section 1, through 12 cm. The base of the bed is irregular and is slightly burrowed. Laminations and foraminifers are absent. General Description: Sediments are homogeneous and show occasional enrichment in foraminifers (Section 2). Limestone lithoclasts are found in Sections 4 to 7.",CORE  64.7 - 74.69  MBSF
160,966,B,9,H,74.2,80.59,early Pliocene,NANNOFOSSIL OOZE Major Lithology: The dominant lithology recovered in this core is a light greenish gray (5GY 7/1) NANNOFOSSIL OOZE. Below Section 1 there are several crudely bedded layers with large (up to 3 cm) limestone clasts embedded in a silty calcareous matrix.,CORE  74.2 - 80.59  MBSF
160,966,B,10,H,83.7,90.36,early Pliocene,CALCAREOUS CONGLOMERATE and CALCARENITE Major Lithologies: The sediment in this core is a gray (5Y 6/1) to white (7.5YR N8/0) matrix- supported CALCAREOUS CONGLOMERATE with clasts of limestone up to 5 cm in diameter. Intervals of CALCARENITE are also present. General Description: The sediment in this core is highly disturbed with only short intervals (less than 1 m) of original structure preserved.,CORE  83.7 - 90.36  MBSF
160,966,B,11,X,90.3,93.89,early Pliocene,"NANNOFOSSIL OOZE Major Lithology: The sediment in this core is a light gray (10Y 7/1), semi-compacted NANNOFOSSIL OOZE with scattered carbonate clasts.",CORE  90.3 - 93.89  MBSF
160,966,B,12,X,97.9,99.27,early Pliocene,"CALCAREOUS CONGLOMERATE Major Lithology: The sediment in this core is a compacted, white matrix-supported (10Y 8/1) CALCAREOUS CONGLOMERATE with white to blue- green limestone clasts in a micrite matrix.",CORE  97.9 - 99.27  MBSF
160,966,B,13,X,107.5,107.75,early Pliocene,CALCAREOUS CONGLOMERATE Major Lithology: The sediment in this core is a matrix- supported CALCAREOUS CONGLOMERATE with limestone clasts in a micrite matrix. General Description: Core recovery 2%.,CORE  107.5 - 107.75  MBSF
160,966,B,14,X,117.1,117.29,early Pliocene,CARBONATE PEBBLES Major Lithology: CARBONATE PEBBLES were the only material recovered in this core. General Description: Core recovery 1%.,CORE  117.1 - 117.29  MBSF
160,966,B,15,X,126.7,127.37,early Pliocene,"LIMESTONE Major Lithology: The rock recovered in this core is a weakly cross-bedded LIMESTONE, with shells throughout.",CORE  126.7 - 127.37  MBSF
160,966,B,16,X,136.3,136.43,early Pliocene,LIMESTONE Major Lithology: LIMESTONE clasts from approximately 1 to 4 cm in diameter were the only material recovered in this core. General Description: Core recovery 1%.,CORE  136.3 - 136.43  MBSF
