Expedition.Leg,Site_Number,Hole,Core_Number,Core_Type,Core_Top_MBSF,Core_Bottom_MBSF,Age,Description,Core_ID
160,966,C,1,H,0,9.6,late Pleistocene-Holocene,NANNOFOSSIL OOZE Major Lithology: Sediment recovered in this core is a brownish yellow (10YR 6/6) to light olive gray (5Y 6/2) NANNOFOSSIL OOZE. Minor Lithology: Six SAPROPEL beds are observed in this core. Beds vary from 3 to 21 cm in thickness and show both sharp and diffuse contacts to the surrounding oozes. Color ranges from dark olive gray (5Y 4/1) to black (5Y 2.5/1). Foraminifers are disseminated in some of the sapropels. Several layers are oxidized and show burrows of Zoophycos.,CORE  0 - 9.6  MBSF
160,966,C,2,H,9.5,19.41,NA,"NANNOFOSSIL OOZE Major Lithology: The sediment in this core is light olive gray (5Y 6/2) to light gray (10YR 7/2) NANNOFOSSIL OOZE. Minor Lithologies: Section 5 contains two distinct horizons in which small cemented clasts of pale gray material is found. These horizons have indistinct boundaries, but are also associated with a well-preserved fauna including pteropods and bivalves. Some of the bivalves still have both valves attached. Other fauna include echinoid spines. General Description: Shell fragments are distributed throughout the section. Disseminated sulfide flecks are associated with the minor to moderate bioturbation. Bioturbation mottling is overprinted in some cases by yellowish-brown banding patches. Chondrites and Zoophycos traces are well exposed throughout the core, with some internal structures of the Zoophycos burrows being visible in Sections 6 and 7. Gradual variation in foraminiferal content is observed within the core, but abundance changes are most conspicuous between sediment and the larger burrows in which the foraminifers are concentrated.",CORE  9.5 - 19.41  MBSF
160,966,C,3,H,19,28.97,late Pliocene-early Pleistocene,NANNOFOSSIL OOZE Major Lithology: This core is dominated by gray (5Y 6/1) to light gray (10Y 7/1) NANNOFOSSIL OOZE with moderate to heavy bioturbation throughout and rare color banding. Minor Lithologies: Nine SAPROPEL beds are present in this core. The sapropel at the base of Section 1 is discontinuous and may be reworked. All sapropel beds are lightly to heavily bioturbated. The dark colored sapropel at the top of Section 4 contains a vertical burrow which may be the trace fossil Skolithos. The upper and lower contacts of all sapropel beds are often disturbed by burrowing. General Description: Bioturbation is the most prominent feature in this core. Chondrites and Zoophycos are both abundant and are visible in almost all layers. Larger burrows have purple halos and are generally filled with foraminifer-rich material. Disseminated pyrite and shell fragments are found throughout. Some entire shells (generally bivalve valves) are also found. Echinoid spines occur at the top of Section 3.,CORE  19 - 28.97  MBSF
160,966,C,4,H,28.5,38.32,Pliocene,NANNOFOSSIL OOZE Major Lithology: The dominant lithology in this core is gray (5Y 6/1) to light gray (5Y7/1) NANNOFOSSIL OOZE. The sediment las a mottled appearance and is moderately to heavily bioturbated. Minor Lithologies: This core contains thirteen SAPROPEL beds. All of these beds are moderately to heavily bioturbated and contain foraminifers. General Description: The characteristic green color of the core is replaced by a rust-colored hue Section 5. Chondrites and rare Zoophycos burrows are visible.,CORE  28.5 - 38.32  MBSF
160,966,C,5,H,38,48,early Pliocene,"NANNOFOSSIL OOZE Major Lithology: Mottled light gray (5Y 7/1) to olive gray (5Y 5/2) NANNOFOSSIL OOZE dominates this core, with subdominant clayey foraminifer nannofossil ooze. The sediment is moderately to heavily burrowed and contains traces of geochemical fronts particularly around the larger burrows. Minor Lithologies: The succession contains eighteen SAPROPEL beds. All of these beds show significant bioturbation and gradational contacts are common. Sharp contacts occur, particularly associated with the darker layers. Toward the bottom of Section 6 a FORAMINIFERAL SAND with a sharp basal contact is found. General Description: The sequence contains abundant Chondrites and Zoophycos burrows. Disseminated pyrite is found throughout as small dark flecks and shell fragments a few millimeters in size are characteristic of the upper two sections of the core. Foraminifers are abundant throughout.",CORE  38 - 48  MBSF
160,966,C,6,H,47.5,57.45,early Pliocene,"NANNOFOSSIL OOZE Major Lithology: Sediment recovered from this core is mainly olive gray (5Y 4/2) to light olive gray (5Y 6/2) NANNOFOSSIL OOZE, with subdominant clayey foraminifer nannofossil ooze and clayey nannofossil ooze with foraminifers. Minor Lithology: Eighteen SAPROPEL beds with sharp and diffuse contacts to the nannofossil oozes are identified. Lamination is not visible. Material is burrowed and of dominantly dark olive gray (5Y 4/2) color. Significant amounts of foraminifers, which are enriched in the burrows, are found in all beds. Varying degrees of oxidization are observed. General Description: The sediment is bioturbated hroughout. Slight color banding on a mm-scale and enrichment in oraminifers is found in several ntervals.",CORE  47.5 - 57.45  MBSF
160,966,C,7,H,57,66.94,early Pliocene,"NANNOFOSSIL OOZE Major Lithology: NANNOFOSSIL OOZE is the dominant lithology recovered from this core. Sediments are largely bioturbated (Zoophycos and Chondrites) and contain disseminated pyrite in several sections. Faint changes in color (5Y 7/1 to 5Y 3/2) are observed throughout. Minor Lithologies: Fourteen SAPROPEL beds occur in this core. The beds extend to a maximum of 52 cm in thickness. Most beds are largely oxidized and heavily burrowed. Both sharp and irregular contacts to the surrounding sediment are observed. Laminations are faint absent. Foraminifers occur in significant, but variable amounts in all dark gray layers (5Y 4/1 to 5Y 3/1). Three thin ash layers (up to 6 mm in thickness) are found in Section 6.",CORE  57 - 66.94  MBSF
160,966,C,8,H,66.5,76.43,early Pliocene,NANNOFOSSIL OOZE and NANNOFOSSIL OOZE WITH FORAMINIFERS Major Lithologies: Gray (5Y 5/1) to white (5Y 8/1) NANNOFOSSIL OOZE and NANNOFOSSIL OOZE WITH FORAMINIFERS are the dominant lithologies recovered from this core. The sediment is largely homogeneous and slightly to moderately bioturbated. General Description: Dipping thin color bands are present in Sections 1 through 5. Sections 4 and 6 contain subangular limestone clasts.,CORE  66.5 - 76.43  MBSF
160,966,C,9,H,76,86.08,early Pliocene,"NANNOFOSSIL OOZE Major Lithologies: Sediment recovered from this core is gray (5Y 6/1) to dark greenish gray (5GY 4/1) NANNOFOSSIL OOZE, which is moderately to heavily bioturbated. Subdominant lithologies included calcareous sand and silt and siliceous calcareous sand with rock fragments. Minor Lithology: Three SAPROPELS with diffuse tops and bases are found in this core. Laminations and foraminifers are absent. Sapropels are heavily burrowed and of olive gray color (5Y 4/2). General Description: The sediment in this core is homogeneous and shows occasional color banding. Lithoclasts of limestone reach up to 10 cm in diameter and occur both in nannofossil oozes and in a brownish matrix that may represent oxidized and burrowed sapropels. Foraminifers and pyrite are observed in several intervals. The material found below Section 6, 35 cm, shows irregular sedimentary patterns and was sucked into the core liner during the drilling process.",CORE  76 - 86.08  MBSF
160,966,C,10,H,85.5,95.39,early Pliocene,"CALCAREOUS OOZE Major Lithology: White (7.5 YR N8/0) CALCAREOUS is the dominant lithology recovered from this core. In Section 1, 0-50 cm, the material is rich in pebbles and lithoclasts of limestone. Below that interval, the fine-grained sediment is foraminifer-bearing and homogeneous. General Description: Sediment of Sections 2 through 7 was sucked into the core liner during the drilling process. Smashed plastic pieces of the core liner and several limestone particles are scattered throughout this interval.",CORE  85.5 - 95.39  MBSF
160,966,C,11,H,95,95.04,early Pliocene,CALCARENITE Major Lithology: One CALCARENITE clast was the only material recovered in this core.,CORE  95 - 95.04  MBSF
160,966,C,12,X,95.1,95.3,early Pliocene,"CALCARENITE Major Lithology: The only material recovered in this core consists of clasts of vuggy, bioclastic CALCARENITE interbedded with a finer grained CALCARENITE with packstone to grainstone fabric. General Description: Thin section sample taken from clast.",CORE  95.1 - 95.3  MBSF
160,966,C,13,X,102.8,103.5,early Pliocene,"CALCAREOUS CONGLOMERATE Major Lithologies: The sediment in this core contains subrounded to rounded clasts of CALCAREOUS CONGLOMERATE up to 5 cm in diameter. These clasts contain calcareous algae, sparry limestone, gastropods, and soft brown material identified as opaline silica. A few clasts show evidence of tectonic brecciation.",CORE  102.8 - 103.5  MBSF
160,966,C,14,X,107.8,109.2,early Pliocene,CALCEREOUS CONGLOMERATE Major Lithology: The rock in this core is a matrix- supported CALCEREOUS CONGLOMERATE with angular clasts up to 5 cm in diameter in a greenish calcareous muddy silty matrix.,CORE  107.8 - 109.2  MBSF
160,966,C,15,X,112.6,112.8,early Pliocene,CALCARENITE and MICRITIC LIMESTONE Major Lithologies: This core consists of coarse CALCARENITE interlaminated with gray-green MICRITIC LIMESTONE. The calcarenite is scoured down into the micrite causing disruption of the laminae and small-scale flame structures.,CORE  112.6 - 112.8  MBSF
160,966,C,16,X,117.4,117.7,early Pliocene,BRECCIA Major Lithology: This sediment in this core is a BRECCIA with clasts up to 1 cm in size. The clasts are partially calcareous.,CORE  117.4 - 117.7  MBSF
160,966,C,17,X,122.2,122.2,NA,NO RECOVERY,CORE  122.2 - 122.2  MBSF
