Expedition.Leg,Site_Number,Hole,Core_Number,Core_Type,Core_Top_MBSF,Core_Bottom_MBSF,Age,Description,Core_ID
178,1099,A,1,H,0,5.28,Holocene,"MUD-BEARING DIATOM OOZE and MUDDY DIATOM OOZE Section 1 to Section 3, 10 cm: Mud bearing and muddy diatom ooze, olive (5Y 4/3), mostly massive, with isolated laminae of various colors. In Section 1, at 10 cm, very dark gray (2.4Y 3/2), 1 cm thick diffuse lamina occurs. Pale olive (5Y 6/3) diatom ooze lamina (1 cm thick) occurs at 49 cm. Section 2, at 132 cm there is 2 mm thick laminae containing very fine sand (turbidite base). Below 132 cm, diffuse olive gray (5Y 4/2) laminae occur. Section 3, 10-75 cm: Olive (5Y 4/4) mud-bearing diatom ooze with dark patchy laminae that is mottled with one burrow. Prominent dark olive (5Y 3/2) laminae occur at 48 and 59 cm, lighter olive (5Y 5/3) lamina 1 cm thick occurs from 61-62 cm, at 73 cm 1.7 cm thick olive (5Y 4/4) lamina with sharp contacts composed of mostly Chaetoceros spores occurs. Section 3, 75 cm through Section 4: Strongly bioturbated, olive (5Y 4/3 to 5Y 4/4) homogeneous mud bearing diatom ooze occurs. At Section 4, 30 cm, olive (5Y 4/4) lamina, 1 cm thick; from 31 cm to end of core, dark olive (5Y 3/2), patchy and bioturbated diatom ooze. The core catcher is mottled with olive and dark gray, weakly laminated and bioturbated.",CORE  0 - 5.28  MBSF
178,1099,A,2,H,5.3,15.11,Holocene,"MUD-BEARING DIATOM OOZE and MUDDY DIATOM OOZE Section 1, 0-41 cm: Mud-bearing diatom ooze, soupy to disturbed, olive gray (5Y 4/2), darker mottled from 13-22 cm. Section 1, 41 cm to Section 2, 26 cm: Mud-bearing diatom ooze, olive gray (5Y 4/2), structureless. 1-cm lamina of diatom ooze at top, olive gray (5Y 5/2). No burrow mottling. Section 2, 26-108 cm: Mud-bearing diatom ooze, variably burrow mottled. Main color olive gray (5Y 4/2). Very thin (sub-millimeter) laminae and speckles of very dark gray (5Y 3/2) diatom-bearing silty clay with few foraminifers at 26-39, 82-83, and 98-102 cm. Section 2, 108-120 cm: Mud-bearing diatom ooze, sharp top and base, olive gray (5Y 4/2). Filament of lighter-colored ooze at top. Section 2, 120 cm to Section 3, 36 cm: Mud-bearing diatom ooze, olive gray (5Y 4/2), mottles of dark olive gray (5Y 3/2) and dark gray (5Y 4/1). Laminae and mottles of Chaetoceros spore ooze, olive (5Y 4/3) in Section 3, 29-31 cm. Section 3, 36 cm to Section 4, 50 cm: Mud-bearing diatom ooze grading down to muddy diatom ooze, olive gray (5Y 4/2). 3-cm lamina at top, olive gray (5Y 5/2) rich in Thalassiothrix spp. fragments. Section 4, 50-111 cm: Mud-bearing diatom ooze, laminated and burrow mottled; olive gray, dark gray and olive (5Y 4/2, 5Y 4/1, 5Y 4/3). Very thin dark laminae at 50-55 and 91-107 cm. Olive lamina of Chaetoceros/ Corethron ooze at 82 cm. Section 4, 111 cm to Section 5, 106 cm: Mud-bearing diatom ooze grading down to muddy diatom ooze. Olive gray (5Y 4/2), structureless. 2-mm dark gray lamina of diatom silty mud at base. Section 5, 106 cm to Core Catcher: Mud-bearing diatom ooze, olive gray (5Y 4/2), Burrow mottled throughout, faint color banding.",CORE  5.3 - 15.11  MBSF
178,1099,A,3,H,14.8,24.58,Holocene,"DIATOM OOZE and MUD-BEARING DIATOM OOZE Section 1, 0-22 cm: Laminated diatom ooze, olive gray (5Y 4/2) and olive (5Y 4/3), with laminae of various colors. Disturbed by burrowing. Section 1, 22-45 cm: Graded diatom ooze and mud bearing diatom ooze. Bioturbated at top. Section 1, 45-55 cm: Massive diatom ooze, olive (5Y 5/3). Highly bioturbated. Section 1, 55 cm to Section 4, 68 cm: Massive mud-bearing diatom ooze, olive gray (5Y 4/2). Only bioturbated by subvertical, non-fill burrows. Top mottled by bioturbation. 1 cm thick diffuse lamina occurs at Section 3, 75 cm. Section 4, 68 cm: Diatom-bearing terrigenous silt laminae (turbidite base) Section 4, 68-74 cm: Massive mud bearing diatom ooze, olive (5Y 5/3). Highly bioturbated. Section 4, 68 cm to Section 5, 87 cm: Laminated diatom ooze, olive gray (5Y 4/2) and olive (5Y 4/3), thin bedded and with laminae of various colors. Most bed show graded sequences, laminated at the bottom and intensively (mottled) burrowed at the top. Section 5, 87-90 cm: Massive diatom ooze, olive (5Y 5/3). Highly bioturbated. Section 5, 90 cm to Section 6, 80 cm: Massive mud-bearing diatom ooze, olive gray (5Y 4/2). Only bioturbated by subvertical, unfilled burrows. Top mottled by bioturbation. Section 6, 80 cm to bottom Core Catcher: Laminated mud-bearing diatom ooze, olive gray (5Y 4/2) and olive (5Y 4/3), thin bedded and with laminae of various colors. Most bed show graded sequences, laminated at the bottom and intensively (mottled) burrowed at the top.",CORE  14.8 - 24.58  MBSF
178,1099,A,4,H,24.3,34.21,Holocene,"MUDDY DIATOM OOZE, DIATOM CLAYEY SILT, DIATOM-BEARING CLAYEY SILT and DIAMICT Section 1, 0 cm to Section 6, 50 cm: Muddy diatom ooze grading down to diatom clayey silt, olive gray (5Y 4/2), darker towards base. Disturbed in top 47 cm with remains of darker burrow mottles. Mica flakes conspicuous on surface in upper part of Section 6. Five cm of material expanded from bottom of Section 1 was archived separately as residue. Section 6, 50-115 cm: Diatom clayey silt and diatom-bearing silty mud, dark gray to very dark gray (5Y 4/1 to 5Y 3/1). Section 6, 115 cm to Core Catcher: Clast poor diamict. Many sand grains, granules and pebbles up to 2 cm. Pebbles increase in abundance downwards. Burrow mottled, may have been originally laminated. Angular, 2.5 cm, schist pebble at Section 6, 135 cm; subangular, 2 cm, basalt pebble at Section 6, 145 cm.",CORE  24.3 - 34.21  MBSF
178,1099,A,5,H,33.8,43.45,Holocene,"DIATOMACEOUS CLAYEY SILT, DIAMICT, and DIATOM OOZE Section 1 to Section 2, 20 cm: Clast poor diamict with diatomaceous clayey silt matrix, olive (5Y 4/3), pebbles are up to 2 cm in diameter and are subangular to subrounded, observed lithology of pebbles is basalt. Core is soupy in Section 1, and fractured by gas expansion in Section 2 to end of core. Expanded material from core archived separately: Section 2: 5 cm from top and 5 cm from bottom Section 3: 10 cm from bottom Section 4: 2 cm from top Section 5: 5 cm from bottom Section 2, 20 cm to 113 cm: Dark olive (5Y 3/2) clayey diatom ooze, dark mottles occur between 49-90, and 113 to 130 cm, massive very fine sand bed with sharp lower contacts and gradational upper contact. From 130-150 cm laminated mud. Section 3, 15-30 cm: Folded laminae, possible slump, dark olive (5Y 3/2) clayey diatom ooze, angular felsic igneous rock at 100 cm, angular basalt with pyrite at 110 cm, subangular basalt at 134 cm, from 136-150 cm is thinly laminated with alternating dark and light laminae from 1 to 3 mm thick, dark laminae are diatom ooze with abundant Chaetoceros spores. Section 4: Mottled black layer from 22 to 29 cm, disrupted laminae from 20 to 53 cm, possible slump, dark olive and black mottled layer from 70-90 cm, light gray lamina at 105-106 cm, thinly laminated from 134-150 cm, ""orange laminae"" at 130 cm (1 cm thick) and 140 cm (0.5 cm thick). Section 5: Dark olive gray (5Y 3/2) diatomaceous silty clay , massive from 0-40 cm, laminated from 40-87 cm, thicker ""orange"" to ""black"" laminae occur from 40 to 60 cm; lighter overall color below 60 cm with few thin ""black and yellow-orange"" laminae. Massive olive brown (10Y 4/4) muddy diatom ooze occurs from 87 to 150 cm. Section 6, 0-29 cm: Olive brown (10Y 4/2) massive clayey diatom ooze. From 29-40 cm, well developed silt laminae at top and bottom of interval, diffuse and mottled laminae from 30-37 cm. From 40-150 cm, massive with faint silt, wispy laminae, bioturbated(?). Section 7 to end of Core: Massive olive (5Y 4/2) clayey diatom ooze, silty pod, 1 cm in diameter at 16 cm in Section 7.",CORE  33.8 - 43.45  MBSF
178,1099,A,6,H,43.3,53.13,Holocene,"DIATOM-BEARING SILTY CLAY and DIATOM OOZE Section 1, 0-104 cm: Soupy. Coring disturbance. The same lithology as below. Section 1, 104 cm to bottom of Core Catcher: Uniform muddy diatom ooze and diatom silty clay, dark gray (5Y 4/1). Varying bioturbation. Burrows include Zoophycos, Phycosiphon and Chondrites. Absence of laminations and sedimentary structures. Section 2, 104 cm: Thin (mm) lens of diatom ooze imbedded in the uniform mud (burrow infill?).",CORE  43.3 - 53.13  MBSF
178,1099,A,7,H,52.8,62.63,Holocene,"DIATOM CLAYEY SILT Entire core consists of diatom clayey silt, dark gray (5Y 4/1). Gas expansion cracks throughout, gas voids as marked. Small sub-horizontal anastomosing burrows from Section 2, 50 cm to Section 4, 130 cm and Sections 6 to Core Catcher. Burrows are filled with olive gray (5Y 4/2) diatom clayey silt, less clayey than surrounding mud. They are 2 mm across and occupy about 20% of the sediment surface. Section 4, 130 cm to Section 6, 125 cm: Probable flow-in. Mud has lost all structure in the upper part of this interval. Burrows have been stretched to near vertical in Section 6, 0-125 cm.",CORE  52.8 - 62.63  MBSF
