Expedition.Leg,Site_Number,Hole,Core_Number,Core_Type,Core_Top_MBSF,Core_Bottom_MBSF,Age,Description,Core_ID
159,962,C,1,R,73,73.33,Unknown,"PALYGORSKITE CLAY, MANGANESE HARDGROUND and GLAUCONITE-PELLET RICH CLAY Major Lithologies: Drilling breccia comprising 14 cm of bluish, PALYGORSKITE CLAY occurs over a rubble of black, MANGANESE HARDGROUND in Section 1. Section 2 comprises a 3 x 4 cm IRON OXYHYDROXIDE NODULE, yellowish brown, with a black (phosphatic?) rim. Cracks within the nodule are infilled nodule is embedded in a drilling induced matrix of GLAUCONITE PELLET-RICH CLAY. The age of the core is unknown. ",CORE  73 - 73.33  MBSF
159,962,C,2,R,83.1,83.16,Unknown,"CHERT General Description: The core consists of two pieces of CHERT. The first piece is graded and lenticular laminated, and the laminae are disrupted by burrows. The coarser grains are largely replaced radiolarians and rounded quartz grains. The sediment is fractured. The second piece of rock is brownish black in color. The age of the core is not known.",CORE  83.1 - 83.16  MBSF
159,962,C,3,R,92.8,92.92,late Albian,"CHERT Major Lithology: Greenish gray (5GY 6/1) to dark gray (N3) and brownish black (5YR 2/1) CHERT, thinly banded, mottled or uniform color. Six pieces of CHERT were recovered. Several cavities, 1-5 mm in diameter, are present in two pieces of brownish CHERT. General Description: The age of this core is late Albian.",CORE  92.8 - 92.92  MBSF
159,962,C,4,M,82,82.1,Unknown,"PORCELLANITE and CHERT Major Lithologies: The core consists of small pieces of  light greenish gray (5G 8/1) laminated PORCELLANITE with blackish cherty veins, greenish gray (5G 6/1) slightly greenish gray chert. One smear slide was taken from the Porcellanite and one from the greenish gray chert. The age of this interval is not known.",CORE  82 - 82.1  MBSF
