Expedition/Leg,Site,Hole,Core Number,Core Type,Top depth cored (m),Bottom depth recovered (m),Age,Description,Core ID
139,856,A,1,H,0,2.53,upper Pleistocene-Holocene,"SILTY CLAY Major Lithology: SILTY CLAY, greenish gray (5GY 5/1) to gray (5Y 5/1). Homogeneous except for the occurrence of a few subtle pale green lamina, which may be altered ash, in Section 1 (72 cm; 110 cm) and Section 2 (54 cm). ",CORE 0 - 2.53 MBSF
139,856,A,2,H,2.7,12.66,upper Pleistocene,SILTY CLAY Major Lithology: Greenish gray SILTY CLAY containing a few pale green (5BG 5/1) lamina and a few small pockets of siliceous spiculite. Minor Lithology: Dark gray QUARTZ AND FELDSPAR SILTY SAND turbidites. Scoured basal contacts with very finely serated interfaces. The sand fines upward to silty clay and forms a gradational contact with the overlying hemipelagic deposit. ,CORE 2.7 - 12.66 MBSF
139,856,A,3,H,12.2,22.33,upper Pleistocene,"CLAY WITH FELDSPAR AND QUARTZ SILT Major Lithology: Hemipelagic gray (5BG 5/1, 5B, 5/1, 5Y3/2, N4) CLAY. Minor Lithology: QUARTZ AND FELDSPAR SILT turbidites of somewhat lighter colors than the surrounding clays. General Description: Hemipelagic CLAY with turbidites throughout. Generally, the turbidites display sharp basal contacts and fine upward. A few carbonate concretions occur near the bottom of the core. White pockets of sponge spicules occur at several places throughout the core. ",CORE 12.2 - 22.33 MBSF
139,856,A,4,H,21.7,31.91,upper Pleistocene,"MODERATELY INDURATED CLAY, QUARTZ PLAGIOCLASE SILTY SAND and CLAYEY QUARTZ FELDSPAR SAND General Description: Stacked fining upward sequences of dark blue gray (5B 4/1) to gray (N 5/) turbidite sand, silt, and clay (Tb-e). Individual turbidites have sharp (locally scoured) bases overlain by massive QUARTZ PLAGIOCLASE SILTY SAND (Tb,c) that grades upward into laminated SILTY SAND AND CLAYEY QUARTZ FELDSPAR SAND (Tc,d) and, finally into MODERATELY INDURATED CLAY (Td,e). Small (2-4 mm) nodules of pyrite are present in Sections 1, 46 cm; 1, 95 cm; 1, 33 cm; 4, 55 cm; and 5, 38 cm. Small calcite concretions are present in Section 2, 136-140 cm. ",CORE 21.7 - 31.91 MBSF
139,856,A,5,H,31.2,41.85,Pleistocene,"CLAY WITH CARBONATE SILT, QUARTZ FELDSPAR SAND WITH CLAY and SILTY CLAY General description: Stacked gray (5Y 5/1 to N 5) Tb-e, Tc-e turbiditic units with sharp to scoured bases overlain by QUARTZ FELDSPAR SAND WITH CLAY grading into SILTY CLAY and CLAY WITH CARBONATE SILT. Discontinous silt laminations are common throughout the core. Small (2-6 mm) nodules are present in Section 2, at 32, 94,120, and 145 cm. A larger (3 mm) nodule is present in Section 3,130 cm. ",CORE 31.2 - 41.85 MBSF
139,856,A,6,H,40.7,50.7,Pleistocene,"CLAY and QUARTZ FELDSPAR SAND Minor Lithologies: A small concentration of CARBONATE SAND WITH QUARTZ AND FELDSPAR is present in Section 3 at 124 to 126 cm. General Description: Stacked turbiditic fining-upward units with sharp and locally scoured bases overlain by QUARTZ FELDSPAR SAND, SANDY SILT, and CLAY. Disseminated pyrite is present in the coarse, sandy intervals of some of the turbidites. Calcite concretions also are located preferentially in the coarser intervals.",CORE 40.7 - 50.7 MBSF
139,856,A,7,H,50.2,60.44,Pleistocene ?,CLAY and QUARTZ PLAGIOCLASE SAND General Description: Fining-upward turbidite sequences wit variably sharp and scoured bases overlain by gray (N 5/ to 5B 5/1) QUARTZ PLAGIOCLASE SAND whic grades upward into CLAY. Disseminated pyrite is present in man of the coarser intervals as are small (1-3 mm) nodules of pyrite and calcite Two distinct beds of fine sand are present in Section 6 at 4-6 cm and 15-17 cm. These beds have sharp [scoured?) bases and sharp tops and exhibit no grain-size gradations. ,CORE 50.2 - 60.44 MBSF
139,856,A,8,H,59.7,69.74,Pleistocene,"CLAY and SANDY SILT Major Lithologies: CLAY, gray, hemipelagic, interbedded with SANDY SILT turbidites. The turbidites have sharp basal contacts with a serated interface. The thickest units are coarsest (about fine sand size) and often show parallel lamination. The turbiditic units are yellowish and more silty in Section 3. Minor Lithology: A few carbonate nodules are found, most frequently in the upper part of the turbidite units. The nodule at Section 4, 105 cm is very rich in pyrite. ",CORE 59.7 - 69.74 MBSF
139,856,A,9,H,69.2,79.45,Pleistocene ?,"CLAY and SILT AND SAND Major Lithologies: Hemipelagic CLAY is dark to medium gray (5Y 5/1, N5). Bioturbation is evident in Section 4. Turbiditic SILT AND SAND horizons are frequent and well defined. Basal contacts are sharp and usually erosive. Upper contacts are gradational. Larger turbiditic units have internal parallel lamellae. General Description: Common carbonate concretions up to 2 cm in diameter. Common layers of indurated, carbonate-rich sediment.",CORE 69.2 - 79.45 MBSF
139,856,A,10,X,78.7,81.95,Pleistocene ?,"CLAY and SILT AND SAND AND CLAY Major Lithologies: Indurated, dark gray (5Y 3/1) turbiditic units fine upward from fine SAND at the base through SILT, CLAYEY SILT AND SILTY CLAY. The turbidites have sharp basal contacts and gradational tops. Minor Lithology: CARBONATE CONCRETIONS up to the width of the core are present as discrete horizons in Sections 1 and the core catcher, and extend throughout most of Section 2. In Section 2, DISSEMINATED PYRITE is associated with the CARBONATE CONCRETIONS.",CORE 78.7 - 81.95 MBSF
139,856,A,11,X,86.2,88.89,Pleistocene ?,"SILTY CLAY Major Lithology: Dark gray (N4) well-indurated SILTY CLAY, finely laminated in places and altered to pale gray (N6) along fracture planes and more permeable strata. The sediment may have been altered by hot fluids generated by the intrusion of a silt into the sedimentary sequence. Minor Lithologies: Section 11X contains rhombic crystal molds (anhydrite?) at 110-130 cm. ",CORE 86.2 - 88.89 MBSF
139,856,A,12,X,95.7,98.12,Pleistocene ?,"SILTY CLAY Major Lithology: Well indurated, dark gray (N4) SILTY CLAY. Induration was probably caused by thermal metamorphism from the underlying sill. Sediment is fractured and is bleached to a pale gray along fractures and permeable strata. Sediment is locally laminated. Small pyrite euhedra are visible at Section 1, 66 cm. Minor Lithologies: Rhombic crystal molds (anhydrite?) are present at Section 1,123-126 cm.",CORE 95.7 - 98.12 MBSF
139,856,A,13,X,105.3,113.71,Pleistocene,"CLAY WITH QUARTZ FELDSPAR SILT, CLAY and SILTY SAND General Description: Core is brecciated by drilling and variably indurated The coarser grained material is less well-indurated than the clay-size material and, as a result, has been squeezed around brecciated blocks of finer grained sediment. The CLAY is dark gray (N 4/), homogenous, and locally burrowed. Convolute bedding is present at Section 4, 41-43 cm and 50-52 and 5,107-114 cm. Parallel to slightly wavy laminations are common in both the SILTY SAND and SILT intervals. Disseminated sulfide is present at irregular intervals throughout the core. Many of the lithified clasts have rectangular to rhombic holes left after the dissolution of an unknown mineral (anhydrite?). 139-856A-13X-CC UNIT 1: APHYRIC BASALT, UNIT 1: APHYRIC DIABASE, UNIT 1: APHYRIC DIABASE",CORE 105.3 - 113.71 MBSF
139,856,A,14,X,114.5,116.54,NA,"139-856 A-14X-1 UNIT 1: DIABASE, UNIT 1: MICRO-PORPHYRITIC DIABASE, UNIT 1: DIABASE ; 139-856A-14X-CC UNIT 1: PLAGIOCLASE-PHYRIC DIABASE",CORE 114.5 - 116.54 MBSF
