Expedition/Leg,Site,Hole,Core Number,Core Type,Top depth cored (m),Bottom depth recovered (m),Age,Description,Core ID
139,856,E,1,H,0,2.43,NA,"SULFIDE BRECCIA Major Lithology: Bronzy dark gray (approximately 5Y 2.5/2) massive SULFIDE BRECCIA composed of angular, variably-sized, clasts of massive chimney sulfides. Clast-supported with a matrix of fine-grain clastic sulfide. Clasts consist of an open network of hexagonal pyrrhotite that is infilled by sphalerite and Cu-Fe sulfides and that has been variably replaced by pyrite. Barite is minor. Interstitial silica cements the breccia. Minor Lithologies: METALLIFEROUS SEDIMENTS The surface oxidized portion of the core consists of a surficial brown Fe-oxide layer with gray gelatinous sulfides that formed by the oxidation of clastic sulfide at the sea floor: Section 1, 0-37 cm. This zone also contains common diatoms and well-preserved foraminifers. No nannos were observed A transition zone of light olive brown (2.5Y 5/4), Fe oxyhydroxides, sulfide grains and clasts is present at Section 1, 37-46 cm. Very dark gray (2.5Y 3/0) gelatinous sulfide clay with minor clasts of sulfide is present at Section 1, 46-50 cm. The greenish gray to olive yellow (5GY 6/1) gelatinous Fe oxyhydroxides in the core formed from the oxidation of sulfides. ",CORE 0 - 2.43 MBSF
,,,,,,,,,
,,,,,,,,,
,,,,,,,,,
,,,,,,,,,
,,,,,,,,,
