Expedition/Leg,Site,Hole,Core Number,Core Type,Top depth cored (m),Bottom depth recovered (m),Age,Description,Core ID
139,856,B,1,H,0,1.71,upper Pleistocene,"SILTY CLAY, CLAYEY SILT and MICACEOUS SILT General Description: Olive green (5Y 4/2) near-surface oxidized SILTY CLAY at Section 1, 0-11 cm. Surface layer is underlain by dark gray green (5Y 4/2 to 5G 4/1) SILTY CLAY with local layers and pockets of very dark gray  (5Y 3/1) micaceous CLAYEY SILT. Concentrations of forams are present locally on bedding planes and as small (2-4 mm) lenses.",CORE 0 - 1.71 MBSF
139,856,B,2,H,1.8,11.87,Pleistocene,"SILTY CLAY, SILTY SAND and SANDY SILT General Description: Gray (N4) to dark gray (N5) SILTY CLAY, SANDY SILT, and SILTY SAND in sharp-, locally scour-based, fining-upward turbidite sequences. Traces of disseminated pyrite are common in the coarser turbidite beds. Pyrite-filled burrows are present locally in the clayey intervals. ",CORE 1.8 - 11.87 MBSF
139,856,B,3,H,11.3,21.47,Pleistocene,"SILTY CLAY, SANDY SILT, CLAY and RESEDIMENTED MASSIVE SULFIDE General Description: Gray (5Y 4/1 to N 4) turbiditic SILTY SAND, SILTY CLAY, and CLAY with local pyrite nodules, silty laminations, and disseminated pyrite. Turbiditic sequence is underlain by, thinly bedded (1-3 cm), brownish black (5YR 2/1) RESEDIMENTED MASSIVE SULFIDE. The sulfide is interbedded with black (N 1/) and very light gray (N 8/) bands of stiff, waxy CLAY and contains fractures that are filled with white (N 9/) colliform material. Very dusky red (5R 2/6) magnetite zones are present locally and the sulfide beds exhibit pronounced grading at Section 6, 120-105 cm. Beds in both the MASSIVE SULFIDE and the turbiditic units record dips of approximately 30 degrees. ",CORE 11.3 - 21.47 MBSF
139,856,B,4,H,20.8,30.5,Pleistocene,"SIILTY CLAY, SANDY SILT, SILTY SAND and RESEDIMENTED MASSIVE SULFIDE General Description: Beds dip approximately 30 degrees and have been sheared by coring. Gray (N 4) turbiditic SILTY CLAY, SILTY SAND and SANDY SILT are interbedded with dark greenish gray (5B 4/1) turbiditic RESEDIMENTED MASSIVE SULFIDE. ",CORE 20.8 - 30.5 MBSF
139,856,B,5,H,30.3,40.4,Pleistocene ?,"SILTY CLAY, QUARTZ PLAGIOCLASE SANDY SILT, and SILTY SAND WITH PYRITE General Description: Interbedded, fining-upward, gray (N 4) to dark gray (N 6/) turbiditic SILTY CLAY, QUARTZ FELDSPAR SANDY SILT, and SILTY SAND WITH PYRITE. The strata are semi-lithified and commonly laminated. Pyrite is common in the silty and sandy intervals and rare nodules are present in the clayey intervals. ",CORE 30.3 - 40.4 MBSF
139,856,B,6,H,39.8,49.77,Pleistocene ?,"CLAST-SUPPORTED SILTY CLAY BRECCIA Major Lithology: CLAST-SUPPORTED SILTY CLAY BRECCIA contains disseminated pyrite throughout. Clay clasts are separated by a gray (N 6/) matrix of clay slurry. Lath-shaped crystal molds are common within this lithology. This was originally a hemipelagic mud which now contains recrystallized clay which underwent brittle deformation during overpressuring. Minor Lithology: CLAYEY SILT is the basal lithology of turbidite sequences. The CLAYEY SILT is commonly parallel bedded and locally convoluted and cross-bedded. Disseminated pyrite is commonly concentrated within these units probably due to their higher permeability. These beds were fluidized during overpressuring and they underwent plastic deformation. General Description: The sequence consists of turbidites interbedded with hemipelagic mud. The turbidites were apparently the locus of hydrothermal fluid migration. A typical ""unit"" consists of a basal, laminated, silt turbidite overlain by more or less coherent hemipelagic CLAY which is overlain by more brecciated clay. ",CORE 39.8 - 49.77 MBSF
139,856,B,7,H,49.3,59.36,Pleistocene ?,"SILTY CLAY Major Lithology: Gray (N5) SILTY CLAY, commonly bioturbated with lath-shaped crystal molds (anhydrite or barite?) scattered throughout, especially common in the darker CLAY beds. A few intervals contain microcrystalline quartz-replacecf bioclasts. Minor Lithology: Parallel laminated PLAGIOCLASE SILTY SAND and SILT are present as basal turbidites in a few intervals. General Description: There is a marked contrast between this core and Core 856B-6H. This core contains turbidites of finer grain size. There is also much more bioturbation evident. Rather than the intense brecciation observed in Core 6H-1, these sediments are fractured (almost totally), but rarely offset. Disseminated pyrite is abundant throughout. Pyrite-filled burrows are especially",CORE 49.3 - 59.36 MBSF
139,856,B,8,H,58.8,63.77,Pleistocene ?,"SILTY CLAY Major Lithology: SILTY CLAY, dark gray (N 4/), locally fractured or brecciated. Breccia clasts are well indurated and are angular to subrounded. The matrix is soft and lighter gray (N5/ and N6/) and consists of microbreccia of rounded SILTY CLAY clasts and altered CLAY. Pyrite occurs as clasts and as finely disseminated crystals and is most concentrated in the matrix. Minor Lithologies: SILT AND FINE SAND turbiditic units are pale gray (N5), display sharp lower contacts, and fine upwards into a gradational upper contact. BASALT WITH BAKED SEDIMENT occurs in core catcher. General Description: Pyrite occurs in nodules and as disseminated crystals throughout. Molds of lath-shaped crystals occur (anhydrite?) discontinuously throughout the core. 139-856B-8H-CC UNIT 1: MODERATELY PLAGIOCLASE-PHYRIC METABASALT",CORE 58.8 - 63.77 MBSF
139,856,B,9,X,62.3,65.7,Pleistocene ?,"SILTY CLAY Major Lithology: Well-indurated SILTY CLAY, in places weakly laminated. Disseminated pyrite and molds of lath-shaped crystals (anhydrite?) are present locally. Near the base of the section the molds are filled with pyrite. Minor Lithology: SILT AND CLAYEY SILT Turbiditic units have sharp bases, gradational upper contacts, and laminations or thin beds. General Description: Interbedded turbidites and hemipelagic clay. The clay units are often highly fractured or brecciated. Pyrite is present but less abundant than in overlying cores. 139-856B-9X-1 UNIT 1: SPARSELY PLAGIOCLASE-PHYRIC BASALT",CORE 62.3 - 65.7 MBSF
139,856,B,10,H,70.8,73.25,Pleistocene ?,"CLAY, SILTY CLAY and SILTY SAND General Description: Moderately indurated gray (N 5/ to N 6/) SILT, SILTY CLAY, and CLAY. The upper portion of core is very disturbed to soupy and contains scattered clasts of basalt (up to 2 cm) and local pyrite nodules (2 mm to 3 cm). The basalt clasts are fine grained with 3 mm Plagioclase phenocrysts and small (1 mm) grains, probably spinel. Sharp-based, fining upward sequences of SILT and SILTY CLAY are visible in the less disturbed intervals.",CORE 70.8 - 73.25 MBSF
139,856,B,11,X,73.3,80.46,Pleistocene ?,"SILTSTONE, SANDSTONE, CLAYSTONE and SILTY CLAYSTONE General Description: Moderately to well-indurated sediments becoming more indurated down core Sections 4 through CC are characterized by sequences of medium-grained SANDSTONE grading upward into fine SANDSTONE, and SILTSTONE. The fining-upward units contain parallel laminations, flame structures, and convolute bedding, are locally pyritic, and are typically capped by gray SILTY CLAYSTONE.",CORE 73.3 - 80.46 MBSF
139,856,B,12,X,81.6,89.51,Pleistocene ?,"SANDSTONE, SILTSTONE and SILTY CLAYSTONE General Description: Fining-upward sequences of mediumand fine-grained SANDSTONE, SILTSTONE, and SILTY CLAYSTONE. Sequences have sharp (locally scoured) bases, are locally massive at the base, and typically exhibit parallel to wavy laminations, crossbedding, convolute bedding with mud rip-up clasts, and micro cross-laminations. The SILTY CLAYSTONE is typically massive. The entire core is slightly pyritic and discrete pyrite nodules and grains are present at Section 3, 7 cm; Section 4, 0-3 cm; Section 5, 106-124 cm; and CC, 0-21 cm.",CORE 81.6 - 89.51 MBSF
139,856,B,13,X,91.1,97.43,Pleistocene ?,"SANDSTONE, SILTSTONE and SILTY CLAYSTONE General Description: Fining-upward sequences of SANDSTONE, SILTSTONE, and SILTY CLAYSTONE. Sequences typically have sharp bases (locally scoured) overlain by medium- to fine-grained SANDSTONE that commonly displays cross laminations, planar laminations, and convolute bedding. The SANDSTONE grades upward into planar laminated SILTSTONE and SILTY CLAYSTONE. The SILTSTONE and CLAYSTONE intervals are commonly bioturbated. The entire core contains disseminated pyrite; pyrite concentrations are typically less than 3%. Discrete, lamination-parallel layers of secondary pyrite are common, as are scattered large (1-4 mm) pyrite crystals and burrow-filling pyrite. ",CORE 91.1 - 97.43 MBSF
139,856,B,14,X,100.8,106.56,Pleistocene ?,"SILTSTONE AND SILTSTONE WITH SULFIDE, SANDSTONE AND SULFIDIC SANDSTONE and SILTY CLAYSTONE AND SILTY CLAYSTONE WITH SULFIDE General Description: Stacked turbiditic SANDSTONE, SILTSTONE, and SILTY CLAYSTONE as in previous core from Hole 856B, but with more sulfide mineralization. Turbidite units contain massive, planar laminated, cross-laminated SANDSTONE and laminated, convolute bedded, and bioturbated SILTSTONES and SILTY CLAYSTONE. Black layers in the SANDSTONE from Section 3 down are probably marcasite and sphalerite. The sulfide in this core is more leached than in previous core and is tarnished to black. There is more marcasite here than up-hole, and disseminated sphalerite (unrecognized in previous cores) is present in this core. ",CORE 100.8 - 106.56 MBSF
139,856,B,15,X,110.4,118.34,Pleistocene ?,"SILICIFIED SILTSTONE, SILICIFIED SILTY CLAYSTONE and SILICIFIED SANDSTONE General Description: Highly mineralized, fining-upward, gray (N 4/) to greenish gray (5GY 6/1) turbidite sequences. Alteration is pervasive: mineralization (pyrite, sphalerite, chalcopyrite, and pyrrotite are all present in this core) occurs along laminations, as fracture-filling, in burrows, veins, and as disseminated crystals and grains throughout the SILICIFIED, turbiditic, SANDSTONE, SILTSTONE, and SILTY CLAYSTONE. Sulfide minerals make up approximately 0.5% of the core. Some zones are completely silicified. ",CORE 110.4 - 118.34 MBSF
139,856,B,16,X,120.1,120.78,Pleistocene,SILTSTONE and BASALT CLASTS General Description: Drilling breccia. Silicified and altered SILTSTONE and BASALT clasts (probably from the core barrel) with aggregates of chalcopyrite and euhedral pyrite. Basalt clast in Section CC has a red zone of alteration between it and the sediments indicating that it is a sill. 139-856B-16X-CC UNIT 1: SPARSELY OLIVINE-PLAGIOCLASE PHYRIC BASALT,CORE 120.1 - 120.78 MBSF
