Expedition/Leg,Site,Hole,Core Number,Core Type,Top depth cored (m),Bottom depth recovered (m),Age,Description,Core ID
134,829,C,1,H,0,8.23,Pleistocene,"CLAYEY SANDY VOLCANIC SILT Major lithology: The core consists of very dark greenish gray (10Y 3/1), structureless, CLAYEY SANDY VOLCANIC SILT with a few scattered foraminifers. The uppermost part of the core, Section 1, 0-20 cm, is similar in composition, but is brown (10YR 4/3) in color. Some intervals are mottled, and a few poorly defined ash layers are scattered through the core. A 1 mm layer of sponge spicules occurs in Section 3, 145 cm.",CORE 0 - 8.23 MBSF
134,829,C,2,H,8.3,17.72,Pleistocene,CLAYEY SANDY VOLCANIC SILT Major Mhology The core consists of very dark greenish gray (10Y 3/1). CLAYEY SANDY VOLCANIC SILT with a few scattered foraminifers. Some intervals mottled and a few poorly defined ash layers are scattered through the core. ,CORE 8.3 - 17.72 MBSF
134,829,C,3,H,17.8,27.66,Pleistocene,"CLAYEY VOLCANIC SILT Major lilhology: The core consists of dark greenish gray (10Y 4/1), structureless CLAYEY VOLCANIC SILT. A subvertical, 2 cm thick ash layer crosses Section 2 at 129-140 cm, moreover, other poorly defined, dark, sandy ash layers are scattered throughout the core. Minor lithology: Section 1 consists of clayey sandy volcanic silt. ",CORE 17.8 - 27.66 MBSF
134,829,C,4,H,27.3,30.21,Pleistocene,"CLAYEY VOLCANIC SILT Major lithology. The core consists of dark greenish gray (10Y 4/1), structureless CLAYEY VOLCANIC SILT ",CORE 27.3 - 30.21 MBSF
134,829,C,5,H,30.3,37.94,Pleistocene,"CLAYEY VOLCANIC SILT Major lithology: The core consists of dark to very dark greenish gray (10Y 4/1 to 10Y 3/1), structureless CLAYEY VOLCANIC SILT with scattered pumice fragments and poorly defined layers of sandy ash. ",CORE 30.3 - 37.94 MBSF
134,829,C,6,H,38,38.02,Pleistocene,2 cm recovered: given all to Paleontologists. ,CORE 38 - 38.02 MBSF
134,829,C,7,H,47.5,50.02,Pleistocene,"SILTY FORAMINIFERAL MIXED SEDIMENT Major lithology; The core consists of light greenish gray (10Y 6/1) SILTY FORAMINIFERAL MIXED SEDIMENT with scattered layers and clasts of foraminiferal-rich sand, and one lens of dark gray, glassy volcanic silt (Section 1, 118-120 cm). ",CORE 47.5 - 50.02 MBSF
134,829,C,8,H,50,51.85,Pleistocene,"FORAMINIFERAL SILTY MIXED SEDIMENT and VOLCANIC SILTY SAND Major lithology: Section 1. 0-55 cm. and Section CC consist of light greenish gray (10Y 6/1) to greenish gray (10Y 5/1) FORAMINIFERAL SILTY MIXED SEDIMENT, with patches of silty and patches of foraminiferal-rich sediment. Section 1. 55-150 cm. consists of dark greenish gray (10Y 4/1) VOLCANIC SILTY SAND with foraminifers. ",CORE 50 - 51.85 MBSF
134,829,C,9,H,52,61.08,early Miocene,"FORAMINIFERAL VOLCANIC SILT and SILTY FORAMINIFERAL OOZE Major lithoiogy: Section 1 is primarily gray (2.5Y 5/0) FORAMINIFERAL VOLCANIC SILT with clasts and layers of pale yellowish white (2.5Y 8/3) SILTY FORAMINIFERAL OOZE at intervals 4-12 and 115-120 cm. Section 5, 70-150 cm, through Section 6, 0-72 cm, is soupy, pale yellowish white (2.5Y 8/3) FORAMINIFERAL OOZE. The rest ol the core consists ot the same two lithologies in a core flow in pattern that has gray silt on the edges of the core and pale ooze in the center of the core. ",CORE 52 - 61.08 MBSF
134,829,C,10,H,57.3,58.31,Pleistocene,FORAMINIFERAL SILTY MIXED SEDIMENT Major lithology: Section 1. 0-82 cm. consists of gray to greenish gray (2.5Y 5/0 to 10Y 5/1) FORAMINIFERAL SILTY MIXED SEDIMENT with clasts of volcanic silt and pale yellowish white (2.5Y 8/3) calcareous chalk. Minor lithology: The 17 cm of sediment in Section CC is gray (5Y 5/1) CLAYEY SILT with foraminifers. ,CORE 57.3 - 58.31 MBSF
134,829,C,11,H,58.3,58.43,Pleistocene,FORAMINIFERAL CHALK Major lithology: The 13 cm of recovered sediment is light gray (5Y 7/1) FORAMINIFERAL CHALK. ,CORE 58.3 - 58.43 MBSF
