Expedition/Leg,Site,Hole,Core Number,Core Type,Top depth cored (m),Bottom depth recovered (m),Age,Description,Core ID
130,805,A,1,H,0,2.99,Pleistocene,SEDIMENT TYPE This core was not opened on ship.,CORE 0 - 2.99 MBSF
130,805,A,2,H,3,12.94,Pleistocene,SEDIMENT TYPE This core was not opened on ship.,CORE 3 - 12.94 MBSF
130,805,A,3,H,12.5,22.36,Pleistocene,SEDIMENT TYPE This core was not opened on ship.,CORE 12.5 - 22.36 MBSF
130,805,A,4,H,22,31.74,Pleistocene,SEDIMENT TYPE This core was not opened on ship.,CORE 22 - 31.74 MBSF
130,805,A,5,H,31.5,41.23,upper Pliocene,SEDIMENT TYPE This core was not opened on ship.,CORE 31.5 - 41.23 MBSF
130,805,A,6,H,41,50.96,upper Pliocene,SEDIMENT TYPE This core was not opened on ship.,CORE 41 - 50.96 MBSF
