Expedition/Leg,Site,Hole,Core Number,Core Type,Top depth cored (m),Bottom depth recovered (m),Age,Description,Core ID
130,805,B,1,H,0,6.7,Pleistocene,FORAMINIFER NANNOFOSSIL OOZE and NANNOFOSSIL OOZE with FORAMINIFERS Major lithology This core contains FORAMINIFER NANNOFOSSIL OOZE in Sections 1 through 3. and grades into NANNOFOSSIL OOZE with FORAMINIFERS in Sections 4 and 5. The color of the sediment grades from pale brown (10YR 6/3) at the top of Section 1 to light gray (10YR 7/2) in Section 2. The remainder of the core is light gray (2.5YR 7/1). The sediments are mottled by slight to heavy bioturbation SMEAR SLIDE SUMMARY {%): Silt Clay COMPOSITION: Diatoms Nannofossils Radiola?a?s Siliceous sponge spicule ,CORE 0 - 6.7 MBSF
130,805,B,2,H,6.7,16.47,Pleistocene,"NANNOFOSSIL OOZE with FORAMINIFERS and NANNOFOSSIL OOZE Major lithology: This core contains NANNOFOSSIL OOZE with FORAMINIFERS, grading to NANNOFOSSIL OOZE in Section 7. The core is light gray (5Y 7/1, 2.5Y 7/0, and N7/), with faint gray (5Y 5/1 and 5Y 6/1), grayish blue (5PB 5/2), pale blue (5PB 7/2), pale purple (5P 6/2) and light greenish gray (5G 7/1) color bands. Bioturbation is slight to heavy throughout the core. ",CORE 6.7 - 16.47 MBSF
130,805,B,3,H,16.2,25.9,Pleistocene,"NANNOFOSSIL OOZE with FORAMINIFERS Major lithology: This core contains NANNOFOSSIL OOZE with FORAMINIFERS. The sediment is white (5Y 8/1) with light gray mottling due to bioturbation. The burrows are often pyritized. Faint to sharp, cm-size, pale purple (5P 6/2), pale green (10G 6/2), gray (N6/), bluish gray (SB 6/1) and light greenish gray (5G 7/1) color bands cross and thus postdate bioturbation features. ",CORE 16.2 - 25.9 MBSF
130,805,B,4,H,25.7,35.75,upper Pliocene-Pleistocene,"NANNOFOSSIL OOZE with FORAMINIFERS Mapr lithology: This core contains NANNOFOSSIL OOZE with FORAMINIFERS. The sediment is white (5Y 8/1 to 2.5Y 8/0) with light gray mottling due to bioturbation. Numerous faint to sharp, pale green (1OG 6/2), light greenish gray (5G 7/1), pale purple (5P 6/2), and grayish purple (5P 4/2) color bands are observed throughout the core. ",CORE 25.7 - 35.75 MBSF
130,805,B,5,H,35.2,45.2,upper Pliocene,"NANNOFOSSIL OOZE with FORAMINIFERS Major lithology: This core contains NANNOFOSSIL OOZE with FORAMINIFERS. The sediment is white (5Y 8/1 to 2.5Y 8/0), with minor to abundant light gray (5Y 7/1) and light olive gray (5Y 6/2) mottling throughout. Diffuse to well-defined, light gray (N7/), light greenish gray (5G 7/1), greenish gray (5G 6/1), grayish blue (5PB 5/2), and pale blue (5PB 7/2) color bands  common. A pyrite concretion, approximately 0.5 cm in diameter, was recovered in Section 2, 25 cm.",CORE 35.2 - 45.2 MBSF
130,805,B,6,H,44.7,54.66,upper Pliocene,"NANNOFOSSIL OOZE with FORAMINIFERS Major lithology: This core consists of white (7.5YR 8/0 and 2.5Y 8/0 below Section 4) NANNOFOSSIL OOZE with FORAMINIFERS. Moderate to heavy bioturbation is indicated by light gray (5Y 7/1 and 5Y 7/2) mottles and pyritized burrow fills. Diffuse, light gray/gray (7.5YR 5/2 and 7.5YR 6/0) and light greenish gray (5GY 7/1) color bands are common in Sections 2 through 7.",CORE 44.7 - 54.66 MBSF
130,805,B,7,H,54.2,63.85,upper Pliocene,"NANNOFOSSIL OOZE with FORAMINIFERS Major lithology: This core contains NANNOFOSSIL OOZE with FORAMINIFERS. The sediment is predominantly white (2.5Y 8/0) but exhibits extensive color banding in shades of reddish gray (5R 6/1), pale yellowish green (10GY 7/2), and light gray (2.5Y 7/2). The bands are 5 to 15 mm thick and are spaced at intervals of 1 to 3 cm. The sediment is bioturbated, as indicated by mottling and pyritic burrow fills. ",CORE 54.2 - 63.85 MBSF
130,805,B,8,H,63.7,73.53,upper Pliocene,"NANNOFOSSIL OOZE Major lithology: This core contains homogeneous, white (2.5YR 8/0) NANNOFOSSIL OOZE. The sediment is moderately to heavily bioturbated as seen in abundant light gray (2.5YR 7/2) mottles and burrow fills as well as pyritized burrow fills. Some pyritized burrows are surrounded by reddish gray (5R 6/1) halos. Centimeter thick, pale yellowish green (10GY 7/2) and reddish gray (5R 6/1) color bands are observed in all sections.",CORE 63.7 - 73.53 MBSF
130,805,B,9,H,73.2,83.3,lower Pliocene,"NANNOFOSSIL OOZE with FORAMINIFERS Major lithology: This core contains NANNOFOSSIL OOZE with FORAMINIFERS. The sediment is predominantly white (2.5Y 8/0) but exhibits extensive color banding in shades of reddish gray (5R 6/1) and pale yellowish green (10GY 7/2). The bands are 0.5 to 1.5 cm thick, and occur either as individual bands or as packages 3 to 5 cm thick. Large, light gray (25Y 7/2) mottles, py?tized burrow fills, and trace fossils with reddish gray halos are indicative of heavy bioturbation. The halos are as much as 3 cm in diameter. ",CORE 73.2 - 83.3 MBSF
130,805,B,10,H,82.7,92.82,lower Pliocene,"NANNOFOSSIL OOZE with FORAMINIFERS Maior lithology: This core contains NANNOFOSSIL OOZE with FORAMINIFERS. The sediment is predominantly white (2.5Y 8/0) but exhibits extensive color banding in shades of reddish gray (5R 6/1) and pale yellowish green (10GY 7/2). The bands are 0 5 to 1.5 cm thick and spaced up to 10 cm apart. Large, light gray (2.5Y 7/2) mottles, pyritized burrow fills, and trace fossils with reddish gray halos indicate severe bioturbation. The halos are up to 3 cm in diameter. ",CORE 82.7 - 92.82 MBSF
130,805,B,11,H,92.2,102.1,lower Pliocene,"NANNOFOSSIL OOZE with FORAMINIFERS Major lithology: This core contains NANNOFOSSIL OOZE with FORAMINIFERS. The sediment is predominantly white (2.5Y 8/0) but exhibits frequent color banding in shades of reddish gray (5R 6/1) and pale yellowish green (10GY 7/2), The bands are 0.5 to 1.5 cm thick and spaced up to 10 cm apart. Large, light gray (2.5Y 7/2) mottles, pyritized burrow fills, and race fossils with reddish gray halos indicate severe bioturbation. The halos are up to 3 cm in diameter.",CORE 92.2 - 102.1 MBSF
130,805,B,12,H,101.7,111.26,lower Pliocene,"NANNOFOSSIL OOZE with FORAMINIFERS Major lithology: This core consists of homogeneous, white (2.5Y 8/0) NANNOFOSSIL OOZE with FORAMINIFERS. The sediment is moderately to heavily bioturbated as indicated by mottles and large (cm scale) burrows and pyritized burrow tills. Abundant, taint, cm thick, pale yellowish green (1OGY 7/2) and reddish gray (5R 6/1) color bands are noted. In Sections 2, 3, and 6, a few color bands are offset by micro-faulting.",CORE 101.7 - 111.26 MBSF
130,805,B,13,H,111.2,121.09,lower Pliocene,"NANNOFOSSIL OOZE with FORAMINIFERS Major lithology: This core contains homogeneous, white (2.5Y 8/0) NANNOFOSSIL OOZE with FORAMINIFERS. The sediment is heavily bioturbated as indicated by mottles, large (cm-scale) burrows and pyritized burrow tills. Abundant, faint, cm-thick, pale green (10G 6/2), Dale purple (5P 6/2) and light gray (2.5Y 7/2) color bands are present throughout the core. ",CORE 111.2 - 121.09 MBSF
130,805,B,14,H,120.7,130.61,upper Miocene,"NANNOFOSSIL OOZE with FORAMINIFERS Major lithology: This core contains homogeneous, white (2.5Y 8/0) NANNOFOSSIL OOZE with FORAMlNIFERS.The sediment is heavily bioturbated as indicated by mottles and large (cm-scale) burrows with mm-size, pyritic linings. Diffuse to sharp, pale green (10G 6/2), pale purple (5P 6/2), pale blue (5PB 7/2), grayish blue (5PB 5/2), light gray (2.5Y 7/2), and light greenish gray (5G 7/1) color bands and mottles are abundant throughout the core.",CORE 120.7 - 130.61 MBSF
130,805,B,15,H,130.2,139.97,upper Miocene,"NANNOFOSSIL OOZE with FORAMINIFERS Major lithology: This core contains homogeneous, white (2.5Y 8/0) NANNOFOSSIL OOZE with FORAMINIFERS. The sediment is heavily bioturbated with abundant cm scale horizontal light gray (5Y 7/1) burrows and common cm scale vertical burrows. Diffuse pale green (1OG 6/2), pale purple (5P 6/2), pale blue (5PB 7/2), grayish blue (5PB 5/2), light gray (2.5Y 7/2), and light greenish gray (5G 7/1) color bands and mottles are present throughout the core.",CORE 130.2 - 139.97 MBSF
130,805,B,16,H,139.7,149.76,upper Miocene,"NANNOFOSSIL OOZE with FORAMINIFERS Major lithology: This core contains white (2.5Y 8/0) NANNOFOSSIL OOZE with FORAMINIFERS. The sediment is moderately to heavily bioturbated with abundant cm scale, horizontal, light gray (5Y 7/1) and pale blue (5PB 7/2) burrow mottles. Millimeter scale, pyritic burrow (ills are common. Faint, pale blue (5PB 7/2), pale purple (5P 6/2), and light greenish gray (5G 7/1) color bands are common; microtaulted color bands are present at Section 3, 102 cm; Section 5, 90 cm; Section 6. 87 cm; and Section 7, 20 and 80 cm. ",CORE 139.7 - 149.76 MBSF
130,805,B,17,H,149.2,158.88,upper Miocene,"NANNOFOSSIL OOZE with FORAMINIFERS Major lithology: This core contains white (2.5Y 8/0) NANNOFOSSIL OOZE with FORAMINIFERS. The sediment is moderately to heavily bioturbated throughout with abundant cm scale, horizontal, light gray (5Y 7/1), pale purple (5P 6/2) and pale blue (5PB 7/2) burrow mottles. Millimeter scale, pyritic burrow fills are common. Faint pale blue (5PB 7/2), pale purple (5P 6/2), and light greenish gray (5G 7/1) color bands are common. ",CORE 149.2 - 158.88 MBSF
130,805,B,18,H,158.7,168.2,upper Miocene,"NANNOFOSSIL OOZE with FORAMINIFERS Major lithology: This core contains white (2.5Y 8/0), moderately to heavily bioturbated NANNOFOSSIL OOZE with FORAMINIFERS. Mottling and diffuse, light gray (5Y 7/1, 2 5Y 7/2), pale blue (5PB 7/2), and pale purple (5P 6/2) color bands are common throughout the core. Microfaulted color bands were observed at Section 2, 145 cm; Section 3, 74 and 90 cm; and Section 5, 70-85 cm.",CORE 158.7 - 168.2 MBSF
130,805,B,19,H,168.2,176.61,upper Miocene,"NANNOFOSSIL OOZE Major lithology: This core contains white (2.5Y 8/0 and 5Y 8/0), moderately to heavily bio- turbated NANNOFOSSIL OOZE. Mottling, pyritized burrows and diffuse, light gray (5Y 7/1, 2.5Y 7/2)), pale blue (5PB 7/2), and pale purple (5P 6/2) color bands are common throughout the core.",CORE 168.2 - 176.61 MBSF
130,805,B,20,H,177.7,187.5,upper Miocene,"NANNOFOSSIL OOZE Major lithology: This core contains white (2 5Y 8/0). moderately to heavily bioturbated NANNOFOSSIL OOZE. Mottling, py?tized burrows and diffuse light gray (5Y 7/1, 2.5Y 7/2, 5Y 7/1)), pale blue (5PB 7/2), and pale purple (5P 6/2) color bands are common throughout the core. Some color bands in Section 1 are vertical and cross burrows and other horizontal structures. ",CORE 177.7 - 187.5 MBSF
130,805,B,21,H,187.2,196.79,upper Miocene,"NANNOFOSSIL OOZE Major lithology: This core contains white (2.5Y 8/0). moderately to heavily bioturbated NANNOFOSSIL OOZE. Mottling, pyritized burrows, and faint diffuse light gray (5Y 7/1), pale purple (5P 6/2) and grayish blue (5PB 5/2) color bands are common throughout the core. The pale purple (5P 6/2) color bands generally are horizontal, but a few are inclined. ",CORE 187.2 - 196.79 MBSF
130,805,B,22,H,196.7,206.49,upper Miocene,"NANNOFOSSIL OOZE Major lithology: This core contains white (2.5Y 8/0) NANNOFOSSIL OOZE. The sediment is slightly to moderately bioturbated throughout, predominantly indicated by mm scale pyritized burrows. Diffuse, light gray (5Y 7/1) and pale purple (5P 6/2) color bands are present, but their abundance decreases downcore.",CORE 196.7 - 206.49 MBSF
130,805,B,23,H,206.2,215.99,upper Miocene,"NANNOFOSSIL OOZE with FORAMINIFERS Major lithology: This core contains white (2.5Y 8/0) NANNOFOSSIL OOZE with FORAMIN- FERS. The sediment is moderately to heavily bioturbated throughout, indicated by mm scale, pyritized burrows (with purple halos) and light gray (5Y 7/1) cm scale mottling. Diffuse light gray (5Y 7/1), pale purple (5P 6/2) and light greenish gray (5G 7/1) color bands are common. Occasional microfaults, shown by displacement in the color bands, are present.",CORE 206.2 - 215.99 MBSF
130,805,B,24,H,215.7,225.53,upper Miocene,"NANNOFOSSIL OOZE with FORAMINIFERS Major lithology: This core contains white (2.5Y 8/0) NANNOFOSSIL OOZE with FORAMINI- FERS. The sediment is heavily bioturbated throughout, indicated by mm-scale, pyritized burrows (with purple halos) and cm scale, light gray (5Y 7/1) mottling. Diffuse, pale purple (5P 6/2), reddish gray (5R 6/1), and light greenish gray (5G 7/1) color bands are common. ",CORE 215.7 - 225.53 MBSF
130,805,B,25,H,225.2,235.01,upper Miocene,"FORAMINIFER NANNOFOSSIL OOZE Major lithology: This core contains white (2.5Y 8/0) FORAMINIFER NANNOFOSSIL OOZE. Frequent, diffuse, pale purple (5P 6/2), reddish gray (5R 6/1), and light greenish gray (5G 7/1) color bands are present These color bands are on the order of 1 cm thick and are spaced approximately 5 to 10 cm apart. The sediments are heavily bioturbated, evident fron abundant pyrite-filled burrows and light gray (5Y 7/1) mottles. ",CORE 225.2 - 235.01 MBSF
130,805,B,26,H,234.7,244.69,upper Miocene,"FORAMINIFER NANNOFOSSIL OOZE Major lithology: This core contains white (2.5Y 8/0) FORAMINIFER NANNOFOSSIL OOZE. Pervasive, subho?zontal, faint color bands and streaks of reddish gray (5R 6/1), light gray (2.5Y 7/2), and, to a lesser extent, pale yellowish green (10GY 7/2) occur throughout the core. Mottling, as well as pyrite specks and streaks, attest to extensive bioturbation. Color bands are 5 to 15 mm thick and are spaced at 1 to 10 cm intervals. Some cm thick zones exhibit significant induration. ",CORE 234.7 - 244.69 MBSF
130,805,B,27,H,244.2,254.38,upper Miocene,"FORAMINIFER NANNOFOSSIL OOZE Major lithology: This core contains while (2.5Y 8/0) FORAMINIFER NANNOFOSSIL OOZE. Sub-horizontal, faint color bands and streaks ot reddish gray (5R 6/1), light gray (2.5Y 7/2), and pale yellowish green (10GY 7/2) are present throughout the core. Green bands are commonly adjacent to, but above, the reddish gray bands. Bands are 5 to 15 mm thick and are spaced at 1 to 10 cm intervals. The mottles and the pyrite specks and streaks are evidence of bioturbation. Some cm-thick zones in the upper 4 sections exhibit significant induration. Sections 5-8 are stiff to hard.",CORE 244.2 - 254.38 MBSF
130,805,B,28,H,253.7,263.66,middle Miocene,"NANNOFOSSIL OOZE with FORAMINIFERS Major lithology: This core contains white (2.5Y 8/0) NANNOFOSSIL OOZE with FORAMINI- FERS. Bioturbation is slight, as indicated by few mottles and pyrite specks. Few faint, cm-thick, reddish gray (5R 6/1) and pale yellowish green (10G Y 7/2) color bands are observed. In Sections 5, 6 and 7, some color bands dip at shallow to steep angles. In Section 5 they dip in various directions. Three reddish gray (10GY 7/2) intervals (between 10 and 15 cm thick) are noted in Sections 4, 6 and 7, and have sharp color contacts at the bottom (Sections 4, 7) and the top (Section 7). The sediment is stiff, with cm scale intervals being significantly indurated.",CORE 253.7 - 263.66 MBSF
130,805,B,29,X,263.2,271.61,middle Miocene,"FORAMINIFER NANNOFOSSIL OOZE Maior lithology: This core contains white (2.5Y 8/0), slightly bioturbated FORAMINIFER NANNOFOSSIL OOZE. Faint pale yellow green (10GY 7/2), reddish gray (5R 6/1), pale blue (5B 7/2), and pale purple (5P 6/2) color bands are common throughout the core. These color bands are 1 -3 cm and are typically horizontal. Within Sections 1 and 2, the color bands sometimes dip in opposite directions. The sediment in this core is very stiff and some thin (1 to 7 cm thick) horizons are hard.",CORE 263.2 - 271.61 MBSF
130,805,B,30,X,272.9,282.03,middle Miocene,"NANNOFOSSIL OOZE with FORAMINIFERS Major lithology: This core contains white (2.5Y 8/0) NANNOFOSSIL OOZE with FORAMINI- FERS. It is relatively homogeneous, with scattered pyrite specks and streaks indicative of bioturbation. Rare, faint, reddish gray (5R 6/1) and pale yellow green (10GY 7/2) color bands are observed. The ooze is very stiff, with interbedded indurated zones. ",CORE 272.9 - 282.03 MBSF
130,805,B,31,X,282.5,291.52,middle Miocene,"NANNOFOSSIL CHALK with FORAMINIFERS Major lithology: This core contains white (2.5Y 8/0), bioturbated and mottled NANNOFOSSIL CHALK with FORAMINIFERS. Intervals ot 1 to 5 mm thick, reddish gray (5R 6/2) and pale yellowish green (10GY 7/2) color bands are spaced 10 to 50 cm apart. The sediment is composed of numerous biscuits,which are locally interbedded with ooze. ",CORE 282.5 - 291.52 MBSF
130,805,B,32,X,292.2,299.44,middle Miocene,"NANNOFOSSIL CHALK with FORAMINIFERS Major lithology: This core contains white (2.5Y 8/0), bioturbated and mottled NANNOFOSSIL CHALK with FORAMINIFERS. The percentage of foraminifers increases in Section 5. The sediment exhibits discrete, cm thick zones that contain mm scale, reddish gray (5R 6/2) and pale yellowish green (10GY 7/2) color bands. The core is highly fractured by drilling, resulting in biscuits.",CORE 292.2 - 299.44 MBSF
130,805,B,33,X,301.4,310.37,middle Miocene,"Interbedded FORAMINIFER NANNOFOSSIL CHALK and OOZE Major lithology: Aboul 75% of this core is white (2.5Y 8/0) FORAMINIFER NANNOFOSSIL CHALK. The sediment is sandy as a result of the high percentage of foraminifers in the core. A high degree of drilling disturbance has produced biscuits of chalk that have been rotated and fractured. Occasional distinct, mm to cm scale, reddish gray (5R 6/1) to very dusky purple (5P2/2) color bands are apparent, although they are often tilted and disrupted in the drilling process. Occasional burrow mottles and pyntized burrows are also obvious. About 25% of this core is FORAMINIFER NANNOFOSSIL OOZE. The ooze is similar to the chalk, but is not indurated. It is stiff and has been compacted and deformed in the drilling process, but appears to be real and is distinguished from drilling slough by the presence of frequent color bands that are often disturbed. From observations of contact surfaces with the chalk interbeds, it is apparent that drilling has compacted and removed some of the ooze interbeds. ",CORE 301.4 - 310.37 MBSF
130,805,B,34,X,311,318.78,middle Miocene,"FORAMINIFER NANNOFOSSIL CHALK Major lithology: This core contains slightly to moderately bioturbated FORAMINIFER NANNO- FOSSIL CHALK, which is predominantly white (2.5Y 8/0), but also has minor zones of pale yellowish green (10GY 7/2), reddish gray (5R 6/1), light gray (N7/), and pale purple (5P 6/2). Distinct mm scale, greenish gray (5G 6/1), gray (N7/), and pale purple (5P 6/2) color bands are abundant and are located in several 10 to 30 cm thick intervals. ",CORE 311 - 318.78 MBSF
130,805,B,35,X,320.5,328.31,middle Miocene,"FORAMINIFER NANNOFOSSIL CHALK Major lithology: This core contains slightly bioturbated FORAMINIFER NANNOFOSSIL CHALK, which is predominantly white (2.5Y 8/0), but also has minor zones of pale blue (5PB 7/1). Distinct, mm scale, greenish gray (5G 6/1), gray (N7/), and grayish blue (5PB 7/2) color bands are common in several 10 to 30 cm thick intervals. ",CORE 320.5 - 328.31 MBSF
130,805,B,36,X,330,337.9,middle Miocene,"FORAMINIFER NANNOFOSSIL CHALK Major lithology: This core contains white (2.5Y 8/0), slightly bioturbated FORAMINIFER NANNOFOSSIL CHALK. Faint white (5Y 8/1) mottling and specks of dark gray (2.5Y 4/0); common throughout the core. ",CORE 330 - 337.9 MBSF
130,805,B,37,X,339.7,348.11,middle Miocene,"FORAMINIFER NANNOFOSSIL CHALK Major lithology: This core contains slightly bioturbated FORAMINIFER NANNOFOSSIL CHALK. It is predominantly white (2.5Y 8/0) in color, but Section 1 has small intervals that grade into pale blue (5PB 7/1). Dusky blue (5PB 3/2) and pale blue (5PB 7/1) color bands are common in Section 3.",CORE 339.7 - 348.11 MBSF
130,805,B,38,X,349.4,356.91,middle Miocene,"FORAMINIFER NANNOFOSSIL CHALK Major lithology: This core contains slightly bioturbated FORAMINIFER NANNOFOSSIL CHALK. It is predominantly white (2.5Y 8/0), with short intervals which grade into pinkish white (5YR 8/2) in Sections 4 and 5. Sections 1 and 2 are biscuited. Distinct, mm size, light greenish gray (5G 8/1) and pale blue (5PB 7/1) color bands are common in Sections 2 and 3. ",CORE 349.4 - 356.91 MBSF
130,805,B,39,X,359,367.99,middle Miocene,"FORAMINIFER NANNOFOSSIL CHALK Major lithology: This core contains slightly to moderately bioturbated FORAMINIFER NANNOFOSSIL CHALK. It is predominantly white (2.5Y 8/0), but grades to pale pink (5RP 8/2), white (10Y 8/1), and pale purple (5P 6/2) in intervals 20 to 100 cm long.",CORE 359 - 367.99 MBSF
130,805,B,40,X,368.7,377.03,middle Miocene,"NANNOFOSSIL CHALK with FORAMINIFERS Major lithology: This core contains NANNOFOSSIL CHALK with FORAMINIFERS. It is predominantly white (2.5Y 8/0), but grades to pale blue (5PB 7/2), white (7.5YR 8/0), and light greenish gray (5GY 7/1) over 20 to 40 cm long intervals. The entire core is slightly to heavily bioturbated, with diffuse burrows throughout and cm scale discrete burrows in Section 4. ",CORE 368.7 - 377.03 MBSF
130,805,B,41,X,378.3,385.77,lower Miocene,"NANNOFOSSIL CHALK with FORAMINIFERS Major lithology: This core contains NANNOFOSSIL CHALK with FORAMINFERS. The color is white (2.5Y 8/0), with white (5Y 8/0) mottling resulting from slight to moderate bioturbation.",CORE 378.3 - 385.77 MBSF
130,805,B,42,X,388,396.06,lower Miocene,"NANNOFOSSIL CHALK with FORAMINIFERS Major lithology: This core contains NANNOFOSSIL CHALK with FORAMINIFERS. The core is predominantly white in color (1OYR 8/1, 10Y 8/1, and 2.5Y 8/0), with a pale blue interval (5PB 7/2) from Section 4, 30 cm, to Section 5, 33 cm. Bioturbation is expressed as mm scale, diffuse mottling, and discrete, cm scale vertical and horizontal burrows are present in Section 2.",CORE 388 - 396.06 MBSF
130,805,B,43,X,397.7,406.83,lower Miocene,NANNOFOSSIL CHALK with RADIOLARIANS Major lithology: This core contains white (2.5Y 8/0) NANNOFOSSIL CHALK with RADIOLARIANS. The sediment is bioturbated throughout and several zones have pale blue (5PB 7/2) and pale purple (5P 6/2) mottles. Zoophycos trace fossils burrows and pale blue (5PB 7/2) and light gray (N7/) color bands are scattered throughout the core. ,CORE 397.7 - 406.83 MBSF
130,805,B,44,X,407.3,416.52,lower Miocene,"NANNOFOSSIL CHALK Major lithology: This core contains NANNOFOSSIL CHALK. The sediment is predominantly white (2.5Y 8/0 and 5Y 8/1), but several zones contain pale blue (5PB 7/2) mottles. Numerous distinct, mm sized, gray (N5/), light greenish gray (5G 7/1), and grayish green (5G 5/2) color bands are evident throughout the core. ",CORE 407.3 - 416.52 MBSF
130,805,B,45,X,417,425.44,lower Miocene,"NANNOFOSSIL CHALK with FORAMINIFERS Major lithology: This core contains slightly bioturbated NANNOFOSSIL CHALK with FORAMINIFERS. The sediment is predominantly white (2.5Y 8/0), but several zones contain pale blue (5PB 7/2) mottles. Centimeter to mm sized intervals contain numerous distinct, mm size, greenish gray (5G 6/1), gray (N5/), and white (2.5Y 8/0) color bands.",CORE 417 - 425.44 MBSF
130,805,B,46,X,426.5,434.86,lower Miocene,"NANNOFOSSIL CHALK Major lithology: This core contains white {2.5Y 8/0, 10Y 8/1 and 5Y 8/1), slightly to heavily bioturbated NANNOFOSSIL CHALK. A few pale purple halos are seen around burrows in Section 1. Section 3 contains a zone of extensive, diffuse pale blue (5PB 7/2) mottling. In Sections 4 through 6, light gray (5Y 7/1), zones ca. 10 cm thick with distinct burrows are spaced about 60 cm apart.",CORE 426.5 - 434.86 MBSF
130,805,B,47,X,436,436.7,lower Miocene,"NANNOFOSSIL CHALK Major lithology: This core contains white (2.5Y 8/0), moderately to heavily bioturbated NANNOFOSSIL CHALK. ",CORE 436 - 436.7 MBSF
130,805,B,48,X,445.5,452.42,lower Miocene,"NANNOFOSSIL CHALK Major lithology: This core contains NANNOFOSSIL CHALK, which is predoi (2.5Y 8/0), but grades to pale blue {5PB 7/2), greenish gray (5GY 6/1), and Iight gray (N7/) over intervals of 10 cm or less. The entire core is slightly to moderately bioturbated.",CORE 445.5 - 452.42 MBSF
130,805,B,49,X,455.1,463.52,lower Miocene,"NANNOFOSSIL CHALK Major Lithology: This core consists of white (2.5Y 8/0) NANNOFOSSIL CHALK. The color is reddish gray (5R 6/1) from the bottom of Section 1 through most of Section 2. Distinct reddish gray (5R 6/1) and pale yellowish green color bands (mm thick) are abundant in Sections 2 and 3. The sediment is moderately to highly bioturbated as indicated by trace fossils and a few pyritized burrow fills. Most of the core is moderately to highly fragmented, with intervals containing drilling breccia. Biscuits of chalk generally are imbedded in a stiff matrix of ooze and breccia.",CORE 455.1 - 463.52 MBSF
130,805,B,50,X,464.8,472.17,lower Miocene,"NANNOFOSSIL CHALK Major lithology: This core consists of white (2.5Y 8/0) NANNOFOSSIL CHALK. Distinct reddish gray (5R 6/1) and pale yellowish green (10GY 7/2) color bands (mm thickness) are present in Sections 2 through 4. The sediment is bioturbated, as indicated by trace fossils and a few pyritized burrow fills, some with halos. Most of the core is moderately to highly fragmented, with intervals containing drilling breccia. Biscuits of chalk are generally imbedded in a stiff matrix of ooze and breccia. ",CORE 464.8 - 472.17 MBSF
