Expedition/Leg,Site,Hole,Core Number,Core Type,Top depth cored (m),Bottom depth recovered (m),Age,Description,Core ID
151,912,C,1,R,93.5,93.65,Quaternary,"SILTY CLAY Major Lithology: SILTY CLAY, very dark gray, moderately bioturbated. The core is heavily disturbed by the drilling process. General Description: Dropstone: Section CC, 0 cm, 0 8.5 cm, siltstone. ",CORE 93.5 - 93.65 MBSF
151,912,C,2,R,103.1,103.18,NA,Entire core given to paleontologists.,CORE 103.1 - 103.18 MBSF
151,912,C,3,R,112.7,112.78,NA,Entire core given to paleontologists.,CORE 112.7 - 112.78 MBSF
151,912,C,4,R,122.4,122.43,NA,Entire core given to paleontologists.,CORE 122.4 - 122.43 MBSF
151,912,C,5,R,132,132.3,Quaternary,"CLAYEY MUD Major Lithology: CLAYEY MUD, very dark gray (5Y 3/1), moderately bioturbated, containing coarser layers (<1 cm thick). The core is heavily disturbed by drilling.",CORE 132 - 132.3 MBSF
151,912,C,6,R,141.7,141.73,NA,Entire core given to paleontologists.,CORE 141.7 - 141.73 MBSF
151,912,C,7,R,151.3,151.58,Quaternary,"SILTY CLAY Major Lithology: SILTY CLAY, very dark gray (5Y 3/1), moderately bioturbated. The core is heavily disturbed by drilling. ",CORE 151.3 - 151.58 MBSF
151,912,C,8,R,160.9,161.66,Pliocene,"CARBONATE CLAY Major Lithology: CARBONATE CLAY, very dark gray (5Y 3/1), moderately bioturbated, heavily disturbed by drilling process. ",CORE 160.9 - 161.66 MBSF
151,912,C,9,R,170.6,170.68,NA,Entire core given to paleontologists.,CORE 170.6 - 170.68 MBSF
151,912,C,10,R,180.2,180.2,NA,NO RECOVERY,CORE 180.2 - 180.2 MBSF
151,912,C,11,R,189.9,190.62,Pliocene,"CLAYEY MUD Major Lithology: Very dark gray (5Y 3/1) CLAYEY MUD, completely disturbed by coring but slightly firmer and less disturbed in the bottom 6 cm. ",CORE 189.9 - 190.62 MBSF
151,912,C,12,R,199.5,202.9,Pliocene,"SILTY CLAY and CLAYEY MUD Major Lithologies: SILTY CLAY and CLAYEY MUD, very dark gray (5Y 3/1) and structureless. Bioturbation is very slight and only marked by a few scattered small sandier pockets. The CLAYEY MUD contains only a small amount of fine sand-sized grains. It progressively grades upwards into SILTY CLAY; its lower contact with SILTY CLAY (Section 2, 56 cm) is sharp. General Description: Void: Section 1, 40-50 cm. ",CORE 199.5 - 202.9 MBSF
