Expedition.Leg,Site_Number,Hole,Core_Number,Core_Type,Core_Top_MBSF,Core_Bottom_MBSF,Age,Description,Core_ID
303,1308,A,1,H,0,8.62,," Section 2, 45-150, and Section 3-CC are highly disturbed due to flow-in. NANNOFOSSIL SILTY CLAY; color is olive gray (5Y5/2). It includes purple layers (probably pyritized burrows). Nannofossil ooze is commonly light yellowish brown (2.5Y6/3), but the color changes occasionally to brownish. Foraminifer-rich layers occur sporadically in this sediment. Diatom nannofossil ooze is olive brown (2.5Y4/4). Bioturbation is common. Dropstones (mostly granule-sized obsidian) are present at Section 1, 69, 90, 123 cm; Section 2, 70 cm.",CORE  0 - 8.62  MBSF
303,1308,A,2,H,8.6,18.65,," Section 1, 117 cm to Section 2, 0-140 cm is highly disturbed due to flow-in. NANNOFOSSIL OOZE; color is commonly light gray (2.5Y7/1), but occasionally gray (5Y5/1) to white (5Y8/1). Silty clay with nannofossils and nannofossil silty clay are similar in color to nannofossil ooze and occasionally exhibits dark gray (5Y4/1) color. Bioturbation is common, and often abundant within nannofossil silty clay. Dropstones (mostly limestone and volcanic rocks) are present at Section 1, 21 cm; Section 2, 133-140 cm (cobble-sized basalt); Section 5, 3, 20 cm; Section 6, 16-17, 46-47 cm.",CORE  8.6 - 18.65  MBSF
303,1308,A,3,H,18.1,27.21,," Section 1, 30-58 and Section CC is highly disturbed. NANNOFOSSIL OOZE; color is commonly light gray (5Y7/1), nannofossil silty clay is commonly gray (5Y6/1), and silty clay with nannofossils is commonly dark grayish brown (2.5Y4/2) and very dark gray (5Y3/1). Biotrubation is common, but rare in the nannofossil ooze. Bioturbated contacts are abundant. Dropstones are present at Section 2, 23 (pebble-sized granitic rock), 143 cm (pebble-sized basaltic rock) in nannofossil-rich brownish sediments.",CORE  18.1 - 27.21  MBSF
303,1308,A,4,H,27.6,35.89,," NANNOFOSSIL OOZE; color commonly grades from light gray (5Y6/1, 5Y7/1) to gray (5Y5/1). Nannofossil silty clay, silty clay with foraminifers, and silty clay with nannofossils are commonly dark gray (5Y4/1). Silty clay is dark gray (N/4) or black (5Y2.5/1). Bioturbation is common, but abundant in silty clay. Dropstones are present Section 1, 34 cm (basalt); 113 (basalt), 120 cm (basalt); Section 4, 82 cm (limestone); Section 6, 33 cm (basalt). ",CORE  27.6 - 35.89  MBSF
303,1308,A,5,H,37.1,46.1,," Section 1, 0-10 cm is drilling slurry. NANNOFOSSIL OOZE; color is commonly white (5Y8/1) to gray (5Y7/1), and silty clay is commonly olive gray (5Y4/2). Nannofossil silty clay is light gray (5Y7/1) to gray (5Y5/1). Bioturbation is common, but silty clay occasionally exhibits abundant bioturbation and nannofossil ooze rare bioturbation. Dropstones are present at Section 4, 85 cm (metamorphic rock), and Section CC, 9 cm (granitic rock), 13 cm (basaltic rock).",CORE  37.1 - 46.1  MBSF
303,1308,A,6,H,46.6,56.13,," The core is composed of white (5Y8/1) to gray (5Y5/1) NANNOFOSSIL OOZE with varying amounts of silty clay, white (5Y8/1) to gray (5Y5/1), and FORAMINIFER NANNOFOSSIL OOZE with varying amounts of silty clay, gray (2.5Y5/1) to olive gray (5Y5/2) silty clay nannofossil ooze, dark gray (5Y4/1), light olive gray (5Y/62) to olive gray (5Y5/2) silty clay with varying amounts of nannofossils and foraminifers, and grayish brown (2.5Y5/2) nannofossil silty clay. Bioturbation is moderate to common with abundant burrows, mottling, and pyrite stains. ",CORE  46.6 - 56.13  MBSF
303,1308,A,7,H,56.1,62.21,," Section 1, 0-19 cm is disturbed. The core is composed of light gray (5Y7/1) to gray (5Y5/1) NANNOFOSSIL OOZE with varying amounts of foraminifers, light gray (5Y7/1) to gray (5Y5/1) FORAMINIFER NANNOFOSSIL OOZE, gray (5Y5/1) to dark gray (5Y4/1), and occasionally greenish gray (5GY5/1) silty clay with varying amounts of foraminifers and nannofossils, and gray (5Y6/1) nannofossil silty clay. Bioturbation is common, with abundant burrows and pyrite stains. ",CORE  56.1 - 62.21  MBSF
303,1308,A,8,H,65.6,75.04,," Section 1, 0-26 is disturbed. NANNOFOSSIL OOZE which is light gray (5Y 7/1) to gray (5Y 6/1 or 5Y 5/1) in color. Also present are light gray (5Y 7/1) to gray (5Y 6/1 or 5Y 5/1) FORAMINIFER NANNOFOSSIL OOZE, SILTY CLAY with nannofossils that are either dark gray (5Y 4/1) or olive gray (5Y 5/2 to 5Y 6/2). Bioturbation is moderate to common with mm-scale pyrite stains and cm-scale burrows as the dominant indicators. Dropstones are found in Section 2, 102 cm and 114 cm. ",CORE  65.6 - 75.04  MBSF
303,1308,A,9,H,75.1,83.39,," The core is composed of light gray (5Y7/1) to gray (5Y5/1) NANNFOSSIL OOZE occasionally with foraminifers, olive gray (5Y4/2, 5Y5/2) silty clay with varying amounts of foraminifers and nannofossils, very dark grayish brown (2.5Y3/2), dark gray (5Y4/1), and olive gray (5Y4/2, 5Y5/2) nannofossil silty clay, and gray (5Y5/1 silty clay nannofossil ooze. Bioturbation is moderate. 65-71 cm dark gray (5Y4/1) 123-128 cm dark gray (5Y4/1) CL Section 2, 106-124 cm is void. ",CORE  75.1 - 83.39  MBSF
303,1308,A,10,H,84.6,94.3,," Comprised of gray (5Y6/1) to dark gray (5Y4/1) NANNOFOSSIL OOZE with varying amounts of silty clay, gray (5Y6/1) FORAMINIFER NANNOFOSSIL OOZE, olive gray (5Y4/2, 5Y5/2) and very dark gray (5Y3/1) silty clay with nannofossils, and olive gray (5Y5/2) silty clay nannofossil ooze. Bioturbation is moderate throughout. ",CORE  84.6 - 94.3  MBSF
303,1308,A,11,H,94.1,104.12,," Section 1, 0-50 cm is drilling slurry with void from 16- 30 cm. NANNOFOSSIL OOZE is commonly gray (5Y5/1) to light gray (5Y6/1) to olive gray (5Y5/2). Silty clay is dark gray (5Y4/1). Bioturbation is moderate, but occasionaly rare within nannofossil ooze. Dropstones are located at Section 6, 61 cm; Section 7, 21 cm. Nannofossil ooze with silty clay (Section 4, 80-90 cm) is dark gray. Nannofossil silty clay at Section 6, 135-139 cm is dark gray. Silty clay with nannofossils (Section 6, 139-142 cm) is very dark gray.",CORE  94.1 - 104.12  MBSF
303,1308,A,12,H,103.6,113.16,," Section 1, 0-6 cm is drilling slurry. NANNOFOSSIL OOZE is commonly gray (5Y6/1), occasionally white (5Y8/1), light gray (5Y7/1), olive gray (5Y4/2) to greenish gray (5GY5/1). Nannofossil silty clay is commonly greenish gray (5GY5/1), but dark greenish gray (5GY4/1) at Section CC. BIoturbation is moderate, but nannofossil silty clay commonly exhibits high degree of bioturbation. A dropstone is at Section 3, 7 cm (granule-sized mudstone).",CORE  103.6 - 113.16  MBSF
303,1308,A,13,H,113.1,121.66,," Section 1, 0-2 cm is drilling slurry. NANNOFOSSIL OOZE; color is commonly gray (5Y6/1), but occasionally light gray (5Y7/1), olive gray (5Y4/2), greenish gray (5GY4/1). Nannofossil silty clay is commonly dark color as dark gray (5Y4/1). Bioturbation is moderate, but Section 3, 85 cm to base of Section 4 is relatively highly bioturbated. Dropstones of granule-sized mudstone are at Section 3, 122 cm. Pyrite nodules are present mainly in nannofossil ooze. Nannofossil ooze with clay at Section 2, 0-14 cm is dark gray (5Y4/1). Silty clay at Section 3, 10-14 cm is black, and at 25-45 cm is dark olive gray. Silty clay at Section 5, 39-55 cm is dark olive gray (5Y3/2).",CORE  113.1 - 121.66  MBSF
303,1308,A,14,H,122.6,132.11,," Section 1, 0-26 cm is drilling slurry. NANNOFOSSIL OOZE; color is commonly light gray (5Y7/1), but occasionally white (5Y8/1), gray (5Y6/1). Silty clay nannofossil ooze is commonly dark color as dark gray (5Y4/1). Bioturbation is moderate, but most abundant within nannofossil silty clay.",CORE  122.6 - 132.11  MBSF
303,1308,A,15,H,132.1,141.35,," Section 1, 1-14 cm is drilling slurry, and Section CC is highly disturbed. NANNOFOSSIL OOZE; color is commonly gray (5Y6/1) to light gray (5Y7/1), but occasionally white (5Y8/1), olive gray (5Y4/2). Bioturbation is moderate, but most abundant at color boundaries. Pyrite nodules are common in darker color of nannofossil ooze.",CORE  132.1 - 141.35  MBSF
303,1308,A,16,H,141.6,151.66,," Section 1, 0-7 cm and Section CC, 18-23 cm is highly disturbed. NANNOFOSSIL OOZE; color is commonly gray (5Y6/1), but occasionally light gray (5Y7/1), white (5Y8/1). Silty clay is olive gray (5Y4/2). Bioturbation is moderate throughout, but color boundary is mostly highly bioturbated. Dropstone (granule-sized gneiss) at Section 6, 70 cm. Nannofossil ooze at Section 6, -20 cm is gray (5Y6/1), and nannofossil silty clay is dark gray (5Y4/1).",CORE  141.6 - 151.66  MBSF
303,1308,A,17,H,151.1,160.46,," Section 1, 0-5 and Section CC are highly disturbed. NANNOFOSSIL OOZE; color is commonly gray (5Y6/1), but occasionally light gray (5Y7/1) to white (5Y8/1), and light olive gray (5Y6/2). Bioturbation is common, but most abundant at color boundaries. Dropstones are present at Section 4, 31-33 (pebble-sized metasedimentary rock), 65-66 cm (pebble-sized metamorphic rock). Silty clay nannofossil ooze at Section 1, 56-72 cm is gray (5Y6/1), dark greenish gray (5G4/1) to black (5Y2.5/1). Nannofossil ooze is light gray (5Y7/1) at Section 3, 143-150 cm.",CORE  151.1 - 160.46  MBSF
303,1308,A,18,H,160.6,170.73,, Section 1 to Section 6 at 102 cm is highly disturbed by flow-in. NANNOFOSSIL OOZE; color is greenish gray (5GY6/1) and gray (5Y6/1). Bioturbation is common.,CORE  160.6 - 170.73  MBSF
303,1308,A,19,H,170.1,179.67,," NANNOFOSSIL OOZE with minor nannofossil ooze with silty clay, nannofossil ooze with foraminifers, clay with nannofossils and silty clay with volcanic glass. The predominant color is light gray (5Y 7/1) to gray (5Y 5/1 and 5Y 6/1). Bioturbation is moderate to common with cm-scale burrows and mm-scale pyrite staining. 90-100 cm olive gray nannofossil ooze with silty clay 110-123 cm greenish gray nannofossil ooze Section 4, 56-63 cm dark greenish gray (5GY 4/1) silty clay with volcanic glass Section 5, 28-31 cm, very dark gray (5Y 3/1) silty clay with volcanic glass",CORE  170.1 - 179.67  MBSF
303,1308,A,20,H,179.6,188.67,, NANNOFOSSIL OOZE. Dominant color is gray (5Y 6/1) and almost the entire core is disturbed (soupy or flow in).,CORE  179.6 - 188.67  MBSF
303,1308,A,21,H,189.1,198.58,," Section 1 and Section 2, 0-48 cm are disturbed. NANNOFOSSIL OOZE; the color is gray (5Y 7/1 and 5Y 6/1), or white (5Y 8/1). Bioturbation is common with cm-mm-scale pyrite burrows.",CORE  189.1 - 198.58  MBSF
303,1308,A,22,H,198.6,208.54,," Section 1, 0-133 cm is slurry and Section 4, 59-150 cm, Section 5, 6, 7, and CC are disturbed by flow-in. The core is light gray (N7/ or 5Y 6/1) NANNOFOSSIL OOZE with common mm-scale pyrite burrow streaks, and cm-scale gray greenish gray burrow mottles.",CORE  198.6 - 208.54  MBSF
303,1308,A,23,H,208.1,216.93,," The entire core is disturbed, mainly by flow-in. Light gray (N/7, 5Y7/1), moderately bioturbated NANNOFOSSIL OOZE.",CORE  208.1 - 216.93  MBSF
303,1308,A,24,H,217.6,227.23,," Section 1, 0-72 cm is disturbed and has fall in. Section 3, 32-132 cm, Section 4, 32-103 cm, and Section 5, 65-100 cm show inclined contacts and may be disturbed. A small fault is present in Section 6, 87-88 cm. NANNOFOSSIL OOZE; color varies from gray (5Y 6/1) to light gray (5Y 7/1) to white (5Y 8/1). Bioturbation varies from moderate to abundant with the most common indicators being mm- to cm-scale pyrite-stained burrows. Diffuse greenish gray color bands are also present throughout the core.",CORE  217.6 - 227.23  MBSF
303,1308,A,25,H,227.1,236.44,," The entire core is disturbed by flow in with one exception. Section 2 is NANNOFOSSIL OOZE (light gray, 5Y7/1), moderately bioturbated with mm-scale pyrite burrow stains and cm-scale olive gray and greenish gray burrow mottles.",CORE  227.1 - 236.44  MBSF
303,1308,A,26,H,236.6,245.61,," Sections 1 and 2 are drilling slurry, and Section 3-CC is highly disturbed by flow-in. The core is white (5Y8/1) NANNOFOSSIL OOZE. There is no stratigraphic integrity.",CORE  236.6 - 245.61  MBSF
303,1308,A,28,H,255.6,265.35,," Section 1, 0-35 cm is drilling slurry, and Section 1, 35-150 to Section CC is highly disturbed by flow-in. Biscuit structure occurs occasionally. The core is is white (N8) NANNOFOSSIL OOZE with diffuse deformed pyrite burrows and greenish bands.",CORE  255.6 - 265.35  MBSF
303,1308,A,29,H,265.1,275.26,," Section 1, 0-19 cm is drilling slurry. Possible defomation at Section 2, 10-28, 60-72 cm; Section 3, 20-52 cm. NANNOFOSSIL OOZE WITH FORAMINIFERS; color is white throughout, but diffuse greenish bands and pyritized dark color bands are also present. Bioturbation is moderate, but common at Section 4, 0-44 cm. Zoophycos burrows are recognized at the base of this horizon.",CORE  265.1 - 275.26  MBSF
303,1308,A,30,H,274.6,282.14,, The core is white (N8) NANNOFOSSIL OOZE WITH FORAMINIFERS. Common burrows are filled with pyrite. A few greenish stained zones or color laminae are observed. A few intervals show evidence of flowage as black burrows are flowed or deformed.,CORE  274.6 - 282.14  MBSF
303,1308,A,31,H,284.1,293.58,," Section 1, 0-77 cm is drilling slurry. The core is white (N8) NANNOFOSSIL OOZE. Diffuse greenish bands and pyritized burrows are present. Bioturbation is moderate.",CORE  284.1 - 293.58  MBSF
303,1308,A,32,H,293.6,303.3,, The entire core is flow-in. White (N/8) NANNOFOSSIL OOZE.,CORE  293.6 - 303.3  MBSF
303,1308,A,33,H,303.1,312.94,," Section 1, 7-90 cm is soupy; Section 4, 90-150 cm is disturbed. NANNOFOSSIL OOZE. The color is white (N/8). Bioturbation is moderate to common with mm- to cm-scale burrows the most common indicators. Diffuse green and black (pyrite) horizontal stains are found throughout the core.",CORE  303.1 - 312.94  MBSF
303,1308,A,34,H,312.6,322.11,," Section 1, 0-15 cm is disturbed. The whole core is softer than previous cores, but there is no evidence for vertical distortion. The core is white (N/8) NANNOFOSSIL OOZE. Bioturbation is rare to common with mm- to cm-scale pyrite staining of burrows. Rare horizontal diffuse green stains are present.",CORE  312.6 - 322.11  MBSF
303,1308,A,35,H,322.1,331.37,," Section 1, 0-66 cm is disturbed to soupy; Section 6, 35-65 cm is disturbed; Section 7, 32-36 cm is fractured. White (N/8) NANNOFOSSIL OOZE. Bioturbation is moderate. Zoophycos burrows are present at Section 1, 137-151; Section 4, 8 cm and 53 cm. The entire core catcher went to micropaleontology.",CORE  322.1 - 331.37  MBSF
303,1308,A,36,H,331.6,340.72,," Entire core is disturbed. Drilling slurry to Section 1, 90 cm; the rest is flow-in. White (N/8), occasionally light gray (N/7) NANNOFOSSIL OOZE with moderate bioturbation and mm-scale pyrite staining.",CORE  331.6 - 340.72  MBSF
303,1308,B,1,H,0,4.04,," NANNOFOSSIL OOZE (light yellowish brown, 2.5Y6/3, olive gray 5Y4/2 and gray 5Y5/1, 5Y6/1), nannofossil silty clay (with diatoms and/or foraminifers; olive brown, 2.5Y4/4 to grayish brown, 2.5Y5/2) and silty clay with nannofossils (light olive brown, 2.5Y5/3). .BR Bioturbation is common to abundant often with mm-cm . scale sand-filled burrows and cm-scale mottling. Boundaries are gradational and sometimes bioturbated. ",CORE  0 - 4.04  MBSF
303,1308,B,2,H,4,13.21,," Section 1, 0-75 cm is drilling slurry, and Section 4, 30-37, 90-110, 128-140 cm are highly disturbed. NANNOFOSSIL OOZE is commonly white (N8), nannofossil silty clay is olive gray (5Y5/2), silty clay is olive gray (5Y5/2) to dark olive gray (5Y4/2). Bioturbation is rare to abundant, but bioturbation in silty clay is mostly common to abundant. Dropstones are at Section 2, 122 cm; Section 3, 81, 83, 134 cm; Section 4, 10, 15, 20 cm; Section CC, 10 cm (pebble-sized sandstone). Dark gray (5Y4/1) silty clay at Section 4, 46-51 cm. Dark gray (5Y4/1) silty clay with nannofossils at Section 6, 13-27 cm. Gray (5Y5/1) silty clay at Section 6, 55-60 cm.",CORE  4 - 13.21  MBSF
303,1308,B,3,H,13.5,23.35,," Section 1, 0-14 cm is drilling slurry. NANNOFOSSIL OOZE is commonly white (N8), but occasionally olive gray (5Y5/2) and light gray (5Y6/1) to gray (5Y5/1). Nannofossil silty clay is commonly olive gray (5Y5/2), and silty clay is dark olive gray (5Y4/2) and dark gray (5Y4/1) to black (5Y2.5/1). Bioturbation is rare to abundant. Dropstones are present at Section 1, 76, 118 cm; Section 5, 20 cm. Heavly bioturbated pyritized black (5Y2.5/1) Silty Clay with sharp base at Section 4, 74-80 cm.",CORE  13.5 - 23.35  MBSF
303,1308,B,4,H,23,31.69,," Section 1, 0-90 cm is drilling slurry, and Section 2, 121-150 cm is soupy. NANNOFOSSIL OOZE is commonly gray (5Y5/1), but occasionally light gray (5Y7/1) to white (N8). Nannofossil silty clay is commonly olive gray (5Y5/2) to dark olive gray (5Y4/2). Silty clay is olive gray (5Y5/2) to black (5Y2.5/1). Bioturbation is rare to abundant. Black (5Y2.5/1) silty clay, with abundant bioturbation (mm-scale pyritized sand filling burrows) at Section 1, 109-114 cm. Very dark olive gray (5Y3/2) nannofossil clay with sharp pyritized upper contact at Section 2, 110-121 cm.",CORE  23 - 31.69  MBSF
303,1308,B,5,H,32.5,42.26,," Section 1, 0-25 cm is disturbed. SILTY CLAY with varying amounts of nannofossils is gray (5Y5/1, 2.5Y5/1) to dark gray (5Y3/1). Foraminifer nannofossil ooze is light gray (5Y7/1). Nannofossil ooze with varying amounts of silty clay and occasionally diatoms and foraminifers is light gray (5Y7/1) to gray (5Y5/1). Silt clay nannofossil ooze is gray (5Y5/1). Nannofossil silty clay is dark gray (5Y4/1). Bioturbation is generally moderate to common. Greenish gray (5GY4/1) banding at 72-85 cm in Section 2. Section 2, 98-105 cm very dark gray (5Y3/1) Section 2, 105-112 cm dark gray (5Y4/1) Very dark gray (5Y3/1) silty clay with volcanic glass at in Sectiion 2, 98-105, and 139-147.",CORE  32.5 - 42.26  MBSF
303,1308,B,6,H,42,51.88,," Section 1 is drilling slurry; Section 2, 24-53 is disturbed; Sections 4 to CC are flow-in. Light gray (5Y7/1) NANNOFOSSIL OOZE.",CORE  42 - 51.88  MBSF
303,1308,B,7,H,51.5,61.31,," Section 1, 0-45 cm is disturbed. NANNOFOSSIL OOZE. Colors for the nannofossil ooze are white (5Y 8/1) to light gray (5Y 7/1) to gray (5Y 6/1 and 5Y 5/1), olive gray (5Y 6/2 and 5Y 5/2). Dark gray (5Y 4/1) silty clay is minor lithology. Bioturbation is rare to abundant. The entire core shows mm- to cm-scale burrows. Some burrows are pyrite stained. Dropstones are found in Section 1, 74, 76-78, and 82 cm and Section 4, 124 and 134 cm.",CORE  51.5 - 61.31  MBSF
303,1308,B,8,H,61,71.06,," Section 1, 0-130 cm is drilling slurry. SILTY CLAY NANNOFOSSIL OOZE is gray (5Y5/1, 5Y6/1) and olive gray (5Y/5/2). NANNOFOSSIL OOZE with varying amounts of silty clay is light gray (5Y7/1) to gray (5Y6/1). Nannfossil silty clay is dark grayish brown (2.5Y4/2). Silty clay with nannofossils is olive gray (5Y4/2). Bioturbation is moderate. Section 3, 26-44 cm grayish brown (2.5Y5/2) Section 3, 44-56 cm gray (5Y/6/1)",CORE  61 - 71.06  MBSF
303,1308,B,9,H,70.5,80.55,," Section 1, 0-33 cm is drilling slurry. The core is composed of gray (5Y 5/1, 5Y 6/1) NANNOFOSSIL OOZE and gray to dark gray (5Y 5/1, 5Y 6/1, 5Y 4/1) SILTY CLAY NANNOFOSSIL OOZE. Minor lithologies are olive gray (5Y 4/2) nannofossil silty clay and gray (5Y 6/1) foraminifer nannofossil ooze. Bioturbation is moderate with mm- to cm-scale burrow mottling with some pyrite staining. Granitic dropstones are present at Section 1, 38 cm, and Section 5, 66 cm.",CORE  70.5 - 80.55  MBSF
303,1308,B,10,H,80,90.03,," Section 1, 0-2 cm is disturbed. NANNOFFOSSIL OOZE and SILTY CLAY NANNOFOSSIL OOZE. Colors for the nannofossil ooze range from white (5Y 8/1) to light gray (5Y 7/1) to gray (5Y 6/1 and 5Y 5/1). Silty clay nannofossil ooze colors range from light olive gray (5Y 6/2) to olive gray (5Y 5/2 and 5Y 4/2). Bioturbation is moderate to common. Cm- to mm-scale burrows are common. Pyrite halos and staining are present in some burrows. Diffuse greenish to purplish banding is occasionally present. Dropstones are found in Section 1, 23, 85, and 110 cm; Section 4, 32 cm; and Section 6, 51 cm.",CORE  80 - 90.03  MBSF
303,1308,B,11,H,89.5,99.38,," Section 1, 0-3 cm is drilling slurry. NANNOFOSSIL OOZE is commonly white (5Y8/1) to gray (5Y5/1), but occasionally light gray (5Y7/1). Silty clay is dark olive gray (5Y4/2), and silty clay nannofossil ooze is gray (5Y5/1). BIoturbation is moderate to abundant, with the highest degree mostly in silty clay and silty clay nannofossil ooze.",CORE  89.5 - 99.38  MBSF
303,1308,B,12,H,99,109.05,," The core is composed of NANNOFOSSIL OOZE (white, 5Y8/1, N8; light gray, 5Y7/1, and gray 5Y6/1), nannofossil ooze silty clay and nannofossil silty clay (gray to olive gray, 5Y5/1-5Y5/2). There is moderate to common bioturbation on mm-scale (often sand-filled burrows) and diffuse cm-scale. Mottling to and diffuse bands of greenish gray (5G5/1) is common. Contacts are generally bioturbated.",CORE  99 - 109.05  MBSF
303,1308,B,13,H,108.5,118.39,," Section 1, 0-4 cm is drilling slurry, and Section 7 is highly disturbed. NANNOFOSSIL OOZE is commonly gray (5Y5/1) to light gray (5Y6/1), but occasionally dark gray (5Y4/1) and white (N8). BIoturbation is rare to abundant, but is more intense in the lower part of Section 3 and Section 4. Pyritized black (5Y2.5/1) silty clay at Section 3, 107-114 cm. Very dark greenish brown (2.5Y3/2) silty clay with nannofossils at Section 3, 114-123 cm. Dark gray (5Y4/1) nannofossil clay at Section 4, 34-45 cm. Dark gray (5Y4/1) to very dark gray (5Y3/1) silty clay with nannofossils at Section 5, 143-150; Section 6, 0-7 cm.",CORE  108.5 - 118.39  MBSF
303,1308,B,14,H,118,127.91,," Section 1, 0-10 cm is drilling slurry. NANNOFOSSIL OOZE is commonly gray (5Y5/1), but occasionally light gray (5Y6/1) to white (N8). Nannofossil clay is gray (5Y5/1), and nannofossil silty clay is dark gray (5Y4/1) to olive gray (5Y5/2), and silty clay nannofossil ooze is gray (5Y5/1). BIoturbation is moderate to abundant with more intense bioturbation in siliciclastics-rich sediments. Most of color boundaries are bioturbated. A dropstone is at Section 3, 67 cm.",CORE  118 - 127.91  MBSF
303,1308,B,15,H,127.5,137.44,," NANNOFOSSIL OOZE is commonly light gray (5Y7/1), occasionally gray (5Y6/1), white (N8), light greenish gray (5GY7/1), greenish gray (5GY6/1). Nannofossil clay and nannofossil silty clay is gray (5Y5/1) to olive gray (5Y5/2). BIoturbation is moderate to abundant with more intense bioturbation in nannofossil silty clay, nannfossil clay. Color boundaries are typically bioturbated. Olive gray (5Y5/2) silty clay nanno ooze at Section 3, 143-150 cm.",CORE  127.5 - 137.44  MBSF
303,1308,B,16,H,137,146.83,," Section 1, 0-10 cm is disturbed. NANNOFOSSIL OOZE is commonly light gray (5Y7/1) to gray (5Y5/1). Nannofossil silty clay and nannofossil clay are commonly dark color as dark gray (5Y4/1), olive gray (5Y5/2). Bioturbation is rare to abundant with more intense bioturbation in nannofossil silty clay and nannofossil clay. Dropstones are present at Section 3, 70 cm (x2, pebble-sized metamorphic rocks) and Section 6, 36 cm (pebble-sized granitic rock).",CORE  137 - 146.83  MBSF
303,1308,B,17,H,146.5,155.94,," The core is composed of gray (5Y6/1) NANNOFOSSIL OOZE WITH SILTY CLAY, gray (5Y5/1) silty clay nannofossil ooze, light gray (5Y7/1) nannofossil ooze, gray (5Y5/1) nannofossil silty clay, and very dark gray (5Y3/1) silty clay. Bioturbation and pyrite stains are common. Section 2, 65-85 cm inclined contact with distinct, cm-scale burrows and mottling throughout area of contact. Section 2, 110-116 cm very dark gray (5Y3/1)",CORE  146.5 - 155.94  MBSF
303,1308,B,18,H,156,165.67,," NANNOFOSSIL OOZE WITH FORAMINIFERS AND DIATOMS. Predominant colors are light gray (5Y 7/1) and gray (5Y 6/1). In Sections 2, 3, and 7, gray (5Y 5/1) silty clay nannofossil ooze beds are also present. Bioturbation is moderate to common (mainly in the silty clay-rich intervals). Abundant dark greenish gray color banding is spaced 5-10 cm apart. Pyrite staining is common.",CORE  156 - 165.67  MBSF
303,1308,B,19,H,165.5,174.65,," Section 1, 0-5 cm is disturbed. Inclined bedding is found in Section 1, 40-140 cm; Section 2, 90-140 cm; Section 3, 0-151 cm; Section 4, 0-131 cm. NANNOFOSSIL OOZE. Color varies from white (N8) to gray (5Y 5/1). Bioturbation is moderate to abundant. The most common indicators are mm- to cm-scale pyrite stained burrows. There is diffuse greenish gray bedding throughout the core.",CORE  165.5 - 174.65  MBSF
303,1308,B,20,H,175,175.02,, All to micropaleontology.,CORE  175 - 175.02  MBSF
303,1308,B,21,H,184.5,187.22,," Disturbed, Section 1, 0-10 cm; Fractured Section 1, 37-64 cm and Section 2, 70-120 cm. Moderately bioturbated, gray (5Y5/1, 5Y6/1) to white (N/8) NANNOFOSSIL OOZE. ",CORE  184.5 - 187.22  MBSF
303,1308,B,22,H,194,198.31,," Section 1, 0-39 cm; Section 2, 50-150 cm; 0-83 cm; Section 4, 0-87 cm are flow-in. Section 3, 102-106 is disturbed. The entire core catcher went to micropaleontology. Moderately bioturbated, gray (5Y6/1) NANNOFOSSIL OOZE.",CORE  194 - 198.31  MBSF
303,1308,C,1,H,0,4.43,," Section 1, 0-2 cm and Section 2, 110-116 cm are soupy (foraminifer sand). NANNOFOSSIL OOZE WITH FORAMINIFERS is commonly light yellowish brown (2.5Y6/4) to light olive brown (2.5Y5/3). Nannofossil silty clay and silty clay are commonly olive gray (5Y5/2) to dark gray (5Y4/1) and gray (5Y5/1). Bioturbation is moderate to abundant. Dropstones are present at Section 1, 70 cm (pebble-sized gneiss), 100 cm (granule-sized rock), 114 cm (granule), 134 cm (pebble), 139 cm (lapili-sized scoria); Section 2, 17 cm (lapili-sized scoria).",CORE  0 - 4.43  MBSF
303,1308,C,2,H,4.4,13.98,," Section 1, 0-123 cm is drilling slurry, and Section CC is highly disturbed. NANNOFOSSIL OOZE is commonly white (N8), but occasionally olive gray (5Y5/2), light olive gray (5Y6/2), grayish brown (2.5Y5/1). Silty clay and nannofossil silty clay are olive gray (5Y6/2). Bioturbation is moderate to abundant. Dropstones are present at Section 2, 43, 89, 94, 138 cm; Section 5, 36 cm; Section 6, 13-14 cm.",CORE  4.4 - 13.98  MBSF
303,1308,C,3,H,13.9,23.54,," Section 1, 0-130 cm is highly disturbed because of flow-in. NANNOFOSSIL OOZE is commonly light gray (5Y7/1), but occasionally gray (5Y6/1) to white (N8). Silty clay and nannofossil silty clay are commonly dark grayish brown (2.5Y4/2), very dark gray (5Y3/1), and dark gray (5Y4/1). Bioturbation is moderate. Dropstones are present at Section 2, 131, 139 cm (pebble-sized basalt); Section 3, 8 (pebble-sized gneiss), 45 (cobble), 140, 145, 149 cm; Section 6, 50-52 cm (pebble-sized metamorphic rock).",CORE  13.9 - 23.54  MBSF
303,1308,C,4,H,23.4,26.87,," Section 1, 0-65 cm is highly disturbed. NANNOFOSSIL OOZE is white (N8) to light gray (5Y7/1). Bioturbation is moderate to common.",CORE  23.4 - 26.87  MBSF
303,1308,C,5,H,32.9,40.82,," Section 1, 0-70 cm is drilling slurry. NANNOFOSSIL OOZE is commonly white (N8), occasionally gray (5Y6/1) to light gray (5Y7/1). Silty clay, nannofossil silty clay, nannofossil clay, silty clay nannofossil ooze are commonly olive gray (5Y5/2), dark gray (5Y4/1). Bioturbation is moderate to abundant. Dropstones are present at Section 2, 26, 109, 110, 120, 125, 141, 147 cm; Section 3, 90, 138 cm. ",CORE  32.9 - 40.82  MBSF
303,1308,C,6,H,42.4,52.05,," NANNOFOSSIL OOZE is commonly white (N8), but occasionally light olive gray (5Y7/2), olive gray (5Y5/2), gray (5Y5/1), and greenish gray (5GY5/1). Silty clay, nannofosssil silty clay, nannofossil clay are commonly dark gray (5Y4/1), grayish brown (2.5Y4/2), and olive gray (5Y5/2). Bioturbation is moderate to abundant. Dropstones are present at Section 5, 46 cm (pebble-sized basaltic rock), 146 cm (pebble-sized basaltic rock); Section 6, 76 cm (pebble-sized limestone).",CORE  42.4 - 52.05  MBSF
303,1308,C,7,H,51.9,60.06,," Section 1, 0-28 cm is drilling slurry. NANNOFOSSIL OOZE is commonly white (N8), occasionally gray (5Y5/1). Silty clay, nannofossil silty clay are commonly olive gray (5Y5/2), black (5Y2.5/1). Bioturbation is moderate to abundant. Olive gray (5Y5/2) silty clay with nannofossils at Section 1, 28-43 cm, and Black (5Y2.5Y/1) silty clay at Section 1, 43-48 cm.",CORE  51.9 - 60.06  MBSF
303,1308,C,8,H,61.4,70.9,," NANNOFOSSIL OOZE, NANNOFOSSIL OOZE WITH DIATOMS, and SILTY CLAY: nannofossil ooze is gray (5Y 5/1), nannofossil ooze with diatoms is light gray (5Y 7/1), and silty clay is olive gray (5Y 4/2). Bioturbation is commom to moderate. There are some cm-scale, but mostly mm-scale burrows. Burrowing is most evident with pyrite staining. ",CORE  61.4 - 70.9  MBSF
303,1308,C,9,H,70.9,80.02,," Section 1, 0-15 cm is disturbed. NANNOFOSIL OOZE WITH CLAY AND DIATOMS and SILTY CLAY NANNOFOSSIL OOZE: nannofossil ooze with clay and diatoms is light gray (5Y7/1), and silty clay nannofossil ooze is gray (5Y5/1) or olive gray (5Y5/2). Bioturbation is moderate to common. There are some mm-scale burrows with pyrite staining. ",CORE  70.9 - 80.02  MBSF
303,1308,C,10,H,80.4,89.73,," The predominant lithology is gray and light gray (5Y 6/1, 5Y 5/1 and 5Y 7/1) NANNOFOSSIL OOZE WITH CLAY and WITH CLAY AND DIATOMS. Olive gray (5Y 5/2) and light olive gray (5Y 6/2) SILTY CLAY WITH NANNOFOSSILS and NANNOFOSSIL SILTY CLAY, respectively, are observed in Sections 1, 4, and 5. Bioturbation is moderate to common and mm-scale pyrte staining is also common. Faint greenish gray color banding is commonly observed in the nannofossil ooze intervals. From the end of Section 3 to Section 5 is disturbed by flow in .",CORE  80.4 - 89.73  MBSF
303,1308,C,11,H,89.9,99.84,," Section 1 is highly disturbed by fall-in and flow-in. Gray (5Y 6/1) FORAMINIFER NANNOFOSSIL OOZE is interbedded with dark gray (5Y 4/1) SILTY CLAY WITH NANNOFOSSILS. Nannofossil ooze with silty clay of light olive gray color (5Y 6/2) appears as minor lithology in the lower part of the core. In general, bioturbation is moderate and some greenish gray and purple color bands are present in the foraminifer nannofossil ooze beds. Flowed-in and disturbed succession from Sections 4 to 7, but general stratigraphy of the section is preserved.",CORE  89.9 - 99.84  MBSF
303,1308,C,12,H,99.4,109.48,," Section 1, 0-114 cm is drilling slurry and fall-in; and 114-118 cm is disturbed. From Section 3, 135 cm to the bottom of Section 4, and Section 7, 60-70 cm is flow-in. The core is composed of white (5Y8/1) to dark gray (5Y4/1) NANNOFOSSIL OOZE, light gray (5Y7/1) to gray (5Y6/1) foraminifer nannofossil ooze, gray (5Y5/1, 5Y6/1) nannofossil ooze with silty clay, olive gray (5Y5/2) silty clay with nannofossils. Bioturbation is generally moderate. ",CORE  99.4 - 109.48  MBSF
303,1308,C,13,H,108.9,118.3,," Section 1, 0-106 cm is highly disturbed. NANNOFOSSIL OOZE is commonly gray (5Y5/1), but occasionally olive gray (5Y5/2). Silty clay and silty clay nannofossil ooze are commonly darker color as dark gray (5Y4/1), very dark gray (5Y3/1). Bioturbation is moderate to common.",CORE  108.9 - 118.3  MBSF
303,1308,C,14,H,118.4,124.71,," NANNOFOSSIL OOZE is gray (5Y5/1) to dark gray (5Y4/1). Silty clay nannofossil ooze, nannofossil silty clay, silty clay are dark gray (5Y4/1) to very dark gray (5Y3/1). Bioturbation is moderate. Dropstones are present at Section 1, 100 cm (pebble), 103 cm (pebble), 105 cm (pebble-sized felsic rock).",CORE  118.4 - 124.71  MBSF
303,1308,C,15,H,127.9,137.35,," NANNOFOSSIL OOZE is commonly light gray (5Y7/1), but occasionally white (N8), gray (5Y5/1), light greenish gray (5GY7/1), and olive gray (5Y5/2). Nannofossil silty clay and silty clay are dark gray (5Y4/1). Bioturbation is moderate to common. Dark gray (5Y4/1) nannofossil silty clay at Section 2, 8-25 cm. Dark gray (5Y4/1) silty clay at Section 4, 64-75 cm. There is bioturbated boundary at the base, and uncertain boundary at the top.",CORE  127.9 - 137.35  MBSF
303,1308,C,16,H,137.4,146.53,," NANNOFOSSIL OOZE is mainly light gray (N7), but occasionally light greenish gray (5GY7/1). Silty clay is dark gray (5Y4/1), and nannofossil silty clay is gray (5Y5/1). Bioturbation is mainly moderate, but common to abundant around silty clay and nannofossil silty clay horizons. A dropstone is present at Section 4, 6 cm (pebble-sized garnet gneiss). Dark gray (5Y4/1) silty clay at Section 6, 74-84 cm.",CORE  137.4 - 146.53  MBSF
303,1308,C,17,H,146.9,156.65,," Section 1, 0-70 cm is drilling slurry, and Section 1, 109-122 cm is soupy. NANNOFOSSIL OOZE is mainly gray (5Y5/1), but occasionally light gray (5Y7/1), white (N8), and greenish gray (5GY6/1). Silty clay is black (2.5Y5/1). Bioturbation is moderate to common. Black (2.5Y5/1) silty clay at Section 4, 131-140 cm.",CORE  146.9 - 156.65  MBSF
303,1308,C,18,H,156.4,164.3,," NANNOFOSSIL OOZE is mainly light gray (5Y7/1), but occasionally white (N8), light greenish gray (5GY7/1), and greenish gray (5GY6/1). Nannofossil ooze with silty clay is gray (5Y5/1). Bioturbation is moderate to common.",CORE  156.4 - 164.3  MBSF
303,1308,C,19,H,165.9,175.26,," NANNOFOSSIL OOZE is mainly white (N8), but occasionally gray (5Y5/1), light greenish gray (5GY7/1), and greenish gray (5GY5/1). Silty clay is black (2.5Y5/1), and nannofossil silty clay and silty clay nannofossil ooze are olive gray (5Y5/2). Bioturbation is moderate to abundant. Black (5Y2.5/1) silty clay at Section 3, 93-98, 107-110 cm. Gray (5Y5/1) nannofossil ooze at Section 3, 98-107 cm.",CORE  165.9 - 175.26  MBSF
303,1308,C,20,H,175.4,185.23,," Section 1, 0-20 cm is drilling slurry. NANNOFOSSIL OOZE is commonly white (N8), but occasionally light gray (5Y7/1), gray (5Y6/1), and light greenish gray (5GY7/1). Diffuse greenish diagenetic bands are also present. Silty clay nannofossil ooze is olive gray (5Y5/2). Bioturbation is moderate to abundant.",CORE  175.4 - 185.23  MBSF
303,1308,C,21,H,184.9,194.87,," NANNOFOSSIL OOZE is light greenish gray (5GY6/1) to white (5Y8/1), but occasionally gray (5Y6/1). Bioturbation is common.",CORE  184.9 - 194.87  MBSF
303,1308,C,22,H,194.4,204.03,," Section 1, 0-17 cm is disturbed. NANNOFOSSIL OOZE is light gray (5Y 7/1) or white (5Y 8/1). Bioturbation is moderate to common. Diffuse greenish gray color bands, and mm-scale or cm-scale pyrite stained burrows are present.",CORE  194.4 - 204.03  MBSF
303,1308,C,23,H,203.9,213.5,," NANNOFOSSIL OOZE is light gray (5Y 7/1) or white (5Y 8/1). Bioturbation is moderate to common. Diffuse mm-scale and cm-scale pyrite stained burrows, and greenish gray banding are common. Microfaults are found at Section 3, 65 cm and Section 4, 95 cm.",CORE  203.9 - 213.5  MBSF
303,1308,C,24,H,213.4,223.33,," Section 1, 0-35 cm is disturbed (flow-in). NANNOFOSSIL OOZE is white (5Y 8/1) and light gray (5Y 7/1). Bioturbation is mainly common with diffuse cm- to mm-scale burrows. Microfaults are found at Section 7, 25 cm and 45 cm.",CORE  213.4 - 223.33  MBSF
303,1308,C,25,H,222.9,232.72,," Section 1, 0-75 cm and CC are disturbed. NANNOFOSSIL OOZE is white (5Y 7/1) or light gray (5Y 8/1). Bioturbation is common. Mm- to cm-scale burrows pyrite staining and greenish banding are also common.",CORE  222.9 - 232.72  MBSF
303,1308,C,26,H,232.4,242.35,," White (5Y 8/1 and N8) to light gray (5Y 7/1) NANNOFOSSIL OOZE. Bioturbation is rare to moderate and it is revealed by mm-scale pyrite staining and cm- to mm-scale burrows. Diffuse greenish gray bands are common and appear more concentrated in Section 1, 100-150 cm, and Section 5, 135-142 cm.",CORE  232.4 - 242.35  MBSF
303,1308,C,27,H,241.9,251.87,, NANNOFOSSIL OOZE is white (N/8). Bioturbation is moderate with greenish gray and purplish cm-scale burrow mottles.,CORE  241.9 - 251.87  MBSF
303,1308,C,28,H,251.4,261.58,," NANNOFOSSIL OOZE; the color is white (N8/). Moderately bioturbated with cm-scale burrow motles, including purplish greenish gray mottles. Rare 0.5 cm diameter pyrite burrow stains.",CORE  251.4 - 261.58  MBSF
303,1308,C,29,H,260.9,271.1,," NANNOFOSSIL OOZE is white (N8/). Bioturbation is moderate. Pyrite concretions are located at Section 1, 28 cm, and Section 3, 92 cm.",CORE  260.9 - 271.1  MBSF
303,1308,C,30,H,270.4,280.36,," NANNOFOSSIL OOZE is white (N8), occasionally with diagenetic dark greenish bands. Bioturbation is moderate.",CORE  270.4 - 280.36  MBSF
303,1308,D,1,H,0,6.72,," Section 1, 0-18 cm is highly disturbed, and Section 1, 119-120 and Section 2, 27 cm are soupy. NANNOFOSSIL OOZE; color is mainly light gray (5Y7/1) to light olive brown (5Y5/3), but occasionally grayish brown (2.5Y5/2), gray (5Y6/1), olive gray (5Y5/2). Silty clay and nannofossil silty clay are mainly dark color as dark gray (5Y4/1), black (5Y2.5/1), olive gray (5Y5/2). Bioturbation is moderate to common throughout. Dropstones at Section 1, 27 (pebble-sized gneiss), 53, 88 cm; Section 3, 29 cm; Section 4, 42, 45, 142 cm (lapili-sized scoria). Black (5Y2.5/1) pyritized silty clay at Section 3, 21-23 cm.",CORE  0 - 6.72  MBSF
303,1308,E,1,H,0,9.67,," Section 1, 0-40 cm is drilling slurry, and Section 1, 142-150 cm is highly disturbed. NANNOFOSSIL OOZE is mainly gray (5Y6/1), but occasionally white (N8), and light brownish gray (2.5Y6/2). Silty clay and nannofossil silty clay are mainly olive gray (5Y6/2) and dark grayish brown (2.5Y4/2), but is light olive brown (2.5Y5/2) at Section 1, 40-60 cm. Bioturbation is moderate to common. Dropstones are present at Section 2, 75, 76 cm; Section 3, 35 cm; Section 6, 45 cm; Section 7, 44 cm. Dark gray (5Y4/1) silty clay at Section 6, 57-59 cm.",CORE  0 - 9.67  MBSF
303,1308,E,2,H,9.5,19.55,," Section 1, 0-3 cm is drilling slurry. NANNOFOSSIL OOZE is mainly white (N8), but occasionally olive gray (5Y5/2), and light gray (5Y7/1). Silty clay and nannofossil silty clay are mainly olive gray (5Y5/2), but occasionally grayish brown (2.5Y5/2), olive brown (2.5Y4/3), black (5Y2.5/1), and dark gray (5Y4/1). Bioturbation is rare to abundant. Dropstones are present at Section 2, 13, 70, 91, 97, 100, 105, 122 cm; Section 3, 150 cm; Section 6, 111, 117 cm; Section 7, 11 cm. Black (5Y2.5/1) silty clay at Section 3, 95-103 cm. ",CORE  9.5 - 19.55  MBSF
303,1308,E,3,H,19,26.46,," NANNOFOSSIL OOZE; color is mainly white (N8), but occasionally gray (5Y6/1), greenish gray (5GY5/1). Silty clay is dark greenish brown (2.5Y4/2), black (5Y2.5/1), and nannofossil silty clay is olive gray (5Y5/2), grayish brown (2.5Y5/2), dark gray (5Y4/1). Bioturbation is moderate to abundant. Dropstones at Section 2, 111, 121, 149 cm; Section 3, 124 cm, Section 4, 5, 8 cm. Black (5Y2.5/1) silty clay at Section 3, 75-79 cm. Dark gray (5Y4/1) silty clay at Section 4, 55-67 cm.",CORE  19 - 26.46  MBSF
303,1308,E,4,H,28.5,36.11,," Section 1, 0-10 cm is highly disturbed. NANNOFOSSIL OOZE is mainly gray (5Y6/1) or white (N8), but occasionally light olive gray (5Y6/2), and light gray (5Y7/1). Silty clay is mainly black (5Y2.5/1), dark gray (5Y4/1), and gray (5Y5/1). Nannofossil silty clay and silty clay nannofossil ooze are gray (5Y5/1) and olive gray (5Y4/2). Bioturbation is rare to abundant. Dropstones are prenent at Section 3, 34 cm (pebble-sized granitic rock); Section 4, 111 cm (pebble-sized basaltic rock); Section 5, 125 cm (granule-sized felsic rock). Black (5Y2.5/1) silty clay at Section 1, 29-33 cm. Dark gray (5Y4/1) silty clay at Section 4, 106-115, 144-150 cm; Section 5, 41-56 cm.",CORE  28.5 - 36.11  MBSF
303,1308,E,5,H,38,44.52,," Section 1, 0-68 cm is drilling slurry. NANNOFOSSIL OOZE is mainly white (N8) or gray (5Y6/1), but occasionally light gray (5Y7/1), greenish gray (5GY6/1), and light greenish gray (5GY7/1). SIlty clay and nannofossil silty clay are mainly black (5Y2.5/1), dark gray (5Y4/1), and olive gray (5Y5/2). Bioturbation is moderate to abundant. Dropstones are present at Section 1, 102 cm; Section 3, 92, 94, 112 cm. Black (5Y2.5/1) silty clay at Section 3, 84-87 cm.",CORE  38 - 44.52  MBSF
303,1308,E,6,H,47.5,55.58,," Section 1, 0-22 cm is drilling slurry. NANNOFOSSIL OOZE is mainly gray (5Y5/1), but occasionally light olive gray (5Y7/2) and light gray (5Y7/1). SIlty clay is commonly very dark gray (5Y3/1) and dark gray (5Y4/1). Nannofossil silty clay and silty clay nannofossil ooze are olive gray (5Y5/2). Bioturbation is moderate to common. Dropstones are present at Section 1, 122 cm; Section 2, 67, 85 cm. Very dark gray (5Y3/1) silty clay at Section 1, 73-87 cm. Dark gray (5Y4/1) silty clay at Section 4, 32-34 cm.",CORE  47.5 - 55.58  MBSF
303,1308,E,7,H,60,66.96,," Section 1, 0-55 cm is drilling slurry. NANNOFOSSIL OOZE is mainly gray (5Y5/1), but occasionally white (N8), greenish gray (5GY5/1), and dark gray (5Y4/1). Nannofossil silty clay is light olive gray (5Y7/2) and olive gray (5Y5/2). Bioturbation is moderate to common.",CORE  60 - 66.96  MBSF
303,1308,E,8,H,69.5,76.22,," Section 1, 0-8 cm is highly disturbed. NANNOFOSSIL OOZE is mainly gray (5Y6/1), but occasionally white (N8), light gray (5Y7/1), and light greenish gray (5GY7/1). Silty clay, and nannofossil silty clay are olive gray (5Y5/2) and dark gray (5Y4/1). Bioturbation is moderate to abundant. A dropstone is located at Section 5, 10 cm (granule-sized rock). Dark gray (5Y4/1) silty clay at Section 4, 95-105 cm.",CORE  69.5 - 76.22  MBSF
303,1308,E,9,H,79,86.27,," Section 1, 0-70 cm is disturbed. SILTY CLAY and SILTY CLAY NANNOFOSSIL OOZE: silty clay is gray (5Y5/1 or 5Y6/1) and silty clay nannofossil ooze is gray (5Y5/1 or 5Y6/1) or olive gray (5Y5/2). Nannofossil ooze (light gray; 5Y8/1) and foraminifer nannofossil ooze (white; 5Y8/1) are interbedded. Dropstones are present at Section 3, 115, 144, and 146 cm. In Section 5, pyrite burrows are found.",CORE  79 - 86.27  MBSF
303,1308,E,10,H,84,91.29,," Section 1, 0-6 cm, Section 3, 30-52 cm, and CC are disturbed. FORAMINIFER NANNOFOSSIL OOZE and NANNOFOSSIL OOZE: foraminifer nannofossil ooze is gray (5Y 6/1). Nannofossil ooze is light gray (5Y 7/1) or gray (5Y 6/1). Facies contacts are bioturbated. A microfault (normal) is located at Section, 52 cm to 57 cm. ",CORE  84 - 91.29  MBSF
303,1308,E,11,H,97,100.34,," Section 1, 0-12 cm is disturbed. NANNOFOSSIL OOZE is light gray (5Y 7/1) and gray (5Y 6/1 and 5Y 5/1). There are intervals of dark gray (N/4 and 5Y 4/1) and olive gray (5Y 5/2) SILTY CLAY. Biotrubation is observed as mm-scale pyrite stained burrows and cm-scale burrows, some with halos. The contacts are generally gradual or bioturbated.",CORE  97 - 100.34  MBSF
303,1308,E,12,H,106.5,115.28,," Section 1, 0-30 cm is disturbed, and void is in Section 2, 100-105 cm. NANNOFOSSIL OOZE is light gray (5Y 7/1) and gray (5Y 6/1 and 5Y 5/1). Dark gray (N/4 AND 5Y 4/1) SILTY CLAY NANNOFOSSIL OOZE and SILTY CLAY are present as well. Biotrubation is moderate to common with the most common indicators being mm-scale and cm-scale burrows. Some burrows have pyrite stains or haloes.",CORE  106.5 - 115.28  MBSF
303,1308,E,13,H,116,125.18,," Gray (5Y 5/1 and 5Y 6/1) NANNOFOSSIL OOZE and NANNOFOSSIL OOZE WITH FORAMINIFERS. The secondary lithology is dark gray (5Y 4/1 and 5Y 3/1) to dark grayish brown (2.5Y 4/1 and 2.5Y 4/2) silty clay nannofossil ooze. Bioturbation is moderate. Stiff greenish gray intervals are observed at Section 1, 45-46 cm. Dark gray (5Y 4/1) over dark grayish brown (2.5Y 4/2), gray (5Y 5/1), dark gray (5Y 4/1) and very dark gray (5Y 3/1) in Section 3. Gray foraminifer nannofossil ooze dominates Section 4.",CORE  116 - 125.18  MBSF
303,1308,E,14,H,125.5,134.34,," NANNOFOSSIL OOZE, SILTY CLAY NANNOFOSSIL OOZE and FORAMINIFER NANNOFOSSIL OOZE: nannofossil ooze is gray (5Y 5/1) or light gray (5Y 6/1), silty clay nannoossil ooze is dark gray (5Y 4/1) or olive gray (5Y 4/2), and foraminifer nannofossil ooze is gray (5Y 5/1). Section 1, 0-10 cm and CC are disturbed. Bioturbation is moderate. Diffuse greenish gray color bands are common.",CORE  125.5 - 134.34  MBSF
303,1308,E,15,H,134,142.93,," Section 1, 0-10 cm is disturbed. NANNOFOSSIL OOZE is gray (5Y 6/1), light gray (5Y 7/1) or white (5Y 8/1). Bioturbation is mainly moderate. Diffuse greenish gray color bands are spaced 5-15 cm apart. Core Catcher 0-10 cm all went to paleontology. ",CORE  134 - 142.93  MBSF
303,1308,E,16,H,143.5,152.72,," Section 1, 0-10 cm and Section 7, 40-58 cm are highly disturbed. NANNOFOSSIL OOZE is mainly gray (5Y5/1), but occasionally light gray (5Y7/1), and olive gray (5Y5/2). Silty clay and nannofossil silty clay, silty clay nannofossil ooze are dark olive gray (5Y4/2), and olive gray (5Y5/2). Bioturbation is moderate. A dropstone is present at Section 6, 82-83 cm.",CORE  143.5 - 152.72  MBSF
303,1308,E,17,H,153,161.78,," Section 1, 0-11 is drilling slury. Section 6, 26 cm through the CC is disturbed and possibly flow-in. NANNOFOSSIL OOZE AND NANNOFOSSIL OOZE WITH SILTY CLAY, are gray (5Y 6/1), light gray (5Y 7/1), light olive gray (5Y 6/2), and greenish gray (5GY 6/1) to light greenish gray (5GY 7/1). Moderately to highly bioturbated, with cm-scale diffuse burrow mottles and mm-scale pyritic burrow stains. Pyrite nodules and pyritized burrow is at Section 3, 39-46 cm. Rare coring-induced fractures in Section 3; abundant coring-induced fractures at Section 6, 26 cm through the Core Catcher.",CORE  153 - 161.78  MBSF
303,1308,E,18,H,162.5,171.79,," Section 1, 0-6 cm is drilling slurry. Sections 5 and 6 are highly disturbed with inclined bedding. NANNOFOSSIL OOZE is mainly wihte (N8), but occasionally light gray (5Y7/1), gray (5Y5/1), and greenish gray (5GY5/1). SIlty clay is olive gray (5Y4/2), gray (5Y5/1). Biotubation is moderate to common.",CORE  162.5 - 171.79  MBSF
303,1308,E,19,H,172,181.93,," Section 1, 0-10 cm is highly disturbed. NANNOFOSSIL OOZE is mainly light greenish gray (5GY7/1) to greenish gray (5GY6/1), but occasionally white (N8), light gray (5Y7/1), and olive gray (5Y5/2). Bioturbation is moderate to common.",CORE  172 - 181.93  MBSF
303,1308,E,20,H,181.5,190.19,," Section 1, 0-4 cm is drilling slurry, and whole core is soft, possibly disturbed. NANNOFOSSIL OOZE is mainly light greenish gray (5GY7/1), but occasionally light olive gray (5Y7/2). Bioturbation is moderate to common.",CORE  181.5 - 190.19  MBSF
303,1308,E,21,H,191,200.91,, NANNOFOSSIL OOZE is light greenish gray (5GY7/1) and greenish gray (5GY6/1). Diffuse diagenetic greenish bands are present. Bioturbation is moderate with cm-scale olive and light olive gray burrows often with pyritized halos.,CORE  191 - 200.91  MBSF
303,1308,F,1,H,0,6.62,," NANNOFOSSIL OOZE is mainly white (N8), but occasionally light gray (5Y7/1), and gray (5Y5/1). Silty clay, and nannofossil silty clay are mainly olive gray (5Y5/2), olive brown (2.5Y4/3), and gray (5Y5/1). Bioturbation is rare to common. Dropstones are present at Section 3, 104 cm; Section 4, 37, 89 cm; Section 5, 10, 89, 96 cm. ",CORE  0 - 6.62  MBSF
303,1308,F,2,H,9.5,18.39,," Section, 1, 0-10 cm and Section 6, 30-84 cm is disturbed. SILTY CLAY and NANNOFOSSIL OOZE: silty clay is gray (5Y 5/1) or dark gray (5Y 6/1). Nannofossil ooze is gray (5Y 5/1) or olive gray (5Y 4/2), Bioturbation is rare to common. ",CORE  9.5 - 18.39  MBSF
303,1308,F,3,H,19,28.59,," This core is disturbed except for Section 4, 0-80 cm and 112-143 cm. SILTY CLAY and NANNOFOSSIL OOZE; silty clay is gray (5Y 5/1 and 5Y 8/1), and nannofossil ooze is white (5Y 8/1) or gray (5Y 5/1). Bioturbation is moderate. ",CORE  19 - 28.59  MBSF
303,1308,F,4,H,28.5,37.92,," Section 1, 0-34 cm and Section 7, 16-74 cm are disturbed. NANNOFOSSIL OOZE and SILTY CLAY: nannofossil ooze is gray (5Y 6/1) or light gray (5Y 7/1), and silty clay is gray (5Y 6/1). Bioturbation is moderate to common. CC went to paleontology. Black (5Y 3/1) silty clay at Section 1, 116-121 cm. Olive gray (5Y 5/2) silty clay at Section 4, 0-10 cm ",CORE  28.5 - 37.92  MBSF
303,1308,F,5,H,38,47.92,," SILTY CLAY and NANNOFOSSIL OOZE: silty clay is light gray (5Y 7/1), gray (5Y 6/1 or 5/1) dark gray (5Y 4/1) and olive gray (5Y 4/2). Nannofossil ooze is gray (5Y 6/1) or light gray (5Y 7/1). Dropstones are present at 104 cm in Section 1 and 49 cm in Section 5. Some pyrite burrows are observed. Bioturbation is moderate to common. The CC is disturbed. ",CORE  38 - 47.92  MBSF
303,1308,F,6,H,47.5,57.21,," Section 1 and CC are disturbed. NANNOFOSSIL OOZE and SILTY CLAY: nannofossil ooze is light gray (5Y 7/1) or gray (5Y 6/1), and silty clay is olive gray (5Y 6/2) or dark gray (5Y 4/1). Bioturbation is moderate. Common mm-scale pyrite burrow stains. Diffuse purple greenish-gray color bands in Section 4. . Dropstones are present in the following sections: . Section 2, 52 cm, 56 cm, 62 cm, 72 cm and 86-90 cm, 107 cm, 118 cm Section 3, 60 cm. Section 4, 126 cm. Section 5, 28 cm and 88 cm. Section 7, Granules 73-77 cm.",CORE  47.5 - 57.21  MBSF
303,1308,F,7,H,57,66.67,," Section 1, 0-8 cm and 121-143 cm, Section 7, 0-27 cm and the Core Catcher are disturbed. NANNOFOSSIL OOZE, SILTY CLAY NANNOFOSSIL OOZE, NANNOFOSSIL OOZE WITH SILTY CLAY, AND FORAMINIFER NANNOFOSSIL OOZE are olive gray (5Y 4/2 to 5Y 6/2), gray (5Y 6/1 and 5Y 5/1), greenish gray (5GY 5/1 to 5 6/1), light gray (5Y 7/1), and white (5Y 8/1), all moderately bioturbated; and NANNOFOSSIL SILTY CLAY TO SILTY CLAY WITH NANNOFOSSILS is dark olive gray (5Y 3/2) to olive gray (5Y 4/2), and moderately bioturbated. Gravel-sized clasts are present at Section 2, 6 cm and 22 cm; Section 4, 45 cm and 50 cm.",CORE  57 - 66.67  MBSF
303,1308,F,8,H,66.5,75.79,," Section 1, 0-2 cm, Section 3, 128 cm, Section 4, 23 cm, Section 6, 0-40 cm, Section 7, 12-30 cm, and the CC are disturbed. SILTY CLAY, NANNOFOSSIL SILTY CLAY, and SILTY CLAY WITH NANNOFOSSILS, are olive gray (5Y 5/2 and 5Y 4/2), gray (5Y 5/1) to very dark gray (5Y 3/1), and moderately bioturbated. NANNOFOSSIL OOZE, FORAMINIFER NANNOFOSSIL OOZE, and SILTY CLAY NANNOFOSSIL OOZE are gray (5Y 5/1 and 5Y 6/1), olive gray (5Y 5/2), and light greenish gray (5GY 7/1) to light gray (5Y 7/1), and moderately bioturbated.",CORE  66.5 - 75.79  MBSF
303,1308,F,9,H,76,85.58,," Section 1, 0-5 cm is highly disturbed. NANNOFOSSIL OOZE is mainly gray (5Y6/1), but occasionally light gray (5Y7/1), white (N8), greeenish gray (5GY6/1), and light greenish gray (5GY7/1). Silty clay, nannofossil silty clay are olive gray (5Y5/2), and dark grayish brown (2.5Y4/2). Bioturbation is rare to abundant.",CORE  76 - 85.58  MBSF
303,1308,F,10,H,85.5,94.43,," NANNOFOSSIL OOZE is gray (5Y5/1 or 5Y6/1), light gray (5Y7/1) and light greenish gray (5GY7/1). Silty clay +/- nannofossils is gray (5Y5/1) to dark gray 5Y4/1). Bioturbation is moderate to common on mm- and cm-scale. Contacts are gradational or bioturbated.",CORE  85.5 - 94.43  MBSF
303,1308,F,11,H,94,103.4,," Section 1, 0-2 cm is drilling slurry, and Section CC is highly deformed to probably flow-in. NANNOFOSSIL OOZE is mainly light gray (5Y7/1) to light greenish gray (5GY7/1), but occasionally gray (5Y6/1), and greenish gray (5GY6/1). Nannofossil silty clay, and clay nannofossil ooze are mainly brownish, and olive colors as greenish gray (5GY5/1), olive gray (5Y5/2), and grayish brown (2.5Y5/2). Silty clay is black (5Y2.5/1). Bioturbation is rare to abundant. Black (5Y2.5/1) silty clay at Section 1, 24-29 cm.",CORE  94 - 103.4  MBSF
303,1308,F,12,H,103.5,113.12,," Section 1, 0-40 cm is drilling slurry, and Section CC is highly disturbed. NANNOFOSSIL OOZE is mainly light gray (5Y7/1), greenish gray (5GY7/1), but occasionaly gray (5Y6/1), and white (N8). Nannofossil silty clay and silty clay nannofossil ooze are olive gray (5Y5/2), light olive gray (5Y7/1), and dark gray (5Y4/1). Bioturbation is moderate to abundant. Dropstones are present at Section 2, 54 cm (cobble-sized granitic rock, probably gneiss); Section 4, 29 cm (pebble-sized rock).",CORE  103.5 - 113.12  MBSF
303,1308,F,13,H,113,122.66,," Section 1, 0-46 cm is drilling slurry. NANNFOSSIL OOZE is mainly gray (5Y5/1), but occasionally light greenish gray (5GY7/1), and greenish gray (5GY6/1). Silty clay is dark gray (N4), and nannfossil silty clay, nannofossil clay, nannfossil sandy clay are dark gray (5Y4/1), olive gray (5Y5/2), and gray (5Y5/1). Bioturbation is rare to common. Dark gray (N4) silty clay at Section 5, 40-44 cm.",CORE  113 - 122.66  MBSF
303,1308,F,14,H,122.5,132.34,," NANNOFOSSIL OOZE is mainly greenish gray (5GY5/1), but occasionally light greenish gray (5GY7/1), white (N8), and gray (5Y5/1). Silty clay and nannofossil silty clay are dark gray (5Y4/1). Bioturbation is rare to common. Dark gray (N4) silty clay at Section 4, 70-73 cm.",CORE  122.5 - 132.34  MBSF
303,1308,F,15,H,132,141.91,," Section 1, 0-50 cm is dirlling slurry. NANNOFOSSIL OOZE is mainly greenish gray (5GY6/1), but occasionally white (N8), light greenish gray (5GY7/1), light gray (5Y7/1), and gray (5Y6/1). Nannofossil silty clay and nannofossil clay are olive gray (5Y5/2). Bioturbation is rare to abundant. Diffuse diagenetic greenish bands.",CORE  132 - 141.91  MBSF
303,1308,F,16,H,141.5,151.46,," NANNOFOSSIL OOZE and SILTY CLAY: nannofossil ooze is light gray (5Y 7/1) or gray (5Y 6/1 or 5/1). Silty clay is gray (5Y 6/1) to black (5Y 3/1). Bioturbation is rare to common. Diffuse greenish gray banding, mm- and cm-scale burrows with pyrite stains are present. Dropstones are present at Section 2, 5 cm, Section 4, 15 cm, and Section 6, 45 cm. ",CORE  141.5 - 151.46  MBSF
303,1308,F,17,H,151,160.84,," Section 6, 68-80 cm and CC are disturbed. NANNFOSSIL OOZE and NANNOFOSSIL OOZE WITH SILTY CLAY: nannofossil ooze is white (5Y 8/1) or light gray (5Y 7/1). Nannofossil ooze with silty clay is gray (5Y 6/1 or 5/1). Bioturbation is moderate to common. A dropstone is located in Section 1, 4 cm. A microfault is present in Section 2, 145 cm.",CORE  151 - 160.84  MBSF
303,1308,F,18,H,160.5,170.13,," NANNOFOSSIL OOZE AND NANNOFOSSIL OOZE WITH SILTY CLAY are light gray (5Y 7/1) and gray (5Y 6/1 and 5Y 5/1), although some thin layers are light olive gray (5Y 6/2). Thin beds of silty clay nannofossil ooze and nannofossil ooze are also observed. Bioturbation is moderate to abundant as seen by cm-scale burrows and mm-scale pyrite staining. Diffuse greenish gray banding is common. Very dark gray SILTY CLAY at Section 5, 80-98 cm",CORE  160.5 - 170.13  MBSF
303,1308,F,19,H,170,179.68,," Section 1, 0-10 cm; CC, 10-18 cm are disturbed. NANNOFOSSIL OOZE is light gray (5Y 7/1) and gray (5Y 6/1 and 5Y 5/1). Gray (5Y 5/1) and olive gray (5Y 5/1) nannofossil ooze with silty clay and silty clay nannofossil ooze are also present. Bioturbation is moderate and is best expressed by mm- to cm-scale burrows. Many of the burrows are stained with pyrite. In some cases, the burrows are pyritized. Diffuse greenish gray banding is common.",CORE  170 - 179.68  MBSF
303,1308,F,20,H,179.5,189.56,," Section 1, 0-15 cm, and CC, 0-18 cm are disturbed. NANNOFOSSIL OOZE is light gray (5Y 7/1) to gray (5Y 6/1). Bioturbation is moderate with cm- to mm-scale burrows. These are best seen when they have pyrite staining. Several burrows in Section 3 have been pyritized. Diffuse greenish gray banding is present throughout the core.",CORE  179.5 - 189.56  MBSF
303,1308,F,21,H,189,198.87,," Entire core is light gray (5Y 7/1) NANNOFOSSIL OOZE, grading locally to short intervals of gray nannofossil ooze. Bioturbation is moderate, with both cm-scale burrow mottles and mm-scale pyritic burrow stains. Diffuse dark greenish gray color bands, spaced 5-15 cm apart are common in Sections 1, 2, 3, 5, and 7 cm.",CORE  189 - 198.87  MBSF
303,1308,F,22,H,198.5,208.39,," Section 1, 0-10 cm is drilling slurry. NANNOFOSSIL OOZE is white (N8), light gray (5Y7/1), light greenish gray (5GY7/1), and greenish gray (5GY6/1). Diffuse diagenetic greenish bands, and pyritized burrows are present. Bioturbation is moderate to common.",CORE  198.5 - 208.39  MBSF
303,1308,F,23,H,208,217.97,," Section 1, 0-42 cm is drilling slurry. NANNOFOSSIL OOZE is white (N8), light gray (5Y7/1), and light greenish gray (5GY7/1). Diffuse diagenetic greenish bands and pyritized burrows are present. Bioturbation is moderate to common.",CORE  208 - 217.97  MBSF
303,1308,F,24,H,217.5,226.82,," NANNOFOSSIL OOZE is white (N8), light gray (5Y7/1), and light greenish gray (5Y6/1). Bioturbation is moderate to common.",CORE  217.5 - 226.82  MBSF
