Expedition.Leg,Site_Number,Hole,Core_Number,Core_Type,Core_Top_MBSF,Core_Bottom_MBSF,Age,Description,Core_ID
303,1306,A,1,H,0,8.3,," SILTY CLAY WITH DIATOMS; color is very dark gray (5Y3/1) to dark gray (5Y4/1), and sandy clay and foraminifer ooze are olive brown (2.5Y4/3). Bioturbation is common. A dropstone is present at Section 1, 138-140 cm.",CORE  0 - 8.3  MBSF
303,1306,A,2,H,8.3,18.07,," SILTY CLAY WITH DIATOMS (very dark gray, 5Y3/1) and SILTY CLAY (dark gray, 5Y4/1) with varying amounts of detrital carbonate (higher % = more brown in color: grayish brown, 2.5Y5/2 to olive gray 5Y5/2). Bioturbation is moderate except some lithological boundaries where it is common. Boundaries are generally very diffuse and graded but sometimes bioturbated.",CORE  8.3 - 18.07  MBSF
303,1306,A,3,H,17.8,22.7,, Entire core is highly disturbed by flow in. Sediment is dark gray (5Y4/1) in color. Section 2 and Section 3 (0-45 cm) appear intact SILTY CLAY but sediment is still very soft.,CORE  17.8 - 22.7  MBSF
303,1306,A,4,H,27.3,37.29,," SILTY CLAY WITH DIATOMS (dark gray 5Y4/1 to very dark gray, 5Y3/1) with silty clay (dark gray) and sandy clay with foraminifers (gray to dark gray). Moderate to common bioturbation with pyritization and occasional dropstones. Contacts are gradational.",CORE  27.3 - 37.29  MBSF
303,1306,A,5,H,36.8,46.47,," SILTY CLAY WITH DIATOMS (dark gray to very dark gray, 5Y4/1-5Y3/1) with silty clay (shades of grayish brown, 2.5Y3/2). Moderate bioturbation with common silt- and foraminifer-sand filled burrows and pyritization (occasional nodules). Greenish grey (5GY5/1) mud clast at 47cm in Section 3. Section 5, 9-74 cm: Is highly disturbed and no stratigraphic integrity remains; much sediment is missing.",CORE  36.8 - 46.47  MBSF
303,1306,A,6,H,46.3,55.5,," SILTY CLAY WITH DIATOMS (very dark gray, 5Y3/1) and silty clay (dark gray, 5Y4/1) with one horizon of foraminifer sand. Bioturbation is moderate. Boundaries are diffuse and gradational.",CORE  46.3 - 55.5  MBSF
303,1306,A,7,H,55.8,65.04,," SILTY CLAY (dark gray to very dark gray, 5Y4/1 - 5Y3/1) with nannofossil ooze beds (gray, 5Y5/1) and foraminifer sand bed (gray, 5Y5/1). Moderate to common bioturbation on both cm- and mm-scale. Boundaries are gradational and bioturbated except sharp contact at base of sand bed.",CORE  55.8 - 65.04  MBSF
303,1306,A,8,H,65.3,75.15,," Section 1, 0-40 cm is drilling slurry. SILTY CLAY; color is dark gray (5Y4/1) to very dark gray (5Y3/1), and nannofossil ooze is olive gray (5Y5/2), and foraminifer sandy clay is very dark gray (5Y3/1). Bioturbation is common. Dropstones are found at Section 4, 101 cm; and Section 6, 99 cm.",CORE  65.3 - 75.15  MBSF
303,1306,A,9,H,74.8,83.76,," Section 1, 0-25 cm disturbed. Very dark gray (5Y3/1) SILTY CLAY WITH DIATOMS, which is rarely bioturbated. Dark gray (5Y4/1) to very dark gray (5Y3/1) SILTY CLAY NANNOFOSSIL OOZE WITH FORAMINIFERS is moderately bioturbated. Occasional dropstones are present.",CORE  74.8 - 83.76  MBSF
303,1306,A,10,H,84.3,94.31,," Section 1, 0-11 cm is disturbed. Dark gray (5Y4/1, N/4) to very dark gray (5Y3/1) SILTY CLAY WITH DIATOMS. Very dark gray silty clay foraminifer ooze and silty clay with diatoms and hematite(?) stained grains in Section 1. Bioturbation is rare, and dropstone occasional.",CORE  84.3 - 94.31  MBSF
303,1306,A,11,H,93.8,103.36,, Soupy core distrubance 0-26 cm. Very dark gray (5Y3/1) SILTY CLAY with rare bioturbation. Moderately bioturbated dark gray (5Y4/1) silty clay intervals within Section 4.,CORE  93.8 - 103.36  MBSF
303,1306,A,12,H,103.3,112.92,," Very dark gray (5Y 3/1) SILTY CLAY moderately bioturbated. Occasionally this grades into dark greenish gray (5GY 4/1) or dark grayish brown (2.5Y 4/2) silty clay. Ligher intervals, dark gray (5Y 4/1), indicate higher content of nannofossils. Bioturbation degree seems to be lower in the deepest part of the core.",CORE  103.3 - 112.92  MBSF
303,1306,A,13,H,112.8,121.88,, The main lithology is very dark gray (5Y 3/1) SILTY CLAY with moderate bioturbation. Few intervals of very dark grayish brown (2.5Y 3/2) and dark grayish brown (2.5Y 4/2) silty clay are also observed. Dropstones are relatively common and it is worth noting the presence of basaltic dropstone in Section 2.,CORE  112.8 - 121.88  MBSF
303,1306,A,14,H,122.3,132.39,," SILTY CLAY; the color is very dark gray (5Y 3/1) or dark gray (5Y 4/1). Bioturbation is mainly moderate, but there are some pyritized burrows. Section 1, 0-12 cm is disturbed. The clastics are distributed in patches from 58-64 cm in Section 2, and 127-131 cm in Section 4.",CORE  122.3 - 132.39  MBSF
303,1306,A,15,H,131.8,141.2,," Section 1, 0-12 cm is disturbed by drilling. SILTY CLAY; color is dark gray (5Y4/1) to very dark gray (5Y3/1). Bioturbation is moderate. Dropstones are present in Section 1, 91, 130, 147 cm; Section 2, 37, 98-100 cm; Section 3, 13-15, 89-90, 119 cm; Section 4, 85-86 cm.",CORE  131.8 - 141.2  MBSF
303,1306,A,16,H,141.3,141.81,, SILTY CLAY; color is very dark gray (N3). Bioturbation is moderate.,CORE  141.3 - 141.81  MBSF
303,1306,A,17,H,142.8,152.58,," SILTY CLAY (very dark gray, 5Y3/1) with pervasive dark greenish gray (5G4/1) bands. Some olive gray to dark olive gray (5Y4/2-5Y3/2) detrital-carbonate rich horizons are present. There is single silty sand bed (black, 5Y2.5/1). Bioturbation is moderate to common, often with mm-scale foram-sand filled burrows. Contacts are bioturbated. ",CORE  142.8 - 152.58  MBSF
303,1306,A,18,H,152.3,162.22,," Section 1, 0-18 cm is drilling slurry. SILTY CLAY; color is dark greenish gray (5G4/1) to very dark gray (5Y3/1), and clayey sand foraminifer ooze with nannofossils is greenish gray (5GY5/1), and sand is dark gray (5Y4/1). Bioturbation is moderate. A dropstone is in Section 5 at 127-130 cm.",CORE  152.3 - 162.22  MBSF
303,1306,A,19,H,161.8,171.5,," Section 1, 0-17 cm is drilling slurry. SILTY CLAY; color is very dark gray (5Y3/1), and clayey sand with foraminifers and nannofossils is greenish gray (5GY5/1). Bioturbation is moderate. A dropstone is present in Section 6, 93 cm.",CORE  161.8 - 171.5  MBSF
303,1306,A,20,H,171.3,181.4,," Section 1, 0-104 cm is DRILLING SLURRY. SILTY CLAY, dark gray (5Y 4/1) to very dark gray (5Y 3/1), and olive gray (5Y 4/2) to dark greenish gray (5G 4/1), which is bioturbated throughout. Dark greenish gray (5GY 4/1) clay, which is enriched in detrital carbonate, is present at Section 4, 100-134 cm. Foraminifer-rich sand fills cm-scale burrows in Sections 4, 5, and 7. Gravel-sized clasts are present in Section 2, 7 cm; Section 4, 123-124 cm; and Section 5, 32 cm.",CORE  171.3 - 181.4  MBSF
303,1306,A,21,H,180.8,190.41,," SILTY CLAY; color is dark gray (5Y4/1) to very dark gray (5Y3/1). BIoturbation is common. A dropstone is in Section 6 at 8 cm. Dark greenish gray (5GY4/1) detrital carbonate silty clay at Section 7, 14-23 cm.",CORE  180.8 - 190.41  MBSF
303,1306,A,22,H,190.3,200.34,," SILTY CLAY (very dark grey, 5Y3/1) with an interval of clayey silt (very dark grey, 5Y3/1). Moderate bioturbation throughout with mm-scale, white sand-filled burrows and diffuse mottling and bands of dark greenish gray.",CORE  190.3 - 200.34  MBSF
303,1306,A,23,H,199.8,209.36,," SILTY CLAY (very dark gray, 5Y3/1) with dark greenish gray (5G4/1) silty clay and greenish gray (5GY5/1) clayey sand with foraminifers. Dark greenish gray bands and diffuse mottling are common. Bioturbation is moderate with intervals of higher % burrows with pyritization and nodules. White sand-filled, mm-scale burrows are dispersed throughout the core.",CORE  199.8 - 209.36  MBSF
303,1306,A,24,H,209.3,219.3,," SILTY CLAY; color is very dark greenish gray (5Y3/1), . and clayey sand is gray (5Y5/1), and sandy clay is greenish gray (5GY5/1). Bioturbation is moderate. Dropstones are present in Section 1, 45-47 cm; and Section 4, 110 cm.",CORE  209.3 - 219.3  MBSF
303,1306,A,25,H,218.8,228.61,," SILTY CLAY (very dark gray to dark greenish gray, 5Y3/1 - 5G4/1) with small clayey sand bed (dark gray, 5Y4/1). Bioturbation is moderate with common <cm-scale foraminifer sand-filled burrows and occasional areas of pyritization and pyritized sand-filled burrows. Diffuse dark greenish gray (5G4/1) bands are present.",CORE  218.8 - 228.61  MBSF
303,1306,A,26,H,228.3,238.4,," SILTY CLAY and SILTY CLAY with nannofossil; silty clay and silty clay with nannofossil are very dark gray (5Y 3/1). Bioturbation is moderate or rare. There are some pyrite burrows. Section 1, 0-20 cm and CC are disturbed. A dropstone is at 108 cm in Section 3, 132 cm in Section 4, 18 cm in Section 5, and 6 cm in CC. Clastics are found (patch like) 0-60 cm in Section 2, and 65-90 cm in Section 5.",CORE  228.3 - 238.4  MBSF
303,1306,A,27,H,237.8,247.94,," Very dark (5Y 3/1) SILTY CLAY. Dark gray (5Y 4/1) intervals consist of silty clay too, but with higher carbonate content (50%). Scattered sandy silt clasts are common. Biouturbation is rare. A single thin layer of SILTY CLAY NANNOFOSSIL OOZE is present at the end of Section 3 and beginning of Section 4.",CORE  237.8 - 247.94  MBSF
303,1306,A,28,H,247.3,257.24,," Core liner shattered. Section 1, 0-5 cm disturbed; Section 5, 107-148 cm fractured; Section 6, 13-25, 35-80 fractured; CC disturbed. Very dark gray (5Y3/1 to N/5) SILTY CLAY with rare to moderate bioturbation.",CORE  247.3 - 257.24  MBSF
303,1306,A,29,H,256.8,266.82,, SILTY CLAY; the color is very dark gray (5Y 3/1). Bioturbation is moderate. There are some white burrows and pyritized burrows. CC is disturbed. Section 3 contains diffuse dark greenish gray color bands (~1 cm thick) spaced 5-10 cm apart. Section 5 ccontains diffuse dark greenish gray color bands (~1 cm thick) spaced 47-62 cm and 89-94 cm.,CORE  256.8 - 266.82  MBSF
303,1306,A,30,H,266.3,276.44,," Section 1, 0-30 cm is disturbed. Dark gray (5Y4/1) to very dark gray (5Y3/1) SILTY CLAY with moderate bioturbation and rare sandy silt-filled burrows.",CORE  266.3 - 276.44  MBSF
303,1306,A,31,H,275.8,285.58,," SILTY CLAY (very dary gray, 5Y3/1), moderately bioturbated, with common mm-scale white sand-filled burrows in Sections 4-7. Diffuse greenish gray color bands, which are 1-cm thick every 3-10 cm, are present in Sections 1-4.",CORE  275.8 - 285.58  MBSF
303,1306,A,32,H,285.3,295.38,," SILTY CLAY; color is very dark gray (5Y3/1), nannofossil sandy clay is dark gray (5Y4/1), sandy clay with diatoms is dark gray (5Y4/1) to dark greenish gray (5GY4/1). Bioturbation is moderate. Dropstones are present in Section 1, 68 cm; and Section 7, 36-37 cm. There are also diffuse sand filled burrows.",CORE  285.3 - 295.38  MBSF
303,1306,A,33,H,294.8,304.93,," Section 1, 0-25 cm is drilling slurry, and Section 7, 60-69 cm and Section CC is drilling disturbed. SILTY CLAY; color is dark gray (5Y4/1) to very dark gray (5Y3/1), and sandy clay with diatoms is dark gray (5Y4/1) to greenish gray (5GY5/1), and clayey sand is dark gray (5Y4/1). Diffuse greenish layers and sand filled burrows are present. Bioturbation is moderate.",CORE  294.8 - 304.93  MBSF
303,1306,B,1,H,0,1.36,," DIATOM SANDY CLAY (dark grayish brown, 2.5Y4/2) and SILTY CLAY (dark gray to gray, 5Y/1-5Y5/1). Bioturbation is moderate to common on mm-scale.",CORE  0 - 1.36  MBSF
303,1306,B,2,H,1.3,10.72,," Section 1, 0-70 cm is drilling slurry. SILTY CLAY WITH DIATOMS; color is dark gray (5Y4/1) to very dark gray (5Y3/1). Bioturbation is moderate. Dropstones are in Section 2, 16, 142, 148 cm; Section 3, 101 cm; Section 4, 41-43, 138-140 cm; and Section 5, 8-9, 28-30 cm.",CORE  1.3 - 10.72  MBSF
303,1306,B,3,H,10.8,20.43,," Section 1, 0-30 cm is drilling slurry. SILTY CLAY WITH DIATOMS; color is dark gray (5Y4/1) to very dark gray (5Y3/1), and clayey sand is dark gray (5Y4/1). Bioturbation is common. Dropstones are in Section 3, 75 cm; and Section 5, 17-18, 105-106, 136 cm. Dark greenish brown (2.5Y4/2) detrital carbonate silty clay at Section 1, 138-150 cm; Section 2, 0-30 cm.",CORE  10.8 - 20.43  MBSF
303,1306,B,4,H,20.3,29.58,," Section 1, 0-43 cm is drilling slurry. SILTY CLAY WITH DIATOMS; color is dark gray (5Y4/1) to dark greenish gray (5GY4/1), and silty clay is gray (5Y5/1). Bioturbation is common. Dropstones are in Section 1, 55 cm; Section 2, 99, 105 cm; and Section 3, 8-9, 98-100 cm.",CORE  20.3 - 29.58  MBSF
303,1306,B,5,H,29.8,39.4,," Section 1, 0-10 cm is disturbed. Very dark gray (5Y3/1) SILTY CLAY is rarely to moderately bioturbated. Rare lenses of nannofossil foraminfer ooze with silty clay are also present.",CORE  29.8 - 39.4  MBSF
303,1306,B,6,H,39.3,48.89,," Section 1, 0-5 cm is disturbed and the core liner is compressed from 100-147 cm. Very dark gray (5Y3/1) SILTY CLAY. Dark gray (5Y4/1) silty clay and olive gray (5Y4/2) silty clay are also present. Bioturbation is rare to moderate.",CORE  39.3 - 48.89  MBSF
303,1306,B,7,H,48.8,58.71,," SILTY CLAY and SILTY CLAY with diatoms; silty clay and silty clay with diatoms is very dark gray (5Y 3/1). Bioturbation is rare, but there are some pyritized burrows. Dropstone occur at 112 cm and 121 cm in Section 1, at 88 cm in Section 3, and at 53 cm in Section 7. The interval between 25 cm and 61 cm in Section 3 shows faint color variation.",CORE  48.8 - 58.71  MBSF
303,1306,B,8,H,58.3,67.9,," Core disturbed 0-34 cm. Comprised of dark gray (5Y4/1) to very dark gray (5Y3/1, N/3) SILTY CLAY, minor gray (5Y5/1) silty clay foraminifer ooze, and minor very dark gray (2.5Y3/1) foraminifer sandy silt with diatoms. Bioturbation is rare to moderate throughout.",CORE  58.3 - 67.9  MBSF
303,1306,B,9,H,67.8,77.61,," Core disturbed 0-40 cm. Comprised of very dark gray (5Y3/1) SILTY CLAY, dark gray (5Y4/1) nannofossil silty clay, and gray (5Y5/1) nannofossil ooze with silty clay. Bioturbation is rare. Interbedded very dark gray silty clay (70%) with dark gray nannofossil silty clay. Lithological contacts are gradational and bioturbated.",CORE  67.8 - 77.61  MBSF
303,1306,B,10,H,77.3,87.25,," Core disturbed 0-45 cm. Comprised of very dark gray (5Y3/1) SILTY CLAY, dark gray (5Y4/1) nannofossil silty clay, and gray (5Y5/1) nannofossil ooze with silty clay. Moderate bioturbation throughout.",CORE  77.3 - 87.25  MBSF
303,1306,B,11,H,86.8,96.72,, Core disturbed 0-5 cm. Comprised of very dark gray (5Y3/1) SILTY CLAY and dark gray (5Y4/1) nannofossil silty clay. Moderate bioturbation throughout.,CORE  86.8 - 96.72  MBSF
303,1306,B,12,H,96.3,106.08,," Core disturbed 0-6 cm. Comprised of very dark gray (5Y3/1) SILTY CLAY, dark gray (5Y 4/1) to dark grayish brown (2.5Y4/2) silty clay with nannofossils, dark gray (5Y4/1) to dark greenish gray (5GY4/1) silty clay with nannofossils, and gray (5Y5/1) nannofossil ooze with silty clay. Moderate bioturbation throughout.",CORE  96.3 - 106.08  MBSF
303,1306,B,13,H,105.8,115.63,," SILTY CLAY, color is very dark gray. Bioturbation is moderate, with few pyritized burrows.",CORE  105.8 - 115.63  MBSF
303,1306,B,14,H,115.3,125.14,," SILTY CLAY, color is very dark gray. Some sections are nannofossil-foraminifer ooze of dark gray color. Bioturbation is moderate with few pyritized burrows, and there are some mud clasts.",CORE  115.3 - 125.14  MBSF
303,1306,B,15,H,124.8,134.82,," SILTY CLAY, color is very dark gray, some sections are dark greenish gray and contain more detrital carbonate. Bioturbation is moderate, with mottling and pyritized burrows.",CORE  124.8 - 134.82  MBSF
303,1306,B,16,H,134.3,144.22,," SILTY CLAY (very dark gray, 5Y3/1 to dark gray, 5Y4/1) with some detrital carbonate-rich horizons (gray, 5Y5/1 and greenish gray 5GY5/1) with interval of clayey sand and sandy clay with foraminifers (gray to dark gray). Bioturbation is moderate, and pyritized sand-filled burrows are common. Contacts are gradational and occasionally bioturbated.",CORE  134.3 - 144.22  MBSF
303,1306,B,17,H,143.8,153.86,," SILTY CLAY (very dark gray, 5Y3/1) with sandy clay calcareous ooze (greenish gray, 5GY5/1). Bioturbation is moderate to abundant with common mm-scale white sand-filled burrows. Dark greenish grey mottling and bands are common. Contacts are bioturbated and occasionally gradational.",CORE  143.8 - 153.86  MBSF
303,1306,B,18,H,153.3,163.29,," Section 1, 0-10 cm is drililng disturbance. SILTY CLAY; color is dark gray (5Y4/1) to very dark gray (5Y3/1) to dark greenish gray (5GY4/1), and clayey sand is dark gray (5Y4/1). Bioturbation is common. A dropstone is present at Section 4, 55-57 cm. Olive gray (5Y4/1) detrital carbonate sitly clay at Section 2, 6-10 cm.",CORE  153.3 - 163.29  MBSF
303,1306,B,19,H,166.8,177.02,," Section 1, 0-33 cm is highly disturbed. SILTY CLAY; color is dark geenish gray (5GY4/1), dark gray (5Y4/1) and very dark gray (5Y3/1). Bioturbation is moderate. Dropstones are present at Section 1, 20-24 cm; Section 4, 109 cm. Olive gray (5Y5/2) detrital carbonate silty clay at Secton 3, 115-125 cm. Olive gray (5Y4/2) detrital carbonate-rich silty clay at Section 4, 51-56 cm.",CORE  166.8 - 177.02  MBSF
303,1306,B,20,H,176.3,186.08,," Section 1, 0-18 cm is drilling slurry. SILTY CLAY; color is dark gray (5Y4/1) to very dark gray (5Y3/1). Bioturbation is moderate. Olive gray (5Y4/2) detrital carbonate-rich silty clay at Section 4, 48-60, 93-100 cm.",CORE  176.3 - 186.08  MBSF
303,1306,B,21,H,185.8,195.7,," Section 1, 0-44 cm is drilling slurry. SILTY CLAY; color is dark gray (5Y4/1) to very dark gray (5Y3/1), and clayey sand is greenish gray (5GY4/1). Bioturbation is moderate. Dropstones are present at Section 2, 87-89 cm; Section 4, 76, 80 cm.",CORE  185.8 - 195.7  MBSF
303,1306,B,22,H,195.3,204.9,," Section 1, 0-20 cm is drilling slurry. SILTY CLAY; color is commonly very dark gray (5Y3/1), and sandy clay is dark greenish gray (5GY4/1). Bioturbation is moderate. A dropstone at Section 7, 38-40 cm. Olive gray detrital carbonate rich silty clay at Section 5, 60-70 cm.",CORE  195.3 - 204.9  MBSF
303,1306,B,23,H,204.8,214.16,," Section 1, 0-24 cm is disturbed. The core is rarely bioturbated very dark gray (5Y3/1) SILTY CLAY and moderately bioturbated dark gray (5Y4/1) to dark greenish gray (5GY4/1) nannofossil ooze with silty clay.",CORE  204.8 - 214.16  MBSF
303,1306,B,24,H,214.3,224.19,," Section 1, 0-12 cm is disturbed. The core is rarely bioturbated very dark gray (5Y3/1) SILTY CLAY.",CORE  214.3 - 224.19  MBSF
303,1306,B,25,H,223.8,233.94,," Section 1, 0-5 cm is disturbed. The core is dark gray (5Y4/1) to very dark gray (5Y3/1) SILTY CLAY, gray (5Y5/1) nannofossil ooze with silty clay, and dark greenish gray (5GY4/1) clay with silt. Bioturbation is rare in the silty clay and clay facies, and moderate in the nannofossil ooze facies.",CORE  223.8 - 233.94  MBSF
303,1306,B,26,H,233.3,243.45,," SILTY CLAY; the color is very dark gray (5Y 3/1) or dark gray (5Y 4/1). Nannofossil sity clay is interbedded at 82-90 cm and 113-130 cm in Section 6. There are some sandy silt filled burrows (white patchs). Bioturbation is moderate. Dropstones are present at 23 cm and 90 cm in Section 1, 73 cm in Section 4.",CORE  233.3 - 243.45  MBSF
303,1306,B,27,H,242.8,252.93,," SILTY CLAY; the color is very dark gray (5Y 3/1) or dark gray (5Y 4/1). Mm-sclale white silt-filled burrow-filled are distributed. Bioturbation is moderate throughout. Dropstone at 47 cm in Section 1, 141-142 cm in Section 2, 39 cm in Section 5, and 57 cm in Section 7.",CORE  242.8 - 252.93  MBSF
303,1306,B,28,H,252.3,262.02,," SILTY CLAY; color is dark gray (5Y4/1) to very dark gray (5Y3/1). Bioturbation is moderate. Greenish gray (5GY4/1) detrital carbonate-rich silty clay at Section 3, 99-110 cm.",CORE  252.3 - 262.02  MBSF
303,1306,B,29,H,261.8,271.83,," Section 1, 0-9 cm and Section CC are highly disturbed. SILTY CLAY; color is very dark gray (5Y3/1). Bioturbation is moderate throughout. Dropstone at Section 4, 138 cm.",CORE  261.8 - 271.83  MBSF
303,1306,B,30,H,271.3,281.29,," SILTY CLAY (very dark gray,5Y3/1) moderate bioturbation and SILTY CLAY WITH DIATOMS (very dark gray, 5Y3/1) moderate to common bioturbation. Occasional pyritization and nodules. Diffuse bands of dark greeish gray throughout. Dispersed white sand-filled mm-scale burrows.",CORE  271.3 - 281.29  MBSF
303,1306,B,31,H,280.8,290.33,," Section 1, 0-16 cm; Section 5, and Section CC is highly disturbed. SILTY CLAY WITH DIATOMS; color is very dark gray (5Y3/1), and nannofossil silty clay is dark gray (5Y4/1) to dark greenish gray (5GY4/1). Bioturbation is moderate throughout.",CORE  280.8 - 290.33  MBSF
303,1306,B,32,H,290.3,300.26,," SILTY CLAY (very dark gray, 5Y3/1) and NANNOFOSSIL SILTY CLAY (very dark gray, 5Y3/1 but slightly lighter shade). Moderate to common bioturbation (with white sand-filled burrows). Mottling and pyritization common in intervals. Diffuse dark greeinsh grey bands common in silty clay Boundaries are graded and gradual .",CORE  290.3 - 300.26  MBSF
303,1306,B,33,H,299.8,309.8,," Section 1, 0-16 cm and Section CC is highly disturbed. SILTY CLAY WITH NANNOFOSSILS; color is commonly very dark gray (5Y3/1). Diffuse greenish bands and sand filled burrows, and nannofossil sity clay is dark greenish gray (5G4/1). Bioturbation is moderate throughout. Dropstone at Section CC, 11 cm.",CORE  299.8 - 309.8  MBSF
303,1306,C,1,H,0,0.96,," SILTY CLAY WITH DIATOMS; color is dark gray (5Y4/1) to very dark gray (5Y3/1), and foraminifer sand is olive brown (2.5Y4/3), and sandy clay and sand are dark gray (10YR3/3). Bioturbation is common to rare.",CORE  0 - 0.96  MBSF
303,1306,C,2,H,1,10.74,," Section 1, 0-36 cm is drilling slurry. SILTY CLAY WITH DIATOMS; color is dark gray (5Y4/1) to very dark gray (5Y3/1), and diatom silty clay is dark gray (5Y4/1). Bioturbation is moderate throughout. Olive gray (5Y5/2) silty clay (detrital carbonate-rich) at Section 4, 65-73 cm.",CORE  1 - 10.74  MBSF
303,1306,C,3,H,10.5,20.18,," SILTY CLAY WITH DIATOMS; color is dark gray (5Y4/1) to very dark gray (5Y3/1), and sandy clay is gray (5Y5/1). Bioturbation is rare to common. Dropstones at Section 2, 140 cm; Section 3, 116-118 cm; Section 4, 86, 93-94 cm; Section 6, 68-69 cm. Olive gray (5Y5/2) detrital carbonate-rich silty clay at Section 1, 135-145 cm. Olive gray (5Y5/2) detrital carbonate-rich silty clay at . Section 6, 80-100, 116-124 cm.",CORE  10.5 - 20.18  MBSF
303,1306,C,4,H,24,34,, SILTY CLAY; the color is very dark gray (5Y 3/1) or dark gray (5Y 4/1). Silty clay with nannofossil are interbedded 79-82 cm in Section 4. Bioturbation is mainly rare. There are some pyrite burrows except for 84-110 cm in Section 6. The interval has mm-scale sand- and silt-filled burrows. 0-20 cm in Section 1 is disturbed. Dropstone at 82 cm in Section 2.,CORE  24 - 34  MBSF
303,1306,C,5,H,33.5,43.5,," SILTY CLAY; the color is very dark gray (5Y 3/1). Bioturbation is mainly rare throughout. There are some pyrite burrows except for 15-45 cm in Section 7. The interval has sandy silt filled burrows. 0-10 cm in Section 1 is disturbed. Dropstone at 17 cm in Section 1, 131 cm in Section 2, 42 cm and 125 cm in Section 4, 139 cm in Section 6, and 64 cm in Section 7. Diffuse dark greenish layer in Section 1.",CORE  33.5 - 43.5  MBSF
303,1306,C,6,H,43,52.99,, Very dark gray (5Y 3/1) SILTY CLAY is the dominant lithology. Minor lithologies: In Section 2 layer of dark olive gray SILTY CLAY WITH DIATOMS is present; foraminifer ooze with nannofossil and sandy silt layer is present in Secton 5. Bioturbation is commonly rare and moderate in few intervals. Few burrows infilled with sandy silt or pyrite are observed.,CORE  43 - 52.99  MBSF
303,1306,C,7,H,52.5,62.38,," Dark (5Y 4/1) to very dark (5Y 3/1) SILTY CLAY. In Sections 4 and 5 other lithologies are observed: NANNOFOSSIL OOZE WITH SILTY CLAY , SILTY CLAY NANNOFOSSIL OOZE and NANNOFOSSIL OOZE WITH FORAMS AND SILTY CLAY grading into FORAMINIFER OOZE WITH NANNOFOSSILS AND SILTY CLAY. Bioturbation is rare to moderate (mainly in the ooze intervals) and distinct burrows are occasionally infilled with pyrite or sandy silt.",CORE  52.5 - 62.38  MBSF
303,1306,C,8,H,62,71.88,," SILTY CLAY; the main color is very dark gray (5Y 3/1). Nannofossil ooze with silty clay (dark gray; 5Y 4/1) is interbedded at 3-38 cm and 55-107 cm in Section 6. Bioturbation is rare or moderate. There are pyrite burrows at 24 cm in Section 7, and at 63 cm in Section 4. 0-36 cm in Section 1 and CC are disturbed. Dropstone at 43 cm, 66 cm, 141 cm in Section 1, at 93 cm in Section 3, and at 24 cm in Section 7. Section 1: 82-85 cm heavily altered black volcanic ash. Section 5: Pyritized dark sandy lamina at 78 cm.",CORE  62 - 71.88  MBSF
303,1306,C,9,H,71.5,81.44,," Core disturbed 0-17 cm. Comprised of moderately bioturbated, very dark gray (5Y3/1) SILTY CLAY and abundantly bioturbated gray (5Y5/1) nannofossil ooze. Burrowing occurs sporadically throught core.",CORE  71.5 - 81.44  MBSF
303,1306,C,10,H,81,90.84,," Core disturbed 0-53 cm. Comprised of very dark gray (5Y3/1) SILTY CLAY, dark gray (5Y4/1) FORAMINIFER NANNOFOSSIL OOZE, and very dark gray (5Y3/1) foraminifer sillty sand. Moderately bioturbated throughout. Burrows occur sporadically throughout.",CORE  81 - 90.84  MBSF
303,1306,C,11,H,90.5,100.39,, Core disturbed 0-36 cm. Comprised entirely of very dark gray (5Y3/1) SILTY CLAY. Moderate bioturbation and sporadic burrows throughout.,CORE  90.5 - 100.39  MBSF
303,1306,C,12,H,100,109.79,," Section 1, 0-20 cm is highly disturbed. SILTY CLAY; color is dark gray (5Y4/1) to very dark gray (5Y3/1). Bioturbation is moderate. Dropstones are in Section 2, 23-25 cm; Section 3, 33, 65 cm; Section 5, 276, 122, 131 cm; Section 6, 2, 147 cm; Section 7, 5-6, 46-47 cm; and Section CC, 16-17 cm.",CORE  100 - 109.79  MBSF
303,1306,C,13,H,109.5,119.35,," SILTY CLAY (very dark gray, 5Y3/1) with moderate bioturbation, occasional areas of white sand-filled mm-scale burrows and common diffuse dark greenish gray bands. Minor lithology is clayey sand (dark greenish gray, 5GY4/1) with foraminifers. Moderate pyritization is observed.",CORE  109.5 - 119.35  MBSF
303,1306,C,14,H,119,129.09,," Section 1, 0-4 cm and Section CC are highly disturbed. SILTY CLAY; color is dark gray (5Y4/1), very dark gray (5Y3/1) to dark greenish gray (5GY4/1). Bioturbation is moderate throughout. Dropstones at Section 3, 88-89 cm; Section 5, 90, 117, 141-143 cm. Dark gray (5Y4/1) to dark greenish gray (5GY4/1) silty clay with detrital carbonate grains at Section 5, 55-136 cm.",CORE  119 - 129.09  MBSF
303,1306,C,15,H,128.5,138.62,," Section 1, 0-12 cm is drilling slurry. SILTY CLAY; color is commonly very dark gray (5Y3/1). Bioturbation is moderate. Dropstones are present at Section 5, 93 cm; Section 6, 88 cm. Greenish gray (5GY5/1) silty clay with detrital carbonate grains at Section 6, 67-74 cm.",CORE  128.5 - 138.62  MBSF
303,1306,C,16,H,138,147.78,," Section 1, 0-45 cm is drilling slurry, and Section CC is highly disturbed. SILTY CLAY; color is commonly very dark gray (5Y3/1), and sandy silt is very dark gray (5Y3/1). Bioturbation is moderate. A dropstone is at Section 2, 140-147 cm. Dark olive gray (5Y3/2) silty clay (detrital carbonate rich) at Section 1, 125-139 cm.",CORE  138 - 147.78  MBSF
303,1306,C,17,H,147.5,157.44,," Section 1, 0-35 cm is drilling slurry. SILTY CLAY; color is commonly very dark gray (5Y3/1), and sandy clay is very dark gray (5Y3/1), and foraminifer sand is gray (5Y5/1). Bioturbation is moderate. Dropstones of granitic composition are present at Section 3, 12-15 cm; Section 5, 111-112 cm; Section 6, 84-88 cm.",CORE  147.5 - 157.44  MBSF
303,1306,C,18,H,157,166.86,," Section 1, 0-19 cm is drilling slurry, and Section CC is highly disturbed. SILTY CLAY; color is commonly very dark gray (5Y3/1), and sandy clay is very dark gray (5Y3/1). Bioturbation is moderate. Dropstones are present at Section 1, 96-99 cm; Section 5, 80 cm. Dark olive gray (5Y3/2) silty clay (detrital cabonate rich) at Section 3, 4-20, 74-87 cm.",CORE  157 - 166.86  MBSF
303,1306,C,19,H,166.5,176.37,," Section 1, 0-55 cm is drilling slurry, and Section CC is highly disturbed. SILTY CLAY; color is commonly very dark gray (5Y3/1). Bioturbation is moderate. A dropstone is found in Section 4, 83 cm. Dark olive gray (5Y4/2) silty clay (detrital carbonate-rich) at Section 3, 39-49 cm. Dark greenish gray (5GY4/1) clay and silty clay (detrital carbonate-rich) at Section 6, 42-52, 58-73 cm.",CORE  166.5 - 176.37  MBSF
303,1306,C,20,H,176,185.05,," Section 1, 0-55 cm is drilling slurry. SILTY CLAY; color is commonly greenish gray (5GY5/1) to very dark gray (5Y3/1), and sandy clay is very dark gray (5Y3/1). BIoturbation is moderate. Dropstones are found at Section 1, 116 cm; Section 4, 113 cm; Section 5, 60 cm.",CORE  176 - 185.05  MBSF
303,1306,C,21,H,185.5,195.3,," Section 1, 0-55 cm is drilling slurry, and Section CC is highly disturbed. SILTY CLAY WITH DIATOMS; color is commonly very dark gray (5Y3/1), and clayey sand, sandy clay are very dark gray (5Y3/1). Bioturbation is moderate. Dropstones (mostly of granitic composition) are present at Section 2, 120 cm; Section 6, 16-17, 133-135 cm.",CORE  185.5 - 195.3  MBSF
303,1306,C,22,H,195,204.29,," SILTY CLAY; the color is very dark gray (5Y 3/1) or dark gray (5Y 4/1). Bioturbation is rare or moderate. Nannofossil ooze silty clay (dark greenish gray; 5GY 4/1) is interbedded from 55-68 cm in Section 6. Pyritized burrows are also present at 0-44 cm in Section 1, 50-55 cm in Section 5, and CC are disturbed. Dropstones occur at 56 cm in Section 2, 88 cm and 97 cm in Section 6.",CORE  195 - 204.29  MBSF
303,1306,C,23,H,204.5,214.57,, Very dark gray (5Y 3/1) SILTY CLAY. Bioturbation is rare to moderate and distinct burrows are commonly filled by sandy silt.,CORE  204.5 - 214.57  MBSF
303,1306,C,24,H,214,224.03,," Section 1, 0-12 cm is disturbed. The core is composed of very dark gray (5Y3/1) SILTY CLAY. Bioturbation is moderate.",CORE  214 - 224.03  MBSF
303,1306,C,25,H,227.5,237.55,," Section 1, 0-29 cm is disturbed. The core is rarely bioturbated, and composed of dark gray (5Y4/1) to very dark gray (5Y3/1, 10YR3/1), dark greenish gray (5GY4/1) SILTY CLAY, moderately bioturbated, very dark gray (5Y3/1) silty clay nannofossil ooze, and very dark gray (5Y3/1) silty sand.",CORE  227.5 - 237.55  MBSF
303,1306,C,26,H,237,247.17,," Section 1, 0-30 cm is disturbed. The core is composed of very dark gray (5Y3/1) to black (5Y2.5/1) SILTY CLAY and dark gray (5Y4/1) silty clay nannofossil ooze. Bioturbation is moderate.",CORE  237 - 247.17  MBSF
303,1306,C,27,H,246.5,256.46,," Section 1, 0-20 cm is disturbed. The core is composed of dark gray (5Y4/1) to very dark gray (5Y3/1) SILTY CLAY and dark gray (5Y4/1) nannofossil ooze with silty clay. Bioturbation is moderate to rare.",CORE  246.5 - 256.46  MBSF
303,1306,C,28,H,256,266.05,," SILTY CLAY; the color is very dark gray (5Y 3/1) or dark greenish gray (5GY 4/1). Bioturbation is moderate. Section 1, 0-10 cm is disturbed. Dropstones are present at 67 cm and 87 cm in Section 2. Mm-scale white silt-filled burrows are distuributed throughout the core.",CORE  256 - 266.05  MBSF
303,1306,D,1,H,0,7.06,," Section CC is highly disturbed. SILTY CLAY WITH DIATOMS; color is olive gray (2.5Y4/3), dark olive gray (5Y3/2), and dark gray (5Y4/1), and foraminifer ooze is olive gray (2.5Y4/3). Bioturbation is moderate. Dropstones are located at Section 1, 61, 93-94 cm; Section 2, 7, 23 cm; Section 3, 80 cm; Section 4, 124 cm.",CORE  0 - 7.06  MBSF
303,1306,D,2,H,7,16.25,," Section 1, 0-7 cm is drilling slurry. SILTY CLAY WITH DIATOMS; color is dark gray (5Y4/1) to very dark gray (5Y3/1). Bioturbation is moderate. Dropstones are present at Section 3, 50 cm; Section 7, 63 cm. Very dark gray (5Y3/1) sand with forams at Section 3, 63-65 cm. Base is undulating boundary.",CORE  7 - 16.25  MBSF
303,1306,D,3,H,16.5,26.25,," SILTY CLAY WITH DIATOMS (dark gray to very dark gray, 5Y4/1-5Y3/1) with clay and sandy clay (olive gray, 5Y4/2; detrital carbonate-rich) and sandy clay calcareous ooze (gray, 5Y5/1). Bioturbation is moderate within dominant lithologies and common in minor lithologies. Boundaries are mainly bioturbated. NB: Section 5 (42-140 cm) and Section 7 (0-55 cm) could be large mud clasts as they contain microfaults and have irregular, wavy contacts. ",CORE  16.5 - 26.25  MBSF
303,1306,D,4,H,26,35.71,," Section 1, 0-10 cm is highly disturbed. SILTY CLAY WITH DIATOMS; color is commonly very dark gray (5Y3/1). Bioturbation is moderate. Dropstones are present at Section 1, 95 cm, Section 3, 10-11, 80 cm.",CORE  26 - 35.71  MBSF
303,1306,D,5,H,35.5,44.93,," Section 1, 0-36 cm is drilling slurry. SILTY CLAY; color is dark gray (5Y4/1) in the upper part of the core, and very dark gray (5Y3/1) in the lower part. Bioturbation is moderate. Dropstones (mostly gneiss) are located at Section 1, 44 cm; Section 4, 31 cm; Section 5, 63-65, 81-87 cm; Section 7, 28 cm; Section CC, 3, 8 cm.",CORE  35.5 - 44.93  MBSF
303,1306,D,6,H,45,52.84,," Section 1, 0-15 cm is drilling slurry. SILTY CLAY; color is commonly very dark gray (5Y3/1), and silty clay foraminifer ooze is dark gray (5Y4/1). Bioturbation is moderate. Dropstones are in Section 2, 54, 130 cm; Section 3, 48 cm; Section 4, 17, 64, 85-86 cm; Section 5, 45, 75 cm.",CORE  45 - 52.84  MBSF
303,1306,D,7,H,54.5,64.36,," Section 1, 0-18 cm is highly disturbed, and Section 3, 8-150 cm to Section CC is disturbed due to flow-in. SILTY CLAY; color is dark gray (5Y4/1) to very dark gray (5Y3/1). Bioturbation is moderate. However, it might be debris flow deposits from Section 3 to 5.",CORE  54.5 - 64.36  MBSF
303,1306,D,8,H,64,72.84,," SILTY CLAY; color is dark gray (5Y4/1) to very dark gray (5Y3/1), and nannofossil ooze is gray (5Y5/1) to very dark gray (5Y3/1). Bioturbation is moderate. Dropstones (mostly mudstone, one pebble-sized granitic rock) are present at Section 2, 30, 60 cm; Section 4, 44-45 cm.",CORE  64 - 72.84  MBSF
303,1306,D,9,H,73.5,83.42,," SILTY CLAY; color is commonly very dark gray (5Y3/1), and foraminifer silty clay is dark gray (5Y4/1). Bioturbation is moderate. Dropstones (mostly mudstones) are located at Section 1, 62-63 cm; Section 2, 26 cm.",CORE  73.5 - 83.42  MBSF
303,1306,D,10,H,85,94.69,," Section 1, 0-14 cm is drilling slurry, SILTY CLAY; color is very dark gray (5Y3/1). CAUTION: The entire core appears to be disturbed.",CORE  85 - 94.69  MBSF
303,1306,D,11,H,94.5,104.49,, Section 1 0-15 cm is disturbed. The core is composed of dark gray (5Y4/1) to black (5Y2.5/1) SILTY CLAY occasionally mottled by olive gray (5Y4/2) to dark olive gray (5Y3/2) and dark greenish gray (5GY4/1) silty clay. Bioturbation is rare to common.,CORE  94.5 - 104.49  MBSF
303,1306,D,12,H,104,113.94,," Section 7, 0-34 cm is disturbed. The core is composed of dark gray (5Y4/1) to very dark gray (5Y3/1) and dark olive gray (5Y3/2) SILTY CLAY, and dark greenish gray (5GY4/1) to very dark gray (5Y3/1) Silty clay with nannofossils. Bioturbation is rare to moderate.",CORE  104 - 113.94  MBSF
303,1306,D,13,H,113.5,123.6,," The core is composed of dark gray (5Y4/1) to very dark gray (5Y3/1, 2.5Y3/1) SILTY CLAY and gray (5Y5/1) nannofossil ooze with silty clay. Bioturbation is rare to moderate.",CORE  113.5 - 123.6  MBSF
303,1306,D,14,H,123,132.77,," Section 1, 0-3 cm is disturbed. The core is composed of dark gray (5Y4/1, N4) to very dark gray (5Y3/1) and dark greenish gray (5GY4/1) SILTY CLAY and minor gray (5Y5/1) nannnofossil ooze with foraminifers and silty clay. Bioturbation is rare to moderate.",CORE  123 - 132.77  MBSF
303,1306,D,15,H,132.5,142.46,," SILTY CLAY; the color is very dark gray (5Y 3/1). Nannofossil ooze and silty clay (dark gray; 5Y 4/1) are interbedded from 45-64 cm in Section 2, and 50-57 cm in Section 5. Sandy silt-filled burrows are present. Section 1, 0-30 cm and CC are disturbed. Section 6 has evidence that the entire section was stretched; however magnetic susceptibility pattern still matches equivalent cores from other holes. Dropstones are present at Section 2, 87 cm and 124 cm, Section 3, 49 cm and 61 cm, and Section 4, 61 cm, 123 cm and 148 cm.",CORE  132.5 - 142.46  MBSF
303,1306,D,16,H,142,151.67,," SILTY CLAY; the main color is very dark gray (5Y 3/1). Soupy sand lens at 25 cm in Section 2 extends halfway across core. A clayey sand layer is present at 75-78 cm in Section 3. Lighter colored small burrows are identified at 131-134 cm in Section 4. A silt sand layer (very dark gray; 5Y 3/1) is present at Section 5, 130-137 cm. Dropstone are present at 72 and 89 cm in Section 1, 126 and 134 cm in Section 5. Section 1, 0-3 cm and CC are disturbed.",CORE  142 - 151.67  MBSF
303,1306,D,17,H,151.5,161.79,, Entire core liner shattered and sediment from all sections transferred to new liner. Section 7 possibly disturbed. The core is composed of dark gray (5Y4/1) to very dark gray (5Y3/1) SILTY CLAY and dark gray (5Y4/1) to very dark gray (5Y3/1) silty foraminifer ooze. Bioturbation is moderate.,CORE  151.5 - 161.79  MBSF
303,1306,D,18,H,161,169.66,," Section 1, 0-10 cm is disturbed. The core is composed of very dark gray (5Y3/1, 2.5Y3/1) SILTY CLAY and minor very dark gray (5Y3/1) foraminifer silty clay. Bioturbation is moderate.",CORE  161 - 169.66  MBSF
303,1306,D,19,H,170.5,180.26,," Section 1, 0-21 cm is highly disturbed. SILTY CLAY; color is commonly dark greenish gray (5GY4/1) to very dark gray (5Y3/1). Bioturbation is moderate. Dropstones are located at Section 1, 148 cm; Section 2, 57, 73 cm; Section 3, 17, 30, 43 cm; Section 6, 55, 142 cm. ",CORE  170.5 - 180.26  MBSF
