Expedition.Leg,Site_Number,Hole,Core_Number,Core_Type,Core_Top_MBSF,Core_Bottom_MBSF,Age,Description,Core_ID
184,1147,B,1,H,0,9.79,Pleistocene,"CLAY WITH NANNOFOSSILS and CLAY The topmost 80 cm is CLAY WITH NANNOFOSSILS, the upper 4 cm being brown and the next 76 cm having gray color. The core does not contain the mud line. The rest of the core is dark olive gray CLAY. Bioturbation is common. Fecal pellets, burrows, open worm holes, green layers, and patches are found throughout the core. Burrows filled with VOLCANIC ASH are observed.",CORE  0 - 9.79  MBSF
184,1147,B,2,H,9.5,19.2,Pleistocene,"CLAY and CLAY WITH NANNOFOSSILS The core is dark olive gray CLAY. Small amounts of quartz are observed in smear slides. A lighter interval, composed of CLAY WITH NANNOFOSSILS, is noted from Section 4, 24 cm to Section 5, 30 cm. Bioturbation is common. Burrows, open worm holes, green layers, foraminifers and patches are found throughout the core. Some patches contain large amounts of foraminifers. A burrow containing VOLCANIC ASH is observed at Section 5, 85 cm. Gastropod shells are found in Section 6, 35 cm.",CORE  9.5 - 19.2  MBSF
184,1147,B,3,H,19,28.2,Pleistocene,"CLAY and CLAY WITH NANNOFOSSILS The core is dark olive gray CLAY with light gray CLAY WITH NANNOFOSSILS interval at Section 5, 93-145 cm. Bioturbation is common. Burrows, open worm holes, fecal pellets, green layers, patches, and foraminifers are found throughout the core. A scaphopod is found at Section 3, 76 cm and fish remain is present at Section 5, 133 cm.",CORE  19 - 28.2  MBSF
184,1147,B,4,H,28.5,38.27,Pleistocene,"CLAY and CLAY WITH NANNOFOSSILS The core is composed of dominant dark olive gray CLAY with minor intercalation of lighter colored CLAY WITH NANNOFOSSILS at the base of Section 6. Bioturbation is common. Green layers, pyrite, patches and foraminifers are found throughout the core. A single burrow was identified. Two VOLCANIC ASH layers are present in Section 1, 10 cm and Section 4, 59 cm.",CORE  28.5 - 38.27  MBSF
184,1147,B,5,H,38,47.32,Pleistocene,"CLAY and CLAY WITH NANNOFOSSILS The core consists mainly of dark olive gray CLAY. An interval composed of gray CLAY WITH NANNOFOSSILS, with small amounts of quartz, is observed from Section 5, 135 cm to the bottom of the core. Bioturbation is common. Distinct, stiffer green clay layers and patches are observed throughout. Foraminifers are common. Shell fragments are noted locally.",CORE  38 - 47.32  MBSF
184,1147,B,6,H,47.5,57.33,Pleistocene,"CLAY and CLAY WITH NANNOFOSSILS The core consists mainly of dark olive gray CLAY. The uppermost 60 cm in Section 1 is lighter colored, more carbonate-rich lithology. Bioturbation is common. Green clay layers are observed throughout. Foraminifers are common in the CLAY WITH NANNOFOSSILS, but moderate elsewhere. Pyritized burrows are noted at regular intervals. A 5-mm-wide piece of light gray pumice is noted at Section 2, 3 cm",CORE  47.5 - 57.33  MBSF
184,1147,B,7,H,57,66.33,Pleistocene,"CLAY and CLAY WITH NANNOFOSSILS The core consists mainly of dark olive gray CLAY. Section 5, 112-150 cm is lighter colored, more carbonate-rich lithology with diffuse upper and lower boundaries. Bioturbation is common. Green clay layers are observed throughout. Foraminifers are common in the CLAY WITH NANNOFOSSILS, but moderate elsewhere. Pyritized burrows are common.",CORE  57 - 66.33  MBSF
184,1147,B,8,H,66.5,76.42,Pleistocene,"CLAY and CLAY WITH NANNOFOSSILS The core consists mainly of dark olive gray CLAY. A lighter colored, more carbonate-rich lithology is observed in Section 4, 3-105 cm and in Section 5, 43-115 cm. Bioturbation is common. Green clay layers are rare. Foraminifers are common in the CLAY WITH NANNOFOSSILS, but moderate elsewhere. Pyritized burrows are noted at regular intervals.",CORE  66.5 - 76.42  MBSF
184,1147,B,9,H,76,84.63,Pleistocene,"CLAY and CLAY WITH NANNOFOSSILS The core consists mainly of dark olive gray CLAY. A lighter colored, more carbonate-rich lithology, CLAY WITH NANNOFOSSILS, is observed in Section 2, 5-85 cm and in Section 4, 2-45 cm. Bioturbation is common. Green clay layers are rare. Foraminifers are abundant in the CLAY WITH NANNOFOSSILS, but moderate elsewhere. Pyritized burrows are noted at regular intervals.",CORE  76 - 84.63  MBSF
