Expedition.Leg,Site_Number,Hole,Core_Number,Core_Type,Core_Top_MBSF,Core_Bottom_MBSF,Age,Description,Core_ID
167,1021,B,1,H,0,7.98,Quaternary,"CLAY Major Lithology: This core consists of CLAY. In Section 1, 44 cm, a strong color change occurs from reddish brown to dark yellowish brown (5YR 3/4 to 10YR 4/3) above to pale olive to light grayish olive (10Y 6/1 to 10Y 5/1) below. The uppermost brownish interval contains about 10% organic debris. Burrow cavities are often filled with a soupy, dark gray mud throughout the core. Minor Lithologies: Thin layers (<1 cm) of dark greenish gray (10Y 4/2) CLAY showing sharp basal contacts are frequently intercallated throughout the main lithology. General Description: The sediment is moderately bioturbated and often shows diagenetic haloes surrounding burrows. Note: The photo for this core was taken before being scraped to preserve details in color and structural features.",CORE  0 - 7.98  MBSF
167,1021,B,2,H,8,17.9,Quaternary,"CLAY, CLAY WITH NANNOFOSSILS and NANNOFOSSIL OOZE WITH CLAY AND FORAMINIFERS Major Lithologies: This core consists of alternations between light grayish olive to pale olive (10Y 5/1 to 10Y 6/1) CLAY, CLAY WITH NANNOFOSSILS, and NANNOFOSSIL OOZE WITH CLAY AND FORAMINIFERS. Color changes are gradationally interbedded (10-50 cm scale) with lighter values reflecting increased carbonate content. Minor Lithology: Thin layers (< 1cm) of dark greenish gray CLAY are frequently intercalated throughout the main lithologies. Section 4, 127-140 cm, contains a silty interval of CLAY WITH VOLCANIC GLASS. General Description: The sediment is moderately bioturbated and often shows diagenetic haloes surrounding burrows. Note: The photo for this core was taken before being scraped to preserve details in color and structural features.",CORE  8 - 17.9  MBSF
167,1021,B,3,H,17.5,27.35,Quaternary,CLAY WITH NANNOFOSSILS Major Lithology: This core consists of light grayish olive to pale olive (10Y 5/1 to 10Y 6/1) CLAY WITH NANNOFOSSILS. Color changes are gradual and faintly mottled over the entire core. Minor Lithologies: Thin dark gray color bands and thin layers (<1 cm) of dark greenish gray (10Y 4/2) CLAY showing sharp basal contacts are frequent throughout the main lithology. General Description: The sediment is moderately to heavily bioturbated and often shows reduction haloes surrounding burrow structures. Note: The photo for this core was taken before being scraped to preserve details in color and structural features.,CORE  17.5 - 27.35  MBSF
167,1021,B,4,H,27,36.87,Quaternary,NANNOFOSSIL CLAY MIXED SEDIMENT Major Lithology: This core consists of light grayish olive to light yellowish gray (10Y 5/1 to 10Y 7/1) NANNOFOSSIL CLAY MIXED SEDIMENT. Color change is gradual and faintly mottled by bioturbation. Lighter color values correspond to slightly increased nannofossil content. Minor Lithologies: Near the top of Section 6 are two thin layers of CLAYEY VITRIC ASH. Thin dark gray color bands and thin layers (<1 cm) of dark greenish gray (10Y 4/2) CLAY are frequent throughout the main lithology. General Description: The sediment is moderately bioturbated. Reduction haloes surrounding burrows are common in the part of the core.,CORE  27 - 36.87  MBSF
167,1021,B,5,H,36.5,46.37,late Pliocene-Quaternary,"CLAY WITH NANNOFOSSILS and NANNOFOSSIL OOZE WITH CARBONATE GRAINS Major Lithologies: This core consists of alternations between light grayish olive (10Y 5/1) CLAY WITH NANNOFOSSILS and pale olive to light yellowish gray (10Y 6/1 to 10Y 7/1) NANNOFOSSIL OOZE WITH CARBONATE GRAINS. Color is slightly mottled by bioturbation and boundaries are gradational. Minor Lithology: Numerous thin, dark gray color bands occur throughout the main lithologies. Section 1, 24-26 cm, contains light brownish gray (5YR 6/1) - ASH. In Section 3, two small (cm-size) 10Y DOLOMITE concretions occur. General Description: The sediment is heavily bioturbated. Many burrows show reduction haloes.",CORE  36.5 - 46.37  MBSF
167,1021,B,6,H,46,55.98,late Pliocene-Quaternary,"CLAYEY NANNOFOSSIL OOZE WITH FORAMINIFERS Major Lithology: This core consists of pale olive (10Y 6/1) CLAYEY NANNOFOSSIL OOZE WITH FORAMINIFERS. Foraminifer content is about 10%. Dark gray and dark greenish gray (5GY 4/1) mottling occurs throughout. Minor Lithology: Several thin, faint dark gray and dark green color bands and stringers composed of CLAY occur throughout the core. General Description: The sediment is heavily bioturbated, often showing reduction haloes - surrounding burrow structures.",CORE  46 - 55.98  MBSF
167,1021,B,7,H,55.5,65.57,late Pliocene,"NANNOFOSSIL OOZE WITH CLAY AND FORAMINIFERS and CLAY WITH FORAMINFERS AND NANNOFOSSILS Major Lithologies: This core consists of light yellowish gray to light grayish olive (10Y 7/1 to 10Y 5/1) NANNOFOSSIL OOZE WITH CLAY AND FORAMINIFERS and CLAY WITH FORAMINFERS AND NANNOFOSSILS. Diatoms are also present in minor amounts (5%-10%). Color and composition changes gradationally with slightly darker color values reflecting increased clay content. Also mottled throughout the main lithologies are small spots of dark gray and dark green colors. Minor Lithologies: Thin dark gray color bands and thin layers (<1 cm) of dark greenish gray (10Y 4/2) CLAY are frequently intercalated throughout the core. Section 4, 67-74 cm, contains a light A gray ASH. General Description: The sediment is moderately to heavily bioturbated. Many burrow structures show diagenetic haloes.",CORE  55.5 - 65.57  MBSF
167,1021,B,8,H,65,75.1,late Pliocene,"CLAY NANNOFOSSIL MIXED SEDIMENT WITH DIATOMS Major Lithology: This core consists of light grayish olive (10Y 5/1) CLAY NANNOFOSSIL MIXED SEDIMENT WITH DIATOMS. Black streaks and redox haloes of unidentified fine opaque mineral (Mn 6/1 oxide?) are common. The core is generally mottled throughout. Minor Lithologies: The core contains 2 medium beds of pale olive (10Y 6/1) to light yellowish gray (10Y 7/1) NANNOFOSSIL OOZE and numerous individual laminations of greenish gray (7.5GY 4/2) CLAY. The greenish gray layers are probably altered ash. General Description: The core is evenly mottled throughout, with small amounts of distinct bioturbation.",CORE  65 - 75.1  MBSF
167,1021,B,9,H,74.5,84.73,late Pliocene,"CLAY WITH DIATOMS and CLAYEY NANNOFOSSIL OOZE WITH FORAMINIFERS Major Lithologies: This core consists of greenish gray (5GY 6/1) CLAY WITH DIATOMS and pale olive (10Y 6/1), light yellowish gray (10Y 7/1) light gray CLAYEY NANNOFOSSIL OOZE WITH FORAMINIFERS. Thin beds and laminations of greenish gray clay are scattered throughout, as are dark gray laminations with abundant opaques. General Description: The sediments are slightly to moderately bioturbated and mottled. Zoophycos are present in the lower half of the core.",CORE  74.5 - 84.73  MBSF
167,1021,B,10,H,84,94.04,late Pliocene,"CLAY NANNOFOSSIL MIXED SEDIMENT and NANNOFOSSIL OOZE WITH CLAY Major Lithologies: This core consists of greenish gray (5GY 5/1) to gray (10Y 5/1) CLAY NANNOFOSSIL MIXED SEDIMENT and light gray (5Y 6/1 to to N7) NANNOFOSSIL OOZE WITH CLAY. Thin dark beds and laminations are present in Sections 1, 2, and 7, and contain ~4% opaques (Mn oxides?). Individual greenish gray clay laminations are present in Section 6. General Description: This core is badly disturbed by flow-in in Sections 3, 4, and 5. Slight bioturbation and mottling is evident in the rest of the core.",CORE  84 - 94.04  MBSF
167,1021,B,11,H,93.5,103.12,late Pliocene,"NANNOFOSSIL CLAY, CLAYEY NANNOFOSSIL MIXED SEDIMENT and NANNOFOSSIL OOZE Major Lithologies: This core consists of greenish gray (5GY 5/1 to 5GY 6/1) to gray (5Y 6/1) NANNOFOSSIL CLAY to CLAYEY NANNOFOSSIL MIXED SEDIMENT, and light greenish gray (5GY 7/1) to light gray (5Y 7/1) NANNOFOSSIL OOZE. The sediment is mottled and displays numerous redox haloes around burrows. General Description: The sediment is slightly bioturbated and mottled to heavily bioturbated. Zoophycos are common in the lower half of the core.",CORE  93.5 - 103.12  MBSF
167,1021,B,12,H,103,113.03,early to late Pliocene,NANNOFOSSIL OOZE WITH CLAY and CLAY WITH NANNOFOSSILS Major Lithologies: This core consists of sediments ranging from light gray (5Y 7/1) to light greenish gray (5G 7/1) NANNOFOSSIL OOZE WITH CLAY to dark greenish gray (5GY 4/1) to dark gray (5Y 4/1) CLAY WITH NANNOFOSSILS. The core is mottled with black redox patches and haloes. Minor Lithologies: Individual laminations of green CLAY are intercalated throughout. General Description: The core is generally mottled to slightly - bioturbated. Section 1 and 2 are more intensely burrowed. Zoophycos are common.,CORE  103 - 113.03  MBSF
167,1021,B,13,H,112.5,122.38,early to late Pliocene,"CLAY and CLAYEY NANNOFOSSIL OOZE Major Lithologies: This core consists mostly of greenish gray (5GY 5/1) CLAY that is mottled with reduction haloes, patches, and laminae. Greenish gray (5G 6/1) CLAYEY NANNOFOSSIL OOZE is less common and a little lighter in color. A 2 cm-diameter pyrite concretion is located in Section 6. General Description: This core is mottled and slightly bioturbated. Mm-scale black laminations are well developed in several places in this core. They do not appear to be primary features, but -late are probably diagenetic self- organization patterns. Note: Core liner collapsed in Section 7.",CORE  112.5 - 122.38  MBSF
167,1021,B,14,H,122,131.88,early Pliocene,CLAY and NANNOFOSSIL CLAY Major Lithologies: This core consists of dark greenish gray (5GY 4/1) to greenish gray (5G 5/1) CLAY and greenish gray 5GY 5/1) to light greenish gray (5G 6/1) NANNOFOSSIL CLAY. Reduction mottles are common. General Description: The core is mostly homogeneous to mottled.,CORE  122 - 131.88  MBSF
167,1021,B,15,H,131.5,141.56,early Pliocene,"CLAY WITH DIATOMS Major Lithology: This core consists of greenish gray (5GY 5/1 to 5GY 6/1) CLAY WITH DIATOMS. Color is mottled throughtout the core and diagenetic haloes are common. Minor Lithologies: A layer of WOOD occurs in Section 3, 89-91 cm. Dark gray to black pyrite is found filling some of the pore space in the wood. General Description: The sediment is heavily bioturbated. Zoophycos are common.",CORE  131.5 - 141.56  MBSF
167,1021,B,16,H,141,151,early Pliocene,"CLAY WITH DIATOMS and NANNOFOSSIL OOZE WITH CLAY Major Lithologies: This core consists of greenish gray (5GY 5/1 to 5GY 6/1) CLAY WITH DIATOMS and white (10Y 8/1) NANNOFOSSIL OOZE WITH CLAY. Color is mottled throughout with dark gray diagenetic color bands and haloes. Minor Lithology: A thin (0.5 cm) black later of WOOD WITH PYRITE is found in Section 6, 65 cm. General Description: The sediment is heavily bioturbated with abundant Zoophycos and Planolites trace fossils.",CORE  141 - 151  MBSF
167,1021,B,17,H,150.5,160.59,early Pliocene,DIATOM CLAY and NANNOFOSSIL OOZE WITH CLAY Major Lithologies: This core consists of greenish gray (5GY 5/1 to 5GY 6/1) DIATOM CLAY interbedded with light greenish gray (5GY 7/1) NANNOFOSSIL OOZE WITH CLAY. Color changes are gradational and mottled. Numerous thin black to dark green diagenetic color bands occur throughout the core. General Description: The sediment is moderately to heavily bioturbated. Zoophycos trace fossils are abundant and cut across diagenetic haloes and color lamination.,CORE  150.5 - 160.59  MBSF
167,1021,B,18,H,160,169.88,late Miocene-early Pliocene,"CLAY WITH DIATOMS, NANNOFOSSIL OOZE WITH CLAY and DIATOM CLAY Major Lithologies: This core consists of light greenish gray (5GY 5/1) DIATOM CLAY, grayish olive (10Y 4/2) CLAY WITH DIATOMS, and light greenish gray (5GY 6/1) NANNOFOSSIL OOZE WITH CLAY. Color and compositional changes are gradual throughout the core and diagentic color banding is common. General Description: The sediment is heavily bioturbated. Zoophycos trace fossils are abundant and often cut across diagenetic color -early banding.",CORE  160 - 169.88  MBSF
167,1021,B,19,X,169.5,176.93,late Miocene-early Pliocene,"CLAY WITH NANNOFOSSILS and DIATOM CLAY Major Lithologies: This core consists of greenish gray (5GY 5/1) DIATOM CLAY gradationally interbedded with lighter colored (5GY 6/1) CLAY WITH NANNOFOSSILS. Numerous thin black to dark green diagenetic color bands occur throughout the core. -early Minor Lithology: Section 3, 41-43 cm, contains a thin layer of gray VOLCANIC GLASS. General Description: The sediment is moderately bioturbated and Zoophycos trace fossils are common. Moderate fracturing of the sediment by coring operations makes observation of sedimentary structures difficult. ",CORE  169.5 - 176.93  MBSF
167,1021,B,20,X,175.4,177.5,late Miocene,CLAY WITH DIATOMS Major Lithology: This core consists of greenish gray (5GY 5/1 to 5GY 6/1) CLAY WITH DIATOMS Color is mottled by bioturbation and dark gray diagenetic haloes are common. Burrows are often filled with olive gray (5Y 5/2) sediment. General Description: The sediment is moderately bioturbated. Zoophycos are abundant.,CORE  175.4 - 177.5  MBSF
167,1021,B,21,X,185,194.71,late Miocene,"CLAY Major Lithology: This core consists of greenish gray to grayish yellow green (5G 6/1 to 7.5 7/2) CLAY. Color is mottled with light olive gray (5Y 6/2) material and commonly shows dark gray and green diagenetic color banding. Minor Lithologies: Several thin layers dark gray (N4 to N5) VITRIC ASH occur throughout the core. Numerous thin, dark green layers of ALTERED VOLCANIC ASH also occur. General Description: The sediment is moderately to homogeneously bioturbated. Extensive fracturing of the core into biscuits makes sedimentary structural features difficult to discern. 7.5GY",CORE  185 - 194.71  MBSF
167,1021,B,22,X,194.7,204.27,late Miocene,"CLAY WITH NANNOFOSSILS and CLAY Major Lithologies: This core consists of greenish gray to grayish yellow green (5G 6/1 to 7/1 7/2) CLAY WITH NANNOFOSSILS and CLAY. Dark gray and dark green diagenetic color mottles and banding occur throughout. Minor Lithology: Abundant dark green CLAY layers (altered VOLCANIC GLASS) occur throughout the core. A grayish yellow (10Y 8/1) layer of NANNOFOSSIL VOLCANIC GLASS WITH CLAY occurs in Section 4, 80-120 cm. General Description: The sediment is moderately to homogeneously bioturbated, however, most structural features are difficult to discern because of extensive fracturing.",CORE  194.7 - 204.27  MBSF
167,1021,B,23,X,204.3,214,late Miocene,"DIATOM CLAY, CLAY WITH DIATOMS 7/0 and DIATOM OOZE Major Lithologies: This core consists of alternations between grayish yellow green (10GY 7/0) CLAY WITH DIATOMS, gray to light grayish olive (N5 to 10Y 5/2) DIATOM CLAY, and brown (2.5Y 5/4) DIATOM OOZE. Mottling and diagenetic haloes are common in all 7/0 lithologies. Numerous thin, dark gray color bands occur throughout the core. Minor Lithologies: Dusky yellow (5Y 6/4) DOLOMITE nodules approximately 5-6 cm in diameter, are found in Section 1, 54 cm, and Section CC, 2 cm. General Description: 7/0 The sediment is moderatly bioturbated however extensive fracturing masks most structural features.",CORE  204.3 - 214  MBSF
167,1021,B,24,X,214,223.74,late Miocene,"DIATOM OOZE, DIATOM NANNOFOSSIL OOZE and CLAY WITH DIATOMS Major Lithologies: This core consists of decimeter to meter alternations between olive (5Y 6/1 5/4) DIATOM OOZE, pale olive (10Y 6/1) to light yellowish gray (10Y 7/1) DIATOM NANNOFOSSIL OOZE, and gray (5Y 6/1) to greenish gray (5GY 6/1) CLAY WITH DIATOMS. All lithologies contain color mottling and diagenetic haloes that both obscure and enhance primary features. General Description: The sediments are fractured and plastically deformed between stiffer fragments. Overall, the core is slightly to moderately bioturbated (including Zoophycos) and burrows are modifed by diagenetic fronts.",CORE  214 - 223.74  MBSF
167,1021,B,25,X,223.6,232.03,late Miocene,"DIATOM CLAYSTONE, DIATOM CLAY MIXED SEDIMENT WITH NANNOFOSSILS, and CLAYEY DIATOMITE Major Lithologies: This core consists of decimeter to meter-scale alternations between greenish gray (5GY 5/1 to 5G 5/1) DIATOM CLAYSTONE, greenish gray (5GY 6/1) DIATOM CLAY MIXED SEDIMENT WITH NANNOFOSSILS, and gray (5Y 5/1) CLAYEY DIATOMITE. The sediments are mottled and banded with Liesegang- ring-like, mm-scale, laminated patches and haloes of black Mn-oxides(?). 5Y Minor Lithologies: A few beds of light gray (5Y 7/2) to pale yellow (5Y 7/3) DIATOM NANNOFOSSIL OOZE are present. General Description: The core is heavily diagenetically mottled and banded with few distinct burrows. These include Zoophycos.",CORE  223.6 - 232.03  MBSF
167,1021,B,26,X,233.2,242.54,late Miocene,"DIATOM CLAY MIXED SEDIMENT, DIATOM NANNOFOSSIL CHALK WITH CLAY and NANNOFOSSIL DIATOMITE WITH CLAY Major Lithologies: This core consists of decimeter to meter-scale alternations between greenish gray (5G 5/1 to 5GY 6/1) DIATOM CLAY MIXED SEDIMENT and white (5Y 8/2) to light gray (5Y 7/1 to N7) DIATOM NANNOFOSSIL CHALK WITH CLAY NANNOFOSSIL DIATOMITE WITH CLAY. Dark gray to black bands and arcuate haloes are generally composed of mm-scale, Liesegang- ring-type diagenetic laminations. General Description: The core is badly fractured and plastically deformed by XCB coring. Distinct bioturbation is not common, however, redox mottling is pervasive and influenced by true burrows.",CORE  233.2 - 242.54  MBSF
167,1021,B,27,X,242.8,252.52,late Miocene,"CLAYSTONE WITH DIATOMS, CLAYEY DIATOMITE, NANNOFOSSIL DIATOMITE WITH CLAY and DIATOM NANNOFOSSIL CLAY MIXED SEDIMENT Major Lithologies: This core consists of alternations among olive gray (5Y 5/2) to greenish gray (5GY 5/1) CLAYSTONE WITH DIATOMS, dark gray CLAYEY DIATOMITE, light olive gray (5Y 6/2) to greenish gray (5GY6/1) NANNOFOSSIL DIATOMITE WITH CLAY, and very light gray (10Y 7/1) DIATOM NANNOFOSSIL CLAY MIXED SEDIMENT. All lithologies are mottled and banded with black, Mn- oxide (?), mm-scale Liesegang- rings, laminations and haloes. Some thin laminations and coatings of dark green clay occur. Minor Lithologies: A thin layer of black PUMICE is present at the top of Section 1. General Description: The core is badly disturbed by fracturing and plastic flow. Mottling is extensive, but distinct bioturbation is rare.",CORE  242.8 - 252.52  MBSF
167,1021,B,28,X,252.4,262.12,late Miocene,"CLAYEY DIATOMITE, DIATOM CLAY MIXED SEDIMENT, NANNOFOSSIL DIATOMITE WITH CLAY and CLAY WITH DIATOMS Major Lithologies: This core consists of sub-meter alternations between greenish gray (5GY 5/1) CLAY WITH DIATOMS, greenish gray (5GY 5/1) CLAYEY DIATOMITE, greenish gray (5G 5/1) DIATOM CLAY MIXED SEDIMENT, and light gray (5Y 7/1) NANNOFOSSIL DIATOMITE WITH CLAY. The cores are pervasively mottled and banded by 7/1 Mn-oxides(?). Dark bands, typically with mm-scale diagenetic lamination, are indicated in the column. Minor Lithology: A thin, 2-cm, bed of brown VITRIC ASH WITH PUMICE is present in the lower part of Section 5. General Description: The core is badly fractured and plastically deformed by XCB coring. Distinct bioturbation is rare, except in Section 6.",CORE  252.4 - 262.12  MBSF
167,1021,B,29,X,262.1,271.88,late Miocene,"NANNOFOSSIL DIATOMITE and DIATOM CLAYSTONE Major Lithologies: This core consists of submeter to meter-scale alternations between light greenish gray (5GY 7/1) to very light gray NANNOFOSSIL DIATOMITE and greenish gray (5GY 5/1) DIATOM CLAYSTONE. Minor Lithology: A thin bed of light brownish gray (5YR 5G 6/1) VITRIC ASH is present near the top of Section 3. A General Description: This core is moderately to very disturbed by XCB coring. The sediments are heavily bioturbated throughout most of the core and Chondrites, Zoophycos, and Planolites are present. Note: There are no longer any dark gray to black redox mottles in these sediments.",CORE  262.1 - 271.88  MBSF
167,1021,B,30,X,271.7,281.39,middle to late Miocene,"CLAY and NANNOFOSSIL CHALK Major Lithologies: In the upper part, this core consists of A submeter scale alternations between greenish gray (5GY 5/1 to 5GY 6/1) CLAY and light greenish gray (5GY 5GY to 5GY 8/1) NANNOFOSSIL CHALK. No black Mn-oxides are visible. Minor Lithology: A 1-cm thick gray VITRIC ASH layer is present in Section 1. General Description: The sediments are homogeneous to heavily burrowed. Zoophycos and -middle Chondrites are abundant. The core is severely disturbed by XCB coring and biscuits and interbiscuit slurry are developed.",CORE  271.7 - 281.39  MBSF
167,1021,B,31,X,281.3,291.19,middle Miocene,"CLAYSTONE WITH DIATOMS Major Lithology: This core consists of grayish green (10GY 5/1) to dark greenish gray (5GY 4/1) CLAYSTONE WITH DIATOMS. Infrequent thin laminations of dark green clay occur within this sediment. Two sub-cm diameter, black Mn-oxide(?) concretions occur in Sections 3 and 4. Minor Lithology: A thin bed of brownish gray (5YR 4/1) VITRIC ASH occurs in Section 3. General Description: The core is moderately fractured and biscuited throughout. There is no detectable bioturbation.",CORE  281.3 - 291.19  MBSF
167,1021,B,32,X,290.9,300.78,middle Miocene,"DIATOM CLAYSTONE and DIATOM NANNOFOSSIL CHALK Major Lithologies: This core consists of greenish gray to grayish green (5GY 6/1 to 10GY 5/2) DIATOM CLAYSTONE and DIATOM NANNOFOSSIL CHALK. Dark gray and dark green diagenetic color banding and lamination occur throughout. Minor Lithology: Abundant dark green CLAY layers (altered VOLCANIC GLASS) occur throughout the core. Thin layers of VITRIC ASH occur in Section 2, 120- 125 cm, and Section 3, 125 cm. General Description: The sediment is slightly bioturbated near the top of the core but is moderately to heavily bioturbated in the lower portion where abundant Chondrites and Zoophycos trace fossils occur.",CORE  290.9 - 300.78  MBSF
167,1021,B,33,X,300.5,310.13,middle Miocene,"CLAYEY DIATOMITE, DIATOM NANNOFOSSIL CHALK and DIATOMITE WITH CLAY Major Lithologies: This core consists of interbedded greenish gray to light greenish gray (5G 5/1 to 5G 7/1) CLAYEY DIATOMITE, dark gray to dark A greenish gray (5Y 4/1 to 5GY 4/1) DIATOMITE WITH CLAY, and light gray to white (N7 to 5Y 8/1) DIATOM NANNOFOSSIL CHALK. Contacts between lithologies are gradationally mixed by bioturbation. Dark gray, green, and black diagenetic color laminations are abundant throughout the core. General Description: The sediment is variably bioturbated. Zoophycos and Chondrites trace fossils are common.",CORE  300.5 - 310.13  MBSF
