Expedition.Leg,Site_Number,Hole,Core_Number,Core_Type,Core_Top_MBSF,Core_Bottom_MBSF,Age,Description,Core_ID
167,1021,D,1,H,0,5.45,Quaternary,"CLAY WITH ORGANIC DEBRIS and 3/6 CLAY Major Lithologies: This core consists of brown to yellowish brown (10YR 3/6 to 10YR 5/4) CLAY WITH ORGANIC DEBRIS and pale olive to olive gray (10Y 6/1 to 5Y 5/2) CLAY. Minor Lithologies: Thin layers of dark greenish gray (10Y 4/2) CLAY occur throughout the core. General Description: The sediment is moderately bioturated. Burrows are filled with dark gray soupy material. Note: A void is present in Section 1, 60 to 63 cm.",CORE  0 - 5.45  MBSF
167,1021,D,2,H,5.5,15.3,Quaternary,CLAY and NANNOFOSSIL OOZE WITH FORAMINIFERS AND CLAY Major Lithologies: This core consists of light grayish olive to pale olive (10Y 5/1 to 10Y 6/1) CLAY and light yellowish gray (10Y 10Y 7/1) NANNOFOSSIL OOZE WITH FORAMINIFERS AND CLAY. Color changes are subtle and gradational. Diagenetic features are common. Minor Lithologies: Thin layers of dark greenish CLAY occur throughout the core. General Description: The sediment is moderately bioturbated. Note: Liner collapsed in Section 7.,CORE  5.5 - 15.3  MBSF
167,1021,D,3,H,15,24.85,Quaternary,"CLAY and CLAY WITH NANNOFOSSILS AND FORAMINIFERS Major Lithologies: This core is composed of pale olive (10Y 6/1) to light yellowish gray (10Y 7/1) CLAY and CLAY WITH NANNOFOSSILS AND FORAMINIFERS. Color changes are gradational. Minor Lithology: Thin layers of dark greenish gray (10Y 6/1 4/2) CLAY WITH VITIRIC ASH occur in Sections 1, 2, 3, and 5. General Description: The core is homogeneous to mottled due to moderate to heavy bioturbation. Dark gray diagenetic color banding and haloes are common. Very small pyritized burrows are found in Sections 4 and 7.",CORE  15 - 24.85  MBSF
167,1021,D,4,H,24.5,34.34,Quaternary,CLAYEY NANNOFOSSIL MIXED SEDIMENT Major Lithology: This core consists of light grayish olive to light yellowish gray (10Y 5/2 to 10Y 7/1) CLAYEY NANNOFOSSIL MIXED SEDIMENT. Color changes are gradational and gray to dark green diagenetic haloes and color bands are common. General Description: The sediment is moderately bioturbated. Note: The world record core recovery of 6730.74,CORE  24.5 - 34.34  MBSF
167,1021,D,5,H,34,43.81,late Pliocene-Quaternary,"NANNOFOSSIL CLAY MIXED SEDIMENT and NANNOFOSSIL OOZE WITH FORAMINIFERS AND CLAY Major Lithologies: This core consists of light grayish olive to pale olive (10Y 5/1 to 10Y 6/1) NANNOFOSSIL CLAY MIXED SEDIMENT alternating with light yellowish gray (10Y 7/1) NANNOFOSSIL OOZE WITH FORAMINIFERS AND CLAY. Dark A green color banding is common. Minor Lithologies: Section 2, 106-124 cm, contains abundant VITRIC ASH mixed with the surrounding lithology. -Quaternary General Description: The sediment is heavily bioturbated.",CORE  34 - 43.81  MBSF
167,1021,D,6,H,43.5,53.47,late Pliocene-Quaternary,CLAYEY NANNOFOSSIL OOZE WITH FORAMINIFERS and CLAY WITH FORAMINIFERS AND NANNOFOSSILS Major Lithologies: This core consists of light yellowish gray (10Y 7/1) CLAYEY NANNOFOSSIL OOZE WITH FORAMINIFERS and pale olive to light grayish olive (10Y 6/1 to 10Y 5/1) CLAY WITH FORAMINIFERS AND NANNOFOSSILS. Color changes are subtle and gradational. Diagenetic color banding occurs throughout the core. Minor Lithology: Thin layers (cm) of dark greenish CLAY are common throughout both -Quaternary lithologies. General Description: The sediment is moderately bioturbated. Redox haloes around burrows are common.,CORE  43.5 - 53.47  MBSF
167,1021,D,7,H,53,62.87,late Pliocene-Quaternary,"NANNOFOSSIL OOZE WITH FORAMINIFERS and CLAY Major Lithologies: This core is composed of light grayish olive (10Y 5/1 to 6/1) CLAY interbedded with light yellowish gray (10Y 7/1) NANNOFOSSIL OOZE WITH FORAMINIFERS. Color changes are gradational. Minor Lithologies: A light gray VITRIC VOLCANIC ASH layer occurs in Section 5, 72-80 cm. Thin layers of dark greenish gray (10Y 4/2) CLAY WITH VITRIC ASH occur throughout the core. General Description: -Quaternary The core is mottled by moderate to heavy bioturbation. Dark gray diagenetic haloes and color bands are abundant.",CORE  53 - 62.87  MBSF
167,1021,D,8,H,62.5,72.55,late Pliocene,"CLAYEY NANNOFOSSIL OOZE WITH FORAMINIFERS and CLAY Major Lithologies: This core consists of light grayish olive (10Y 5/1) CLAY interbedded with pale olive (10Y 6/1) CLAYEY NANNOFOSSIL OOZE WITH FORAMINFERS. Color changes gradually. Diagenetic color banding is common throughout the core. Minor Lithologies: Thin, dark green layers of CLAY occur throughout the core. General Description: The sediment is moderately bioturbated.",CORE  62.5 - 72.55  MBSF
167,1021,D,9,H,72,81.95,late Pliocene,"NANNOFOSSIL OOZE WITH CLAY AND FORAMINIFERS, DIATOM CLAY and CLAY Major Lithologies: This core consists of pale olive (10Y 5/1 6/1) to light yellowish gray (10Y 7/1) NANNOFOSSIL OOZE WITH CLAY AND FORAMINIFERS and light grayish olive (10Y 5/1) DIATOM CLAY. Black, Mn-oxide(?) redox mottles, haloes, and bands are present throughout. Thin lamination of dark greenish gray (10Y 4/2) CLAY are intercalated throughout the sediment. General Description: The core is moderately to heavily bioturbated throughout and contains a single Zoophycos trace fossil.",CORE  72 - 81.95  MBSF
167,1021,D,10,H,81.5,91.45,late Pliocene,CLAY WITH DIATOMS NANNOFOSSILS and NANNOFOSSIL OOZE Major Lithologies: This core consists of greenish gray (5GY 5/1) to dark greenish gray (5GY 4/1) CLAY WITH DIATOMS NANNOFOSSILS and greenish gray (5GY 6/1) to light greenish gray (5GY 8/1) NANNOFOSSIL OOZE. Color bands and laminations are mostly redox precipitated nucleated on Zoophycos traces. General Description: The sediments are slightly bioturbated throughout. Reduction haloes form common rind burrows.,CORE  81.5 - 91.45  MBSF
167,1021,D,11,H,91,101.06,late Pliocene,"NANNOFOSSIL OOZE, NANNOFOSSIL CLAY MIXED SEDIMENT and CLAY Major Lithologies: This core consists of interbedded light greenish gray (5G 7/1) to light gray NANNOFOSSIL OOZE, greenish gray (5GY 6/1) NANNOFOSSIL CLAY MIXED SEDIMENT, and greenish gray (5GY 5/1) to dark greenish gray (5GY 5/1 4/1) CLAY. Black redox mottles and haloes are common features. Scattered black and green individual laminations are Mn-oxide- clay-rich. AAAAA General Description: The sediments are homogeneous to heavily bioturbated in places.",CORE  91 - 101.06  MBSF
167,1021,D,12,H,100.5,110.54,early to late Pliocene,"NANNOFOSSIL OOZE, NANNOFOSSIL CLAY and CLAY Major Lithologies: This core consits of light gray (5Y 7/1 to N7) to light greenish gray (5G 7/1) NANNOSFOSSIL OOZE, greenish gray (5G 6/1) to gray (5Y 6/1) NANNOFOSSIL CLAY, and dark greenish gray (5GY 4/1) to greenish gray (5GY 5/1) CLAY. There are a reduced number of reduction mottles. General Description: The sediments are slightly to heavily bioturbated. Zoophycos are abundant in Sections 2, 3, and 5. Chondrites is abundant in Sections 4 and 5.",CORE  100.5 - 110.54  MBSF
167,1021,D,13,H,110,119.89,early to late Pliocene,"CLAY Major Lithology: This core consists primarily of dark gray (5Y 4/1) to greenish gray (5GY 5G 5/1) CLAY with abundant black redox mottling, bands and burrow haloes. Minor Lithologies: A few beds of greenish gray (5GY 6/1 to 5G 6/1) NANNOFOSSIL CLAY and light gray (5Y 7/1) NANNOFOSSIL OOZE are intercalated with the CLAY. General Description: The sediments are intensely bioturbated throughout most of the core. -late Note: Core liner collapsed in Section 7, 45-65 cm.",CORE  110 - 119.89  MBSF
167,1021,D,14,H,119.5,129.02,early to late Pliocene,"CLAY Major Lithology: This core consists primarily of greenish gray (5G 5/1) CLAY with abundant black, Mn-oxide(?) redox haloes and mottles. Individual laminations of dark greenish gray CLAY are intercalated in the major sediment. Minor Lithologies: Two thin beds of white VITRIC ASH and gray VITRIC ASH WITH PYRITE occur near the base of Section 5. In the of the core, there are two beds of light gray to light greenish gray (5G 7/1) NANNOFOSSIL OOZE. -late General Description: The sediments are homogeneous to moderately bioturbated. Zoophycos are fairly common.",CORE  119.5 - 129.02  MBSF
167,1021,D,15,H,129,138.79,early Pliocene,"CLAY and CLAY WITH DIATOMS Major Lithologies: This core consists of greenish gray (5GY 5/1 to 5G 6/1) CLAY and CLAY WITH DIATOMS. The sediment is severely mottled with black Mn- oxide(?) redox haloes, bands, and patches. A few darker green CLAY laminations are included in the sediment. Minor Lithology: A 1-cm thick bed of light gray (5Y 6/1) VITRIC ASH occurs in Section 1. General Description: The core is homogeneous to heavily bioturbated. Zoophycos and circular rind burrows are quite abundant.",CORE  129 - 138.79  MBSF
