Expedition.Leg,Site_Number,Hole,Core_Number,Core_Type,Core_Top_MBSF,Core_Bottom_MBSF,Age,Description,Core_ID
184,1143,B,1,H,0,5.4,late Pliocene to Pleistocene,"NANNOFOSSIL CLAY This core contains NANNOFOSSIL CLAY. The top 3 cm are oxidized red. The underlying layer (3-53 cm) of sediment is light green gray, and the remainder of the core is dark green gray; the clay content is slightly higher in the dark clay. The core contains many thin (~1 cm) green clay layers and mottles. Foraminifers are common throughout.",CORE  0 - 5.4  MBSF
184,1143,B,2,H,5.4,15.04,late Pliocene to Pleistocene,"NANNOFOSSIL CLAY This core is composed of greenish gray and brownish gray NANNOFOSSIL CLAY. The are many layers and mottles of green clay, and several patches of reddish brown sediment in the core. There are series of alternating thin silt and clay layers (~0.5 cm thick) in Section 2, 70-90 cm. The core is mottled, and open burrows are found, indicating moderate bioturbation of the sediment.",CORE  5.4 - 15.04  MBSF
184,1143,B,3,H,14.9,24.86,late Pliocene to Pleistocene,"NANNOFOSSIL CLAY Olive gray NANNOFOSSIL CLAY is the main lithology observed in the core. Changes in color, possibly related to changes in carbonate content, are noted throughout the core. The sediment gradually becomes pale olive between 75 to 115 cm in Section 2, and continues to Section 3, 24 cm, with sharp basal contact. A pale olive intercalation is again observed from Section 5, 111 cm, with sharp top contact, and Section 6, 15-25 cm, gradually changing to olive gray. Bioturbation is moderate to rare along the core, and mottling is rare. Patches and burrows are moderately present throughout.",CORE  14.9 - 24.86  MBSF
184,1143,B,4,H,24.4,34,late Pliocene to Pleistocene,"NANNOFOSSIL CLAY The sediment consists of grayish olive NANNOFOSSIL CLAY, moderately bioturbated and rarely mottled. A change in color, from grayish olive to light olive gray is noted in the middle part of the core. Patches are present but not abundant. A burrow filled with NANNOFOSSIL OOZE WITH PYRITE AND PLANT DEBRIS is observed in Section 1, 71 cm. A 1-cm-thick CLAYEY FORAMINIFER MIXED SEDIMENT WITH SPICULES, DIATOMS AND RADIOLARIANS, with scoured basal contact, is observed in Section 6, 4-5 cm.",CORE  24.4 - 34  MBSF
184,1143,B,5,H,33.9,43.65,late Pliocene to Pleistocene,"NANNOFOSSIL CLAY and FORAMINIFER OOZE Grayish yellowish olive NANNOFOSSIL CLAY is the dominant lithology of this core. Bioturbation, mottling and patches are present throughout. Green clay, in continuous layers mottles, is common. A volcanic ash layer is observed in Section 4, 4-6 cm. A FORAMINIFER OOZE turbidite, with scoured basal contact and normal grading, is noted in Section 6, 23-37 cm. Millimeter-scale pyrite nodules are present.",CORE  33.9 - 43.65  MBSF
184,1143,B,6,H,43.4,53.1,late Pliocene to Pleistocene,"NANNOFOSSIL CLAY This core comprises NANNOFOSSIL CLAY with slightly greater proportion of clay in the upper part of Section 1 and again in Section 7 and the Core Catcher. Sediment is typically structureless apart from mottling, bioturbation and frequent green clay layers. Visible foraminifers are common throughout, except for Section 7 and the Core Catcher.",CORE  43.4 - 53.1  MBSF
184,1143,B,7,H,52.9,62.43,late Pliocene to Pleistocene,"NANNOFOSSIL CLAY The sediment is mainly composed of NANNOFOSSIL CLAY, with occurences of more less continuous green clay layers, mottles and patches. Bioturbation is moderate throughout. The core is disturbed by drilling, especially in Sections 1, 3, and 4. Pyrite nodules and pyrite-filled burrows are observed. Foraminifer content varies along the core.",CORE  52.9 - 62.43  MBSF
184,1143,B,8,H,62.4,72.26,late Pliocene to Pleistocene,"NANNOFOSSIL CLAY NANNOFOSSIL CLAY is the dominant lithology of the core. Green clay layers and mottles are noted all along the core. Bioturbation, patches and mottles occur throughout. Pyrite nodules and few pyrite-filled burrows are observed. The core is moderately disturbed by the drilling process. Foraminifers increase from moderate to abundant in Section 3. Two volcanic ash layers, both normally graded and with sharp basal contact, are observed: the first one, 8-cm thick, is noted in Section 4, 17-25 cm, and the second, 9-cm thick, occurs at Section 7, 41 cm and continues to the core catcher, 3 cm.",CORE  62.4 - 72.26  MBSF
184,1143,B,9,H,71.9,81.78,late Pliocene to Pleistocene,"NANNOFOSSIL CLAY The sediments consist of light greenish gray NANNOFOSSIL CLAY. Green clay occurs as continuous and discontinuous layers and as mottles. Pyrite filled burrows, black speckles and color mottles occur throughout the core. Formaninifers and burrows are found in the entire core, and bioturbation is common. Scaly clay layers occur in: Section 1, 24-30 cm and 51-68 cm; Section 4, 110-121 cm; Section 6, 21-32 cm and 101-106 cm. Smear slide inspection of one of these intervals indicates that the bottom of the layer contained silt-sized quartz and calcite, the middle interval contained dispersed ash and unusual forms of foraminfers, and the upper part is clay. An inorganic calcite sand layer occurs in Section 6, 7-8 cm.",CORE  71.9 - 81.78  MBSF
184,1143,B,10,H,81.4,91.33,late Pliocene to Pleistocene,"NANNOFOSSIL CLAY The sediment is composed of light greenish gray NANNOFOSSIL CLAY. There is one interval of pinkish gray sediment from Section 3, 120 cm to Section 4, 25 cm, with no change in lithology. Scaly clay occurs in Section 5, 0 -12 cm. There are abundant foraminifers, and the sediment is mottled and bioturbated. Green clay layers are common. Pyrite occurs as burrow fill.",CORE  81.4 - 91.33  MBSF
184,1143,B,11,H,90.9,100.67,late Pliocene to Pleistocene,"NANNOFOSSIL CLAY The sediment is composed of light greenish gray NANNOFOSSIL CLAY. There are abundant forminifers. The sediment contains burrows, patches, and mottles, and bioturbation is common. Green clay layers and pyrite are also common.",CORE  90.9 - 100.67  MBSF
184,1143,B,12,H,100.4,110.29,late Pliocene to Pleistocene,"NANNOFOSSIL CLAY and CLAY WITH NANNOFOSSILS The sediment is medium green gray NANNOFOSSIL CLAY from the top of the core to Section 6, 54 cm. Below this level the sediment is dark green gray CLAY WITH NANNOFOSSILS. This boundary also marks decreases in the foraminifer concentration, patches, mottling and bioturbation in the core. Pyrite is present as burrow fill.",CORE  100.4 - 110.29  MBSF
184,1143,B,13,H,109.9,118.71,late Pliocene to Pleistocene,"NANNOFOSSIL CLAY The core is composed of NANNOFOSSIL CLAY, moderately bioturbated and mottled. Few green clay layers and mottles are observed. Pyrite-filled burrows are noted in Section 1, 138 cm, Section 2, 106-107 cm, and Section 3, 130 cm.",CORE  109.9 - 118.71  MBSF
184,1143,B,14,H,119.4,129.07,late Pliocene to Pleistocene,"NANNOFOSSIL CLAY Olive gray NANNOFOSSIL CLAY is the main lithology of the core. A change in color is observed in Section 5, 70 cm, where the sediment becomes greenish gray, possibly related to slight increase in carbonate content. A pyrite nodule, probably related to burrow, is noted in Section 4, 15-20 cm. The nodule is surrounded by light green halo.",CORE  119.4 - 129.07  MBSF
184,1143,B,15,H,128.9,138.36,late Pliocene to Pleistocene,"NANNOFOSSIL CLAY The core is dominated by relatively homogenous, mottled and bioturbated NANNOFOSSIL CLAY. The most distinctive feature is the occurrence of thin, <1 cm, FORAMINIFER BIOCLAST MIXED SEDIMENT, redeposited shallow water sediment, with sharp erosive base. This layer occurs in Section 3, 107 cm, below which the dark clay (107-132 cm) contains rare, small, whitish patches, 2-3 mm across, of fine sand-sized feldspar and quartz materials, presumed to be dispersed quartzose (volcanic?) bed. The horizon at Section 3, 107 cm seems to correlate with reactivation surface noted in Hole 1143A and identified in FMS imaging. An additional dark clay-rich interval is noted at Section 5, 40-56 cm. Pyritized burrows are common, but the proportion of green clay layers is reduced compared to the overlying cores.",CORE  128.9 - 138.36  MBSF
184,1143,B,16,H,138.4,148.21,late Pliocene to Pleistocene,"NANNOFOSSIL CLAY The core comprises homogenous, light green-gray NANNOFOSSIL CLAY with common mottling throughout. Thin pyritized layers are noted. Two heavily bioturbated darker layers of presumed higher clay content occur at Section 3, 54-65 cm, and Section 6, 100-111 cm. At Section 6, 99 cm there is sharp color change suggestive of an erosive boundary. Bioturbation shows piping of material from above to below the boundary.",CORE  138.4 - 148.21  MBSF
184,1143,B,17,H,147.9,157.61,"147.9-151.8 mbsf:  late Pliocene to Pleistocene, 151.8-157.61 mbsf: late Miocene to late Pliocene","NANNOFOSSIL CLAY The core is composed of light olive NANNOFOSSIL CLAY, moderately bioturbated and mottled. Darker layers, up to 30 cm thick, with higher clay content, are observed. Pyrite-filled burrows are present throughout. Section 7, 30-53 cm, shows extreme drilling disturbance.",CORE  147.9 - 157.61  MBSF
184,1143,B,18,H,157.4,167.29,late Miocene to late Pliocene,"NANNOFOSSIL CLAY This core consists of light greenish gray NANNOFOSSIL CLAY. Section 1 was disturbed during splitting. Green clay occurs as continuous and discontinuous layers and mottles. Pyrite burrow fills and disseminated crystals, black color bands and black speckles are common. Foraminifers, burrows, patches and mottled sediment are common, indicating moderate bioturbation throughout the core. Crushed liner at top of Section 2.",CORE  157.4 - 167.29  MBSF
184,1143,B,19,H,166.9,175.29,late Miocene to late Pliocene,"NANNOFOSSIL CLAY This core contains light greenish gray NANNOFOSSIL CLAY. Green clay occurs as continuous and discontinuous layers and mottles. Pyrite and black speckles are common. Foraminifers, burrows, patches and mottled sediment are common, indicating moderate bioturbation in the core. Crushed liner at bottom of Section 6.",CORE  166.9 - 175.29  MBSF
184,1143,B,20,X,175.4,182.28,late Miocene to late Pliocene,"NANNOFOSSIL CLAY The core consists of NANNOFOSSIL CLAY, moderately bioturbated and mottled. Patches, also with dark gray halo, are present throughout. A volcanic glass layer, 4-cm thick, is observed in Section 2, 134-138 cm. The layer is normally graded and presents dark gray basal contact.",CORE  175.4 - 182.28  MBSF
184,1143,B,21,X,181.1,190.86,late Miocene to late Pliocene,"NANNOFOSSIL CLAY Core comprises light greenish gray, massive, mottled NANNOFOSSIL CLAY. In addition to discrete green clay layers the NANNOFOSSIL CLAY shows light green coloration across the following intervals Section 1, 3-22 cm, Section 3, 87-99 cm, Section 5, 124-135 cm and Section 6, 80-142 cm. 61 cm of core was left in the top of the core barrel outside of the liner. This material was put into new liner and replaced Section 1.",CORE  181.1 - 190.86  MBSF
184,1143,B,22,X,190.7,196.39,late Miocene to late Pliocene,"NANNOFOSSIL CLAY Core consists of light greenish gray NANNOFOSSIL CLAY, bioturbated and moderately mottled. Yellowish brown patches are present throughout. The core presents moderate drilling disturbance down to Section 2.",CORE  190.7 - 196.39  MBSF
184,1143,B,23,X,200.3,208.12,late Miocene to late Pliocene,"NANNOFOSSIL CLAY This core comprises NANNOFOSSIL CLAY, strongly disturbed and brecciated by the coring process. Most sedimentary structures are destroyed. Locally patches, green clay layers and bioturbation is visible. The sediment has distinct light grayish green color. A 2-cm thick foraminifer ooze layer is observed in Section 1, 139-141 cm.",CORE  200.3 - 208.12  MBSF
184,1143,B,24,X,209.9,214.55,late Miocene to late Pliocene,"NANNOFOSSIL CLAY This core contains light grayish green NANNOFOSSIL CLAY. Patches and layers of yellow brown sediment of the same lithology occur in the core. Foraminifers and mottles are present throughout the core, which is moderately bioturbated. A silty layer with sharp bottom contact composed of NANNOFOSSIL CLAY MIXED SEDIMENT WITH FORAMINIFERS, QUARTZ AND CALCITE occurs in Section 2, 31-33 cm. Brown centimeter-thick horizontal layers occur in Section 1, 104 cm; Section 2, 36 cm and Section 3, 65 cm and 100 cm.",CORE  209.9 - 214.55  MBSF
184,1143,B,25,X,219.5,227.64,late Miocene to late Pliocene,"NANNOFOSSIL CLAY This core contains light greenish gray NANNOFOSSIL CLAY. There are several layers of FORAMINIFER SILT WITH VOLCANICLASTIC DEBRIS as minor lithology in this core; these layers have sharp bottom contacts. Foraminifers and mottles are present throughout the core, which is moderately bioturbated. The core is variably disturbed by drilling, but in most places horizontal layering (green clay, black bands) can be observed. Pyrite occurs as burrow fill and fine disseminated black speckles.",CORE  219.5 - 227.64  MBSF
184,1143,B,26,X,229.2,236.11,late Miocene to late Pliocene,"NANNOFOSSIL CLAY and FORAMINIFER SAND and CLAY WITH FORAMINIFERS The major lithology in this core is light gray green NANNOFOSSIL CLAY . The core is disturbed by drilling; the first three sections are drilling biscuit in slurry, and the remainder of the core is deformed, but horizontal structures are visible. A light green FORAMINIFER SAND turbidite layer occurs from 138 cm in Section 3 to 42 cm in Section 4. The bottom of the turbidite contains abundant, large benthic foraminifers. A medium dark gray green CLAY WITH FORAMINIFERS layer occurs from Section 2, 137 cm to the top of the FORAMINIFER SAND. Foraminifers are common to abundant throughout the core, which is moderately bioturbated, except in the clay and the turbidite sand.",CORE  229.2 - 236.11  MBSF
184,1143,B,27,X,238.9,248.74,late Miocene to late Pliocene,"NANNOFOSSIL CLAY The core is comprised of gray green NANNOFOSSIL CLAY. The sediment is moderately disturbed by drilling, but some original sedimentary structure is visible. The core contains many burrows (only burrows >1 cm are recorded), mottles, few patches, foraminifers, and is moderately bioturbated throughout. Pyrite burrow fill and black speckles of disseminated sulfides are observed. The burrow in Section 7, 35 cm, is along silt lamina, and has green halo around it.",CORE  238.9 - 248.74  MBSF
184,1143,B,28,X,248.6,256.63,late Miocene to late Pliocene,"NANNOFOSSIL CLAY This core contains light gray green NANNOFOSSIL CLAY, medium brown green NANNOFOSSIL CLAY and gray green NANNOFOSSIL CLAY. The first two lithologies contain foraminifers, mottles and burrows and are moderately bioturbated, while the gray green NANNOFOSSIL CLAY lithology is homogenous. The medium brown NANNOFOSSIL CLAY has the highest clay content. The core is extremely disturbed by drilling, and consists of biscuits floating in slurry.",CORE  248.6 - 256.63  MBSF
