Expedition/Leg,Site,Hole,Core Number,Core Type,Top depth cored (m),Bottom depth recovered (m),Age,Description,Core ID
141,859,B,1,R,52,55.88,upper Pliocene,"CLAYEY SILT Major Lithology: The core consists of structureless greenish black (5GY 2/1) CLAYEY SILT. Minor Lithology: There are several fragments of olive gray (5Y 3/2), carbonate-cemented SILTSTONE in Section 1, 0 to 2 cm, which may be fragments of a carbonate concretion. General Description: The core is extremely fragmented and probably consists of soft drilling breccia. ",CORE 52 - 55.88 MBSF
141,859,B,2,R,61.6,67.44,upper Pliocene,"SILTY CLAY to CLAYEY SILT Major Lithology: This core consists entirely of olive gray (5Y 4/1) to dark greenish gray (5GY 4/1) SILTY CLAY to CLAYEY SILT. A mottled appearance due to variations in color and grain size occurs throughout the core. General Description: The core is extremely disrupted by drilling and may be a drilling breccia, although a clear separation between matrix and clasts is not possible. Some medium dark gray (N4) concretions resembling small subangular pebbles are dispersed throughout the core. A complete shell and other partial shell fragments are visible at Section 1, 55-58 cm. Although variations in both texture and composition occur, true bedding contacts do not appear to be preseved. ",CORE 61.6 - 67.44 MBSF
141,859,B,3,R,71.3,80.97,upper Pliocene,"SILTY CLAY TO CLAYEY SILT Major Lithology: Core consists of mottled grayish olive (5Y 4/1) SILTY CLAY to CLAYEY SILT Minor Lithologies: Abundant clots, partial laminae, and streaks of medium dark gray (N4) silty clay occur throughout the core. General Description: The core, despite zones of moderate to intense drilling disturbance, has several intervals that exhibit aligned concretions and dark gray streaks of silty clay that demonstrate the partial preservation of bedding. Some mottled textures may be due to burrowing (Section 6, 0-150 cm). Beds defined by dark clay layers and by stringers of aligned concretions are steeply inclined and locally folded. ",CORE 71.3 - 80.97 MBSF
141,859,B,4,R,140,142.53,upper Pliocene,"CLAYEY SILT Major Lithology: Olive black (5Y 2/1) structureless CLAYEY SILT. General Description: The lower parts of Section 2 also contain small clasts of very fine sand. Small areas of dark greenish gray (5GY 4/1) CLAYEY SILT with traces of spicules and volcanic glass occur at Section 2, 72-76 cm and Section 2, 86-87 cm. ",CORE 140 - 142.53 MBSF
141,859,B,5,R,148.5,148.55,NA,Entire core given to paleontologists.,CORE 148.5 - 148.55 MBSF
141,859,B,6,R,158.1,158.1,NA,NO RECOVERY,CORE 158.1 - 158.1 MBSF
141,859,B,7,R,167.8,167.8,NA,NO RECOVERY,CORE 167.8 - 167.8 MBSF
141,859,B,8,R,177.4,177.4,NA,NO RECOVERY,CORE 177.4 - 177.4 MBSF
141,859,B,9,R,187.1,187.22,upper Pliocene,SILTY CLAY Major Lithology: Fragments of dark gray (N3) SILTY CLAY. ,CORE 187.1 - 187.22 MBSF
141,859,B,10,R,196.7,203.7,upper Pliocene,"SILTY CLAY TO CLAYEY SILT Major Lithology: Core consists of dark gray (N3) and medium dark gray (N4) structureless SILTY CLAY to CLAYEY SILT. General Description: The upper parts of Section 1 contain a small percentage of very fine-grained sand. In Sections 3, 4, 5, and CC, clay content is higher than in Sections 1 and 2. The core is highly disturbed by drilling and contains mostly drilling fragments of clay and silty clay with some loose silt. Sections 5 and CC were opened by wire cutter, producing a difference in apparent surface structure. ",CORE 196.7 - 203.7 MBSF
141,859,B,11,R,206.4,207.98,upper Pliocene,SILTY CLAY to CLAYEY SILT Major Lithology: This core consists of dark greenish gray (5GY 4/1) CLAYEY SILT and SILTY CLAY. General Description: The core is totally disrupted by drilling. Large fractures apparently were caused by gas expansion upon core removal. Fractures are not perpendicular to core sides because of diagonal orientation of wire cutter. ,CORE 206.4 - 207.98 MBSF
141,859,B,12,R,216,221.69,upper Pliocene,"SILTY CLAY to CLAYEY SILT Major Lithology: This core consists of dark greenish gray (5GY 4/1) to grayish olive green (5Y 3/2) SILTY CLAY to CLAYEY SILT. General Description: A small yellowish spot of calcareous sediment occurs at Section 1, 29 cm. The core is totally disrupted by drilling and by gas expansion fractures perpendicular to edge of core. Sections 1, 4, and CC were cut by wire; Sections 2, 3, and 5 were cut by saw, resulting in different surface textures. ",CORE 216 - 221.69 MBSF
141,859,B,13,R,225.6,234.86,upper Pliocene,"SILTY CLAY TO CLAYEY SILT Major Lithology: This core consists of olive gray (5Y 3/2) SILTY CLAY to CLAYEY SILT. General Description: Two subangular fragments of micritic limestone are found at Section 2, 86 and 96 cm. The core is largely disrupted by drilling, except in two intervals: Section 2, 69-83 cm and Section 8, 25-60 cm. In the first of these intervals, semicoherent claystone fragments preserve nearly original orientation across fractures. In the second interval, bedding defined by color and textural changes is crosscut by normal to vertical microfaults. All of core catcher (3 cm) went to paleontology. ",CORE 225.6 - 234.86 MBSF
141,859,B,14,R,235.3,243.6,upper Pliocene,CLAYEY SILTSTONE to SILTY CLAYSTONE Major Lithology: This core consists of olive gray (5Y 3/2) SILTY CLAYSTONE to CLAYEY SILTSTONE. General Description: Most of the core exhibits gas expansion fractures perpendicular to core sides. Sections 4 and 5 contain intervals of semi-coherent ciaystone chips that fit together across fractures. Bedding is not preserved due to disruption by drilling and splitting of the core. ,CORE 235.3 - 243.6 MBSF
141,859,B,15,R,245,251.15,upper Pliocene,"SILTY CLAYSTONE Major Lithology: This core consists of olive gray (5Y 3/2) to greenish black (5GY 2/1) SILTY CLAYSTONE. General Description: From Section 1,1 cm to Section 2, 95 cm, the core is totally disrupted by drilling and splitting of the core. Semi-coherent zones of highly fractured fissile SILTY CLAYSTONE occur from Section 2, 95-135 cm, cut by a subhorizontal anastomosing array of cracks filled with bubbly froth. These fractures probably represent gas expansion along incipient fissility or fracture cleavage. Below Section 2, 135 cm, the core is totally disrupted by drilling. ",CORE 245 - 251.15 MBSF
141,859,B,16,R,254.6,261.05,upper Pliocene,"SILTY CLAYSTONE TO CLAYSTONE Major Lithology: This core consists of dark gray (N3) SILTY CLAYSTONE to CLAYSTONE. Sections 4,5, and CC are more clay-rich than the upper portions of the Minor Lithology: Dark gray (N3) very fine-grained massive SILTY SANDSTONE occurs as an interbed from Section 3,125 to Section 4, 30 cm. The upper and lower contacts of this bed are gradational over an interval of a few centimeters. General Description: The core is highly disturbed by drilling. It contains mostly drilling fragments of claystone and silty claystone with loose sand and silt and some coherent pieces of fine-grained sandstone. Isolated intervals of semi-coherent material exhibit anastomosing fracture cleavage spaced 1 -2 mm apart with a wavelength of 3-8 mm. ",CORE 254.6 - 261.05 MBSF
141,859,B,17,R,264.3,273.63,upper Pliocene,"CLAYEY SILTSTONE TO SILTY CLAYSTONE Major Lithology: The core consists of brownish black (5YR 2/1), to medium dark gray (N3), to grayish black (N2) CLAYEY SILTSTONE TO SILTY CLAYSTONE. Minor Lithology: At Section 1, 53-55 cm a brecciated zone occurs which consists of fragments of medium dark gray (N3) carbonate-cemented SANDY SILTY CLAYSTONE cross-cut by fine calcite veins. A carbonate-cemented zone also occurs at Section 1,129-139 cm. ",CORE 264.3 - 273.63 MBSF
141,859,B,18,R,274,281.43,upper Pliocene,"SILTY CLAYSTONE Major Lithology: The core consists of dark gray (N3) SILTY CLAYSTONE. General Description: One fragment (1 by 5 cm) of olive gray (5Y 4/1) calcareous micrite-cemented sediment occurs at Section 1, 0.5-1.5 cm. Section 2, 20-71 cm is finer grained than the rest of the section. Coherent slightly inclined intervals of clayey siltstone occur at Section 3, 50-83 cm and 98-140 cm. Section 4, 33-48 cm and 60-62 cm; and Section 5, 40-43 cm and 101 -110 cm are grayish black (N2) silty claystone. Section 5, 72-95 cm is coarser grained than the claystones above and is slighty faulted and fractured. The core is highly disturbed by drilling. It contains mostly drilling breccia of silty claystone with some loose silt. Below Section 5, 25 cm, some layers exhibit layer-parallel extension. Minor fractures or veins occur in the coarser lithologies. ",CORE 274 - 281.43 MBSF
141,859,B,19,R,283.5,290.08,upper Pliocene,"SILTY CLAYSTONE Major Lithology: Core consists of olive black (5Y 2/1) SILTY CLAYSTONE. Minor Lithology: A more coherent section of olive black (5Y 2/1) SANDY SILTSTONE occurs at Section 1, 72 to 83 cm . General Description: A 1 -cm, dark greenish gray (5GY 4/1), foram-bearing calcareous fragment occurs at Section 2, 50 cm. Most of the core consists of drilling breccia, but within relatively coherent intervals the following structures are preserved: fault or small shear zone at Section 1, 32 cm; block of silty material with polished surfaces at Section 3, 50 cm; two sets of fracture cleavage, sub-perpendicular to each other, at Section 3, 80-145 cm and Section 4, 70-80 cm. Spacing of the fracture cleavage is 2-5 mm with a wavelength of 3-20 mm. ",CORE 283.5 - 290.08 MBSF
141,859,B,20,R,293.2,300.95,upper Pliocene,"SILTY CLAYSTONE Major Lithology: This core consists of olive gray (5Y 2/1) SILTY CLAYSTONE. General Description: The core is disrupted by drilling. Two semi-coherent intervals, at Section 3, 45-55 cm and 108-126 cm, contain two sets of fracture cleavage that are nearly perpendicular to each other. In the best preserved intervals, the two sets of fracture cleavage are subhorizontal and subvertical. ",CORE 293.2 - 300.95 MBSF
141,859,B,21,R,302.8,308.68,upper Pliocene,"SILTY CLAYSTONE Major Lithology: This core consists of olive black (5Y 2/1) SILTY CLAYSTONE. General Description: At Section 1, 0-7 cm, a dropstone of diorite occurs. Its position at the top of the core suggests that it may have fallen into the core from higher in the sequence. At Section 3,101-102 cm, a smear slide indicates the presence of inorganic calcite within the claystone. Sections 2 (15-80 cm) and 4 (50-80 cm) consist of semi-coherent claystone chips that fit together along a closely spaced fracture cleavage. Small intervals of semi-coherent, highly fractured silty claystone occur in Sections 1 and 3. ",CORE 302.8 - 308.68 MBSF
141,859,B,22,R,312.2,313.64,upper Pliocene,CLAYSTONE Major Lithology: This core consists of olive black (5Y 2/1) CLAYSTONE. A very faintly defined structure of dark gray wispy stringers may represent bedding; several subparallel features are offset slightly along microfractures. ,CORE 312.2 - 313.64 MBSF
141,859,B,23,R,321.9,325.77,upper Pliocene,"CLAYSTONE Major Lithology: This core consists of olive black (5Y 2/1) CLAYSTONE. General Description: The core is disrupted by drilling. A fine (<0.4 cm diameter) drilling breccia is found throughout the core except in Section 3, 0-12 cm and 23-38 cm.In those intervals, at least two subhorizontal sets of fracture cleavage occur that are nearly perpendicular to each other; a third set of subvertical fractures is locally present. ",CORE 321.9 - 325.77 MBSF
141,859,B,24,R,331.5,331.5,NA,NO RECOVERY,CORE 331.5 - 331.5 MBSF
141,859,B,25,R,341.2,348.17,upper Pliocene,"SILTY CLAYSTONE TO CLAYEY SILTSTONE Major Lithology: Core consists of olive black (5Y 2/1) SILTY CLAYSTONE TO CLAYEY SILTSTONE. General Description: The entire section (except for Section 5, 78-95 cm) consists of a drilling breccia. Although the core at Section 5, 78-95 cm is more coherent, no distinct sedimentary structures are present; local mottling in this interval may be a drilling artifact. ",CORE 341.2 - 348.17 MBSF
141,859,B,26,R,350.8,354.18,upper Pliocene,"SILTY CLAYSTONE TO CLAYSTONE Major Lithology: Dark gray (N3) to grayish black (N2) SILTY CLAYSTONE to CLAYSTONE. General Description: Some parallel laminae of clay and silty clay are seen in Section 1,139-140 cm and 129-132 cm and in Section 2, 30-32 cm. Sections 2 and 3 are slightly finer-grained than Section 1. Highly disturbed portions of the core contain mostly fragments of silty claystone to claystone and some loose silt. ",CORE 350.8 - 354.18 MBSF
141,859,B,27,R,360.4,366.2,upper Pliocene,"SILTY CLAYSTONE Major Lithology: The core consists of olive black (5Y 2/1) SILTY CLAYSTONE. General Description: Sections 3, 4, and CC are slightly more clay-rich than Sections 1 and 2. Two fragments (1 by 1 cm and 1 by 4 cm) of greenish gray (5GY 6/1) calcareous micrite-cemented sediment occur in Section 1, 35-44 cm. The lower parts of the Section 1 contain traces of organic matter. More coherent intervals occur in Sections 2,122-138 cm; Section 3, 26-48 cm and Section 4, 34-43 cm. Due to drilling the core is fractured into fragments of silty claystone and claystone with some loose silt. ",CORE 360.4 - 366.2 MBSF
141,859,B,28,R,370.1,377.02,upper Pliocene,"SILTY CLAYSTONE Major Lithology: The core consists of olive black (5Y 2/1) SILTY CLAYSTONE. General Description: The core is highly disrupted, but there are some semi-coherent intervals: Section 1, 70-82 cm; Section 2, 95-105 cm; Section 3,141-148 cm; Section 4, 45-120 cm; and throughout Section 5. The composition of these semi-coherent zones is similar to surrounding drilling breccia. ",CORE 370.1 - 377.02 MBSF
141,859,B,29,R,379.5,386.44,upper Pliocene,"SILTY CLAYSTONE TO CLAYSTONE Major Lithology: This core consists of greenish black (5G 2/1) SILTY CLAYSTONE to CLAYSTONE. General Description: A fragment of olive gray (5Y 4/1) fine grained calcite exists at Section 1, 15-17 cm. Although the entire core is highly fractured drilling breccia, short intervals of semi-coherent material exhibit fracture cleavage sets of consistent orientation. ",CORE 379.5 - 386.44 MBSF
141,859,B,30,R,389.2,397.42,upper Pliocene,"CLAYSTONE TO SILTY CLAYSTONE Major Lithology: This core consists of greenish black (5GY 2/1) CLAYSTONE to SILTY CLAYSTONE. General Description: This core alternates between intervals of massive soft clay with claystone fragments, and highly fractured claystone with two sets of fracture cleavage that are sub-perpendicular to each other. A single wispy bed of dark clay occurs at Section CC, 5 cm. ",CORE 389.2 - 397.42 MBSF
141,859,B,31,R,398.9,398.9,NA,NO RECOVERY,CORE 398.9 - 398.9 MBSF
141,859,B,32,R,408.6,410.33,upper Pliocene,"SILTY CLAYSTONE TO CLAYEY SILTSTONE Major Lithology: The upper part of this core (to approximately Section 1,100 cm) is composed of olive gray (5Y 4/1) to greenish black (5GY 2/1) SILTY CLAYSTONE. The lower part is composed of interbedded olive gray (5Y 4/1) to greenish black (5GY 2/1) SILTY CLAYSTONE and olive gray (5GY 4/1) CLAYEY SILTSTONE. Minor Lithologies: The lower part of the core has interbeds of olive gray (5Y 4/1) CLAYEY SILTSTONE that are 1-5 cm thick. General Description: Layering is highly disturbed, and thicknesses vary considerably across the core. The more brittle intervals of claystone have both east-dipping and west-dipping sets of fracture cleavage. In Sections 2 and CC, wispy dark clay layers exhibit variable orientation and undulatory contacts between clayey and silty intervals. ",CORE 408.6 - 410.33 MBSF
141,859,B,33,R,418.3,421.01,upper Pliocene,"SILTY CLAYSTONE Major Lithology: The upper part of the core is composed of mottled medium dark gray (N4) to greenish black (5G 2/1) SILTY CLAYSTONE.The lower part of the core consists of this lithology interbedded with the minor lithologies. Minor Lithologies: Sections 2 and CC consist of the dominant lithology interbedded to interlaminated with light medium gray (N3) coarse SILTSTONE TO CLAYEY SILTSTONE. General Description: The claystone has at least two sets of fracture clavage sub-perpendicular to each other. In Section 2,15 cm to 90 cm, silty fragments in clayey matrix exhibit layer-parallel extension and pull-aparts along discontinuous normal microfaults. The silty layer or bed at Section 2, 58-68 cm is characterized by deformation bands consisting of dark seams 0.5-1 mm thick spaced 5-10 mm apart. The upper and lower boundaries of this layer dip towards each other, defining a phacoidal shape. ",CORE 418.3 - 421.01 MBSF
141,859,B,34,R,427.9,433.42,upper Pliocene,"SILTY CLAYSTONE TO CLAYEY SILTSTONE Major Lithology: Core consists of olive black (5Y 2/1) SILTY CLAYSTONE to dark gray (N3) CLAYEY SILTSTONE. Poorly defined layering is present in Section 4,15 cm. Minor Lithology: The lower part of Section 4 consists of mottled dark gray (N3) SILTY CLAYSTONE to olive black (5Y 2/1) CLAYSTONE. A single fragment of micritic limestone (1 by 2 cm) occurs in Section 1, 2-4 cm. General Description: Although most of the core consists of highly fractured drilling breccia, some semi-coherent intervals occur in Section 3, 42-49 cm and Section 4, 25-70 cm. These exhibit systematic microfractures and web structure (calcite-filled veinlets along fractures). ",CORE 427.9 - 433.42 MBSF
141,859,B,35,R,437.6,443.1,upper Pliocene,"SILTY CLAYSTONE Major Lithology: Core consists of olive black (5Y 2/1) SILTY CLAYSTONE. Minor Lithology: An interval of olive black (5Y 2/1) SILTSTONE occurs from 0-10 cm in Section 4. General Description: The core consists of drill cuttings with isolated semi-coherent zones in the following intervals: Section 2, 35-43 cm; Section 3, 40-45 cm and 75-78 cm; and Section 4, 0-10 cm. No structures are preserved. ",CORE 437.6 - 443.1 MBSF
141,859,B,36,R,447.1,449.49,upper Pliocene,"SILTY CLAYSTONE and MICRITIC SILTY CLAYSTONE Major Lithologies: Section 1 consists of olive black (5Y 2/1) SILTY CLAYSTONE, and Section 2 consists of olive black (5Y 2/1) MICRITIC SILTY CLAYSTONE. Amount of carbonate in cuttings increases down core, with a significant change at the boundary between Sections 1 and 2. General Description: The core is structureless and consists entirely of drill cuttings. ",CORE 447.1 - 449.49 MBSF
141,859,B,37,R,456.7,459.16,upper Pliocene,"CLAYSTONE Major Lithology: The core consists of dark gray (N3) CLAYSTONE. Minor Lithology: A thin interbed of CLAYEY SILT with sharp lower and gradational upper contacts occurs in Section CC, 2-4 cm. General Description: Silt grains are partially coated with thin rims of recrystallized clay. A fragment (2 by 4 cm) of micritic limestone with foraminifers and pyrite concretions occurs at the top of Section 1. ",CORE 456.7 - 459.16 MBSF
141,859,B,38,R,466.4,468.97,upper Pliocene,"SILTY CLAYSTONE and SANDY SILTY CLAYSTONE Major Lithologies: The core predominantly consists of olive black (5Y 2/1) SILTY CLAYSTONE (Section 1, 5-150 cm) and SANDY SILTY CLAYSTONE (Section 2,15-90 cm). Minor Lithologies: The base of the core (Section CC, 10-15 cm) consists of interlaminated, olive black (5Y 2/1) SILTY SAND, CLAYEY SILT, and SILTY CLAY. A 3 cm fragment of dark greenish gray (5GY 4/1) foram-bearing micrite occurs at the top of Section 1. General Description: The core consists of drilling breccia, except for a relatively undisturbed semi-lithified zone in Section CC, 10-15 cm. ",CORE 466.4 - 468.97 MBSF
