Expedition/Leg,Site,Hole,Core Number,Core Type,Top depth cored (m),Bottom depth recovered (m),Age,Description,Core ID
139,858,D,1,H,0,9.31,Pleistocene-Holocene,"SILTY CLAY Major Lithology: Greenish gray (5GY 5/1) SILTY CLAY with olive brown (2.5Y 3/3) surface oxidized layer smeared down sides of liner at 0-40 cm. There are several very thin, subtle yellowish beds of silty clay in Sections 1 and 2. There are several carbonate nodules in the shape of burrows throughout the core. Pockets of iron sulfide occur in rare intervals. Very thin gray (N5) silt laminations occur from Section 2 through Section 5. Small pockets of foraminifers occur in Section 3, 91 cm and Section 4, 30 cm. The maroon-tinted interval from Section 5, 70 -115 cm is a correctable Zoophycus ""burrowed marker bed.",CORE 0 - 9.31 MBSF
139,858,D,2,H,9.3,19.39,Unknown,"CALCITIC SILTY CLAY and DOLOMITIC SILTY CLAY Major Lithologies: CALCITIC SILTY CLAY, homogeneous except for scattered, very small carbonate nodules, becomes more carbonate-rich down core. The core smells of H2S. Disseminated pyrite is common throughout as is authigenic calcite. DOLOMITIC SILTY CLAY is present at Section 3, 3 cm to Section 4, 84 cm. Minor Lithologies: Minor calcite-rich SILT laminations are present locally and one layer of fine-grained SAND is present at Section 7, 34-40 cm. ",CORE 9.3 - 19.39 MBSF
139,858,D,3,P,18.8,19.36,Unknown,SILTY CLAYSTONE Brecciated SILTY CLAYSTONE with minor pyrite toward the base. Brecciation is probably the result of coring. ,CORE 18.8 - 19.36 MBSF
139,858,D,4,H,19.8,28.17,Unknown,"SILTY CLAYSTONE, SILT and SAND Major Lithologies: Gray (5Y 4/1 to N 4/) SILTY CLAYSTONE with disseminated pyrite anhydrite veins and nodules, and local SAND and SILT laminations and fining-upward intervals. The SILTY CLAYSTONE is fractured (drilling disturbance?) throughout the core. Anhydrite occurs as both white (N 71), fluffy material and as clear to very light gray, coarsely crystalline, radial-fibrous, veins. Fining-upward sequences of fine- to medium-grained SAND to SILT and bioturbated SILTY CLAYSTONE are present in Sections 4, 5, and 6. The basal SAND is typically cross- to parallel-laminated and locally convolute bedded. Disseminated pyrite is present throughout the intervals , but is preferentially concentrated in the convolute bedded zones. ",CORE 19.8 - 28.17 MBSF
139,858,D,5,H,28.3,28.79,Unknown,"SILTSTONE, SILTY CLAYSTONE and SANDSTONE Major Lithologies: Drilling chips and cuttings of fine-grained SANDSTONE, SILTSTONE, and SILTY CLAYSTONE. Bottom part of core (Section CC, 20-50 cm) consists of small fragments of gray (N5/) SILTY CLAYSTONE in a matrix of slighter lighter gray SILTY CLAYSTONE. ",CORE 28.3 - 28.79 MBSF
139,858,D,6,X,28.8,30.16,Unknown,"SANDSTONE, SILTSTONE and SILTY CLAYSTONE Major Lithologies: Fining-upward sequences of gray (N 5/ to N 6/) medium- to fine-grained SANDSTONE, SILTSTONE and SILTY CLAYSTONE. SANDSTONE and SILTSTONE are the dominant rock types present. The SANDSTONE is locally cross laminated and parallel laminated, but most commonly massive. The SILTSTONE and SILTY CLAYSTONE intervals are massive. The massive strata have a ""moldy"" and ""bumpy"" surface texture. The molds are probably the result of dissolution. Some are rhombic and may be anhydrite molds (some anhydrite is still present); others are round and seem to be the result of plucked crystals or crystal aggregates (clay or zeolite?). Some of the molds have been partially filled with pyrite. Rare, small, discreet burrows are also filled with pyrite and pyrite replacing pyrrhotite. The bumpy texture seems to be the result of sediment casts surrounding three-dimentional crystal molds. Anhydrite veinlets (<1 mm wide) are present in Section 1. A zeolite vein with sphalerite and trace of chalcopyrit is present in Section CC at 0-5 cm. The bottom 2 cm of Section CC consists of greenish gray, parallel laminated, fine SANDSTONE similar to that at the bottom of HOLE 858B, which was hydrothermally overprinted. ",CORE 28.8 - 30.16 MBSF
139,858,D,7,X,37.2,37.45,Unknown,"SANDSTONE Major Lithology: Gray (N 5/ to N 6/) fine-grained SANDSTONE, mostly in drilling chips, but partially preserved as coherent pieces displaying cross lamination at Section CC, 11-19. ",CORE 37.2 - 37.45 MBSF
