Expedition/Leg,Site,Hole,Core Number,Core Type,Top depth cored (m),Bottom depth recovered (m),Age,Description,Core ID
139,858,B,1,H,0,7.12,Pleistocene,"CLAY, SILT and SILTY CLAY Major Lithologies: The upper portion of this core (Section 1 and Section 2, 0-47 cm) consists of color-variegated smectitic(?) CLAY and fine-sand-size pyrite grains. Color varies from dark olive green (5GY 3/4) to greenish gray (10G 3/1) to grayish olive green (5GY 3/2) and dark greenish gray (5GY 4/1). Pockets and thin layers of greenish black to dark blue green (N/1) pyritic fine-grained sand are present throughout this upper interval. A brownish yellow surface oxidized zone is present in the upper few centimeters and is mixed by coring throughout the upper 90 cm of Section 1. The contact between this sulfidic upper part and the lower part of ""normal"" turbiditic sediments is sharp, at Section 2, 47 cm. This lower part consits of stacked, thin, fine-grained fining-upward sequences of dark grayish green (5GY 4/1) to dark gray (5Y 4/1) SILT and SILTY CLAY. Color changes in these turbiditic sediments are abrupt, but do not correspond directly to grain-size changes. Carbonate nodules are present in Section 3 and foraminifers are present locally troughout the turbiditic intervals. The interval of fine-grained turbidites in Section 2 corresponds to a magnetic susceptibility low.",CORE 0 - 7.12 MBSF
139,858,B,2,H,7.2,16.9,Unknown,"CLAY, SILTY CLAY, SILT, SAND, SULFIDE CLAY, SEMI-MASSIVE SULFIDE and MASSIVE SULFIDE Major Lithologies: Stiff, locally cemented, massive, gray (N 6/ to N 5/) CLAY interbedded with SEMI-MASSIVE SULFIDE, pyrite-rich and anhydrite-rich SULFIDE CLAY. Beds are 3-20 cm thick, contain nodular and vein pyritic anhydrite. Rare, local interbeds of SILTY CLAY, SILT and fine-grained SAND are present within the CLAY in Sections 5 and 6; some of these interbeds are cm-scale fining-upward turbidites. Disseminated pyrite is present in trace amounts throughout the CLAY intervals. Bedding-parallel anhydrite veins are present locally in Sections 5 and 6. The SEMI-MASSIVE SULFIDE consists of 3-20 cm thick beds of interlayered pyrite-rich SULFIDE CLAY anhydrite-rich SULFIDE CLAY gray CLAY, nodular and vein pyritic anhydrite, and minor amounts of MASSIVE SULFIDE. Disseminated pyrite is present throughout the sulfidic interval (Section 3, 54 cm to Section 4, 102 cm), but coarse-grained (2-4 mm) euhedral pyrite is present at Section 4, 90-100 cm. An unidentified dusky red (2.5Y 3/2) material is present within a gray clay layer at Section 4, 33-34 cm and within an anhydrite layer at Section 4,11 -20 cm. The entire core smells of H2S. This core was cut using an aluminum core liner: aluminum fragments are present on all cut surfaces. ",CORE 7.2 - 16.9 MBSF
139,858,B,3,H,16.7,18.43,Unknown,"CLAY and SILTY CLAYSTONE Major Lithologies: This core is severely disturbed by coring. The aluminum core barrel has collapsed in some places. The recovered material consists of soupy CLAY and SILTY CLAY and a few pieces (several cm in size) of SILTY CLAYSTONE. The SILTY CLAYSTONE is gray to dark gray, bioturbated, and contains lenses of disseminated pyrite. Several of the drilling fragments exhibit a fine-scale network of fractures with some of them (1 -3 mm wide) filled with fine-grained quartz, minor fine-grained pyrite, trace euhedral pyrrhotite, and trace anhedral chalcopyrite. ",CORE 16.7 - 18.43 MBSF
139,858,B,4,X,18.4,18.41,NA,Entire core given to paleontologists.,CORE 18.4 - 18.41 MBSF
139,858,B,5,H,23.9,30.33,Unknown,"CLAYSTONE General Description: The entire core is very highly disturbed by coring. Coring operations inadvertently caused repeated loading of the sediments. This produced a breccia composed of lithified CLAYSTONE, massive anhydrite, talc, euhedral pyrite. The core liner is made of aluminum. ",CORE 23.9 - 30.33 MBSF
139,858,B,6,H,31.5,32.32,Unknown,"CLAYSTONE Major Lithology: Gray (2 5YR N4/) CLAYSTONE Brecciated by coring. Hydrothermally-altered, with chlorite and pyrite. Clasts of indurated (weakly silicified?) sediment have vugs filled with anhydrite. ",CORE 31.5 - 32.32 MBSF
139,858,B,7,X,32.5,32.5,NA,NO RECOVERY,CORE 32.5 - 32.5 MBSF
139,858,B,8,X,32.7,38.38,Unknown,"CLAYSTONE, SILTSTONE AND SANDSTONE Major Lithology: Pale to medium gray, variably silicified CLAYSTONE interbedded with SILTSTONE and SANDSTONE. Core intensely disturbed by drilling. Some clasts are silicified, cut by veins of anhydrite, clay minerals and quartz and contain vugs partly filled with euhedral anhydrite and clay. Minor Lithologies: Pyrite is finely disseminated throughout core. ",CORE 32.7 - 38.38 MBSF
139,858,B,9,X,35.1,35.33,Unknown,CLAYSTONE Major Lithology: Gray hydrothermal^ altered CLAYSTONE with pervasive spotted texture (0.1 mm). Spots may be a chlorite or clay alteration. Euhedral anhydrite crystals are present in vugs and associated with chlorite/clay spots.,CORE 35.1 - 35.33 MBSF
