Expedition.Leg,Site_Number,Hole,Core_Number,Core_Type,Core_Top_MBSF,Core_Bottom_MBSF,Age,Description,Core_ID
160,964,B,1,H,0,8.1,late Pleistocene,"NANNOFOSSIL CLAY Major Lithology: The dominant sediment in this core consists of color banded NANNOFOSSIL CLAY. Colors range from yellow browns (10YR) through gray browns (5Y). Minor Lithologies: Three SAPROPELS occur in the core. All have sharp tops and bases and are laminated. Several TUFF horizons occur in the core at sporadic intervals. The most prominent of these at 129 cm in Section 2 is composed of predominantly sand-sized glass shards with minor quartz and rock fragments. General Description: There are numerous graded and upward fining beds in the core. For example, a prominant bed at 20 cm in Section 2, normally graded from an irregular base, fining upward from a quartz foraminifer dominated sand to a nannofossil ooze at the top. Two thin horizons cemented by limonite are  present in Section 4. ",CORE  0 - 8.1  MBSF
160,964,B,2,H,8.1,17.93,late Pleistocene,"NANNOFOSSIL CLAY Major Lithology: The sediment in this core is predominantly NANNOFOSSIL CLAY, color banded at decimeter to meter intervals. Colors range from yellow browns through gray browns (10YR-5Y). Minor lithologies: Four SAPROPELS up to 15-cm thick occur in this core. They are banded and have relatively sharp bases and tops. A number of thin-silt horizons occur at sporadic intervals at the base of upward-fining beds. ",CORE  8.1 - 17.93  MBSF
160,964,B,3,H,17.6,27.39,late Pleistocene,"NANNOFOSSIL CLAY Major Lithology: Decimeter- to milimeter-color-banded NANNOFOSSIL CLAY is the predominant lithology in this core. Colors range from browns to olive grays (10YR to 5GY). Minor Lithologies: Three SAPROPELS up to 9-cm thick occur in this core. All have sharp contacts at top and base and are generally not laminated. A TUFF horizon occurs in Section 5. General Description: The first section of the core shows considerable evidence of deformation with small, normal, and reverse faults exposed.",CORE  17.6 - 27.39  MBSF
160,964,B,4,H,27.1,36.87,late to middle Pleistocene,"NANNOFOSSIL CLAY and CLAYEY NANNOFOSSIL OOZE Major Lithologies: The dominant sediments in this core are NANNOFOSSIL CLAY and CLAYEY NANNOFOSSIL OOZE color banded at decimeter to meter scale through a range of browns ond olive grays (10YR-5Y). Minor Lithologies: Four SAPROPELS occur in the core. These all contain foraminifers, are generally not laminated, and have relatively sharp tops and bases. General Description: The sediment in this core exhibits thin to medium color banding throughout, showing a wide range of yellows, oranges, and greens. Color laminations are also present, often in the few centimeters above the sapropel horizons. ",CORE  27.1 - 36.87  MBSF
160,964,B,5,H,36.6,46.63,early Pleistocene,"CLAYEY NANNOFOSSIL OOZE Major Lithology: The dominant sediment in this core is CLAYEY NANNOFOSSIL OOZE with a small variable terrigenous component. The ooze is color banded on a decimeter to meter scale from yellow browns (10YR 6/3) through olive grays (5Y 6/1). Foraminifers abound in variable amounts throughout. Minor Lithologies: Five thin SAPROPEL horizons occur at sporadic intervals throughout the core. All are less than cm thick, are poorly laminated, and have generally sharp I contacts at top and bottom. General Description: Large susceptibility spike in Section 2 reflects broken Core Catcher in liner.",CORE  36.6 - 46.63  MBSF
160,964,B,6,H,46.1,55.96,late Pliocene to early Pleistocene,"CLAYEY NANNOFOSSIL OOZE Major Lithology: In this core the dominant sediment is CLAYEY NANNOFOSSIL OOZE, color banded at decimeter to meter scale with small amounts of clay and considerable foraminifer debris in variable amounts throughout. Minor Lithologies: Six thin SAPROPELS occur in the core at sporadic intervals. In general, they are not laminated and have sharp basal contacts and somewhat gradational tops. Occasional very thin silt horizons occur scattered through the core.",CORE  46.1 - 55.96  MBSF
160,964,B,7,H,55.6,65.33,late Pliocene,CLAYEY NANNOFOSSIL OOZE Major Lithology: The sediments in this core are dominated by NANNOFOSSIL OOZE which is color banded at decimeter to meter intervals through a range of browns and grays (10YR-5Y). Minor Lithologies: Three SAPROPELS occur in this core. These are not laminated and have sharp upper and lower contacts.,CORE  55.6 - 65.33  MBSF
160,964,B,8,H,65.1,75.14,late Pliocene,"FORAMINIFER NANNOFOSSIL OOZE Major Lithology: This core is dominated by FORAMINIFER NANNOFOSSIL OOZE, which is color banded at decimeter to meter scale through orange browns to olive grays (10YR-5Y). Quartz occasionally reaches significant proportions (>5%). Minor Lithologies: Two SAPROPELS occur toward the bottom of the core. Both are approximately 2 cm thick, are not laminated, and have sharp contacts at both base and top. A thin (2-cm) TUFF occurs at 40 cm in Section 4. General Description: Microfaulting is common toward the top of Section 1 and the core is moderately bioturbated throughout.",CORE  65.1 - 75.14  MBSF
160,964,B,9,H,74.6,84.47,Pliocene,"CLAYEY NANNOFOSSIL OOZE and NANNOFOSSIL CLAY Major Lithologies: The sediment in this core is CLAYEY NANNOFOSSIL OOZE and NANNOFOSSIL CLAY color banded at decimeter to meter scale through browns and olive gray (7.5R-10Y) with minor amounts of quartz and occasional foraminifer concentrations throughout. Minor Lithologies: SAPROPELS occur in Section 2, 20 cm and Section 6,100 cm. Both have strong sharp color boundaries and are partially laminated.",CORE  74.6 - 84.47  MBSF
160,964,B,10,H,84.1,93.93,early Pliocene,NANNOFOSSIL OOZE Major Lithology: The sediment in this core consists of NANNOFOSSIL OOZE color banded (browns to olive gray 10YR�5Y) at decimeter to meter intervals. Minor Lithologies: Several thin silt horizons occur scattered throughout the core.,CORE  84.1 - 93.93  MBSF
160,964,B,11,H,93.6,102.01,early Pliocene,CLAY-BEARING NANNOFOSSIL Major Lithology: The sediment is CLAY-BEARING NANNOFOSSIL OOZE with occasional significant concentrations of foraminifers. The core is color banded at decimeter to meter intervals through a range of browns and grays (10YR-5Y). Minor Lithologies: Several thin silt horizons occur throughout the core.,CORE  93.6 - 102.01  MBSF
