Expedition.Leg,Site_Number,Hole,Core_Number,Core_Type,Core_Top_MBSF,Core_Bottom_MBSF,Age,Description,Core_ID
160,964,C,1,H,0,5.15,late Pleistocene,"NANNOFOSSIL CLAY Major Lithology: The sediment in this core is NANNOFOSSIL CLAY with color banding on a centimeter to decimeter scale (10YR 5/3 to 5YR 5/1). Below, Section 3, 34 cm, lamination on a milimeter scale is evident, highlighted by discrete color change. Minor Lithologies: SAPROPELS occur in Sections 1, 59-61 cm, and 4, 19-25 cm. Several graded-silt beds (up to 5 cm in thickness) with sharp-basal and gradational upper contacts are found throughout the whole core. One normal fault is observed in Section 3, 12-34 cm.",CORE  0 - 5.15  MBSF
160,964,C,2,H,5.1,14.94,late Pleistocene,"NANNOFOSSIL CLAY Major Lithology: The sediment in this core is predominantly NANNOFOSSIL CLAY, ranging in color from reddish gray to greenish gray (5YR-5GY). Color banding is displayed on a millimeter scale. Significant amounts of foraminifers occur in Section 3, 100-150 cm. Minor Lithologies: Three SAPROPEL layers ranging from 2 cm to 7 cm in thickness contain distinct concentrations of foraminifers. Thin normally-graded silt/fine-sand layers, up to 3 cm thick, occur throughout the core. An ASH layer (1 cm in thickness) is found in Section 3. ",CORE  5.1 - 14.94  MBSF
160,964,C,3,H,14.6,24.42,late Pleistocene,NANNOFOSSIL CLAY Major Lithology: The sediment in this core consists of color-banded NANNOFOSSIL CLAY. Minor Lithologies: Four cm-thick SAPROPEL layers with distinct color lamination on a mm-scale are present in this core. One-cm-thick ASH layers were found at the top of Sections 1 and 4.,CORE  14.6 - 24.42  MBSF
160,964,C,4,H,24.1,34.05,early Pleistocene,"CLAYEY NANNOFOSSIL OOZE Major Lithology: Sediments recovered in this core consist of color-banded CLAYEY NANNOFOSSIL OOZE. Minor Lithologies: SAPROPELS occur in Sections 1, 2, 3, 4, and 6. Some display color lamination at a mm scale.",CORE  24.1 - 34.05  MBSF
160,964,C,5,H,33.6,43.15,early Pleistocene,"CLAYEY NANNOFOSSIL OOZE Major Lithology: Millimeter to decimeter color-banded CLAYEY NANNOFOSSIL OOZE is the dominant lithology of this core. Color varies from light gray to olive gray (N7 to 5Y 6/1). Terrigenous material is concentrated in millimeter layers thicker fining-upward sequences. Minor Lithologies: Five SAPROPELS are distributed within this core. Almost all of them display lamination although some lamination is intermittent and/or poorly exposed. With the exception of the basal contact of the second sapropel, base and upper contacts of the sapropels are sharp. Color is olive gray (5Y 2.5/1 to 5Y 4/2).",CORE  33.6 - 43.15  MBSF
160,964,C,6,H,43.1,53.14,early Pleistocene,CLAYEY NANNOFOSSIL OOZE Major Lithology: Sediments recovered in this core consist of color-banded CLAYEY NANNOFOSSIL OOZE. Minor Lithology: Nine SAPROPEL layers of variable thickness and composition are observed in the interval from Sections 1 to 5. ,CORE  43.1 - 53.14  MBSF
160,964,C,7,H,52.6,62.36,late Pliocene,"NANNOFOSSIL CLAY AND CLAYEY NANNOFOSSIL OOZE Major Lithology: NANNOFOSSIL CLAY AND CLAYEY NANNOFOSSIL OOZE is the dominant lithology observed in this core. Sediments contain variable amounts of foraminifers and a wide range of color banding. Moderate bioturbation occurs at the bottom of the core (Sections 6 and 7). Minor lithologies: Five SAPROPELS occur in Sections 2 through 6, ranging from 3 to 7 cm in thickness. Sharp boundaries and faint lamination occur in most beds. In fewer cases, distinct amounts of foraminifers occur within the sapropels. Several fining-upward sequences occur in Sections 4 and 5. Sediment consists of fine sand to silt at the base. Thin silt layers with sharp-basal contacts are found scattered throughout the core. ",CORE  52.6 - 62.36  MBSF
160,964,C,8,H,62.1,71.79,late Pliocene,"CLAYEY NANNOFOSSIL OOZE Major Lithology: Sediment recovered in this core is dominantly color-banded (5Y 5/3 to 10YR 6/4) CLAYEY NANNOFOSSIL OOZE. Sediment is moderately bioturbated throughout the core. Numerous fining-upward cycles are found. Minor lithology: Several silt/fine-sand layers occur in Sections1, 3, 5, and 6.",CORE  62.1 - 71.79  MBSF
160,964,C,9,H,71.6,81.67,Pliocene,"CLAYEY NANNOFOSSIL OOZE Major Lithology: Sediments in this core are dominated by color banded CLAYEY NANNOFOSSIL OOZE (10YR 6/4-10Y 6/1). Bioturbation and foraminifers occur in several sections. Minor Lithologies: Five SAPROPELS, up to 7 cm in thickness, are present. They have abrupt basal-contacts and a strong variation in lamination and/or presence of foraminifers. CLAYEY NANNOFOSSIL OOZE alternates with normally-graded sections up to 2.5 -m thick. ",CORE  71.6 - 81.67  MBSF
160,964,C,10,H,81.1,91.14,Pliocene,"CLAYEY NANNOFOSSIL OOZE Major Lithology: The dominant lithology in this core is vividly color-banded (10YR 6/4-5Y 6/2) CLAYEY NANNOFOSSIL OOZE. Burrows, foraminifers, and clayey laminae occur occasionally. Minor Lithologies: Three SAPROPELS, up to 6 cm in thickness, are present in Sections 1 and 2. Sharp color boundaries and lamination are common. Centimeter-scale steeply-dipping (around 60) normal faults are identified in Sections and 3. General Description: Fining-upward cycles are seen throughout the core, reaching up to 80 cm in thickness (e.g., Sections 2 and 3). Sediments are partially reworked and mottled due to underconsolidation of sediment. Material is slightly to moderately bioturbated throughout the whole core.",CORE  81.1 - 91.14  MBSF
160,964,C,11,H,90.6,93.98,Pliocene,NANNOFOSSIL OOZE Major Lithology: Highly-disturbed (drilling-induced) gray (5Y 7/3-5Y 6/2) NANNOFOSSIL OOZE is the dominant lithology recovered from this core. Crushed liner in Section 3.,CORE  90.6 - 93.98  MBSF
160,964,C,12,X,95.6,103.08,Pliocene,NANNOFOSSIL OOZE Major Lithology: Sediment recovered in this core is gray (5Y 6/2) homogeneous NANNOFOSSIL OOZE. A limited interval of foraminifer sand occurs at the bottom of the core. ,CORE  95.6 - 103.08  MBSF
