Expedition.Leg,Site_Number,Hole,Core_Number,Core_Type,Core_Top_MBSF,Core_Bottom_MBSF,Age,Description,Core_ID
160,964,E,1,H,0,5.54,late Pleistocene,"NANNOFOSSIL CLAY Major Lithology: The major lithology in this core is NANNOFOSSIL CLAY, color banded at decimeter to meter scale through a range of browns and grays (10YR-5Y). Minor Lithologies: A SAPROPEL occurs towards the top of Section 4 and three thin-ash bands are developed in Sections 1, 2, and 3.",CORE  0 - 5.54  MBSF
160,964,E,2,H,5.5,15.38,late Pleistocene,"NANNOFOSSIL CLAY Major Lithology: The dominant sediment in this core is NANNOFOSSIL CLAY, color banded at decimeter to meter scale through browns and grays (10YR-5Y). Minor Lithologies: Five SAPROPELS occur in this core (one in Core Catcher) and a number of thin-ash horizons are scattered throughout.",CORE  5.5 - 15.38  MBSF
160,964,E,3,H,15,24.79,late Pleistocene,"NANNOFOSSIL CLAY Major Lithology: The dominant sediment in this core is NANNOFOSSIL CLAY, color banded at decimeter to meter scale through browns and grays (10YR-5Y). Foraminifer concentrations are patchily distributed throughout this material. Minor Lithologies: Four SAPROPELS and a number of thin-ash horizons occur sporadically throughout the core. ",CORE  15 - 24.79  MBSF
160,964,E,4,H,57,67.01,late Pleistocene,CLAYEY NANNOFOSSIL OOZE Major Lithology: The dominant sediment in this core is CLAYEY NANNOFOSSIL OOZE color banded through a range of browns and grays (10YR-5Y) with varying concentrations of foraminifers throughout. Minor Lithologies: Four SAPROPELS and a number of thin-ash horizons occur throughout the core at sporadic intervals. ,CORE  57 - 67.01  MBSF
160,964,E,5,H,66.5,75.6,middle Pleistocene,CLAYEY NANNOFOSSIL OOZE Major Lithology: The dominant sediment in this core is CLAYEY NANNOFOSSIL OOZE color banded through a range of browns and grays (10YR-5Y) with varying amounts of foraminifers concentrated in several places. Minor Lithologies: A single SAPROPEL occurs in Section 5 and numerous thin-ASH bands are scattered throughout the core. ,CORE  66.5 - 75.6  MBSF
160,964,E,6,H,76,86.02,Pliocene,CLAYEY NANNOFOSSIL OOZE Major Lithology: The dominant lithology in this core is CLAYEY NANNOFOSSIL OOZE color banded at a decimeter to meter scale through browns and grays (10YR-5Y). Minor Lithologies: Ten SAPROPELS occur in this core. In general they are less than 10-cm thick and have relatively sharp bases and tops. Several thin ASH horizons are distributed throughout.,CORE  76 - 86.02  MBSF
