Expedition.Leg,Site_Number,Hole,Core_Number,Core_Type,Core_Top_MBSF,Core_Bottom_MBSF,Age,Description,Core_ID
160,964,A,1,H,0,6.8,late Pleistocene,"NANNOFOSSIL CLAY Major Lithology: The sediments in this core consist of NANNOFOSSIL CLAY with medium color banding from yellow browns (10YR) through gray browns (5Y) with occasional black flecks and blebs of disseminated pyrite. The composition of these sediments is dominated by clays and nannofossils with minor amounts of quartz, volcanic glass, and foraminifers. Minor Lithologies:  A 15-cm-thick SAPROPEL occurs in Section 1, 69 cm. This material is similar in composition to the nannofossil clay, with organic matter and pyrite as additional components. A number of thin TUFF beds up to 15 cm thick occur throughout the core. They are frequently normally graded and some individual horizons contain fine sand-sized fragments. The composition is dominated by glass shards with minor amounts of clay, quartz, and accessory minerals.",CORE 0 - 6.8 MBSF
160,964,A,2,H,6.8,16.58,late Pleistocene,"NANNOFOSSIL CLAY Major Lithology: Color-banded olive-gray and yellowish brown (10YR-5Y) NANNOFOSSIL CLAYS dominate this core. There are frequent flecks, blebs, and occasional prominent bands of disseminated pyrite throughout. Minor Lithologies: Six SAPROPEL horizons up to 20 cm thick, occur in this core. The dominant components are clay and nannofossils with minor quartz, accessory minerals, organic debris, and pyrite. Numerous thin TUFF bands occur in this core. The majority are only 2-3 cm thick, with two prominent horizons 8 and 15 cm thick, respectively, toward the top of Section 1. These horizons are dominated by glass shards and clays with minor amounts of quartz and accessory minerals.",CORE 6.8 - 16.58 MBSF
160,964,A,3,H,16.3,26.15,upper to middle Pleistocene,"NANNOFOSSIL CLAY Major Lithology: The sediment in this core is NANNOFOSSIL CLAY, which ranges in color from yellowish brown through light brown to olive-gray (10YR to 5Y). Numerous flecks, blebs, and occasional thin bands of disseminated pyrite occur throughout the core. Minor Lithology: Four SAPROPEL horizons about 15- cm thick occur in the core. These contain laminations and have abrupt bases with generally gradational tops. They are dominated by nannofossil clay with minor quartz, pyrite, and organic matter. Numerous thin TUFFS are distributed through the core. These are generally only a few cm thick, but on occasion may reach 10 cm. The latter are normally graded. They are composed of glass shards, minor quartz, rock fragments, and clay.",CORE 16.3 - 26.15 MBSF
160,964,A,4,H,25.8,35.77,late to middle Pleistocene,CLAYEY NANNOFOSSIL OOZE Major Lithology: The sediment in this core consists of yellowish brown through light brown to olive gray (10YR 2/1 to 5Y 5/1) CLAYEY NANNOFOSSIL OOZE. Slight bioturbation is present throughout the core as are finely disseminated blebs of pyrite. Minor Lithologies: Six SAPROPELS are present in the core. Most of the sapropel intervals display sharp contacts and are faintly laminated. General Description: A large number of microfaults occur in the upper three sections of this core.,CORE 25.8 - 35.77 MBSF
160,964,A,5,H,35.3,45.19,early Pleistocene,"CLAYEY NANNOFOSSIL OOZE Major Lithology: The sediment in this core is predominantly CLAYEY NANNOFOSSIL OOZE, which is irregularly color banded at a decimeter to meter scale. Colors range from light grays through oranges with minor greenish grays (10YR-5Y). Foraminifers are ubiquitous in these materials although concentrations are somewhat variable. The sediments are dominated by nannofossils, clay, foraminifers, and minor amounts of quartz, volcanic glass, and occasional sponge spicules. Minor Lithology: Two to 7-cm-thick SAPROPELS occur in Section 1, 65 cm and Section  6, 27 cm. Both are laminated with sharp tops and bases. Composition of the sapropels is nannofossil clay with J- A minor quartz, pyrite, and organic matter. TUFFS and SILT horizons are sporadically distributed in the upper part of this core. These are generally 5-10 cm thick and generally have sharp tops and bases. ",CORE 35.3 - 45.19 MBSF
160,964,A,6,H,44.8,54.75,middle to early Pleistocene,"CLAYEY NANNOFOSSIL OOZE Major Lithologies: The sediment in this core is predominantly CLAYEY NANNOFOSSIL OOZE, which is color banded at decimeter to meter scale through a range of browns, oranges, and grays (10YR-5Y). The materials are dominanted by nannofossils with minor amounts of quartz, volcanic glass, accessory minerals, and clay. Foraminifers are ubiquitous in varying concentrations. Minor Lithology: Five thin SAPROPELS occur in this core. In general these are not laminated, have sharp tops and bases, and contain abundant microfossils with to minor pyrite and organic material. General Description: Numerous normal microfaults with offsets of the order of 3-5 cm are found in this core. ",CORE 44.8 - 54.75 MBSF
160,964,A,7,H,54.3,64.28,early Pleistocene,"CLAYEY NANNOFOSSIL OOZE Major Lithologies: This core is dominated by CLAYEY NANNOFOSSIL OOZE, which is color banded at a decimeter to meter scale through a range of browns, oranges, and grays. (5Y-10YR). Foraminifers are abundant with a patchy distribution. Minor lithologies: A single 12-cm thick SAPROPEL occurs at 102 cm in Section 4. It is unlaminated with gradational boundaries and a concentration of foraminifers at the base. Numerous small silt horizons are sporadically scattered throughout the core. These are dominated by quartz, clay, and accessory minerals with a minor nannofossil content. ",CORE 54.3 - 64.28 MBSF
160,964,A,8,H,63.8,73.71,early Pleistocene,CLAYEY NANNOFOSSIL OOZE Major Lithology: CLAYEY NANNOFOSSIL OOZE dominates the lithology of this core. This material is color banded at a decimeter to meter scale through a range of orange browns and olive grays (10YR-5Y). Foraminifers are ubiquitous although their concentrations vary considerably. Minor quartz is generally present. Many horizons are bioturbated with Chondrites as the most common genus. Minor lithologies: Two SAPROPELS occur in the core. These are between 5 and 10 cm thick with abrupt tops and bases and no visible laminations. Organic material and pyrite are minor constituents in these nannofossil dominated horizons.,CORE 63.8 - 73.71 MBSF
160,964,A,9,H,73.3,83.2,Pliocene,"CLAYEY NANNOFOSSIL OOZE Major Lithology: This core contains CLAYEY NANNOFOSSIL OOZE which is color banded on a decimeter to meter scale through light to dark olive gray and brown hues (10YR-5Y). Foraminifers are distributed throughout in varying concentrations, the overall composition being dominated by nannofossils and subdominant clay with minor quartz and accessory minerals. Minor Lithologies: Eight SAPROPELS are unevenly distributed throughout the core. These vary in thickness from 5-10 cm. They are either very dark gray black and generally have sharp contacts and are not laminated.",CORE 73.3 - 83.2 MBSF
160,964,A,10,H,82.8,92.86,Pliocene,CLAYEY NANNOFOSSIL OOZE Major Lithology: This core contains CLAYEY  NANNOFOSSIL OOZE color banded on a decimeter to meter scale through browns and grays (10YR-7.5R) with ubiquitous patchily distributed foraminifers. Minor Lithologies: Thin beds and laminae of silt occur randomly distributed throughout the core. Occasionally these horizons have erosional bases with coarse material  which grades normally upward into the finer fractions. ,CORE 82.8 - 92.86 MBSF
160,964,A,11,H,92.3,102.33,early Pliocene,"FORAMINIFER NANNOFOSSIL OOZE Major Lithology: FORAMINIFER NANNOFOSSIL OOZE of a uniform light gray color (5Y 7/1) is the dominant material in this core. These sediments contain variable amounts of foraminifers, and a small proportion of quartz and clay together with occasional skeletal fragments. Minor Lithologies: A thin silt occurs at 110 cm in Section 1 of this core. It is dominated by foraminifers with subdominant quartz and nannofossils. ",CORE 92.3 - 102.33 MBSF
