Expedition.Leg,Site_Number,Hole,Core_Number,Core_Type,Core_Top_MBSF,Core_Bottom_MBSF,Age,Description,Core_ID
167,1022,B,1,H,0,6.14,late Pliocene-Quaternary,"CLAY WITH SILT AND GLAUCONITE, CLAY WITH DIATOMS AND SILT and GLAUCONITE SAND WITH PYRITE AND SILT Major Lithologies: The upper part of the core consists of dark gray (5Y 4/1) GLAUCONITE SAND WITH PYRITE AND SILT which is bioturbated down and fills underlying -Quaternary burrows with gray (5Y 5/1) CLAY WITH SILT AND GLAUCONITE and olive gray (5Y 4/2) CLAY WITH DIATOMS AND SILT. A few pieces of sponge and a fragment of wood are distributed throughout the core. General Description: The core is slightly to moderately bioturbated and highly disturbed along its entire length.",CORE  0 - 6.14  MBSF
167,1022,B,2,H,6.2,16.24,late Pliocene,"CLAY WITH NANNOFOSSILS AND DIATOMS and CLAYEY NANNOFOSSIL OOZE WITH DIATOMS Major Lithologies: This core consists of dark gray (5Y 4/1) to olive gray (5Y 5/2) CLAY WITH NANNOFOSSILS AND DIATOMS to CLAYEY NANNOFOSSIL OOZE WITH DIATOMS. Small, mm-scale pieces of sponges are distributed throughout. Minor Lithology: Scattered laminations, small lenses and tiny pods of SILT WITH CLAY AND FORAMINFERS are present throughout the core. General Description: The core is mostly homogeneous with slight bioturbation visible in some sections. The core is badly disturbed by flow-in in Section 1.",CORE  6.2 - 16.24  MBSF
167,1022,B,3,H,15.7,25.6,late Pliocene,"DIATOM CLAY WITH SILT, NANNOFOSSIL DIATOM OOZE WITH DOLOMITE AND CLAY and NANNOFOSSIL OOZE WITH CLAY AND DIATOMS Major Lithologies: This core consists primarily of dark gray (5Y 4/1) DIATOM CLAY WITH SILT, grayish olive (10Y 4/1) to light grayish olive (10Y 5/1) NANNOFOSSIL DIATOM OOZE WITH DOLOMITE AND CLAY, and gray (5Y 5/1) NANNOFOSSIL OOZE WITH CLAY AND DIATOMS. A piece of wood is present at the top of Section 5. Minor Lithology: Two layers of pale olive (5Y 6/3) to pale yellow (5Y 7/3) BARITE WITH CLAY occur in Section 4. 5A Ba General Description: The sediments are homogeneous to heavily burrowed. Chondrites are present in Section 2. The core is highly 4 Ba disturbed in the upper section and there is an unspecified 3-cm thick dark band cutting obliquely across the core in Section 5.",CORE  15.7 - 25.6  MBSF
167,1022,B,4,H,25.2,35.35,late Pliocene,"DIATOM CLAY WITH SILT, CLAYEY NANNOFOSSIL OOZE WITH DIATOMS and CLAY WITH SILT AND DIATOMS Major Lithologies: This core consists primarily of dark gray (5Y 4/1) to grayish olive (10Y 4/1) DIATOM CLAY WITH SILT and greenish gray (5GY 5/1) CLAY WITH SILT AND DIATOMS, interbedded with gray (5Y 5/1) CLAYEY NANNOFOSSIL OOZE WITH DIATOMS. Mm-scale fragments of siliceous sponges are scattered throughout. Sandy silty pods and patches are distributed through parts of Sections 2 and 6. General Description: This core is homogeneous slightly to moderately burrowed. Several unidentified irregular bands in Sections 1 and 4 are likely coring induced disturbance.",CORE  25.2 - 35.35  MBSF
167,1022,B,5,H,34.7,44.71,late Pliocene,"DIATOM NANNOFOSSIL OOZE WITH CLAY, CLAY WITH NANNOFOSSILS and DIATOM CLAY WITH SILT Major Lithologies: This core consists of dark gray (5Y 4/1) DIATOM CLAY WITH SILT, gray (5Y 5/1) DIATOM NANNOFOSSIL OOZE WITH CLAY, and light grayish olive (10Y 5/1) CLAY WITH NANNOFOSSILS. Two thin laminations of dark brown clay are present at the top of Section 4 and a lamination of very fine sand occurs at the base of Section 5. General Description: The sediments are mostly homogeneous and moderately bioturbated in Sections 3 and 5. A fault cuts the core in Section 3. Several sponge fragments and a piece of wood are mixed in with the sediments of this core.",CORE  34.7 - 44.71  MBSF
167,1022,B,6,H,44.2,54.14,late Pliocene,"NANNOFOSSIL CLAY MIXED SEDIMENT WITH DIATOMS and NANNOFOSSIL DOLOMITE WITH DIATOMS Major Lithologies: This core consists of gray (5Y 5/1) to light grayish olive (10Y 5/1) NANNOFOSSIL CLAY MIXED SEDIMENT WITH DIATOMS and NANNOFOSSIL DOLOMITE WITH DIATOMS. The NANNOFOSSIL DOLOMITE WITH DIATOMS is no more indurated than the clay-rich sediments. Tiny sand pods (filled burrows?) are present in Sections 2 and 5. A piece of wood is located near the top of Section 5. Minor Lithology: A diffuse 15-cm band of light olive gray (5Y 6/2) NANNOFOSSIL OOZE WITH CLAY, DIATOMS, AND DOLOMITE is located in Section 2. General Description: The sediment is mostly homogeneous, but slight to moderate bioturbation is evident adjacent to color transitions.",CORE  44.2 - 54.14  MBSF
167,1022,B,7,H,53.7,63.67,late Pliocene,"NANNOFOSSIL DOLOMITE WITH DIATOMS, CLAY WITH SILT AND NANNOFOSSILS and CLAY NANNOFOSSIL MIXED SEDIMENT Major Lithologies: This core consists of light grayish olive (10Y 5/1) NANNOFOSSIL DOLOMITE WITH DIATOMS, dark gray to gray (5Y 4/1 to 5Y 5/1) CLAY WITH SILT AND NANNOFOSSILS, and gray (5Y 6/1) CLAY NANNOFOSSIL MIXED SEDIMENT. Color changes are gradual. Sponge fragments are scattered through the lower part of the core. Minor Lithologies: Section 2, 144 cm, contains a thin bed of very fine PYRITE SILT. General Description: The sediment shows only slight bioturbation is homogeneously bioturbated.",CORE  53.7 - 63.67  MBSF
167,1022,B,8,H,63.2,73.1,late Pliocene,NANNOFOSSIL OOZE WITH DIATOMS AND CLAY and CLAYEY NANNOFOSSIL OOZE WITH DIATOMS Major Lithologies: This core consists of light grayish olive (10Y 5/2) CLAYEY NANNOFOSSIL OOZE WITH DIATOMS and pale olive (10Y 6/2) NANNOFOSSIL OOZE WITH DIATOMS AND CLAY which contains about 8% dolomite. Color and compositional changes are gradational and subtle. Pyritized burrows are common. General Description: The sediment is moderately bioturbated.,CORE  63.2 - 73.1  MBSF
167,1022,B,9,H,72.7,82.32,late Pliocene,DIATOM CLAY WITH SILT and CLAY NANNOFOSSIL MIXED SEDIMENT WITH DIATOMS Major Lithologies: This core consists of gradual alternations between olive (5Y 5/3) DIATOM CLAY WITH SILT and pale olive (10Y 6/1) CLAY NANNOFOSSIL MIXED SEDIMENT WITH DIATOMS. Color changes are mottled throughout the core. Minor Lithologies: Section 3 contains two small pods of VOLCANIC ASH. General Description: The sediment is moderately bioturbated.,CORE  72.7 - 82.32  MBSF
167,1022,B,10,H,82.2,92.09,late Pliocene,"CLAY NANNOFOSSIL MIXED SEDIMENT and CLAYEY NANNOFOSSIL OOZE WITH DIATOMS Major Lithologies: This core consists of light olive gray to pale olive (5Y 6/2 to 10Y 6/1) CLAY NANNOFOSSIL MIXED SEDIMENT and olive gray to gray (5Y 5/2 to 5Y 5/1) CLAYEY NANNOFOSSIL OOZE WITH DIATOMS. Color and compositional changes are gradational and mottled. Minor Lithologies: A small pocket of SAND is found in Section 1, 100 cm. General Description: The sediment is heavily bioturbated in the upper part and moderately bioturbated in the lower part.",CORE  82.2 - 92.09  MBSF
167,1022,B,11,H,91.7,101.83,late Pliocene,NANNOFOSSIL CLAY MIXED SEDIMENT WITH DIATOMS and CLAYEY NANNOFOSSIL OOZE WITH DIATOMS Major Lithologies: This core consists of gray to olive gray (5Y 5/1 to 5Y 5/2) NANNOFOSSIL CLAY MIXED SEDIMENT WITH DIATOMS and light olive gray (5Y 6/2) CLAYEY NANNOFOSSIL OOZE WITH DIATOMS. Color changes gradationally between lithologies. Minor Lithologies: Vitric ASH is abundant in the sediment near the base of the core. General Description: The sediment is moderately to heavily bioturbated.,CORE  91.7 - 101.83  MBSF
