Expedition.Leg,Site_Number,Hole,Core_Number,Core_Type,Core_Top_MBSF,Core_Bottom_MBSF,Age,Description,Core_ID
161,975,C,1,H,0,2.43,Pleistocene,"CALCAREOUS CLAYEY SILT Major Lithology: The major sediment type is a CALCAREOUS CLAYEY SILT which is mainly structureless, but with minor color banding and mottling. The clay is light olive gray (5Y 5/2) to light olive brown (5Y 5/6) in color. The top 70 cm of Section 1 is moderate yellowish brown (10YR 5/4) in color.",CORE 0 - 2.43 MBSF
161,975,C,2,H,2.4,12.42,Pleistocene,CALCAREOUS CLAY and NANNOFOSSIL OOZE Major Lithologies: Olive gray (5Y 4/1) CALCAREOUS CLAY and light olive gray (5Y 6/1) to pale yellowish brown (10YR 6/2) to pale olive (10Y 6/1) to dusky yellow (5Y 6/4) NANNOFOSSIL OOZE are the dominant lithologies. The NANNOFOSSIL CLAY exhibits thin to medium color banding. Minor Lithology: Thin (<1 cm) silty laminae are present in Section 1 at 55 cm and 95 cm. General Description: One organic-rich layer is present in Section 5 at 12 to 28.5 cm.,CORE 2.4 - 12.42 MBSF
161,975,C,3,H,11.9,21.42,Pleistocene,"NANNOFOSSIL CLAY and NANNOFOSSIL SILTY CLAY Major Lithologies: The core consists of homogeneous to color-banded NANNOFOSSIL CLAY to NANNOFOSSIL SILTY CLAY with local pyrite concretions and shell concentrations, some of which are normally graded. Minor Lithology: Olive gray (5Y4/1) Calcareous clay is present at the top of the core. General Description: Organic-rich layers are present in Section 2 at 38-77 cm (faulted upper contact?) and 97-106 cm, Section 3 at 92.5-101 cm, and in Section 5 at 53-57 cm.",CORE 11.9 - 21.42 MBSF
161,975,C,4,H,21.4,31.4,Pleistocene,"NANNOFOSSIL-RICH CLAY and NANNOFOSSIL OOZE Major Lithologies: NANNOFOSSIL-RICH CLAY and NANNOFOSSIL OOZE occur in alternating beds throughout the core. Minor Lithologies: A thin lamina of calcareous sandy silty clay to fine sand occurs at 44 cm in Section 1, and a thin foraminifer lag occurs at 145 cm in Section 4. General Description: Sections 2, 3, 6, and 7 contain alternating cycles of light olive gray (5Y 5/2) NANNOFOSSIL-RICH CLAY overlain at a bioturbated contact by pale olive (10Y 6/2) NANNOFOSSIL OOZE, that, in turn, is overlain at an abrupt contact by NANNOFOSSIL- RICH CLAY.",CORE 21.4 - 31.4 MBSF
161,975,C,5,H,30.9,40.79,Pleistocene,"NANNOFOSSIL OOZE and CALCAREOUS SILTY CLAY Major Lithologies: The dominant lithologies are NANNOFOSSIL OOZE and CALCAREOUS SILTY CLAY. Minor Lithology: One lamina of calcareous silt occurs at 70 cm in Section 4. General Description: Three organic-rich layers are present: at 147 cm in Section 1, to 7 cm in Section 2; at 37-39.5 cm, Section 5; and 57.5-63.5 cm, Section 7. Burrows throughout the core are commonly filled with dark (pyrite?) material. ",CORE 30.9 - 40.79 MBSF
161,975,C,6,H,40.4,50.42,Pleistocene,"CALCAREOUS CLAY TO NANNOFOSSIL SILTY CLAY and NANNOFOSSIL OOZE Major Lithologies: CALCAREOUS CLAY TO NANNOFOSSIL SILTY CLAY and NANNOFOSSIL OOZE. These exhibit medium color banding. Foraminifer- rich intervals and shell-rich intervals occur in Sections 3, 6, and 7. Minor lithology: Light olive gray (5Y 5/2) to olive gray (5Y 4/1). Calcareous silty clay is present in Section 2. General Description: Organic-rich layers are present at 117-130.5 cm in Section 2, at 4, and at 21.5-31.5, 127-130.5, and 140.5-150 cm in Section 5. Locally, burrows are pyritized.",CORE 40.4 - 50.42 MBSF
161,975,C,7,H,49.9,59.88,Pleistocene,"NANNOFOSSIL CLAY Major Lithology: The major lithology is light olive gray (5Y 5/2) to olive gray (5Y 4/1) NANNOFOSSIL CLAY. Minor Lithology: Lithologic cyclic sequences from light olive gray (5Y 5/2) nannofossil clay to moderately bioturbated olive gray (5Y 4/1) nannofossil clay occur. Olive gray (5Y 3/2) calcareous silty clay is found at the top of Section 1. General Description: Olive gray (5Y 3/2) organic-rich layers occur at 68-73 cm in Section 1 and at 108-109.5 cm in Section 5. Locally, burrows are replaced by pyrite.",CORE 49.9 - 59.88 MBSF
161,975,C,8,H,59.4,69.31,Pleistocene,"NANNOFOSSIL CLAY and CALCAREOUS SILT Major Lithologies: The major lithologies are light olive gray (5Y 5/2; 5Y 6/1) NANNOFOSSIL CLAY and light olive gray (5Y 5/2), olive gray (5Y 4/1), and moderate olive brown (5Y 4/4) CALCAREOUS SILT. Minor Lithologies: Minor lithologies include light olive gray (5Y 5/2) to olive gray (5Y 4/1) nannofossil silty clay and calcareous silty clay. General Description: Pods of shell fragments and scattered shells occur throughout the NANNOFOSSIL CLAY. Locally, burrows are replaced by pyrite. One olive gray (5Y 3/2) organic-rich layer occurs at 146-148 cm in Section 6.",CORE 59.4 - 69.31 MBSF
161,975,C,9,H,68.9,79.16,Pleistocene,"NANNOFOSSIL CLAY TO NANNOFOSSIL SILTY CLAY Major Lithology: The main sediment types are NANNOFOSSIL CLAY to NANNOFOSSIL SILTY CLAY with dispersed visible foraminifers. The clay is mostly structureless to banded with only minor visible evidence of bioturbation. Shell fragments are rare. The main color is light olive gray (5Y 5/2), but grayish olive (1OY 4/2) and light olive gray (5Y 6/1) also occur. Banding is olive gray (5Y 4/1) and moderate olive brown (5Y 4/4); mottles are mainly light olive gray (5Y 5/2). Minor Lithologies: Silty foraminifer-rich layers occur at 117 cm in Section 2, at 13 cm in Section 3, at 7, 79, and 91 cm in Section 4, at 20 and 29 cm in Section 5, and at 35-40 cm in Section 7 (silt pods). A medium- to coarse-grained sand occurs from 63.5-65.5 cm in Section 7. General Description: Organic-rich layers occur at 112-116 cm and 120-128 cm (composite) in Section 2, 127-133 cm in Section 3, 2-5 cm and 7-12 cm (composite) and 98-106 cm in Section 4, and 91-97 cm in Section 5. Colors range from grayish olive (10Y 4/2) to olive gray (5Y 3/2) and olive black (5Y 2/1).",CORE 68.9 - 79.16 MBSF
161,975,C,10,H,78.4,88.27,Pleistocene,"CALCAREOUS CLAY Major Lithology: The principal sediment type is CALCAREOUS CLAY. Dispersed foraminifer tests are visible throughout the core. Color banding is prominent in Section 1 and at the top of Section 2 where it is mainly olive gray (5Y 4/1), but is rare below this. Bioturbation and color mottling are common. Color of the clay is mainly light olive gray (5Y 5/2), but moderate olive brown (5Y 4/4), olive gray (5Y 3/2), and dusky yellow (5Y 6/4) varieties also occur. Burrows are dusky yellow green (5GY 5/2) medium gray in color. Minor Lithologies: Foraminifer-rich layers occur at 11 and 31 cm in Section 6. Shell fragment laminae are present from 21-23 cm and from 25-27 cm in Section 4. These two layers have sharp bases and gradational tops and are internally graded. They are yellowish gray (5Y 8/1) in color. General Description: Organic-rich layers are present from 54-55.5 cm in Section 1 (questionable), from 9-12.5 cm in Section 2 (composite), from 24-28 cm in Section 5 (homogeneous), and from 73-79 cm in Section 6 (questionable). Colors are olive gray (5Y 3/2), grayish olive (10Y 4/2), and olive gray (5Y 4/1).",CORE 78.4 - 88.27 MBSF
161,975,C,11,H,87.9,98.01,Pleistocene,"CALCAREOUS CLAY Major Lithology: The predominant sediment type is CALCAREOUS CLAY, light olive gray (5Y 5/2) to olive gray (5Y 4/1) in color with local light olive brown (5Y 5/6) color bands and intervals of bioturbation. Dispersed foraminifer tests are visible throughout. General Description: An olive gray (5Y 3/2) organic-rich layer is present from 121.5-124 cm in Section 5.",CORE 87.9 - 98.01 MBSF
161,975,C,12,H,97.4,107.49,Pleistocene,"NANNOFOSSIL CLAY AND NANNOFOSSIL SILTY CLAY Major Lithology: The predominant lithologies are NANNOFOSSIL CLAY and NANNOFOSSIL SILTY CLAY, light olive gray (5Y 5/2 and 5Y 6/1) to olive gray (5Y 4/1) in color. Color bands, dusky yellow (5Y 6/4) to moderate olive brown (5Y 4/4), are locally present. General Description: Organic-rich layers are present in Section 2, 28-30 cm and 135-137.5 cm.",CORE 97.4 - 107.49 MBSF
161,975,C,13,H,106.9,117.1,late Pliocene-Pleistocene,"NANNOFOSSIL CLAY TO NANNOFOSSIL-FORAMINIFER CLAY and CALCAREOUS CLAY Major Lithologies: The predominant lithologies are NANNOFOSSIL CLAY to NANNOFOSSIL-FORAMINIFER CLAY AND CALCAREOUS CLAY, light olive gray (5Y 5/2) to pale olive (10Y 6/2) in color with moderate bioturbation. General Description: There is a slumped interval beginning in Section 5, 47 cm which continues to Section 6, 55 cm. The base of the slump is marked by a 4-cm-thick silty interval which is in scoured contact with underlying clay. The slump interval shows multiple color bands ranging from light olive gray (5Y 6/1 and 5Y 5/2), to pale olive (10Y 6/2) and light olive brown (5Y 5/6). ",CORE 106.9 - 117.1 MBSF
161,975,C,14,H,116.4,126.31,late Pliocene-Pleistocene,NANNOFOSSIL CLAY Major Lithology: The major lithology is light olive gray (5Y 5/2) NANNOFOSSIL CLAY. General Description: Olive gray (5Y 4/1) color bands of calcareous clay are found in Section 5.,CORE 116.4 - 126.31 MBSF
161,975,C,15,H,125.9,136.07,late Pliocene,"NANNOFOSSIL CLAY and CALCAREOUS CLAY Major Lithologies: The major lithologies are light olive gray (5Y 5/2; 5Y 6/1) to olive gray (5Y 4/1) NANNOFOSSIL CLAY and CALCAREOUS CLAY. Minor Lithology: Cyclic lithologic sequences from light olive gray (5Y 5/2) nannofossil clay to moderately bioturbated, olive gray (5Y 4/1) nannofossil clay occur. Foraminifer sand lamina (ooze) locally occur in the basal part of light olive gray (5Y 5/2) nannofossil clay layers. Thin color banded layers ranging in color from light olive gray (5Y 5/2; 6/1) to olive gray (5Y 4/1) are present throughout the core. General Description: Below 61 cm in Section 7, the core consists of flow-in material.",CORE 125.9 - 136.07 MBSF
161,975,C,16,H,135.4,145.56,late Pliocene,"NANNOFOSSIL-FORAMINIFER OOZE Major Lithology: The major lithology is light olive gray (5Y 5/2; 5Y 6/1) NANNOFOSSIL- FORAMINIFER OOZE. Minor Lithologies: Cyclic lithologic sequences from light olive gray (5Y 5/2) nannofossil- foraminifer ooze to moderately bioturbated, olive gray (5Y 4/1) nannofossil- foraminifer clay occur throughout the core. A foraminifers sand occurs at 90-91 cm in Section 2. Olive gray (5Y 4/1) calcareous silty clay occurs in Section 4. General Description: Normal microfaults occur at 13-17 cm and at 31-36 cm in Section 4. Thin to medium color-banded layers range in color from light olive gray (5Y 5/2; 5Y 6/1) to olive gray (5Y 4/1) and contain scattered sand-sized foraminifers. Alternating thin layers of foraminifer clay and nannofossil clay occur at 34-48 cm in Section 6. Flow-in drilling disturbance occurs below 80 cm in Section 6.",CORE 135.4 - 145.56 MBSF
161,975,C,17,X,144.9,154.72,late Pliocene,CALCAREOUS SILTY CLAY Major Lithology: The major lithology is light olive gray (5Y 5/2; 5Y 6/1) to olive gray (5Y 4/1) CALCAREOUS SILTY CLAY that contains approximately 15% micrite. Minor Lithology: A light olive gray (5Y 6/1) foraminifer ooze with 50% foraminifers occurs at 66-81 cm in Section 5. General Description: Cyclic lithologic sequences from light olive gray (5Y 5/2 and 5Y 6/1) CALCAREOUS SILTY CLAY to olive gray (5Y 4/1) CALCAREOUS SILTY CLAY occur throughout the core. Chondrites burrows are found throughout.,CORE 144.9 - 154.72 MBSF
161,975,C,18,X,154.4,164.22,late Pliocene,"NANNNOFOSSIL SILTY CLAY Major Lithology: The major lithology is light olive gray (5Y 5/2; 5Y 6/1) to olive gray (5Y 4/1) NANNNOFOSSIL SILTY CLAY. General Description: Cyclic lithologic sequences from light olive gray (5Y 5/2) to moderate bioturbated, olive gray (5Y 4/1) NANNNOFOSSIL SILTY CLAY and from moderate bioturbated, light olive gray (5Y 5/2) to homogeneous olive gray (5Y4/1) NANNNOFOSSIL SILTY CLAY occur throughout the core. Chondrites and Zoophycos burrows occur throughout the core.",CORE 154.4 - 164.22 MBSF
161,975,C,19,X,164.1,173.99,late Pliocene,"NANNOFOSSIL SILTY CLAY Major Lithology: The major lithology is light olive gray (5Y 5/2; 5Y 6/1) to olive gray (5Y 6/1) NANNOFOSSIL SILTY CLAY. General Description: Cyclic lithologic sequences from light olive gray (5Y 5/2) to moderately bioturbated, olive gray (5Y 4/1) NANNOFOSSIL SILTY CLAY occur throughout the core. An olive gray (5Y 4/1), parallel-laminated layer occurs at 82-85 cm in Section 2.",CORE 164.1 - 173.99 MBSF
161,975,C,20,X,173.7,183.52,late Pliocene,NANNOFOSSIL OOZE AND NANNOFOSSIL SILTY CLAY Major Lithology: The major lithologies are light olive gray (5Y 5/2; 5Y 6/1) to olive gray (5Y 4/1) NANNOFOSSIL OOZE and light olive gray (5Y 5/2) to olive gray (5Y 4/1) NANNOFOSSIL SILTY CLAY.,CORE 173.7 - 183.52 MBSF
161,975,C,21,X,183.4,193.17,late Pliocene,"NANNOFOSSIL CLAY TO NANNOFOSSIL SILTY CLAY Major Lithology: The major lithologies are light olive gray (5Y 5/2) to olive gray (5Y 4/1) NANNOFOSSIL CLAY and light olive gray (5Y 5/2; 5Y 6/1) NANNOFOSSIL SILTY CLAY. General Description: Thin to medium color banded NANNOFOSSIL CLAY layers, ranging in color from light olive gray (5Y 5/2) to olive gray (5Y 4/1), occur throughout the core. A burrow replaced by pyrite occurs at 79-80 cm in Section 3. Zoophycos occurs at 76-77 cm in Section 4.",CORE 183.4 - 193.17 MBSF
161,975,C,22,X,192.9,202.69,late Pliocene,NANNOFOSSIL SILTY CLAY Major Lithology: The predominant lithology is a NANNOFOSSIL SILTY CLAY with variable amounts of dispersed foraminifer tests. The sediment is moderately burrowed. The main color is light olive gray (5Y 5/2) with minor intervals of olive gray (5Y 4/1) and faint bands of moderate olive brown (5Y 4/4). Most of the visible foraminifer tests are grayish olive (10Y 4/2) in color. General Description: Visible biscuiting throughout the core. ,CORE 192.9 - 202.69 MBSF
161,975,C,23,X,202.5,212.42,late Pliocene,NANNOFOSSIL CLAY Major Lithology: The main lithology is a NANNOFOSSIL CLAY which is moderately to intensely burrowed and contains visible foraminifer tests. The main color is light olive gray (5Y 5/2) with subordinate grayish olive (10Y 4/2) near the top of the core. Rare color banding is mainly moderate olive brown (5Y 4/4). Trace fossils are predominantly olive gray (5Y 4/1) in color. General Description: Visible biscuiting is present throughout the core. Trace fossils Chondrites and Planolites are present at several horizons.,CORE 202.5 - 212.42 MBSF
161,975,C,24,X,212.2,222.04,late Pliocene,"CALCAREOUS CLAY Major Lithology: The predominant lithology is a CALCAREOUS CLAY, light olive gray (5Y 5/2) in color with diffuse color banding mainly light olive brown (5Y 5/6) to moderate olive brown (5Y 5/6) in color. The sediment is moderately burrowed. Relatively common Chondrites (stained by 5Y 4/4) and rare Zoophycos occur. Minor Lithologies: Discontinuous silty laminae occur rarely (e.g., Section 2, 130 cm). General Description: Biscuiting visible throughout core. Upper 123 cm stuck in barrel.",CORE 212.2 - 222.04 MBSF
161,975,C,25,X,221.7,231.6,early to late Pliocene,"NANNOFOSSIL CLAY TO CALCAREOUS CLAY. Major Lithology: The main lithologies are NANNOFOSSIL CLAY and CALCAREOUS CLAY which are burrowed and contain sparse dispersed foraminifers. The principal color of these sediments is light olive gray (5Y 5/2) with minor occurrences of grayish olive (10Y 4/2), light olive brown (5Y 5/6), and olive gray (5Y 4/1). The burrows are mainly olive gray (5Y 4/1) grayish olive (10Y 4/2). The main burrow type is Chondrites which occurs in zones up to cm thick. Minor Lithologies: Rare, thin silt laminae have sharp bases and gradational tops. General Description: Visible biscuiting is present throughout the core. *Upper 42 cm stuck in core barrel.",CORE 221.7 - 231.6 MBSF
161,975,C,26,X,231.4,240.79,early to late Pliocene,"CALCAREOUS OOZE Major Lithology: The predominant sediment type is CALCAREOUS OOZE, mainly light olive gray (5Y 5/2) in color with rare intervals of pale olive (1OY 6/2) color. The sediment is slightly to moderately burrowed and contains visible foraminifers. A number of well- developed, horizontal, Zoophycos burrows are present. General Description: A slump is present over the interval Section 2, 26 cm, to Section 3,132 cm. Here, the sediment has extensive development of thin, interlaminated color bands; these color bands are inclined and/or folded throughout the interval. Biscuiting is present throughout the core.",CORE 231.4 - 240.79 MBSF
161,975,C,27,X,241,250.79,early Pliocene,"NANNOFOSSIL CLAY Major Lithology: The main sediment type is NANNOFOSSIL CLAY, pale olive (10Y 6/2) in color, with moderate burrowing developed beginning in Section 6, 50 cm and continuing through Section 7, 42 cm. General Description: The sediment has been highly disrupted by drilling to produce a clay- clast-rich (aspect ratios 6:4 to 7:4 except where locally fractured and broken; some rounding on corners) sediment with a soupy clay matrix surrounding the clasts (more abundant in lower levels of the core than in upper). The clasts have their long axes oriented subparallel to the long axis of the core.",CORE 241 - 250.79 MBSF
161,975,C,28,X,251,260.94,early Pliocene,"NANNOFOSSIL OOZE Major Lithology: The major lithology is light olive gray (5Y 6/1, 5Y 5/2) NANNOFOSSIL OOZE ranging up to brownish gray (5Y 4/1) and moderate olive brown (5Y 4/4) in color-banded intervals. ",CORE 251 - 260.94 MBSF
161,975,C,29,X,261,261.15,early Pliocene,NANNOFOSSIL CLAY Major Lithology: Homogeneous light olive gray (5Y 6/1) NANNOFOSSIL OOZE (0-7 cm) and olive gray (5Y 4/1) NANNOFOSSIL CLAY (7-12 cm) are present. General Description: Only 15 cm (1%) recovery. 3 cm given to paleontologists.,CORE 261 - 261.15 MBSF
161,975,C,30,X,270.9,280.76,early Pliocene,"NANNOFOSSIL OOZE AND NANNOFOSSIL-FORAMINIFER OOZE Major Lithology: The major lithologies are light olive gray (5Y 5/2, 5Y 6/1) NANNOFOSSIL OOZE and pale yellowish brown (1OYR 6/2), moderate yellowish brown (10YR 5/4), and dusky yellow (5Y 6/4) NANNOFOSSIL-FORAMINIFER OOZE. General Description: Pyrite-bearing burrows are present throughout the core. Dispersed angular sandy fragments occur in Section 1, 80-110 cm.",CORE 270.9 - 280.76 MBSF
161,975,C,31,X,280.8,290.81,early Pliocene,"NANNOFOSSIL OOZE AND NANNOFOSSIL-FORAMINIFER OOZE Major Lithology: Light olive gray (5Y 5/2, 5Y 6/1) to olive gray and pale yellowish brown (5Y 4/1 and 10YR 6/2) NANNOFOSSIL OOZE and light olive gray (5Y 5/2) to yellowish gray (5Y 7/2) NANNOFOSSIL- FORAMINIFER OOZE are the predominant lithologies.",CORE 280.8 - 290.81 MBSF
161,975,C,32,X,290.8,300.49,early Pliocene,NANNOFOSSIL OOZE Major Lithology: The major lithology is light olive gray to yellowish gray (5Y 5/2 to 5Y 7/2) NANNOFOSSIL OOZE with a moderate to high content of foraminifers. Moderate olive brown (5Y 4/4) oxidation zones occur within NANNOFOSSIL OOZE throughout the core.,CORE 290.8 - 300.49 MBSF
161,975,C,33,X,300.7,306.87,Miocene-early Pliocene,"NANNOFOSSIL-FORAMINIFER OOZE Major Lithology: The dominant lithology is slightly bioturbated, moderately color-banded NANNOFOSSIL-FORAMINIFER OOZE. Foraminifer content is greatest in Sections 1 and 2. Minor Lithologies: Calcareous sandy silt occurs in two thin beds at 80-110 cm in Section 4, with an intervening thin bed (86-100 cm) of nannofossil-foraminifer ooze. The lower part of Section 4 (112-136 5Y cm) and the CC consist of finely laminated (mm scale; white and green) calcareous (micritic) silty clay. A pebble (4.5 cm diameter) of granule conglomerate occurs at the base of the CC. In thin section, this pebble consists of clasts of quartz, quartzite, metaquartzite and chert cemented by twinned coarse-carbonate and minor quartz overgrowth cement; the rock has undergone brittle deformation, with localized cataclastic texture and intergranular pressure solution.",CORE 300.7 - 306.87 MBSF
161,975,C,34,X,310.7,312.38,Miocene,"LAMINATED GYPSUM Major Lithology: The main lithology is LAMINATED GYPSUM. The laminae have planar bases with planar to wavy upper surfaces; concentrations of clay and a micrite occur along lamina boundaries. In thin section, the laminae show reverse grading. Some laminae in the interval from 69 to 85 cm in Section 1 show evidence for irregular (stellate?) growth of gypsum crystals along bedding surfaces and/or recrystallization and nodule formation. Minor Lithologies: Nodular gypsum at 69-71 cm in Section 1 is overlain by grayish green (5G 4/2) massive to laminated clay at 66.5-69 cm, that is in turn overlain by thinly bedded to laminated dusky yellow green (5Y 5/2) to greenish gray (5GY 6/1) gypsifeous chalk from 48-66.5 cm. Authigenic gypsum crystals within the gypsifeous chalk range up to 5 mm in length. A thin bed of greenish gray (5GY 6/1) gypsifeous micrite occurs at 143-145 cm in Section 1.",CORE 310.7 - 312.38 MBSF
