Expedition.Leg,Site_Number,Hole,Core_Number,Core_Type,Core_Top_MBSF,Core_Bottom_MBSF,Age,Description,Core_ID
161,975,D,1,H,0,7.41,Pleistocene,"NANNOFOSSIL CLAY AND NANNOFOSSIL SILTY CLAY Major Lithology: The major lithologies are light olive gray (5Y 5/2, 5Y 6/1) to olive gray (5Y 4/1) NANNOFOSSIL CLAY AND NANNOFOSSIL SILTY CLAY, with a moderate content of shell fragments throughout the core. General Description: Section 5, 25-37 cm disturbed collapsed a void on the catwalk.",CORE 0 - 7.41 MBSF
161,975,D,2,H,7.4,17.22,Pleistocene,"NANNOFOSSIL CLAY Major Lithology: The main sediment type is NANNOFOSSIL CLAY, light olive gray (5Y 5/2 to grayish olive (10Y 4/2) in color, which is generally uniform except for several intervals of color mottling and color banding (olive gray and moderate olive brown 5Y 4/4). Shell fragments and intact pteropod fragments visible throughout. General Description: Organic-rich layers are present in Section 2, 91.5-101.5 cm (5Y 3/2) and Section 5, 76-79 cm (5Y 3/2) and 122-129 and 138-139 cm (the latter two make up a composite layer). ",CORE 7.4 - 17.22 MBSF
161,975,D,3,H,16.9,26.6,Pleistocene,"NANNOFOSSIL CLAY TO NANNOFOSSIL-RICH CLAY Major Lithology: The main lithologies are NANNOFOSSIL CLAY and NANNOFOSSIL-RICH CLAY, the former light olive gray (5Y 4/2) to pale olive (10Y 6/2) in color and the latter light olive gray (5Y 5/2) to grayish olive (10Y 4/2) in color. Banding is rare throughout and is variably light olive brown (5Y 5/6), grayish olive (10Y 4/2), moderate olive brown (5Y 4/4), and olive gray (5Y 4/1). Banding increases in frequency near the base of the core. Minor Lithologies: Olive gray (5Y 4/1), thin, graded aminae rich in shell fragments occur in Section 4, 100 cm and Section 6, 120 (adjacent clay intervals may be calcareous silty clay). General Description: Organic-rich layers occur in Section 2, 14-19 cm (5Y 4/1) and Section 7, 26-33 cm. Pyritized burrows are present in the core. Shell fragments are common in the upper part of the core but are less common down core.",CORE 16.9 - 26.6 MBSF
161,975,D,4,H,26.4,36.07,Pleistocene,"NANNOFOSSIL CLAY Major Lithology: The main lithology is NANNOFOSSIL CLAY, mainly light olive gray in color but locally varying to pale olive (10Y 4/2) and grayish olive (10Y 6/2). Minor Lithology: The minor lithology is nannofossil ooze, mainly yellowish gray (5Y 7/2) in color. General Description: An organic-rich layer occurs in Section 5, 55-65.5 cm. Rare color bands in moderate olive brown (5Y 4/4), pale olive (10Y 6/2), and light olive (5Y 5/6) occur. Several intervals show minor to moderate bioturbation.",CORE 26.4 - 36.07 MBSF
161,975,D,5,H,35.9,45.69,Pleistocene,"NANNOFOSSIL CLAY AND CALCAREOUS SILTY CLAY Major Lithology: The major lithologies are NANNOFOSSIL CLAY and CALCAREOUS SILTY CLAY, mainly light olive gray (5Y 5/2 and 5Y 6/1) and olive gray (5Y 4/1), with nannofossil clay generally being lighter in color. Color bands are mainly produced by alternation of the above colors, but pale olive (10Y 6/2) bands occur rarely. General Description: Organic-rich layers occur in Section 1, 115-123 cm (composite type), Section 3,136-143 (homogeneous) and Section 6, 47-49 cm and 54-58 cm (the latter two intervals comprise a composite type). Shell fragments are common in the lower part of the core, whereas color mottling, probabaly a result of bioturbation, is more common in the upper part. Foraminifer tests are visible throughout.",CORE 35.9 - 45.69 MBSF
161,975,D,6,H,45.4,55.15,Pleistocene,"NANNOFOSSIL CLAY, NANNOFOSSIL OOZE, CALCAREOUS SILTY CLAY Major Lithology: The main lithologies are NANNOFOSSIL CLAY, NANNOFOSSIL OOZE, and CALCAREOUS SILTY CLAY. The nannofossil clay and calcareous silty clay are mainly light olive gray (5Y 5/2) to olive gray (5Y 4/1) whereas the nannofossil ooze is mainly light olive gray (5Y 6/1) to pale olive (1OY 6/2). General Description: Organic-rich layers are present in Section 1, 125.5-138 cm (olive black, 5Y 2/1), Section 2, 86-92 cm (olive black, 5Y 5/2) and 103-112.5 cm (olive black, 5Y 5/2), and Section 4, 102-106 cm (olive black, 5Y 5/2). The sediments are variously color banded and/or burrowed and contain shell fragments discontinuously throughout.",CORE 45.4 - 55.15 MBSF
161,975,D,7,H,54.9,64.94,Pleistocene,"NANNOFOSSIL CLAY Major Lithology: The major lithology in this core is NANNOFOSSIL CLAY, light olive gray (5Y 5/2 and 5Y 6/1) to olive gray (5Y 4/1) in color. Minor Lithology: The minor lithology in this core is calcareous silty clay, mainly light olive gray (5Y 5/2) to (less often) grayish olive (10Y 4/2). General Description: An organic-rich layer occurs in Section 2, 43.5-47 cm. Visible foraminifers and shell fragments occur rarely. Color bands occur primarily from Section 3 on, and are light olive brown (5Y 5/6) to moderate olive brown (5Y 4/4) in color.",CORE 54.9 - 64.94 MBSF
161,975,D,8,H,64.4,74.5,Pleistocene,"NANNOFOSSSIL CLAY TO CALCAREOUS CLAY Major Lithology: The main lithologies are NANNOFOSSIL CLAY and CALCAREOUS CLAY, light olive gray (5Y 5/2 and 5Y 6/1) to olive gray (5Y 4/1), and light olive gray (5Y 4/1), respectively. The calcareous clay is distinguished on the basis of a higher a foraminifer content. Minor Lithology: The minor lithology is calcareous silty clay, olive gray (5Y 4/1) in color. General Description: Organic-rich layers occur in Section 3, 72.5-74 cm (questionable layer), Section 5, 130.5-139 cm (composite type), and Section 6, 140-145 cm (homogeneous type). In the major sediment types, both color banding and burrowing are present. Color bands are moderate olive brown (5Y 5Y 4/4) and pale olive (10y 6/2) in color.",CORE 64.4 - 74.5 MBSF
161,975,D,9,H,73.9,83.99,Pleistocene,"The main lithology is NANNOFOSSIL a CLAY, light olive gray (5Y 5/2) in color but with bands of light olive brown (5Y 5/6), moderate olive brown (5Y 4/4), and olive gray (5Y 4/1). Section 1 and 30 Section 2 comprise regular alternating bands of darker light olive gray (5Y 5/2) and lighter olive (10Y 6/2). The darker layers are visibly burrowed throughout. Some lighter layers are burrowed whereas others are not. Organic-rich layers occur in Section 1, cm (olive black, 5Y 2/1), Section 2, 24.5-29 cm (olive gray, 3/2), Section 3, 143-150 cm to Section 4, 0-4 cm (brownish black, 5YR 2/1), Section 4,100.5-101 (very weak, olive ss gray 5Y 4/1), and Section 5 (grayish olive, 10Y 4/2). In the main lithology, shell fragments and sand to silt-sized foraminifers are present in variable amounts. The sediment is alternately banded to burrowed but these are not mutually exclusive.",CORE 73.9 - 83.99 MBSF
161,975,D,10,H,83.4,93.43,Pleistocene,"NANNOFOSSIL CLAY AND CALCAREOUS CLAY Major Lithology: The predominant sediment types are NANNOFOSSIL CLAY AND CALCAREOUS CLAY, light olive gray (5Y 5/2, 5Y 6/1) to olive gray (5Y 4/1) in color, with a minor content of foraminifers throughout the core. General Description: Moderate olive brown (5Y 4/4) organic- rich layers are present in Section 1, 120.5-124.5 cm, and in Section 3, 17-20.5 and 23.5-28 cm (repetition by reverse faulting).",CORE 83.4 - 93.43 MBSF
161,975,D,11,H,92.9,103.07,Pleistocene,"NANNOFOSSIL CLAY Major Lithology: The major lithology is light olive gray (5Y 5/2, 5Y 6/1) to olive gray (5Y 4/1) NANNOFOSSIL CLAY. Intervals of smsssf moderate olive brown (5Y 4/4) occur thoughout the core. General Description: Organic-rich layers are present in Section 2, 42.5-46 cm, in Section 5, 69-71.5 cm, and in Section 6, 27-29 cm. Laminae rich in foraminifers are present in Section 2, 83.5-85 cm, Section 3, 12.5-14 cm, Section 4, 57.5-58 cm, and Section 6, 24.5-25 cm.",CORE 92.9 - 103.07 MBSF
161,975,D,12,H,102.4,112.46,late Pliocene-Pleistocene,"NANNOFOSSIL CLAY AND NANNOFOSSIL SILTY CLAY Major Lithology: The predominant lithologies are light olive gray (5Y 5/2, 5Y 6/1) to olive gray (5Y 4/1) NANNOFOSSIL CLAY AND NANNOFOSSIL SILTY CLAY, with a moderate content of foraminifers throughout the core.",CORE 102.4 - 112.46 MBSF
161,975,D,13,H,111.9,122,late Pliocene-Pleistocene,"NANNOFOSSIL CLAY AND NANNOFOSSIL SILTY CLAY Major Lithology: The major lithologies are light olive gray (5Y 5/2, 5Y 6/1) to olive gray (5Y 4/1) and moderate olive brown (5Y 4/4) NANNOFOSSIL CLAY AND NANNOFOSSIL SILTY CLAY with a variable content of foraminifers. Minor Lithology: Brownish gray (5YR 4/1) to moderate olive brown (5Y 4/4) and medium bluish gray (5B 5/1) foraminifer- nannofossil ooze and calcareous clay occur in a slump fold structure within Sections 2 and 3. General Description: A brownish black (5YR 2/1) organic rich layer is present in Section 7, 3-5 cm. ",CORE 111.9 - 122 MBSF
161,975,D,14,H,121.4,131.56,late Pliocene,"NANNOFOSSIL CLAY Major Lithology: The predominant lithology is light olive gray (5Y 5/2, 5Y 6/1) to olive gray (5Y 4/1) NANNOFOSSIL CLAY. Minor Lithologies: A few intervals and thin intercalations of pale olive (1OY 6/2) and moderate olive brown (5Y 4/4) nannofossil clay with scattered sand-sized foraminifers are present. General Description: Olive gray (5Y 4/1, 5Y 3/2) organic-rich layers occur in Section 1, 3-5 cm; and in Section 2, 112-115 cm.",CORE 121.4 - 131.56 MBSF
161,975,D,15,H,130.9,140.98,late Pliocene,"NANNOFOSSIL CLAY Major Lithology: The main lithology is a light olive gray (5Y 5/2) banded NANNOFOSSIL CLAY with abundant visible foraminifers. Minor Lithologies: Thinly-bedded units of foraminifer sand are present. These beds comprise foraminifer tests in a silt-clay matrix and are olive gray (5Y 4/1) in color. General Description: Color bands are present in the main lithology in olive brown (5Y 4/4), grayish olive (10Y 4/2), and olive gray (5Y 4/1). Banding is inclined between Section 2, 5 cm and Section 6, 68 cm. Within this interval, normal faulting of color bands is common. Dips up to 40 degrees are recognized.",CORE 130.9 - 140.98 MBSF
161,975,D,16,H,140.4,150.46,late Pliocene,"NANNOFOSSIL CLAY Major Lithology: The major lithology is NANNOFOSSIL CLAY, light olive gray (5Y 5/2) in color. Locally the color may range to grayish olive (10Y 4/2). General Description: Color bands, moderate olive brown (5Y 4/4) in color, are found throughout the core. Burrows can be recognized throughout the core, some of which are cemented mineralized.",CORE 140.4 - 150.46 MBSF
