Expedition.Leg,Site_Number,Hole,Core_Number,Core_Type,Core_Top_MBSF,Core_Bottom_MBSF,Age,Description,Core_ID
161,975,B,1,H,0,4.16,Pleistocene,NANNOFOSSIL CLAY AND CALCAREOUS SILTY CLAY Major Lithology: The major lithologies are NANNOFOSSIL CLAY AND CALCAREOUS SILTY CLAY that exhibit moderate color banding.,CORE 0 - 4.16 MBSF
161,975,B,2,H,4.1,14.08,Pleistocene,"NANNOFOSSIL-RICH SILTY CLAY AND CALCAREOUS SILTY CLAY Major Lithology: Two main lithologies are present: light olive gray (5Y 5/2, 5Y 6/1) NANNOFOSSIL-RICH SILTY CLAY; olive gray (5Y 4/1) to light olive gray (5Y 5/1) CALCAREOUS SILTY CLAY. Shell fragments and pteropods occur throughout the core. General Description: One dark greenish gray (5GY 4/1) to olive gray (5Y 4/1) organic-rich layer is present in Section 3, 82-93 cm. ",CORE 4.1 - 14.08 MBSF
161,975,B,3,H,13.6,23.44,Pleistocene,"NANNOFOSSIL AND CALCAREOUS CLAY TO SILTY CLAY Major Lithology: The core consists of alternating layers of light olive gray (5Y 6/1, 5Y 5/2) to olive gray (5Y 4/1) to grayish olive (1OY 4/2) NANNOFOSSIL AND CALCAREOUS CLAY to SILTY CLAY. Minor Lithology: One pale olive (10Y 6/2) bed of nannofossil ooze occurs in Section 7. General Description: Olive black (5Y 2/1) to olive gray (5Y 3/2, 5Y 4/1) organic-rich layers are present in Section 1, 130-133 cm; Section 2,112-120 cm; Section 4, 60-65 cm; and Section 7, 39-45 cm.",CORE 13.6 - 23.44 MBSF
161,975,B,4,H,23.1,32.75,Pleistocene,"NANNOFOSSIL CLAY TO NANNOFOSSIL-RICH CLAY and NANNOFOSSIL OOZE Major Lithologies: The major lithologies are light olive gray (5Y 6/1, 5Y 5/2) NANNOFOSSIL CLAY to olive gray to light olive gray (5Y 4/1 to 5Y 5/2) NANNOFOSSIL- RICH CLAY, and light olive gray (5Y 5/2) NANNOFOSSIL OOZE. General Description: Olive gray (5Y 4/1) organic-rich layers are present in Section 2, 49.5-56.5 cm and in Section CC, 8-9.5 cm.",CORE 23.1 - 32.75 MBSF
161,975,B,5,H,32.6,42.59,Pleistocene,"CALCAREOUS SILTY CLAY, NANNOFOSSIL OOZE, and NANNOFOSSIL CLAY Major Lithologies: The major lithologies are light olive gray to olive gray (5Y 5/2 to 5Y 4/1) CALCAREOUS SILTY CLAY, light olive gray to yellowish gray (5Y 5/2 to 5Y 7/2) NANNOFOSSIL OOZE, and light olive gray (5Y 5/2, 5Y 6/1) to olive gray (5Y 4/1) NANNOFOSSIL CLAY. General Description: Olive gray to light olive brown (5Y 3/2 to 5Y 5/6) organic-rich layers are present in Section 1, 58-67 cm; Section 3, 113-117.5 cm; Section 5, 37.5-41 cm, 116-123.5 cm, and 133-137 cm.",CORE 32.6 - 42.59 MBSF
161,975,B,6,H,42.1,51.93,Pleistocene,"NANNOFOSSIL CLAY TO CALCAREOUS SILTY CLAY Major Lithology: Two main sediment types are present in this core. The lighter colored of the two is a NANNOFOSSIL CLAY which ranges from light olive gray (5Y 5/2) to light olive gray (5Y 6/1). The darker ranges from grayish olive (10Y 4/2) to olive gray (5Y 4/1) in color and is a CALCAREOUS SILTY CLAY. Color banding occurs in both of the principal types but is more common in the NANNOFOSSIL CLAY. Banding colors range from light to moderate olive brown (5Y 5/6 to 4/4, respectively). Minor Lithologies: Organic-rich layers are present in Section 3 at 77-87 cm and Section 4 at 44-53 cm.",CORE 42.1 - 51.93 MBSF
161,975,B,7,H,51.6,59.97,Pleistocene,"CALCAREOUS SILTY CLAY Major Lithology: The main sediment type is a CALCAREOUS SILTY CLAY in which the carbonate component is composed of trace-20% foraminifers, 10-15% nannofossils and about 20% unidentified bioclasts. The terrigenous component is dominantly clay with minor volcanic glass and quartz. The main colors are light olive gray (5Y 5/2 and 5Y 6/1) and olive gray (5Y 4/1). Rare color bands are light olive brown (5Y 5/6) and dark gray (N3).nGeneral Description: The base of Sections 4 (below 131 5Y cm), 5, 6, and the Core Catcher have been affected by flow-in. An organic- rich layer is present from 66-70.5 cm in Section 4. The unit is olive gray (5Y 3/2) in color.",CORE 51.6 - 59.97 MBSF
161,975,B,8,H,61.1,70.91,Pleistocene,"FORAMINIFER-NANNOFOSSIL CLAY AND CALCAREOUS SILTY CLAY Major Lithology: The predominant lithologies are alternating intervals of light olive gray (5Y 5/2), olive gray (5Y 4/1), and grayish olive (10Y 4/2) FORAMINIFER- NANNOFOSSIL CLAY AND CALCAREOUS SILTY CLAY. The silt component is primarily dispersed foraminifers and shell fragments, with lesser amounts of glass. Faint color bands of light olive brown (5Y 5/6) and light olive gray (5Y 5/2) are common. General Description: Overall, identifiable bioturbation is rare, but cemented Zoophycos burrows are present in Section 5 at 12 cm and in Section 6 at 82 cm. Medium gray ash pods are present in Sections 1, 3, and 4. There are two thin lamina of foraminifer silt in Section 3 at 22 and 24 cm. Organic-rich layers are present in Section 4,125-126 cm, Section 7, 21-32 cm, and Section CC, 6-11 cm.",CORE 61.1 - 70.91 MBSF
161,975,B,9,H,70.6,80.56,Pleistocene,"NANNOFOSSIL SILTY CLAY TO CALCAREOUS CLAY AND SILTY CLAY Major Lithology: The main lithology is a SILTY CLAY with between 5-10% foraminifers and 15-20% nannofossils. The main color is light olive gray with subordinate olive gray (5Y 4/1), light olive gray (5Y 6/1), moderate olive brown (5Y 4/4), and grayish olive (10Y 4/2). Color banding is present in a few places, and is mainly moderate olive brown (5Y 4/4) to dark gray (N3). General Description: Organic-rich layers are present at 13-25 cm and 141-145 cm in Section 1, 119-125 cm in Section 2, 115-123 cm in Section 3 (weak), 59.5-62 cm in Section 4 (very weak), 82-92.5 cm in Section 5, 32-33 cm in Section 6 (weak), and 122-124 cm in Section 6 (?composite). Colors for these units range from grayish olive (10Y 4/2) to olive black (5Y 2/1).",CORE 70.6 - 80.56 MBSF
161,975,B,10,H,80.1,89.91,Pleistocene,"CALCAREOUS CLAY AND NANNOFOSSIL-FORAMINIFER SANDY CLAY Major Lithology: The major lithologies are light olive gray (5Y 5/2, 5Y 6/1) to olive gray (5Y 4/1) CALCAREOUS CLAY and NANNOFOSSIL-FORAMINIFER SANDY CLAY. The silt to sand component throughout the core comprises dispersed foraminifer and J6 shell fragments. General Description: Brownish black and brownish gray (5Y 2/1, 5Y 4/1) organic-rich intervals occur in Section 3, 75.5-77.5 cm and Section 4, 137-140 cm.",CORE 80.1 - 89.91 MBSF
161,975,B,11,H,89.6,99.73,Pleistocene,"NANNOFOSSIL CLAY Major Lithology: The main sediment type is NANNOFOSSIL CLAY. The sediment is predominantly light olive gray (5Y 5/2) and olive gray (5Y 4/1) with common pale color bands of light olive brown (5Y 5/6) and light olive gray (5Y 6/1). Fine sand-sized foraminifers and shell fragments are present throughout the core. General Description: Olive gray to olive black (5Y 4/1 to 5Y 2/1) organic-rich intervals occur in Section 4, 87-90 cm; Section 7, 78-80 cm; and Section CC, 12-14 cm.",CORE 89.6 - 99.73 MBSF
161,975,B,12,H,99.1,108.85,Pleistocene,"NANNOFOSSIL CLAY Major Lithology: The major lithology is light olive gray (5Y 5/2) and olive gray (5Y 3/2) NANNOFOSSIL CLAY with pale color bands of dark yellowish brown (10YR 4/2) and moderate olive brown (5Y 4/4). Minor Lithologies: A few intervals of light olive gray (5Y 5/2, 5Y 6/1) and dark yellowish brown (10YR 4/2) calcareous silty clay with scattered sand-sized foraminifers and shell fragments are present. General Description: Olive gray (5Y 3/2) organic-rich layers occur in Section 1, 65-67 cm and Section 5, 107-110 cm.",CORE 99.1 - 108.85 MBSF
161,975,B,13,H,108.6,118.66,late Pliocene-Pleistocene,"NANNOFOSSIL CLAY AND CALCAREOUS CLAYEY SILT Major Lithology: Two major sediment types are present: light olive gray (5Y 5/2, 5Y 6/1) to olive gray (5Y 4/1) and moderate olive brown (5Y 4/4) NANNOFOSSIL CLAY and olive gray (5Y 4/1) to light olive gray (5Y 4/1) CALCAREOUS CLAYEY SILT. Minor Lithology: Thinly interbedded to interlaminated variegated foraminifer-nannofossil ooze, calcareous silty clay, and nannofossil clay occur in a slump fold structure within Section 4. A diagentic oxidation front cross-cuts the deformed bedding within this sequence.",CORE 108.6 - 118.66 MBSF
161,975,B,14,H,118.1,128.22,late Pliocene-Pleistocene,"NANNOFOSSIL CLAY Major Lithology: The major sediment type is light olive gray (5Y 5/2) to olive gray (5Y 4/1) NANNOFOSSIL CLAY with pale color bands of olive gray (5Y 3/2) and moderate olive brown (5Y 4/4). Minor Lithology: A few intervals of foraminifer-rich sandy-silty clay are present. General Description: Burrow replaced by pyrite occurs at 103 cm in Section 1. Burrow types include Chondrites. A thin, organic- and forminifer-rich clay layer occurs at 76-77 cm in Section 1.",CORE 118.1 - 128.22 MBSF
161,975,B,15,H,127.6,137.75,late Pliocene,NANNOFOSSIL-RICH SILTY CLAY AND NANNOFOSSIL CLAY Major Lithology: The major lithologies are light olive gray (5Y 6/1) to olive gray (5Y 4/1) NANNOFOSSIL-RICH SILTY CLAY and light olive gray (5Y 5/2) NANNOFOSSIL CLAY with pale color bands of olive gray (5Y 4/1). Minor Lithology: A few intervals of calcareous silty clay are present. General Description: Burrow replaced by pyrite occurs at 106 cm in Section 4. A thin organic- rich pale yellowish brown (1OYR 6/2) layer occurs at 53 cm in Section 2.,CORE 127.6 - 137.75 MBSF
161,975,B,16,H,137.1,147.16,late Pliocene,NANNOFOSSIL CLAY Major Lithology: The main sediment type is a color banded NANNOFOSSIL CLAY in which the carbonate percentage ranges from 35% to 60%. Color ranges from mainly light olive gray (5Y 5/2) in the upper part of the core to olive gray (5Y 4/1) near the base. Very faint color banding is present where the core is not deformed. Foraminifer tests are visible throughout. Minor Lithologies: Rare laminae of foraminifer tests are present in Section 2 at 120 cm and in Section 3 at 6 cm. These layers have sharp bases and abruptly graded tops. General Description: Color banding is inclined to the core barrel with the dip increasing down core in Sections 3 and 4. A dip direction reversal occurs at the base of Section 4. The stratigraphic interval in Section 5 from 5-35 cm is a repeat of the base of Section 4. ,CORE 137.1 - 147.16 MBSF
161,975,B,17,X,146.6,152.35,late Pliocene,"NANNOFOSSIL-FORAMINIFER CLAY to NANNOFOSSIL CLAY Major Lithology: The predominant lithologies are NANNOFOSSIL-FORAMINIFER CLAY AND NANNOFOSSIL CLAY with visible dispersed foraminfers throughout. The primary color is light olive gray (5Y 5/2), with intervals of grayish olive (10Y 4/2). Color bands range from moderate olive brown (5Y 4/4) to olive gray (5Y 4/1). General Description: Burrows in the upper 15 cm of Section 4 may be faulted. A thin lamina of nannofossil-foraminifer sandy clay is present in Section 2 at 110-112 cm.",CORE 146.6 - 152.35 MBSF
161,975,B,18,X,156.3,165.93,late Pliocene,"NANNOFOSSIL CLAY Major Lithology: The predominant lithology is light olive gray (5Y 5/2) to olive gray (5y 4/1) NANNOFOSSIL CLAY with disseminated foraminifers throughout. The percentage of nannofossils varies downcore between 40-50%, with lighter intervals having higher nannofossil and foraminifer contents. The bases of the darker (5Y 4/1) intervals may have sharp gradational contacts. The transition from dark up into light intervals is almost always bioturbated.",CORE 156.3 - 165.93 MBSF
161,975,B,19,X,166.3,171.28,late Pliocene,"NANNOFOSSIL CLAY Major Lithology: The main sediment type is a NANNOFOSSIL CLAY containing up to 40% nannofossils and subordinate amounts of foraminifers. The main colors are grayish olive (5Y 4/1) to light olive gray (5Y 5/2). Banding is common. Minor Lithology: Minor amounts of calcareous clay are present throughout the cored interval. General Description: Sections 1, 2, and 0-45 cm of Section 3 consist of clasts of olive gray (5Y 4/1) calcareous clay in a grayish olive (10Y 4/2) matrix probably created by drilling. One organic-rich layer is present from 4-11 cm in the Core Catcher. This unit is grayish olive (10Y 4/2). ",CORE 166.3 - 171.28 MBSF
161,975,B,20,X,176.4,176.45,NA,Entire core given to micropalentologists.,CORE 176.4 - 176.45 MBSF
161,975,B,21,X,186.4,196.2,late Pliocene,"NANNOFOSSIL CLAY Major Lithology: The main sediment type is a NANNOFOSSIL CLAY in which the carbonate fraction is dominated by nannofossils with subordinate foraminifers. Bioturbation, evidenced by abundant color mottling together with some discrete burrows, is present throughout. Color ranges from light olive gray (5Y 5/2) to olive gray (5Y 4/1) with some bands which are mostly moderate olive brown (5Y 4/4) in color. Identifiable burrows are mainly Chondrites, but Planolites(?) is also present. Foraminifer tests and small silt pods are visible throughout. General Description: Drilling-induced biscuits are present from the of Section 2 to the base of the core.",CORE 186.4 - 196.2 MBSF
161,975,B,22,X,196.2,206.06,late Pliocene,"NANNOFOSSIL CLAY Major Lithology: The main sediment type is a light olive gray (5Y 5/2) NANNOFOSSIL CLAY with grayish olive (10Y 4/2) and pale olive (10Y 6/2) varieties also present. Bioturbation has produced color mottling throughout much of the core and numerous burrows, including Zoophycos and Chondrites are present. At least some of the horizontal bands are burrows. Faint color banding is common and foraminifer tests are visible throughout. ",CORE 196.2 - 206.06 MBSF
161,975,B,23,X,206.2,216.09,late Pliocene,"NANNOFOSSIL CLAY Major Lithology: The main sediment type is a light olive gray (5Y 5/2) NANNOFOSSIL CLAY with grayish olive (10Y 4/2) and pale olive (10Y 6/2) varieties also present. Bioturbation has produced color mottling throughout much of the core and numerous burrows, including Zoophycos and Chondrites are present. At least some of the horizontal bands are burrows. Faint color banding is common and foraminifer tests are visible throughout.",CORE 206.2 - 216.09 MBSF
161,975,B,24,X,215.9,225.72,early Pliocene,"CALCAREOUS CLAY Major Lithology: The major lithology is light olive gray (5Y 5/2, 5Y 6/1) CALCAREOUS CLAY with color bands of yellowish gray (5Y 7/2) and olive gray (5Y 4/1). General Description: Burrows replaced by pyrite occur in Sections 3, 6, 7, and CC.",CORE 215.9 - 225.72 MBSF
161,975,B,25,X,225.4,235.24,early to late Pliocene,CALCAREOUS SILTY CLAY Major Lithology: The core consists of moderately color banded to homogeneous CALCAREOUS SILTY CLAY which contains up to 30% micrite. General Description: Part of Section 1 slipped from the liner and was washed from the core barrel.,CORE 225.4 - 235.24 MBSF
161,975,B,26,X,235.1,244.97,early Pliocene,FORAMINIFER-RICH NANNOFOSSIL CLAY Major Lithology: The core consists of locally bioturbated FORAMINIFER-RICH NANNOFOSSIL CLAY. General Description: Section 1 is short because it slipped from the liner and was washed from the barrel.,CORE 235.1 - 244.97 MBSF
161,975,B,27,X,244.8,254.06,early Pliocene,"FORAMINIFER-RICH NANNOFOSSIL CLAY and NANNOFOSSIL- FORAMINIFER OOZE Major Lithologies: The major sediment types are light olive gray (5Y 5/2; 5Y 6/1) to olive gray (5Y4/1)NANNOFOSSIL- FORAMINIFEROOZEto FORAMINIFER-RICH NANNOFOSSIL CLAY. Olive gray (5Y 4/1) layers of FORAMINIFER-RICH NANNOFOSSIL CLAY with faint parallel horizontal laminations are interbedded with moderately bioturbated, light olive gray (5Y 5/2) FORAMINIFER-RICH NANNOFOSSIL CLAY containing scattered sand-sized foraminifers. Discrete burrows occur in beds of homogeneous NANNOFOSSIL- FORAMINIFER OOZE. Minor Lithology: Calcareous olive gray (5Y 3/2) layer of nannofossil silty clay occurs at 120-126 cm in Section 2. General Description: The core exhibits drilling-biscuits.",CORE 244.8 - 254.06 MBSF
161,975,B,28,X,254.5,264.31,early Pliocene,NANNOFOSSIL-FORAMINIFER SANDY CLAY and NANNOFOSSIL- FORAMINIFER OOZE Major Lithologies: The major lithologies are light olive gray (5Y 6/1; 5Y 5/2) NANNOFOSSIL- FORAMINIFER OOZE and NANNOFOSSIL-FORAMINIFER SANDY CLAY. Minor Lithology: A few intervals and thin intercalations of olive gray (5Y 4/1) to moderate olive brown (5Y 4/4) nannofossil-foraminifer clay occur with scattered sand-sized foraminifers. Pyrite pods occur in homogeneous intervals of nannofossil- foraminifer clay.,CORE 254.5 - 264.31 MBSF
161,975,B,29,X,264.1,274.03,early Pliocene,"NANNOFOSSIL-FORAMINIFER CLAY Major Lithology: The major lithology is light olive gray (5Y 6/1; 5Y 5/2) to olive gray (5Y 4/1) NANNOFOSSIL-FORAMINIFER CLAY. Minor Lithology: Moderate olive brown (5Y 4/4) to light olive gray (5Y 5/2) banded intercalations of calcareous silty clay are present. General Description: Faintly parallel horizontal laminations occur at 59-68 cm and 83-99 cm in Section 1, 68-71 cm in Section 4, and 88-90 cm in Section 5. Burrows occur in all sections of this core, including Zoophycos and Chondrites. Pyrite pods occur in some homogeneous layers of NANNOFOSSIL- FORAMINIFER CLAY.",CORE 264.1 - 274.03 MBSF
161,975,B,30,X,273.6,283.51,early Pliocene,NANNOFOSSIL OOZE Major Lithology: The major lithology is light olive gray (5Y 6/1 to 5Y 5/2) NANNOFOSSIL OOZE with local Zoophycos and Chondrites burrows. Minor Lithology: The minor lithology is olive gray (5Y 5/2) nannofossil clay.,CORE 273.6 - 283.51 MBSF
161,975,B,31,X,283.3,293.27,early Pliocene,"NANNOFOSSIL OOZE Major Lithology: The main sediment type is light olive gray (5Y 5/2) NANNOFOSSIL OOZE which is extensively bioturbated and locally color-banded in dusky yellow (5Y 6/4). Minor Lithology: Light olive gray (5Y 5/2) foraminifer- rich nannofossil ooze is present in the most heavily burrowed intervals and is most often found in, adjacent to, individual burrows. General Description: Burrows of Zoophycos and Chondrites are common. ",CORE 283.3 - 293.27 MBSF
161,975,B,32,X,292.8,302.75,early Pliocene,"NANNOFOSSIL OOZE Major Lithology: The predominant lithology is NANNOFOSSIL OOZE, light olive gray (5Y 5/2) to pale olive gray (10Y 6/2) in color, which is extensively bioturbated and locally color banded in dusky yellow (5Y 6/4), moderate olive brown (5Y 4/4), and light olive brown (5Y 5/6). Minor Lithology: The minor lithology is foraminifer-rich nannofossil ooze, dusky yellow (5Y 6/4) to light olive gray (5Y 5/2) in color. It is found only in the lower 2.3 m of the core.",CORE 292.8 - 302.75 MBSF
161,975,B,33,X,302.4,307.26,early Pliocene-late Miocene,"FORAMINIFER-RICH NANNOFOSSIL CLAY, SILTY CLAY, AND OOZE, MICRITE and MICRITIC SILTY CLAY Major Lithologies: The major lithology in Section 1 and Section 2, 0-131 cm is dusky yellow (5Y 6/4), pale olive (10Y 6/2), and light olive gray (5Y 5/2) FORAMINIFER- RICH NANNOFOSSIL SILTY CLAY, FORAMINIFER-RICH NANNOFOSSIL CLAY and FORAMINIFER-RICH NANNOFOSSIL OOZE. Minor amounts of dolomite was detected by X-ray diffraction Silt-rich laminae are present at 26 cm and 99-101 cm in Section 2. Bioturbation is common throughout. The major lithologies from Section 2, 131 cm to Section CC, 11 cm are MICRITE and MICRITIC SILTY CLAY. The yellowish gray (5Y 8/1) micrite and greenish gray (5GY 6/1) micritic silty clay are finely- interlaminated to thinly-interlayered. The calcite of the micrite is combined with clay minerals, quartz, and traces of dolomite and feldspar in the micritic silty clay. Minor Lithologies: Intervals of light gray to greenish gray (5G 6/1) calcareous silty sand are present in Section 3,140-144 cm and Section CC, 3-11 cm. These intervals contain abundant foraminifers and micrite and a wide variety of detrital minerals including quartz, clay minerals, and feldspar. The interval in Section 3 is graded. The interval in the Core Catcher is finely laminated and contains celestite. Finely-laminated yellowish brown (10YR 5/4) and greenish gray (5G 6/1) gypsum is present in Section CC, 11-38 cm. A thin lamina of white anhydrite is present in Section CC at 30 cm.",CORE 302.4 - 307.26 MBSF
161,975,B,34,X,310,314.08,late Miocene,"GYPSUM and GYPSIFEROUS CHALK Major Lithologies: The major lithologies are light olive gray (5Y 6/2 and 5Y 5/2) to moderate olive brown (5Y 4/4) GYPSUM and GYPSIFEROUS CHALK. The gypsum has two forms: finely laminated and nodular. The gypsiferous chalk consists of coarse gypsum crystals (up to 1 cm) in a micrite matrix. Minor Lithologies: Thin (1-2 mm) intervals of grayish green (5G 4/2) clay to micritic clay are interbedded with the gypsum and gypsiferous chalk. This lithology contains clay minerals, calcite, quartz, ,-. CC and minor to trace gypsum and feldspar. An interval of foraminifer-rich gypsum silty sand is present in Section CC at 2 cm.",CORE 310 - 314.08 MBSF
