Expedition.Leg,Site_Number,Hole,Core_Number,Core_Type,Core_Top_MBSF,Core_Bottom_MBSF,Age,Description,Core_ID
160,970,B,1,H,0,9.72,late Pleistocene,"NANNOFOSSIL OOZE Major Lithology: The sediment in this core is light brown to light gray (10YR 6/3 to N7) NANNOFOSSIL OOZE. Minor Lithologies: Five SAPROPELS occur in this core. They range in thickness from 4 to 30 cm, and are all bioturbated. Sapropel intervals from Section 1, 90 to 100 cm, and Section 2, 85 to 100 cm are laminated. A 10-cm-thick, very dark gray (10YR 3/1) ASH occurs in Section 1, 10 cm. Numerous thin (mm-scale) SILT horizons occur throughout the core. ",CORE  0 - 9.72  MBSF
160,970,B,2,H,9.5,19.25,late Pleistocene,NANNOFOSSIL OOZE Major Lithology: The sediment in this core is gray (5Y 5/1) to grayish brown (2.5Y 5/2) NANNOFOSSIL OOZE. Minor Lithologies: Five olive gray (5Y 4/2) to very dark gray (5Y 3/1) SAPROPELS ranging in thickness from 3 to 29 cm occur in this core. General Description: This sediment is color banded throughout. Foraminifer content is variable with concentrations commonly found filling large burrows. The sediment in this core is highly disturbed; an impacted Section 1 consists of core liner.,CORE  9.5 - 19.25  MBSF
160,970,B,3,H,19,28.95,early Pleistocene,NANNOFOSSIL OOZE and NANNOFOSSIL CLAY Major Lithologies: The sediment in this core is olive (5Y 5/4) to very light brown (10YR 7/3) NANNOFOSSIL OOZE and NANNOFOSSIL CLAY. Minor Lithologies: Six dark gray (5Y 3/1) SAPROPELS occur in the core. These range in thickness from 1 to 6 cm and are generally intact and unbioturbated.,CORE  19 - 28.95  MBSF
160,970,B,4,H,28.5,38.46,early Pleistocene,"NANNOFOSSIL OOZE Major Lithology: The sediment in this core is a grayish brown (2.5YR 5/2) to gray NANNOFOSSIL OOZE. Minor Lithologies: Eight black (5Y 2.5/1) to dark olive gray (6Y 3/2) SAPROPELS ranging in thickness from 2 to 31 cm occur in this core. These layers commonly exhibit minor bioturbation at the top and/or base. Several thin SILT beds occur in Section 4, 50-150 cm. General Description: The sediment in this core shows color banding on a centimeter to decimeter scale due to compositional differences (e.g., silt beds) as well as diagenetic features. Foraminifer content is variable; foraminifers commonly fill large burrows. Bioturbation ranges from slight to intense in this core.",CORE  28.5 - 38.46  MBSF
160,970,B,5,H,38,47.3,early Pleistocene,"NANNOFOSSIL OOZE and NANNOFOSSIL CLAY Major Lithologies: The sediment in this core alternates between light blue-gray (5B 7/1) to light brownish gray (2.5Y 6/2) NANNOFOSSIL OOZE and dark greenish gray (5G 4/1) NANNOFOSSIL CLAY. Minor Lithologies: Six black (5Y 2.5/1) to olive gray (5Y 4/2) SAPROPELS ranging in thickness from 5 to 33 cm occur in this core. Those sapropels in Sections 3 and 5 occur at the top of the nannofossil clay sequences and are thinly interbedded with this material. Several thin, graded SILT layers up to 1.5 cm thick occur in this core. These are concentrated in Section 3, 142 ocen cm, Section 4, 40 cm, Section 5, 0-30 cm, Section 6, 79-100, and Section 7. General Description: The sediment in this core is color banded at a centimeter to decimeter scale due to both compositional and diagenetic features. Bioturbation is slight to moderate throughout.",CORE  38 - 47.3  MBSF
