Expedition.Leg,Site_Number,Hole,Core_Number,Core_Type,Core_Top_MBSF,Core_Bottom_MBSF,Age,Description,Core_ID
160,970,A,1,H,0,7.63,late Pleistocene,"CLAYEY NANNOFOSSIL OOZE and MATRIX-SUPPORTED BRECCIA/CONGLOMERATE Major Lithologies: The dominant lithologies in this core are from Section 1, 0-60 cm a yellowish brown (10YR 5/4) to light gray (5Y 7/1) CLAYEY NANNOFOSSIL OOZE, and from Section 1, 60 cm to CC, a dark greenish gray (5GY 4/1 to 5G 4/1) a matrix-supported MATRIX- SUPPORTED BRECCIA/CONGLOMERATE with a matrix of nannofossil silty clay. Minor Lithologies: One dark gray (5Y 4/1) SAPROPEL occurs in Section 1, 24-27 cm. The clasts within the pebbly mudstone are angular to subrounded and range in size from coarse sand grade to 5 cm. Well-lithified rock fragments include mudstone, parallel-laminated sandstone, massive sandstone, and limestone. Clasts (?) of unconsolidated sand also occur.",CORE 0 - 7.63 MBSF
160,970,A,2,H,7.6,10.21,late Pleistocene,MATRIX-SUPPORTED BRECCIA/CONGLOMERATE Major Lithology: The sediment in this core is a dark greenish gray (5G 4/1) MATRIX-SUPPORTED BRECCIA/CONGLOMERATE General Description: This material is matrix supported with a clast to matrix ratio of approximately 1:9. The matrix is dominantly silt.,CORE 7.6 - 10.21 MBSF
160,970,A,3,X,10.2,10.65,early Pleistocene,MATRIX-SUPPORTED BRECCIA/CONGLOMERATE Major Lithology: The sediment in this core is a dark greenish gray (5G 5/1) MATRIX-SUPPORTED BRECCIA/CONGLOMERATE with lithic and mud clasts up to 20 mm in diamter. General Description: A thin band of of greenish gray silt occurs at approximately 30 cm in this core. Sediment is slightly pyritized in some places.,CORE 10.2 - 10.65 MBSF
160,970,A,4,X,18.2,19.74,late Pleistocene,"MATRIX-SUPPORTED BRECCIA/CONGLOMERATE Major Lithology: The sediment in this core is a greenish gray (5GY 5/1) to dark greenish gray (5Y 4/1) MATRIX-SUPPORTED BRECCIA/CONGLOMERATE with clasts <15 mm in diameter. Minor Lithologies: The interval from Section 1, 54 cm, to the Core Catcher at 8 cm contains two SAPROPELS with light olive gray (5Y 6/2) CLAYEY NANNOFOSSIL OOZE between.",CORE 18.2 - 19.74 MBSF
160,970,A,5,X,27.8,28.01,late Pleistocene,"MATRIX-SUPPORTED BRECCIA/CONGLOMERATE Major Lithology: The sediment in this core is dark bluish gray (5B 4/1) MATRIX-SUPPORTED BRECCIA/CONGLOMERATE with clasts up to 31 mm in diameter. General Description: Both matrix material and larger clasts are matrix supported, with a matrix to clast ratio of approximately 2:3. Clasts include carbonates and lithified muds with faint laminations and are subangular to subrounded.",CORE 27.8 - 28.01 MBSF
160,970,A,6,X,37.4,38.1,middle Pleistocene,"MATRIX-SUPPORTED BRECCIA/CONGLOMERATE The sediment in this core consists of dark bluish gray (5B 4/1) MATRIX- SUPPORTED BRECCIA/CONGLOMERATE. General Description: Angular to subangular dark bluish gray (5B 4/1) and dark greenish gray (5GY 4/1) carbonate mudstone and mudstone clasts, ranging in size between 3 and 41 mm, are supported within a matrix composed of silty clay and clayey silt.",CORE 37.4 - 38.1 MBSF
160,970,A,7,X,47.1,47.69,middle Pleistocene,"MATRIX-SUPPORTED BRECCIA/CONGLOMERATE Major Lithology: The sediment in this core consists of dark gray MATRIX-SUPPORTED BRECCIA/CONGLOMERATE. General Description: The clasts within this core are rounded to subrounded and vary in size between 2 and 50 mm. Many clasts are composed of either mudstone carbonate-rich mudstone, with minor amounts of pyrite and calcarenite. The matrix consists of clayey silty sand and sandy silty clay. The clast to matrix ratio is approximately 1:4.",CORE 47.1 - 47.69 MBSF
160,970,A,8,X,56.7,57.09,middle Pleistocene,"MATRIX-SUPPORTED BRECCIA/CONGLOMERATE Major Lithology: The sediment in this core consists of dark greenish gray (5GY 4/1) MATRIX-SUPPORTED BRECCIA/CONGLOMERATE. General Description: The clasts in this core are angular, and in general are <64 mm in diameter. Most are composed of fine-grained carbonate. The matrix consists of silty clay and clayey silt. The clast to matrix ratio in this core is approximately 1:1. ",CORE 56.7 - 57.09 MBSF
160,970,A,9,X,66.3,67.06,middle Pleistocene,"MATRIX-SUPPORTED BRECCIA/CONGLOMERATE Major Lithology: The sediment in this core consists of dark greenish gray (5GY 4/1) MATRIX-SUPPORTED BRECCIA/CONGLOMERATE. General Description: The clasts in this core vary in shape from angular through rounded to subrounded downcore, and vary in diameter between 4 and 135 mm. Clast composition is variable; most are carbonate-rich, some are composed of nannofossil ooze and clay. The matrix is composed of silty clay and clayey silt. The clast to matrix ratio is approximately 1:2.",CORE 66.3 - 67.06 MBSF
160,970,A,10,X,76,76.9,middle Pleistocene,"MATRIX-SUPPORTED BRECCIA/CONGLOMERATE Major Lithology: The sediment in this consists of dark greenish gray (5GY 4/1) MATRIX- SUPPORTED BRECCIA/CONGLOMERATE. General Description: Clasts in this core are mainly rounded to subangular and range in diameter between 7 and 70 mm. Composition of individual clasts is variable and includes mudstone, sandstone, and carbonate-rich mudstone. The matrix consists of silty clay. The clast to matrix ratio is approximately 1:2.",CORE 76 - 76.9 MBSF
160,970,A,11,X,85.7,86.2,middle Pleistocene,"MATRIX-SUPPORTED BRECCIA/CONGLOMERATE and CALCAREOUS CLAYEY SILT Major Lithologies: The upper part of this core consists of dark greenish-gray (5GY 4/1) MATRIX- SUPPORTED BRECCIA/CONGLOMERATE. The lower 20 cm consists of well-lithified CLAYEY SILT. General Description: Clasts in this core are subangular to subrounded ranging between 4 and 70 mm. Composition of the inividual clasts is variable and includes calcarenite, mudstone, and laminated sandstone. The matrix consists of silty clay. The to matrix ratio is approximately 3:7.",CORE 85.7 - 86.2 MBSF
160,970,A,12,X,95.4,95.65,middle Pleistocene,MATRIX-SUPPORTED BRECCIA/CONGLOMERATE Major Lithology: The sediment in this core consists of dark gray to dark blue gray (5Y 4/1 to 5B 4/1) MATRIX-SUPPORTED BRECCIA/CONGLOMERATE. Clasts in this core are angular to subrounded and generally <50 mm in diameter. Clasts composition includes calcarenite and calcareous mudstone. The matrix is dominantly silty clay. The clast to matrix ratio is approximately 1:4.,CORE 95.4 - 95.65 MBSF
160,970,A,13,X,105.1,105.78,early Pleistocene,"MATRIX-SUPPORTED BRECCIA/CONGLOMERATE Major Lithology: The sediment in this core consists of dark gray MATRIX-SUPPORTED BRECCIA/CONGLOMERATE. General Description: The clasts in this core are subrounded to subangular and are <58 mm in diameter. The composition of the clasts is mixed and includes calcarenite, mudstone, siltstone, and silty claystone. Small pyrite grains are found throughout. The matrix is silty clay. The clast to matrix ratio is approximately 3:7.",CORE 105.1 - 105.78 MBSF
160,970,A,14,X,114.8,115.4,late Pleistocene,MATRIX-SUPPORTED BRECCIA/CONGLOMERATE Major Lithology: The sediment in this core consists of dark greenish-gray (5GY 4/1) MATRIX- SUPPORTED BRECCIA/CONGLOMERATE. General Description: The clasts in this core include laminated and fractured calcarenite and calcareous mudstone. They are subrounded to subangular and vary in size from 4 to 65 mm. The matrix is dominantly silty sandy clay. The clast to matrix ratio is approximately 3:7.,CORE 114.8 - 115.4 MBSF
160,970,A,15,X,124.4,127.85,middle to late Pleistocene,"MATRIX-SUPPORTED BRECCIA/CONGLOMERATE Major Lithology: The sediment in this core consists of dark greenish-gray (5GY 4/1) MATRIX- SUPPORTED BRECCIA/CONGLOMERATE. General Description: The clasts in this core include angular to subangular calcareous siltstone, calcareous mudstone, calcite, and calcarenite and are generally < 84 mm in diameter. Small pyrite nodules are found throughout. The matrix is dominantly silty clay. The clast to matrix ratio is approximately 3:7.",CORE 124.4 - 127.85 MBSF
160,970,A,16,X,134,137.74,early Pleistocene,NANNOFOSSIL OOZE Major Lithology: The sediment in this core is dominantiy greenish-gray (5GY 5/1 to 5G 6/1) NANNOFOSSIL OOZE. Minor Lithologies: This core contains five SAPROPEL horizons varying in thickness between 1 and 4 cm. Both basal and upper contacts of these layers are sharp and some contain internal mm-scale laminations. General Description: The sediment is color banded on a centimeter to decimeter scale with slight to heavy bioturbation in places. Small dislocations between laminations can be seen.,CORE 134 - 137.74 MBSF
160,970,A,17,X,143.6,149.21,early Pleistocene,"NANNOFOSSIL OOZE Major Lithology: The sediment in this core is light greenish gray to light gray (5G 7/1-5Y 7/1) NANNOFOSSIL OOZE. Minor Lithologies: Nine thin SAPROPELS occur in this core. In general they are between 3 and 5 cm thick although one 30-cm layer occurs at the top of Section 3. Upper and lower contacts are usually sharp, and most are bioturbated at their tops. General Description: The sediments are heavily bioturbated and color banded on a decimeter to meter scale. A number of microfaults are developed, particularly toward the bottom of the core where pyrite flecks and blebs are very common.",CORE 143.6 - 149.21 MBSF
160,970,A,18,X,153.2,157.61,early Pleistocene,"FORAMINIFER NANNOFOSSIL OOZE and POLYMICTIC GRAVEL Major Lithologies: The sediments in this core consist of a thin unit of light greenish gray (5G 7/1), bioturbated FORAMINIFER NANNOFOSSIL OOZE overlying POLYMICTIC GRAVEL. This material is dark greenish gray to greenish gray (5GY 4/1-5G 4/1), and occurs in a in series of relatively thin (10-to 20- cm-thick) upward-fining beds which have gravel up to 1 cm at the base grading normally to sand and silty clay. The composition of the gravel encompasses a variety of lithologies, including mudstone, limestone, and fine-grained sandstone. Minor Lithologies: Two SAPROPELS of less than 5 cm thickness occur in this core. General Description: Finely divided pyrite pervades the entire core, particularly in the interbedded materials.",CORE 153.2 - 157.61 MBSF
160,970,A,19,X,162.8,167,early Pleistocene,"POLYMICTIC GRAVEL Major Lithology: The sediment in this core is POLYMICTIC GRAVEL. The material is dark greenish gray (5G 4/1) and occurs as a series of relatively thin (10 to 20 cm) upward-fining beds which have gravel at the base and grade normally to sand and silty clay. The composition of the gravel encompasses a variety of lithologies, including mudstone, limestone, and fine-grained sandstone. Minor Lithologies: Finely divided pyrite is pervasive throughout the core.",CORE 162.8 - 167 MBSF
160,970,A,20,X,172.5,174.97,early Pleistocene,"POLYMICTIC GRAVEL Major Lithology: The sediment in this core is an alternating sequence of interbedded GRAVEL, SAND, and MUD wherein some of the fine fraction is NANNOFOSSIL CLAY. The material is dark greenish gray (5G 4/1) and occurs as a series of relatively thin (10 to 20 cm thick), upward-fining beds which have gravel at the base, grading normally to sand and mud. he composition of the gravel encompasses a variety of lithologies, including mudstones, limestone, and fine-grained sandstone. General Description: Pyrite is pervasive throughout the core. ",CORE 172.5 - 174.97 MBSF
160,970,A,21,X,182.1,185.45,early Pleistocene,"POLYMICTIC GRAVEL Major Lithology: The sediment in this core is POLYMICTIC GRAVEL. The material is dark greenish gray at the base and grades normally to sand and mud. The composition of the gravel (5G 4/1) occurs as a series of relatively thin (10 to 20 cm), upward-fining beds which have gravel which encompasses a variety of lithologies, including mudstone, limestone, and fine-grained sandstone. General Description: Finely divided pyrite pervades the entire core.",CORE 182.1 - 185.45 MBSF
160,970,A,22,X,191.7,197.22,late Pliocene,"POLYMICTIC GRAVEL and NANNOFOSSIL CLAY Major Lithologies: The sediment in Section 1, 0-60 cm, is POLYMICTIC GRAVEL. This material is dark greenish gray (5G 4/1) and occurs as a series of relatively thin (10 to 20 cm), upward-fining beds which have gravel at the base, grading normally to sand and mud. The composition of the gravel encompasses a variety of lithologies, including mudstone, limestone, and fine-grained sandstone. This unit overlies a light greenish gray to gray (5G 6/1 to 5Y 7) bioturbated NANNOFOSSIL CLAY which comprises the remainder of the core. In Section 4 foraminifers are subdominant in the sediment. Minor Lithologies: Six SAPROPELS which generally have sharp bases and bioturbated tops occur in the nannofossil clay of the lower unit. These have undergone a significant amount of maturation, and in some an incipient cleat has developed. General Description: Pyrite is pervasive in the upper unit. The lower unit is cut by small faults.",CORE 191.7 - 197.22 MBSF
