Expedition.Leg,Site_Number,Hole,Core_Number,Core_Type,Core_Top_MBSF,Core_Bottom_MBSF,Age,Description,Core_ID
169,1034,C,1,H,0,8,Holocene,"DIATOMACEOUS MUD Major Lithology: The entire core is composed of gray to dark gray (8Y4/1 to 8Y 3/1) DIATOMACEOUS MUD. General Description: Sections 1 and 2 are fluid-rich and soupy and internal structures are difficult to discern. Sections 3 - 6 are mainly well laminated with two massive intervals at Section 3, 106-130 cm, and Section 5, 77-103 cm.",CORE  0 - 8  MBSF
169,1034,C,2,H,8,18.05,Holocene,"DIATOMACEOUS MUD Major Lithology: The entire core is composed of gray to dark gray (8Y4/1 to 8Y 3/1) DIATOMACEOUS MUD. General Description: The sediment is mainly well laminated with massive intervals at Section 1, 139 cm, to Section 2, 99 cm; Section 2, 144 cm, to Section 3, 36 cm; Section 3, 119-130 cm and 139-144 cm; Section 4, 76-95 cm and 132 cm, to Section 5, 19 cm; Section 6, 49-65 cm and 109 cm, to CC. Many of the massive intervals are underlain by 10-30 mm of disrupted laminae. Lamina thickness: This ranges from 4 to 6 mm.",CORE  8 - 18.05  MBSF
169,1034,C,3,H,17.5,27.69,Holocene,"DIATOMACEOUS MUD Major Lithology: The entire core is composed of gray to dark gray (8Y4/1 to 8Y 3/1) DIATOMACEOUS MUD. General Description: The sediment is mainly well laminated with massive intervals at Section 4, 102-104 cm; 127-141 cm; Section 6, 11-31 cm. In Section 3, 57-60 cm, laminae are contorted by angular folds. The massive intervals contain a few cm of disrupted laminae at their base. Lamina thickness: Section 1: 11 mm average, Section 2: 11 mm average, Section 3: 13 mm average in upper part, Section 4: 5 mm average, Section 5: 6 mm average, Section 6: 8 mm average, Section 7: 6 mm average.",CORE  17.5 - 27.69  MBSF
169,1034,C,4,H,27,37.12,Holocene,"DIATOMACEOUS MUD Major Lithology: The entire core is composed of gray to dark gray (8Y4/1 to 8Y 3/1) DIATOMACEOUS MUD. General Description: The sediment is mainly well laminated with massive intervals at Section 1, 1-12 cm; 114-121 cm; Section 6, 108-117 cm, 139-150 cm; Section 7, 6-8 cm. Orange colored aggregates of calcite occur in Sections 3 and 4. The massive intervals contain a few cm of disrupted laminae at their base. Lamina thickness: Sections 1,2: 8 mm average, Section 2: 8 mm average, Section 3: 10 mm average in upper part, Holocene Section 4: 9 mm average, Sections 5,6: 8 mm average.",CORE  27 - 37.12  MBSF
169,1034,C,5,H,36.5,46.6,Holocene,"DIATOMACEOUS MUD Major Lithology: The entire core is composed of gray to dark gray (8Y4/1 to 8Y 3/1) DIATOMACEOUS MUD. General Description: The sediment is mainly well laminated with massive intervals at Section 2, 101-111 cm; Section 6, 13-17 cm. Fragments of charcoal are present in Section 4, 12 cm. The massive intervals contain a few cm of disrupted laminae at their base. Lamina thickness: Average is 8-9 mm.",CORE  36.5 - 46.6  MBSF
169,1034,C,6,H,46,56.11,Holocene-Pleistocene,"DIATOMACEOUS MUD Major Lithology: The entire core is composed of gray to dark gray (8Y4/1 to 8Y 3/1) DIATOMACEOUS MUD. General Description: Section 1 is well laminated with one thin massive interval at Section 1, (138- 143) cm. Sections 2 to CC contain indistinctly laminated sediment with thin massive intervals at Section 6, 30-34 cm, and 103-105 cm.",CORE  46 - 56.11  MBSF
169,1034,C,7,H,55.5,64.43,Pleistocene,DIATOMACEOUS MUD Major Lithology: The core comprises gray to dark gray (8Y 4/1 to 8Y 3/1) DIATOMACEOUS MUD. General Description: The entire core is pervasively disrupted.,CORE  55.5 - 64.43  MBSF
169,1034,C,8,H,65,66.6,Pleistocene,SILTY CLAY Major Lithology: The core comprises highly disrupted gray SILTY CLAY. General Description: A hard dolomitized (?) concretion with preserved laminae is present at the top of the core.,CORE  65 - 66.6  MBSF
169,1034,C,9,H,74.5,84.2,Pleistocene,SILTY CLAY Major Lithology: The entire core comprises gray SILTY CLAY. General Description: Thin beds of SAND and thin SILT laminae are common.,CORE  74.5 - 84.2  MBSF
169,1034,C,10,H,84,93.24,Pleistocene,"SAND and SILTY CLAY Major Lithologies: The core is composed mainly of gray SAND with thin to medium interbeds of gray SILTY CLAY. General Description: The sand beds which range in thickness from a few cm to 2 m are commonly graded from coarse to very fine sand grade. Several of the bedding contacts are contorted, and locally, blebs of mud are contained within sand.",CORE  84 - 93.24  MBSF
169,1034,C,11,H,93.5,102.87,Pleistocene,SILTY CLAY Major Lithology: The dominant sediment in this core is gray SILTY CLAY. Minor Lithologies: The gray SILTY CLAY is intercalated with thin laminae of SILT and SAND commonly arranged in packets. Small blebs of SAND also occur. General Description: Pebbles occur in Sections 2 through 5.,CORE  93.5 - 102.87  MBSF
