Expedition.Leg,Site_Number,Hole,Core_Number,Core_Type,Core_Top_MBSF,Core_Bottom_MBSF,Age,Description,Core_ID
169,1034,B,1,H,0,4.25,Holocene,"DIATOMACEOUS MUD Major Lithology: DIATOMACEOUS MUD ranging in color from dark bluish gray to black in Section 1, grading to dark gray. General Description: Holocene The entire core is pervasively disturbed by gas escape.",CORE  0 - 4.25  MBSF
169,1034,B,2,H,4.2,14.25,Holocene,"DIATOMACEOUS MUD General Description: Sections 1 through 4 are pervasively disrupted by gas escape making assessment of the degree of lamination difficult. Sections 5 through CC are generally well laminated. Massive intervals occur in Section 6, 63-82 cm; 142-144 cm. Lamina thickness: In Sections 5 through 7, lamina thickness varies from 6 - 10 mm.",CORE  4.2 - 14.25  MBSF
169,1034,B,3,H,13.7,23.94,Holocene,"DIATOMACEOUS MUD General Description: The sediment is mainly well laminated with some indistinctly laminated and massive intervals. A massive intervals occurs at Section 5, 136-150 cm. Indistinctly laminated intervals occur at Section 2, 73-83 cm; Section 7, 28- 48 cm; and CC. Lamina thickness: Laminae range from 5 mm to 15 mm in thickness and generally are present in packets of similar thickness.",CORE  13.7 - 23.94  MBSF
169,1034,B,4,H,23.2,33.35,Holocene,"DIATOMACEOUS MUD General Description: The sediment is mainly well laminated with occasional massive intervals at: Section 5, 136-150 cm. Indistinctly laminated intervals occur at Section 2, 26-40 cm; 132-141 cm Section 6, 40-42 cm; and 58-62 cm; Section 7, 74-84 cm. Gray silty clay laminae are locally common (e.g. Section 4, 84 cm) and a rare sand lamina occurs at Section 6, 42 cm. Lamina thickness: Laminae range in thickness between 6- 10 mm.",CORE  23.2 - 33.35  MBSF
169,1034,B,5,H,32.7,42.85,Holocene,"DIATOMACEOUS MUD General Description: The sediment is mainly well laminated with occasional massive intervals at: Section 3, 49-54 cm; Section 66-79 cm; Section 7, 0-4 cm. Lamina thickness. Laminae range in thickness between 5 mm in Section 1 and 10 mm in Section 2.",CORE  32.7 - 42.85  MBSF
169,1034,B,6,H,42.2,52.42,Holocene,"DIATOMACEOUS MUD General Description: The sediment is mainly well laminated with thin intercalated massive and indistinctly laminated. Massive intervals occur at: Section 2, 89-102 cm; 141-144 cm; Section 66-79 cm; Section 7, 3-9 cm. Indistinctly laminated intervals occur at: Section 2, 102-106 cm; Section 5, 120-150 cm; Section 5, 78-150 cm. Lamina thickness: Laminae range in thickness between 5 mm in Section 1 and 10 mm in Section 2.",CORE  42.2 - 52.42  MBSF
169,1034,B,7,H,51.7,61.65,Holocene,"DIATOMACEOUS MUD Minor Lithologies: A 2 cm-thick VOLCANIC ASH occurs in Section 1 2-4 cm. General Description: The sediment is mainly well laminated in Section 1 to Section 2, 66 cm. From Section 2, 66 cm to CC, 1-15 cm-thick packets of well laminated, indistinctly laminated and massive sediment are intercalated. Lamina thickness: Laminae range in thickness between 4 mm - 8 mm.",CORE  51.7 - 61.65  MBSF
169,1034,B,8,H,61.2,70.73,Holocene,"DIATOM-BEARING MUD Minor Lithologies: Gray SILTY CLAY occurs as two interbeds in Section 5. The lower of these at 97-127 cm has a very sharp base in contact with underlying olive gray DIATOM-BEARING MUD. General Description: The sediment is predominantly massive but contains 1-15 cm-thick packets of well laminated, indistinctly laminated sediment. Shell fragments are common to abundant throughout. Lamina thickness: Laminae range in thickness between 4 mm - 9 mm.",CORE  61.2 - 70.73  MBSF
169,1034,B,9,H,70.7,78.41,Holocene,"CLAYEY SILT Major Lithology: The dominant lithology is CLAYEY SILT, olive gray grading down core to gray. Minor Lithologies: Interbeds of gray SAND, ranging from1-20 cm in thickness occur. Note: The original core liner for this core collapsed and the sedment was placed in a new core liner on the catwalk.",CORE  70.7 - 78.41  MBSF
169,1034,B,10,H,80.2,89.4,Holocene,"SILTY CLAY AND CLAYEY SILT Major Lithology: This core is composed of gray CLAYEY SILT and SILTY CLAY. Minor Lithologies: Thin beds and blebs of gray SILT and SAND are common in Sections 1,2,5.",CORE  80.2 - 89.4  MBSF
169,1034,B,11,H,89.7,99.29,Holocene,SILTY CLAY AND CLAYEY SILT Major Lithology: The sediments in this core comprise massive gray SILTY CLAY and CLAYEY SILT. Minor Lithologies: Rare blebs and patches of SAND occur in Sections 1 and 5.,CORE  89.7 - 99.29  MBSF
169,1034,B,12,H,99.2,107.48,Holocene,"SILTY CLAY AND CLAYEY SILT Major Lithology: The dominant lithology in this core is massive gray SILTY CLAY and CLAYEY SILT. Minor, very thin, silty partings occur in Section 1. Minor Lithologies: Rare blebs, patches and disseminated grains of SAND occur in Sections 2, 5 and 6.",CORE  99.2 - 107.48  MBSF
169,1034,B,13,H,108.7,116.68,Holocene,"SILTY CLAY AND CLAYEY SILT Major Lithology: The sediment in this core is massive gray SILTY CLAY AND CLAYEY SILT. Minor Lithologies: Thin laminae, partings and blebs of gray SAND occur Sections 1, 3, 4, 5.",CORE  108.7 - 116.68  MBSF
