Expedition/Leg,Site,Hole,Core Number,Core Type,Top depth cored (m),Bottom depth recovered (m),Age,Description,Core ID
143,868,A,1,R,0,2.21,Albian,"GRAINSTONE-RUDSTONE, MUDSTONE, PACKSTONE-GRAINSTONE, and FLOATSTONE Major Lithologies: Section 1, 0 cm to Section 2, 27 cm contains GRAINSTONE-RUDSTONE, white (10YR 8/2) composed almost entirely of rudist debris. Some local FLOATSTONE is present and contains gastropods, calcareous algae, oncoids, and micritized peloids. Keystone vugs occur in Section 1, 107-113 cm and 137-145 cm. In Section 2, 27-51 cm, there is an interval of MUDSTONE containing small gastropods and ostracods, as well as an internal cavity, filled with slightly darker sediment. Section 2, 51-62 cm contains PACKSTONE-GRAINSTONE with some partially filled cavities: Section 2, 62-70 cm comprises MUDSTONE with black pebbles, partly red-stained and containing cavities filled with banded red (10R 6/6) and white (10YR 8/2) MUDSTONE. In Section 2, 65-68 cm, there is speleothem development in the top of a cavity with a laminated crust in the base of void. ",CORE 0 - 2.21 MBSF
143,868,A,2,R,8,10.24,Albian,"WACKESTONE-PACKSTONE, FLOATSTONE, and BOUNDSTONE Major Lithologies: Discrete beds of WACKESTONE-PACKSTONE and FLOATSTONE, white (N9-10YR 8/2), with cm-scale fragments of rudist bivalves. Large caprinid shells occur in several places. Sclerosponge BOUNDSTONE intervals occur in Section 1, 47-53 cm and 77-90 cm, and in Section 2, 7-23 cm. Section 1, 55-75 cm contains abundant cm-scale requeinid rudist shells. Moldic and vuggy porosity are common throughout. Minor Lithology: Section 2, 62-70 cm comprises MUDSTONE, white (10YR 8/1), which forms 1-2 cm size rounded structures separated by vuggy granular boundaries. These may be burrow-structures. ",CORE 8 - 10.24 MBSF
143,868,A,3,R,11.1,13.1,Albian,"FLOATSTONE, PACKSTONE, and WACKESTONE Major Lithology: Section 1, 0-38 cm contains PACKSTONE-FLOATSTONE, white (10YR 8/2), with abundant rudist (caprinid) shells which have white micritic fringes and small mm-scale cavities with dog's tooth calcite. In Section 1, 38-47 cm, PACKSTONE, pink (5YR 7/3) with small angular bivalve shell fragments. Near the base of this interval is a cavity filled with grayish green MUDSTONE, with white calcitic lining. Section 1, 47-110 cm contains FLOATSTONE, light reddish brown (2.5YR 6/4 ) grading to red (2.5YR 5/6), with large caprinid shells. In the upper part of this horizon, these shells are dissolved and filled with several layers of pink to reddish brown MUDSTONE. In Section 1, 110-130 cm, WACKESTONE, red (2.5YR 5/6), with rounded small pebble-sized bivalve shells and black intraclasts. Section 2, 0-68 cm contains WACKSTONE- PACKSTONE, light red (10YR 6/6) grading to white (10YR 8/2) downward, with abundant bivalve shell fragments, some molds of gastropods and rudist shells and rare black pebble intraclasts. Rare moldic porosity is developed, and shows speleothems. The original texture of the sediment may have been a shell debris-rich PACKSTONE but with dissolution of aragonitic debris, the secondary cement (red) gives the appearance of a WACKESTONE. ",CORE 11.1 - 13.1 MBSF
143,868,A,4,R,13.1,15.64,Albian,"FLOATSTONE, WACKESTONE, and GRAINSTONE Major Lithologies: Discrete beds of FLOATSTONE and WACKESTONE, white (10YR 8/2) to very pale brown (10YR 8/3) and light gray (10YR 7/2), with rudists, other bivalves, gastropods, and red algae fragments. Section 1, 0-27 cm is stained light red (10R 6/6). Sporadic red staining occurs throughout Section 1. Moldic and vuggy porosity occur throughout. Speleothem deposits occur in some vugs in Section 2, 25-105 cm. Section 2, 82-118 cm comprises GRAINSTONE, white (10YR 8/2), poorly sorted. The grains are fragments of bivalves, and red and green algae, which are commonly micritized around the edges. A 6 cm clast of massive coral occurs in Section 2, 64-68 cm. ",CORE 13.1 - 15.64 MBSF
143,868,A,5,R,17.2,18.61,Albian,"FLOATSTONE Major Lithologies: FLOATSTONE, white (10YR 8/2), with much rudist debris, high-spired gastropods, sponge remains, possible chondrodontid oysters and oncoidally coated particles of millimeter scale. There is much solutional porosity with common spar-lined voids. Minor Lithology: Local levels of GRAINSTONE occur. The Interval 55-56 cm contains possible keystone vugs in a GRAINSTONE- PACKSTONE matrix. ",CORE 17.2 - 18.61 MBSF
,,,,,,,,,
