Expedition.Leg,Site_Number,Hole,Core_Number,Core_Type,Core_Top_MBSF,Core_Bottom_MBSF,Age,Description,Core_ID
182,1127,B,1,H,0,5.86,Pleistocene,"FORAMINIFERAL OOZE with sponge spicules decreasing downward. Fine-grained bioclasts are very abundant, foraminifers and nannofossils are common, as are traces of quartz and pyroxene.",CORE  0 - 5.86  MBSF
182,1127,B,2,H,5.9,15.37,Pleistocene,"UNLITHIFIED BIOCLASTIC PACKSTONE with benthic foraminifers, light gray to light olive gray in color. The texture is packstone throughout, although the grains in Section 3 are larger. Below Section 3, grains are small, but still larger than those above Section 3. Also present are planktonic foraminifers, sponge spicules, pteropods, ostracodes, and echinoid spines.",CORE  5.9 - 15.37  MBSF
182,1127,B,3,H,15.4,23.35,Pleistocene,"UNLITHIFIED BIOCLASTIC PACKSTONE with benthic foraminifers, nannofossils, sponge spicules, tunicate spines, and planktonic foraminifers. The core has massive fabric, mostly light gray in color, and fine to very fine-grained packstone texture.",CORE  15.4 - 23.35  MBSF
182,1127,B,4,H,24.9,34.67,Pleistocene,"UNLITHIFIED BIOCLASTIC PACKSTONE with benthic foraminifers. Very fine-grained, silt size, mud-rich packstone, massive and light-gray to light-olive-gray colors. The coarse fraction shows dominant bioclasts, abundant benthic foraminifers, common sponge spicules, present planktonic foraminifers, pteropods and ostracodes, and rare tunicate spicules, and echinoid spines. The abundance of planktonic foraminifers and the grain size decrease downward. The fine-fraction (smear slide, Section 4) shows abundant nannofossils, common benthic foraminifers and sponge spicules, as well as abundant bioclasts. Quartz grains are present, and tunicate spicules and radiolarians are rare. There is total bioturbation throughout with mottled horizons in Sections 3, 4, 5 and 7.",CORE  24.9 - 34.67  MBSF
182,1127,B,5,H,34.4,43.89,Pleistocene,"The core is entirely composed of monotonous UNLITHIFIED BIOCLASTIC PACKSTONE with benthic foraminifers. Color of the sediments is light-olive-gray to light gray, and the grain size is silt to very fine sand. The coarse fraction consists of dominant bioclasts, abundant benthic foraminifers, common sponge spicules. Planktonic foraminifers, pteropods, echinoid spines and ostracodes are present. Pteropods are rare. The matrix shows abundant nannofossils, common sponge spicules, and present benthic foraminifers, tunicate spicules and quartz grains. The core is bioturbated throughout with mottled horizons in Sections 5, 6 and 7. Polynices sp. (2 cm in size) in Section 2, 108 cm. Some scaphopod fragments in Section 2, 108, 118 and 138 cm, in Section 5, 31 cm, and in Section 6, 50 cm.",CORE  34.4 - 43.89  MBSF
182,1127,B,6,H,43.9,53.19,Pleistocene,"The dominant lithology of this core is light gray to light olive gray UNLITHIFIED BIOCLASTIC PACKSTONE with very fine-grained packstone texture. It is bioturbated throughout. The matrix contains dominantly calcareous nannofossils, abundant sponge spicules, benthic foraminifers, bioclasts, some planktonic foraminifers, tunicate spicules and quartz particles. The coarse fraction is composed of abundant bioclasts, benthic foraminifers, sponge spicules and planktonic foraminifers are common. pteropods, echinoid spines, and ascidian spicules are present. Large and small scaphopods. Scaphopod.",CORE  43.9 - 53.19  MBSF
182,1127,B,7,H,53.4,61.81,Pleistocene,"The dominant lithology of this core is light gray to light olive gray UNLITHIFIED BIOCLASTIC PACKSTONE with very fine-grained packstone texture. It is bioturbated throughout. The matrix contains dominantly nannofosils, abundant sponge spicules, bioclasts, some planktonic foraminifers, tunicate spicules, and quartz particles. The coarse fraction is composed of abundant bioclasts. Planktonic foraminifers, sponge spicules, and ostracodes are common. Tunicate spicules and echinoid spines are present. Large inclined, pale olive gray burrow. Delicate scaphopod.",CORE  53.4 - 61.81  MBSF
182,1127,B,8,H,62.9,70.54,Pleistocene,"UNLITHIFIED BIOCLASTIC PACKSTONE light gray to olive gray in color, with layers of NANNOFOSSIL OOZE light gray to olive gray in color and of FORAMINIFERAL OOZE light gray in color. The texture of the NANNOFOSSIL OOZE is wackestone, and the FORAMINIFERAL OOZE is grainstone. The sediment is bioturbated throughout. The matrix of UNLITHIFIED PACKSTONE, NANNOFOSSIL OOZE, and FORAMINIFERAL OOZE contains dominantly nannofossils, abundant bioclasts, sponge spicules, some planktonic foraminifers, tunicate spicules, and quartz grains. The coarse fraction of UNLITHIFIED PACKSTONE is composed of abundant bioclasts. Planktonic foraminifers and sponge spicules are common. The coarse fraction of NANNOFOSSIL OOZE is composed of abundant fine-grained bioclasts. Planktonic foraminifers and sponge spicules are common, and tunicate spicules are present. The coarse fraction of NANNOFOSSIL OOZE is composed of abundant fine to medium-grained bioclasts. Planktonic foraminifers and sponge spicules are common. Gradual color change. Gradual bioturbated contact. Slight color change. Shell layer with gastropods and clasts of serpulids.",CORE  62.9 - 70.54  MBSF
182,1127,B,9,H,72.4,80.79,Pleistocene,"The lithology of this core is light gray to pale olive gray UNLITHIFIED BIOCLASTIC PACKSTONE with very fine-grained packstone texture. The core is mottled due to bioturbation. Color changes are gradual. The matrix contains dominantly nannofossils, abundant bioclasts, sponge spicules, some planktonic foraminifers, tunicate spicules, and terrigenous particles. The coarse fraction is composed of abundant bioclasts. Planktonic and benthic foraminifers, sponge spicules, and bryozoans are common. Tunicate spicules and echinoid spines are present.",CORE  72.4 - 80.79  MBSF
182,1127,B,10,H,81.9,90.6,Pleistocene,"This core is dominated by NANNOFOSSIL OOZE rich in bioclastic fragments with wackestone texture. Color ranges from light gray to light olive gray and color changes are subtle and bioturbated. The core is mottled throughout and slightly disturbed due to gas expansion. The coarse fraction is dominated by skeletal fragments, abundant planktonic and benthic foraminifers, sponge spicules and articulated bryozoan zooecia. The matrix is composed of calcareous nannofossils, abundant bioclasts, common planktonic foraminifers and sponge spicules. There are traces of terrigenous material. Section 1 was disturbed on the rig floor. Greenish gray burrow.",CORE  81.9 - 90.6  MBSF
182,1127,B,11,H,91.4,100.31,Pleistocene,"The core consists of monotonous NANNOFOSSIL OOZE with bioclasts. The color is light gray to light olive gray. The sediment is unconsolidated and the texture is wackestone to packstone. The matrix consists of nannofossils and the coarse fraction consists of abundant bioclasts and sponge spicules, and common planktonic foraminifers, whereas benthic foraminifers, tunicate spicules and bryozoans are present. Section 7 was extruded from the barrel on the rig floor and is highly disturbed.",CORE  91.4 - 100.31  MBSF
182,1127,B,12,H,100.9,109.25,Pleistocene,"UNLITHIFIED BIOCLASTIC PACKSTONE. Light olive gray unlithified packstone dominated by bioclasts and nannofossils, with subordinate amounts of benthic and planktonic foraminifers, sponge spicules, tunicate spicules and echinoid spines. Heavily bioturbated throughout. Section 1 was extruded from the barrel onto the rig floor and is highly disturbed.",CORE  100.9 - 109.25  MBSF
182,1127,B,13,H,110.4,118.22,Pleistocene,"UNLITHIFIED BIOCLASTIC WACKESTONE with nannofossils. Sections 1-3 consist of light gray to gray unlithified wackestone. The dominant component in the fine fraction (smear slide) is nannofossils with subordinate amounts of bioclasts, planktonic and benthic foraminifers, and sponge spicules, and lesser amounts of tunicate spicules and bryozoans. Fossil fragments and burrows are scattered throughout, although both are more pronounced in Section 3. UNLITHIFIED to PARTIALLY LITHIFIED PACKSTONE and UNLITHIFIED GRAINSTONE. Sections 4 - Core Catcher consist of alternating layers of light gray - light olive gray, unlithified to partially lithified packstone and grainstone. Nannofossils remain the dominant component of the fine fraction (smear slides), but benthic foraminifers are more abundant. Bioclasts are also abundant, with subordinate amounts of sponge spicules, planktonic foraminifers, tunicate spicules, echinoid spines, and pteropods. Fossil fragments are less abundant than in Sections 1-3. Section 6 was extruded from barrel on rig floor and is highly disturbed.",CORE  110.4 - 118.22  MBSF
182,1127,B,14,H,119.9,127.43,Pleistocene,"The core is composed of monotonous UNLITHIFIED BIOCLASTIC PACKSTONE. Color of the sediments is light olive gray to light gray, and the grain size is fine to medium sand-sized. The coarse fraction consists of dominant bioclasts, abundant benthic foraminifers, common sponge spicules, planktonic foraminifers, rare pteropods, and echinoid spines. Traces of bryozoans are present. The matrix shows abundant nannofossils and sponge spicules, common bioclasts, benthic foraminifers and tunicate spicules. Planktonic foraminifers, radiolarians and quartz grains are present as well. The core is bioturbated throughout with mottled horizons in Section 2. Section 1 was extruded on the rig floor and is highly disturbed. Sub-millimeter-ordered organic fillaments in Section 4, 38-42 cm.",CORE  119.9 - 127.43  MBSF
182,1127,B,15,H,129.4,137.95,Pleistocene,"The core consists of UNLITHIFIED BIOCLASTIC WACKESTONE which in Section 2 passes gradually upwards into UNLITHIFIED BIOCLASTIC PACKSTONE. The color is light gray. The matrix consists of nannofossils and the coarse fraction is dominated by bioclasts with abundant benthic foraminifers and sponge spicules; planktonic foraminifers are present and ostracodes, bivalves, pteropods, bryozoans, echinoid spines, tunicate spicules, and brachipods are rare. The sediment is massive due to total bioturbation. Section 7 was disturbed on the rig floor.",CORE  129.4 - 137.95  MBSF
182,1127,B,16,H,138.9,145.61,Pleistocene,"UNLITHIFIED BIOCLASTIC WACKESTONE. Very fine-grained bioclastic wackestone, massive, with concentrations of millimeter-size skeletal fragments in burrows in Sections 1, 2 and 4. The coarse fraction shows dominant bioclasts (some blackened), and abundant benthic foraminifers, sponge and tunicate spicules. Ostracodes and planktonic foraminifers are present, and there are traces of glauconite. UNLITHIFIED BIOCLASTIC PACKSTONE. Fine to medium bioclastic packstone with massive texture and color. Benthic foraminifers are common. Sponge spicules are present, as are traces of echinoid spines. Millimeter-sized skeletal fragments occur thoughout. The fine fraction (smear slide in Section 4) shows abundant bioclasts, common nannofossils, sponge spicules and tunicate spicules, rare benthic and planktonic foraminifers, and traces of echinoid spines.",CORE  138.9 - 145.61  MBSF
182,1127,B,17,X,148.4,155.23,Pleistocene,"The core consists of monotonous succession of UNLITHIFIED BIOCLASTIC PACKSTONE. The color is light olive gray. The matrix is dominated by bioclasts and contains common nannofossils. The coarse fraction is dominated by bioclasts and contains common benthic foraminifers and sponge spicules, while planktonic foraminifers, echinoid spines, tunicate spicules, bivalves, ostracodes, and bryozoans are present to rare.",CORE  148.4 - 155.23  MBSF
182,1127,B,18,X,154.9,162.27,Pleistocene,"UNLITHIFIED BIOCLASTIC PACKSTONE. Massive, light olive gray unlithified packstone. Dominant components include nannofossils and bioclasts, followed by benthic foraminifers and sponge spicules. Benthic foraminifers and shell fragments are scattered throughout. Void.",CORE  154.9 - 162.27  MBSF
182,1127,B,19,X,164.5,171.44,Pleistocene,"The core consists of two different lithologies and textures. Sections 1 through 3 are dominated by UNLITHIFIED BIOCLASTIC WACKESTONE with numerous very fine-grained bioclasts and wackestone texture. The color ranges from pale olive gray to light gray. The coarse fraction is dominated by very fine-grained bioclasts and tiny planktonic foraminifers. The matrix contains abundant calcareous nannofossils, sponge spicules and bioclasts. Planktonic foraminifers are common and tunicate spicules present. The consolidation ranges from unconsolidated in Section 1 to stiff, partially lithified in Sections 2 and 3. Section 4 through to the Core Catcher is LIGHT GRAY PARTIALLY LITHIFIED PACKSTONE. Consolidated lumps are scattered throughout Section 4 and make up to 50% of the core. The coarse fraction contains 50% bioclasts, 20% small planktonic foraminifers, 10% benthic foraminifers, 10% articulated bryozoan zooecia and 10% echinoid spines and ostracodes. The matrix is dominated by calcareous nannofossils, fine-grained bioclasts and abundant small planktonic foraminifers. Sponge spicules and tunicate spicules are common.",CORE  164.5 - 171.44  MBSF
182,1127,B,20,X,174.1,180.15,Pleistocene,"The lithology of this core is dominated by PARTIALLY LITHIFIED BIOCLASTIC PACKSTONE. The sediment has light gray color and dominantly packstone texture. One exception in Section 3, 0-50 cm, is PARTIALLY LITHIFIED WACKESTONE layer with wackestone texture. The boundary is gradual and bioturbated. The core is partially lithified with 40-50% friable lumps scattered throughout the core. The coarse fraction is dominated by very small bioclasts, common planktonic foraminifers, some sponge spicules, benthic foraminifers and articulated zooidal bryozoans. Calcareous nannofossils and bioclasts dominate the matrix, followed by sponge spicules and planktonic foraminifers. Tunicate spicules are present.",CORE  174.1 - 180.15  MBSF
182,1127,B,21,X,183.7,191.94,Pleistocene,"This core consists of two different lithologis and textures. The upper part of Section 1 and Section 2 are dominated by light olive to light gray PARTIALLY LITHIFIED WACKESTONE with lithified layers and lumps. A well lithified layer is present in Section 1. The coarse fraction is dominated by small foraminifers and bioclasts. The matrix contains abundant bioclasts. Planktonic foraminifers and tunicate spicules are common. The lower part of Section 1 and Section 3 through to Core Catcher are pale olive to light olive gray, UNLITHIFIED to PARTIALLY LITHIFIED PACKSTONE. The core is unconsolidated in Section 3 through the Core Catcher, except in Section 5 where it is moderately consolidated. The coarse fraction is dominated by bioclasts. The matrix contains abundant bioclasts and sponge spicules. Planktonic foraminifers and tunicate spicules are common. Terrigenous materials are rare. Patch of gray, grainy burrows.",CORE  183.7 - 191.94  MBSF
182,1127,B,22,X,193.4,201.02,Pleistocene,"The entire core consists of pale olive gray PARTIALLY LITHIFIED BIOCLASTIC PACKSTONE. The texture is packstone with very fine-grained bioclasts. The coarse fraction contains abundant bioclasts, sponge spicules and tunicates are common, whereas small benthic and planktonic foraminifers are present. There are some ostracodes, wood fragments, and biotite. The matrix contains abundant calcareous nannofossils, sponge spicules and bioclasts. Benthic and planktonic foraminifers are present, dolomite is rare. Well lithified lumps (drilling biscuits?) are scattered throughout Sections 3 and 4.",CORE  193.4 - 201.02  MBSF
182,1127,B,23,X,203,211.2,Pleistocene,"This core consists of three different lithologies. Section 1 to Section 2 are dominated by light olive UNLITHIFIED PACKSTONE with uniform packstone texture. The coarse fraction contains abundant bioclasts and small benthic foraminifers. Sponge spicules are common. Mollusc fragments and large foraminifers are scattered throughout in Section 2. Patch of echinoderm fragments. Section 3 to the Core Catcher is composed of light olive to light gray UNLITHIFIED and PARTIALLY LITHIFIED BIOCLASTIC WACKESTONE. In Section 5, the texture is wackestone to fine-grained packstone texture. The sediment is moderately consolidated, except for unconsolidated parts in Sections 3 and 5. The coarse fraction is dominated by bioclasts and small benthic foraminifers. Sponge spicules and tunicate spicules are common. The matrix contains abundant nannofossils and sponge spicules. Shell fragments are found in several horizons of Sections 3 to 4.",CORE  203 - 211.2  MBSF
182,1127,B,24,X,212.6,219.11,Pleistocene,"The lithology of this core is light gray PARTIALLY LITHIFIED BIOCLASTIC PACKSTONE. The texture is uniformly fine-grained packstone. Lithification averages 60% with disturbed zones in between drilling biscuits. It is bioturbated throughout and burrows, light olive gray in color, are visible. The matrix in Section 3, 90 cm contains abundant calcareous nannofossils, some sponge spicules, bioclasts and clay. The coarse fraction in the above interval contains bioclasts, common small benthic foraminifers and sponge spicules Section 4, 90 cm, contains abundant calcareous nannofossils, common bioclasts, sponge spicules and clay is present. The coarse fraction is composed of bioclasts, small benthics, sponge spicules and some planktonic foraminifers.",CORE  212.6 - 219.11  MBSF
182,1127,B,25,X,222.3,229.83,Pleistocene,"This core consists of two different lithologies and textures. The lithology of Section 1 to 3 and the lower part of Section 5 to 6 is light olive to light gray, fine-grained PARTIALLY LITHIFIED BIOCLASTIC PACKSTONE with lithified layers and lumps. The sediment is moderately consolidated. The coarse fraction is dominated by bioclasts, sponge spicules, and benthic foraminifers. The matrix contains abundant nannofossils. It is bioturbated throughout Section 5. The lithology of Section 4 to the upper part of Section 5 is light olive gray to pale yellow, very fine-grained UNLITHIFIED BIOCLASTIC WACKESTONE. The sediment is consolidated, but highly compacted. The coarse fraction is dominated by bioclasts, benthic foraminifers, and sponge spicules. The matrix contains abundant nannofossils. It is bioturbated throughout. Some large burrows are found in Section 5, and filled with light gray to pale yellow, fine- to medium-grained bioclastic packstone.",CORE  222.3 - 229.83  MBSF
182,1127,B,26,X,231.9,239.73,Pleistocene,"UNLITHIFIED BIOCLASTIC PACKSTONE and WACKESTONE. Sections 1 and 2 consist of light gray to light olive gray UNLITHIFIED BIOCLASTIC PACKSTONE and WACKESTONE with nannofossils, planktonic and benthic foraminifers, sponge spicules and echinoid spines. Shell fragments are scattered throughout and bioturbation is heavy. PARTIALLY LITHIFIED BIOCLASTIC WACKESTONES and PACKSTONES. Sections 3 through Core Catcher consist of light gray to light olive gray PARTIALLY LITHIFIED WACKESTONES and PACKSTONES with nannofossils, planktonic and benthic foraminifers, sponge spicules, echinoid spines and ostracodes. Lithification is patchy, as some layers are more lithified than others. Shell fragments are scattered throughout and bioturbation is heavy.",CORE  231.9 - 239.73  MBSF
182,1127,B,27,X,241.5,250.49,Pleistocene,"PARTIALLY LITHIFIED BIOCLASTIC WACKESTONE. Very fine grained, massive and homogeneous wackestone. Millimeter-sized shell fragments and miliolid benthic foraminifers occur throughout. The coarse fraction is always dominated by bioclastic grains, benthic and planktonic foraminifers are common to present, sponge spicules are abundant to rare, and echinoid spines are rare to trace. The smear slide in Section 5 shows abundant nannofossils, sponge spicules and bioclasts, and presence of planktonic and benthic foraminifers, radiolarians and tunicate spicules. At the base of Section 2 the lithology is PARTIALLY LITHIFIED BIOCLASTIC PACKSTONE. PARTIALLY LITHIFIED WACKESTONE grading downward into PARTIALLY LITHIFIED BIOCLASTIC PACKSTONE. The change from wackestone to packstone texture is very gradual starting at 246.4 mbsf with an increase in grain size (to fine-grained sand) in the wackestone lithology. Through Sections 5 and 6 the texture is mud-lean wackestone and changes into packstone in Section 7. Section 6 was extruded from barrel on the rig floor and is highly disturbed.",CORE  241.5 - 250.49  MBSF
182,1127,B,28,X,251.1,259.87,Pleistocene,"PARTIALLY LITHIFIED BIOCLASTIC WACKESTONE to PARTIALLY LITHIFIED BIOCLASTIC PACKSTONE. This lithology consists of very fine bioclasts (dominant), benthic and planktonic foraminifers (some brown stained, present), sponge spicules (rare), echinoderm spines (rare) and glauconite grains (traces). It also contains millimeter-sized shell fragments and miliolid foraminifers throughout. The lithology is massive with isolated burrows in Sections 4 and 7 (in Section 7 the burrows are glauconite filled). The fine fraction (smear slide in Section 3) contains abundant nannofossils, common bioclasts and sponge spicules, rare benthic and planktonic foraminifers, and traces of tunicate spicules. Section 6 was extruded from the barrel on the rig floor and is highly disturbed.",CORE  251.1 - 259.87  MBSF
182,1127,B,29,X,260.8,270.83,Pleistocene,"The core consists of PARTIALLY LITHIFIED BIOCLASTIC PACKSTONE and PARTIALLY LITHIFIED BIOCLASTIC WACKESTONE. The boundaries between the two lithologies are gradational. The texture is packstone alternating with muddy packstone and wackestone. The color is light gray. The fine fraction (smear slide) contains abundant nannofossils and bioclasts, while benthic foraminifers, radiolarians and tunicate spicules are present, and planktonic foraminifers are rare. The coarse fraction is dominated by bioclasts, benthic foraminifers and sponge spicules are common, and planktonic foraminifers are common to present. Layers with small shell fragments occur in Section 4, 70-80 cm, Section 5, 12-25 cm and 110-118 cm, Section 6, 6-40 cm, and throughout Section 7. Thin muddy laminae, 1-2 mm thick, with total thickness of about 5 cm occur throughout Sections 6-7.",CORE  260.8 - 270.83  MBSF
182,1127,B,30,X,270.4,279.83,Pleistocene,"PARTIALLY LITHIFIED BIOCLASTIC WACKESTONE and PACKSTONE with nannofossils, planktonic and benthic foraminifers, and sponge spicules. Conspicuous benthic foraminifers and shell fragments are scattered throughout, although both are more common in the lower portion of the core. Lithification is patchy, as some layers are more lithified than others. The entire core is heavily burrowed.",CORE  270.4 - 279.83  MBSF
182,1127,B,31,X,280,289.78,Pleistocene,"The core consists of PARTIALLY LITHIFIED BIOCLASTIC PACKSTONE and PARTIALLY LITHIFIED BIOCLASTIC WACKESTONE. Color of the sediments is light gray to light olive gray, and the grain size is very fine sand-sized. The coarse fraction of the sediments is composed of dominant bioclasts, common benthic foraminifers, present sponge spicules and planktonic foraminifers, rare echinoid spines, and traces of ostracodes, tunicate spicules and pollen. The core is bioturbated throughout. Fine to medium sand-sized dark grains are abundant in Sections 5 and 6. Gray mudstone laminae, 1-2 mm thick, with silt-sized bioclasts; slightly burrowed by Chondrites.",CORE  280 - 289.78  MBSF
182,1127,B,32,X,289.7,296.22,Pleistocene,"The core consists of PARTIALLY LITHIFIED BIOCLASTIC PACKSTONE and PARTIALLY LITHIFIED BIOCLASTIC WACKESTONE. The two lithologies pass gradationally into each other and the difference is rather minor. The color is light gray and the texture is packstone (Sections 1, and 3 to 6) wackestone (Section 2). The fine fraction (smear slide) contains dominant bioclasts, abundant nannofossils. Planktonic foraminifers and sponge spicules are present. Traces of tunicate spicules and greenish-black unidentified grains are also found. The coarse fraction contains dominant bioclasts. Tunicate spicules, benthic foraminifers, planktonic foraminifers, sponge spicules are present. Rare greenish-black grains are also present. Small shell fragments occur in Section 1, 100 cm, Section 2, 93 cm, Section 3, 80-90 cm, Section 4, 17 cm, 47 cm and 125 cm.",CORE  289.7 - 296.22  MBSF
182,1127,B,33,X,299.3,308.08,Pleistocene,"The core consists of monotonous succession of light gray to gray PARTIALLY LITHIFIED BIOCLASTIC PACKSTONE. The matrix is dominated by calcareous nannofossils, bioclasts and common sponge spicules. Tunicates are present, whereas planktonic and benthic foraminifers are rarely found. There are traces of calcite spar and opaques. Some grains have cement rim. In Section 4, 85 cm the coarse fraction is dominated by bioclasts. Planktonic, benthic foraminifers and sponge spicules are present. The coarse fraction in Section 6, 80 cm, shows the same bioassemblage, however the foraminifers, sponge spicules are common and all grains show evidence of carbonate precipitation. The lithification is good to moderate. Section 5 is the first core which shows even lithification, no drilling biscuits, only fractures and brecciation. Section 6 was originally labeled as Core 32X with length of 32 cm. The identity is in question!",CORE  299.3 - 308.08  MBSF
182,1127,B,34,X,308.9,318.88,Pleistocene,"The dominant lithology of this core is light gray to light olive gray, PARTIALLY LITHIFIED BIOCLASTIC PACKSTONE with very fine-grained packstone texture. The core is disturbed (soupy to drilling breccia) and moderately lithified throughout. Color changes are subtle and bioturbated. Dark mm-scale laminae, spaced about 10-15 cm apart occur in Sections 5 through 7. The coarse fraction in Section 1, 11 cm, contains very fine grained bioclasts, minor amounts of planktonic foraminifers and traces of pteropods. The matrix is dominated by calcareous nannofossils, common bioclasts, calcite grains, and tunicates, while clay is present. In Section 4, 40 cm, the coarse fraction is composed of abundant bioclasts, small benthic foraminifers, some planktonic foraminifers, sponge spicules, ostracodes, minor tunicate spicules, and quartz grains. The matrix is dominated by calcareous nannofossils and common calcite. Sponge and tunicate spicules are present. Conspicuous miliolid benthic foraminifers (Pyrgo) are scattered throughout the core.",CORE  308.9 - 318.88  MBSF
182,1127,B,35,X,318.5,328.36,Pleistocene,"The lithology of this core is dominated by light olive gray to gray, homogeneous PARTIALLY LITHIFIED BIOCLASTIC PACKSTONE with very fine-grained packstone texture. The matrix contains abundant calcareous nannofossils, common bioclasts, and sponge spicules. Tunicate spines are present, whereas planktonic and benthic foraminifers are rare. In Section 3, 95 cm the coarse fraction is dominated by very fine-grained bioclasts and small benthic forminifers. Sponge spicules and tunicate spines are present. A gastropod and serpulid are present in Section 3. The upper part of Section 6 consists of pale olive gray PARTIALLY LITHIFIED BIOCLASTIC GRAINSTONE with fine-grained components. Shell fragments are surrounded by black reduction halo.",CORE  318.5 - 328.36  MBSF
182,1127,B,36,X,328.1,337.99,Pleistocene,"A PARTIALLY LITHIFIED BIOCLASTIC PACKSTONE with very fine-grained packstone texture is the dominant lithology of this core. It is disturbed (drilling biscuits to slight brecciation) throughout. The color ranges from light gray to light olive gray and changes are subtle and bioturbated. The coarse fraction, in Section 3, 133 cm, is dominated by very fine-grained bioclasts. The matrix consists of dominantely mud-sized bioclasts, common calcareous nannofossils, sponge spicules, and planktonic foraminifers. Tunicate spicules are present and benthic foraminifers and echinoid spines are rare. The matrix in Section 5, 110 cm contains the above assemblage, however the calcareous nannofossils are only present and bryozoans are rare. Section 5 contains no macrofossils. Section 7: Very faint coarsening-upward is visible. Throughout Section 7: No macrofossils and no structures are observed.",CORE  328.1 - 337.99  MBSF
182,1127,B,37,X,337.7,347.5,Pleistocene,"This core contains two different lithologies: PARTIALLY LITHIFIED BIOCLASTIC PACKSTONE from Section 1 through 5, 0-85 cm.The color ranges from light olive gray to light gray and has very fine-grained packstone texture. Drilling operations disturbed the core into breccia and drilling biscuits. The sediment is burrowed throughout, with occasional discrete burrows. The matrix in Section 3, 133 cm, is composed of abundant bioclasts, calcareous nannofossils, sponge spicules, and common tunicate spicules. Blackened grains are present throughout. PARTIALLY LITHIFIED WACKESTONE is the dominant lithology in Section 5, 85 to 150 cm and Section 6, 0-67 cm. The texture is wackestone with fine-grained components. The upper contact is sharp but burrowed, whereas the lower contact is sharp. The sediment is highly disturbed in Section 5 with soft sediment deformation which is interpreted as slump. The sediment in Section 6 is very homogeneous with some lamination at its base. The color is generally darker, ranging from light olive gray to olive gray.",CORE  337.7 - 347.5  MBSF
182,1127,B,38,X,347.3,357.19,Pleistocene,"This core is dominated by PARTIALLY LITHIFIED BIOCLASTIC PACKSTONE with fine-grained packstone texture. Color changes from light gray to gray are gradual and bioturbated. No macrofossils structures are visible in Section 1 through 5. Some coarser grained intervals occur throughout the core (e.g. Section 1, 55-80 cm).",CORE  347.3 - 357.19  MBSF
182,1127,B,39,X,357,366.69,Pleistocene,"Partially lithified BIOCLASTIC PACKSTONE and minor BIOCLASTIC WACKESTONE. Rock varies in color from light olive gray to very light gray in rhythmic fashion with color boundaries commonly gradational. Ichnofossils are particularly conspicuous in darker-hued units. The most obvious ichnofossils are Zoophycos and Planolites. Bioclasts, generally of fine to very fine sand and /or silt size, dominate the grains, with accessory planktonic foraminifers, benthic foraminifers, tunicate sclerites, sponge spicules and infaunal echinoid spines. One thin-shelled pelecypod and two serpulid worm tubes are the only macrofossils.",CORE  357 - 366.69  MBSF
182,1127,B,40,X,366.6,374.59,Pleistocene,"This core consists of the following two lithologies and textures: light olive to light gray, PARTIALLY LITHIFIED PACKSTONE and light gray to gray, very fine-grained PARTIALLY LITHIFIED WACKESTONE. The lithology of Section 1, 2, and the middle part of Section 5 through the Core Catcher is PARTIALLY LITHIFIED PACKSTONE with homogeneous fine-grained bioclastic packstone texture. The matrix contains abundant bioclasts, calcareous nannofossils, and common sponge spicules. Tunicate spines are present. In Section 2, 90 cm the coarse fraction is dominated by fine-grained bioclasts. Small benthic forminifers and sponge spicules are common. Echinoderm spines and planktonic foraminifers are present. In Section 5, 50 cm the coarse fraction is dominated by fine-grained bioclasts. Small benthic forminifers and sponge spicules are common. Tunicate spines are present. The lithology of Section 3 to the uppermost part of Section 5 is PARTIALLY LITHIFIED WACKESTONE with homogeneous very fine-grained bioclastic wackestone texture packstone texture. The coarse fraction is dominated by very fine-grained bioclasts. In Section 4, 73 cm sharp erosional contact is found. In Section 4, 77 cm to 90 cm Planolites and large burrow are observed. In Section 5, 20 cm PARTIALLY LITHIFIED WACKESTONE gradually changes into PARTIALLY LITHIFIED PACKSTONE. A large Thalassinoides-like burrow is found in Section 5, 60 cm.",CORE  366.6 - 374.59  MBSF
182,1127,B,41,X,376.2,386.06,Pleistocene,"Partially lithified BIOCLASTIC PACKSTONE and BIOCLASTIC WACKESTONE. The sediment overall is relatively uniform in composition and color and burrowed throughout. The grain-size of the bioclasts is either very fine sand silt, with variations in texture being due to the abundance of these particles.",CORE  376.2 - 386.06  MBSF
182,1127,B,42,X,385.6,395.46,Pliocene?-Pleistocene,"Partially lithified BIOCLASTIC PACKSTONE and BIOCLASTIC WACKESTONE. A relatively homogeneous section with variations due mainly to slight color changes from light gray (5Y 7/1) to light olive gray (5Y 6/3). The very fine sand- to silt-sized particles are mainly bioclasts with accessory planktonic foraminifers, sponge spicules and unidentified black grains. Conspicuous benthic foraminifers (? Pyrgo sp.) are scattered through the sediment. Most burrowing is diverse with local clear Planolites. There is one thin grainstone interval (Section 3; 102-105 cm) composed of the same particles as in the more muddy sediments.",CORE  385.6 - 395.46  MBSF
182,1127,B,43,X,395.2,404.45,Pliocene?-Pleistocene,"The core consists entirely of PARTIALLY LITHIFIED BIOCLASTIC PACKSTONE. Color is light olive to light gray, and the grain size is very fine sand-sized. The major components are bioclasts and benthic foraminifers with traces of serpulid worm tubes. The core is entirely bioturbated with burrows observed throughout. Fine-grained black grains are scattered in Sections 1 and 2.",CORE  395.2 - 404.45  MBSF
182,1127,B,44,X,404.8,414.54,Pliocene?-Pleistocene,"The core consists of PARTIALLY LITHIFIED BIOCLASTIC PACKSTONE and PARTIALLY LITHIFIED BIOCLASTIC WACKESTONE. The texture is dominantly packstone but wackestone in Sections 4 and 5. The boundaries between the two lithologies are gradational. The color is light gray and light olive gray in Section 5. The fine fraction (smear slide) contains abundant nannofossils, bioclasts and sponge spicules, and present benthic and planktonic foraminifers. The coarse fraction is dominated by bioclasts, benthic foraminifers are common but vary from abundant to present, sponge spicules are common to present, planktonic foraminifers and echinoid spines are present, and green grains (probably glauconite) and bryozoans occur in trace amounts. Millimeter-sized white benthic foraminifers and layers of fragmented shells occur throughout, especially in Sections 4 and 5.",CORE  404.8 - 414.54  MBSF
182,1127,B,45,X,414.4,424.16,Pliocene?-Pleistocene,"PARTIALLY LITHIFIED BIOCLASTIC WACKESTONE and PACKSTONE with nannofossils, benthic foraminifers, sponge and tunicate spicules, and traces of quartz and pyrite. Color varies from medium to very light gray. Discrete burrows are scattered throughout consisting mostly of Chondrites, followed by Planolites and Taenidium.",CORE  414.4 - 424.16  MBSF
182,1127,B,46,X,424,429.89,Pliocene?-Pleistocene,"The core consists of PARTIALLY LITHIFIED BIOCLASTIC PACKSTONE with foraminifers and PARTIALLY LITHIFIED BIOCLASTIC WACKESTONE with foraminifers. The color is light gray. The texture varies between packstone, muddy wackestone and wackestone, with gradational boundaries between the lithologies. The coarse fraction consists of dominant bioclasts, common to present benthic foraminifers, present sponge spicules and echinoid spines, traces of bryozoans, ostracodes, glauconite grains and pollen. The core is strongly disturbed with biscuits almost throughout, and bioturbation is difficult to estimate, but seems to be heavy. Section 4, 50-96 cm is the only part of the core which is not strongly disturbed. It shows dense burrowing by Chondrites and Planolites, level with small shell fragments, and scaphopod at 64 cm.",CORE  424 - 429.89  MBSF
182,1127,B,47,X,433.7,441.74,Pliocene?-Pleistocene,"UNLITHIFIED BIOCLASTIC WACKESTONE and PACKSTONE with nannofossils, benthic foraminifers, and sponge spicules. Planktonic foraminifers, bryozoans, echinoid spines, quartz, glauconite and pyrite are present in trace amounts. Color varies from gray to very light gray. Shell fragments and benthic foraminifers are visible throughout the core. Chondrites burrows are common, and coarser grain-filled burrows occur in Sections 3 - Core Catcher.",CORE  433.7 - 441.74  MBSF
182,1127,B,48,X,443.3,453.04,Pliocene?-Pleistocene,"The core consists of PARTIALLY LITHIFIED BIOCLASTIC WACKESTONE AND PACKSTONE with subordinate PARTIALLY LITHIFIED BIOCLASTIC MUDSTONE AND GRAINSTONE. Colors are light olive gray to light gray white with gradual transitions. Grain size is very fine to fine sand-sized. The major components are bioclasts and benthic foraminifers with traces of unknown fine-grained black grains. The core is bioturbated throughout, and burrows are observed in Sections 2 through 6. Sediments infilling the burrows are generally fine to medium sand-sized with packstone to grainstone textures. Bryozoan fragments in Section 5 at 70 and 110 cm. Slumped interval characterized by rotated clast. Pyrite infilled burrows in Section 5 between 100-120 cm.",CORE  443.3 - 453.04  MBSF
182,1127,B,49,X,452.9,459.65,Pliocene?-Pleistocene,"Alternating PARTIALLY LITHIFIED BIOCLASTIC WACKESTONE and PARTIALLY LITHIFIED PACKSTONE. These light gray to light-olive gray lithologies are bioturbated and very fine to fine-grained. Medium-size grains fill centimeter-scale, subhorizontal burrows with grainstone texture. Bioclasts are abundant, benthic and planktonic foraminifers are present, and very small pyrite crystals aggregate around very small burrows in parts of the core. The fine fraction in one of the clasts shows abundant nannofossils and bioclasts, common sponge spicules and benthic foraminifers, and rare echinoid spines. Slumped interval characterized by mud-rich wackestone with slump blocks. The clasts (4-5 cm in size) and matrix have similar composition (PARTIALLY LITHIFIED mud-rich WACKESTONE).",CORE  452.9 - 459.65  MBSF
182,1127,B,50,X,462.5,472.28,"462.5-467.2 mbsf: Pliocene?-Pleistocene, 467.2-479.97 mbsf: Miocene","The core consists of PARTIALLY LITHIFIED BIOCLASTIC PACKSTONE, PARTIALLY LITHIFIED WACKESTONE and NANNOFOSSIL CHALK. An upper unit of PARTIALLY LITHIFIED BIOCLASTIC PACKSTONE overlies NANNOFOSSIL CHALK with sharp boundary (Section 4, 20 cm). The chalk passes downward into PARTIALLY LITHIFIED BIOCLASTIC WACKESTONE and PACKSTONE (Section 4, 130 cm). The PARTIALLY LITHIFIED BIOCLASTIC PACKSTONE is light gray. The coarse fraction contains dominant bioclasts, common benthic foraminifers and sponge spicules, and present planktonic foraminifers. The sediment is burrowed throughout and contain well-defined Zoophycos, Chondrites and Planolites. Marked and sharp lithological boundary between PARTIALLY LITHIFIED WACKESTONE and PACKSTONE, and NANNOFOSSIL CHALK. The NANNOFOSSIL CHALK is light gray, and has mudstone texture. The fine fraction (smear slide) contains dominant nannofossils, common sponge spicules, present planktonic foraminifers and bioclasts. The coarse fraction contains dominant bioclasts, common sponge spicules and present planktonic foraminifers. The chalk is strongly burrowed and contains well-defined Chondrites, Planolites and other burrows throughout. There is marked downwards decrease in amount of bioclasts across the boundary between the PARTIALLY LITHIFIED BIOCLASTIC PACKSTONE and the NANNOFOSSIL CHALK (Section 4, 20 cm).",CORE  462.5 - 472.28  MBSF
182,1127,B,51,X,472.1,479.97,Miocene,"Partially lithified BIOCLASTIC PACKSTONE to locally BIOCLASTIC WACKESTONE. The sediment is in discrete units that range in color from white (5Y 7/1) to olive gray (5Y 6/2) and have sharp to diffuse boundaries. The very fine sand to silt-size grains are mainly bioclasts and glauconite with accessory planktonic foraminifers, benthic foraminifers, sponge spicules, unidentified black grains and intraclasts. There is zone of possible slumps in Section 5; 95-103 cm. Small intraclasts occur in Section 6; 16-22 cm and 33 cm.",CORE  472.1 - 479.97  MBSF
182,1127,B,52,X,481.7,487.97,Miocene,"This core is highly disturbed, brecciated section composed of series of lumps and clasts in soupy slurry. PARTIALLY LITHIFIED BIOCLASTIC PACKSTONE to PARTIALLY LITHIFIED GLAUCONITIC BIOCLASTIC PACKSTONE. The sediment is fine-grained bioclastic packstone that ranges in induration from completely unconsolidated to well-cemented to locally silicified. Bioturbation is moderate where present in lithified clasts. Glauconite is dark green to black and grains are multilobate.",CORE  481.7 - 487.97  MBSF
182,1127,B,53,X,491.4,493.72,Miocene,"Pieces of PARTIALLY LITHIFIED BIOCLASTIC PACKSTONE with fine-grained packstone texture. In Section 1, 60-150 cm, Section 2 and Core Catcher, angular pieces of the above lithology are floating in drilling mud. The sediment contains no macrofossils and no sedimentary structures.",CORE  491.4 - 493.72  MBSF
182,1127,B,55,X,507.7,507.76,Miocene,"Pieces of heavily chertified, dark gray BIOCLASTIC PACKSTONE. Some vugs infilled with non-chertified chalky material (probably unaltered burrows). Contours of bioclasts can be recognized in the chert, as well as blackened grains.",CORE  507.7 - 507.76  MBSF
