Expedition/Leg,Site,Hole,Core Number,Core Type,Top depth cored (m),Bottom depth recovered (m),Age,Description,Core ID
146,893,B,1,H,0,2.34,Holocene,"DIATOM NANNOFOSSIL SILTY CLAY Major Lithology: Olive gray (5Y 4/2) DIATOM NANNOFOSSIL SILTY CLAY. This lithology is mainly well laminated with minor structureless intervals in Section 1, 40.5-53.5 cm, 75-92 cm; Section 2, 35-43 cm, and CC, 14-20 cm. Minor Lithology: Gray (5Y 5/1) massive beds of SILTY CLAY AND CLAYEY SILT found in Section 1.64-65 cm, 123.5-123.8 cm, 124.5-129 cm, and Section 2, 10-19 cm. General Description: Comment: During description, color of freshly split core changes from black (N1) to olive gray due to oxidation. Some massive olive beds preserve a crudely laminated amalgamation of normally graded and massive sublayers. Gray bed in Section 2,10-19 cm, contains 4 discrete depositional units; gray bed in Section 1, 124.5-129 cm, appears to consist 3 discrete, normally graded depositional units. ",CORE 0 - 2.34 MBSF
146,893,B,2,H,2.3,12.24,Holocene,"DIATOM NANNOFOSSIL SILTY CLAY Major Lithology: Olive gray (5Y 4/2) DIATOM SILTY CLAY. This lithology is well laminated to indistinctly laminated silty clay, with intercalated gray (5Y 5/1) beds and olive gray (5Y 4/2) massive, partly bioturbated intervals at Section 1, 79-86 cm, 131-141 cm; Section 2, 48-51 cm, 107-125 cm; Section 4, 11-50 cm, 56-66 cm; Section 5,111-150 cm; Section 6, 70 cm-bottom 150 cm; Section 7, all massive, and CC, all massive. Minor lithology Gray (5Y 5/1) SILTY CLAY beds occur at Section 1, 51-59 cm, 123-124 cm, 145-150 cm; Section 2, 19-20 cm, 37-38 cm, 86-100 cm, 144-148 cm; Section 3, 4-6 cm, 9-11 cm, 13-16 cm, 27-28 cm, 29-30 cm, 39-43 cm, 71-73 cm, 107-119 cm; Section 4, 4-10 cm, 53-55 cm, 75-77 cm, 80-81 cm, 94-96 cm,139-142cm,148-149cm; Section 5, 26-36 cm, 45-51 cm; Section 6, 44-45 cm, 54-67 cm, 78-80 cm; Section 7, 3-7 cm, 52-54 cm; and CC, 10-11 cm, 15-16 cm. General Description: Color banding is subtle but apparent as core drys. Contains light olive brown layers (2.5Y 4/3) mottled with black in Section 4, 93-102 cm, and Section 5, 46-54 cm, and 84-93 cm. ",CORE 2.3 - 12.24 MBSF
146,893,B,3,H,11.8,21.94,Holocene,"DIATOM NANNOFOSSIL SILTY CLAY Major Lithology: Olive gray (5Y 4/2) well-laminated to indistinctly laminated DIATOM NANNOFOSSIL SILTY CLAY, intercalated with gray beds (5Y 5/1). Olive gray (5Y 4/2) massive, partly bioturbated intervals are present in Section 1, 58-71 cm, 122-150 cm; Section 2, 0-60 cm, 64-75 cm; Section 3, 125-129 cm, 140-143 cm; Section 4, 15-27 cm, 49-59 cm, 82-92 cm, 95-107 cm; Section 7, 30-82 cm; and CC, 0-34 cm. Middle portion of core is light olive gray (2.5Y 5/3) and appears orangish to eye. Minor Lithologies: Gray (5Y 5/1) beds of SILTY CLAY and CLAYEY SILT occur at Section 1, 21-22 cm, 32-33 cm, 4 7 ^9 cm, 65-66 cm, 97-100 cm, 111-114 cm, 116-117 cm; Section 2, 9-12 cm, 90-97 cm, 105-111 cm; Section 3, 30-35 cm, 43^19 cm, 80-84 cm; Section 4, 12-13 cm, 69-71 cm; and Section 6,11-12 cm. Distinct burrow mottling occurs at Section 4, 82-92 cm, 94-106 cm, 139-150 cm, Section 5, 0-10 cm, 68-109 cm, 135-150 cm; Section 6, 107-135 cm; and Section 7, 0-33 cm. ",CORE 11.8 - 21.94 MBSF
146,893,B,4,H,21.3,31.41,late Pleistocene,"NANNOFOSSIL DIATOM SILTY CLAY and SILTY CLAY Major Lithologies: Sections 1, 2. Olive gray (5Y4/2) well-laminated DIATOM NANNOFOSSIL SILTY CLAY, intercalated with subordinate, 1-5 cm thick, structureless olive gray intervals in Section 1, 49-54 cm, 76-78 cm, 80-85 cm, 149-150 cm, and Section 2, 16-17 cm, 48-50 cm, 75-76 cm, 100-103 cm, 128-130 cm, 137-139 cm, 140-141 cm, and 148-150 cm. Section 3 -CC Light olive gray brown (2.5Y 5/3) to olive gray (5Y4/2) massive SILTY CLAY, partly bioturbated/mottled, with dark gray to black (N3-N2) specks throughout. Minor Lithologies: Sand to sandy silt layers can be found in Section 3,11-12 cm; Section 5, 7-8 cm, 9-10 cm, 77-78 cm; and Section 6, 78-79 cm. ",CORE 21.3 - 31.41 MBSF
146,893,B,5,H,30.8,41.03,late Pleistocene,"SILTY CLAY Major Lithology: Olive gray (5Y 4/2) massive SILTY CLAY. Mottling occurs throughout. Minor Lithologies: Layers of olive gray (5Y 4/2) SAND occur at Section 2, 98-100 cm. Thin intervals of laminated DIATOM NANNOFOSSIL SILTY CLAY occur at Section 6, 0-6 cm, 54-61 cm. ",CORE 30.8 - 41.03 MBSF
146,893,B,6,H,40.3,50.39,late Pleistocene,"SILTY CLAY Major Lithology: Olive gray (5Y 4/2) massive SILTY CLAY which is mottled and bioturbated throughout. Minor Lithology: Olive gray (5Y 4/2) laminated NANNOFOSSIL DIATOM SILTY CLAY is found in Section 1,121-128 cm; Section 3, 1-10 cm; Section 6, 106-150 cm; and Section 7, 17-24 cm. Olive gray (5Y 4/2) SAND to SILTY SAND layers occur in Section 2, 10-13 cm; Section 3, 110-121 cm; Section 4, 29-32 cm, 76-77 cm; and Section 5, 126-127 cm, 129-130 cm. Gray (5Y 5/1) SILTY CLAY bed at Section 7, 25-27 cm. Yellowish red (5YR 4/6) mottling in Section 4, 10-24 cm, 100-124 cm, and Section 5, 11-72 cm. ",CORE 40.3 - 50.39 MBSF
146,893,B,7,H,49.8,59.96,late Pleistocene,"SILTY CLAY and DIATOM SILTY CLAY Major Lithologies: Olive gray (5Y 4/2) massive SILTY CLAY which is mottled throughout with blackish and yellowish red streaks. Olive gray (5Y 4/2) and very dark gray (5Y 3/1) laminated DIATOM SILTY CLAY at Section 1, 90-149 cm, Section 2, 3-20 cm, 27-31 cm, 35-56 cm, Section 4, 74-109 cm, 122-150 cm, Section 5, 1-2 cm, 7-76 cm, 80-89 cm, 102-126 cm, 130-136 cm, 138-149 cm, Section 6, 7-12 cm, Section 7, 0-8 cm, and CC, 33-54 cm. Minor Lithologies: Gray (5Y 5/1) beds at Section 1, 149-150 cm, Section 2, 0-3 cm, 31-35 cm, Section 5, 3-7 cm, 77-80 cm, 97-102 cm, 126-129 cm, 136-137 cm, and Section 6, 0-7 cm. Sandy beds at Section 4, 70-74 cm, and Section 6, 36-37 cm and 39-61 cm. Sandy pocket in Section 6, 87-91 cm, appears to be drilling disturbance. Tar pebble (?) at Section 2, 99-100 cm. ",CORE 49.8 - 59.96 MBSF
146,893,B,8,H,59.3,69.56,late Pleistocene,"SILTY CLAY Major Lithology: Very dark gray (5Y 3/1) to olive gray (5Y 4/2) well-laminated DIATOM SILTY CLAY in Section 1, 65-124 cm, Section 4, 53-150 cm, Section 5 143-150 cm, and partially bioturbated lamination in Section 6, 71-88 cm, Section 7, 5-18 cm, 34-60 cm. Thin laminae of pure DIATOM OOZE occasionally occur. Olive gray (5Y 4/2) SAND at Section 5, 73-143 cm. Olive gray (5Y 4/2) massive SILTY CLAY. Minor Lithologies: Thin SAND layers are found in Section 2, 8-11 cm, 133-139 cm, Section 3, 50-52 cm, 127-128 cm, and Section 6, 0-6 cm. Gas voids at Section 2, 37-79 cm, 89-135 cm and Section 5, 42-66 cm. Drilling disturbances at Section 2, 13-26 cm, Section 3, 0-50 cm, and CC, 0-20 cm. ",CORE 59.3 - 69.56 MBSF
