Expedition/Leg,Site,Hole,Core Number,Core Type,Top depth cored (m),Bottom depth recovered (m),Age,Description,Core ID
139,855,C,1,R,0,8.45,upper Pleistocene-Holocene,"SILTY CLAY Major Lithology: Olive gray (5Y 5/2) feldspar and quartz SILTY CLAY with abundant forams and rads and some nannofossils and diatoms. Mostly homogeneous texture throughout, except for turbidites. Minor gray streaks possibly iron sulfide of diagenetic origin, but no H2S odor. Minor Lithology: Pockets and layers of DARK GRAY QUARTZ AND FELDSPAR SILT WITH MAFIC ACCESSORIES; turbidatic commonly deformed and locally dismembered by drilling. 139-855C-1R-1 UNIT 1: HIGHLY PLAGIOCLASE-OLIVINE PHYRIC BASALT ",CORE 0 - 8.45 MBSF
139,855,C,2,R,8.7,18.03,upper Pleistocene,"SILTY CLAY Major Lithology: Greenish gray SILTY CLAY with dismembered and highly disturbed dark gray layers of SILT and SAND. Clumps of more indurated, dark greenish gray (5GY 4/1) material are present in section 2. Minor Lithologies: Gray (5Y 5/1) to dark gray (5Y 4/1) SILT and SAND of probable turbiditic origin. Basal contacts are erosional and units fine upward. Layers are dismembered in sections 1, 2, 5, 6. Pale gray (5Y 5/1) CLAY is interbedded with SILTY CLAY in section 1, 4-10 cm. The top of the core has a high water content. General Description: Streaks of diagenetic framboidal sulfide are locally present and may constitute up to several per cent of the sediment. Abundant nannofossils and foraminifers appear in section 2-4. A gas pocket occurs in section 4, 47-52 ",CORE 8.7 - 18.03 MBSF
139,855,C,3,R,17.7,25.36,upper Pleistocene,"SILTY CLAY, MODERATELY INDURATED and CLAYEY SILT AND FINE SAND Major Lithologies: Dark greenish gray (5G 4/1) moderately indurated SILTY CLAY interlayered with dark greenish gray turbiditic SILT and SAND. In section 1 there are local clumps of indurated SILTY CLAY associated with an increased abundance of foraminifers. The SILTY CLAY is partly altered to authigenic clay which infills pores and calcite which replaces the foraminifers. CLAYEY SILT AND FINE SAND comprise variably dismembered and deformed bands of turbidites. The turbiditic layers have sharp, commonly scoured, bases which fine upwards. General Description: Common diagenetic sulfides discolor the sediment with black patches and streaks. ",CORE 17.7 - 25.36 MBSF
139,855,C,4,R,27.1,33.06,upper Pleistocene,"SILTY CLAY AND SILT Major Lithology: Dark greenish gray (5G 4/1) SILTY CLAY with minor interbeds of turbiditic SAND. Black streaks and patches of diagenetic sulfide are common. Local induration creates a lumpy appearance. The induration results from diagenetic calcite which infills pores and from the presence of diagenetic of clays. Minor Lithology: Dark gray (5Y 4/1) SILT and FINE SAND occur in discrete upward-fining beds with sharp, eroded bases. These beds are highly to moderately deformed by drilling. ",CORE 27.1 - 33.06 MBSF
139,855,C,5,R,36.6,36.62,NA,Entire core given to paleontologists.,CORE 36.6 - 36.62 MBSF
139,855,C,6,R,46.5,56.36,upper Pleistocene,"SILTY CLAY Major Lithology: Dark greenish gray (5G 4/1) hemipelagic SILTY CLAY interbedded with grayish olive green (5GY 3/2) turbiditic CLAYEY SILT and FINE SAND. The whole core is badly brecciated, presumably as a result of drilling.",CORE 46.5 - 56.36 MBSF
139,855,C,7,R,56.1,65.46,upper Pleistocene,"CLAY WITH PLAGIOCLASE SILT and PLAGIOCLASE SILTY CLAY General Description: Core consists of a series of fining-upward units which grade from dark gray (5GY 4/1) SILT and FINE SAND to dark greenish gray (5G 4/1) CLAY and are overlain by stiff, homogeneous dark greenish gray (5BG 4/1) CLAY. The greenish color at the top of the turbidite sequences fades within minutes. The upper clayey parts of the units are commonly bioturbated; the entire section at 7R-4, 74-115 cm is mottled by burrowing. A small fragment of subaerial pumice occurs at Section 5, 5 cm. ",CORE 56.1 - 65.46 MBSF
139,855,C,8,R,65.7,67.24,upper Pleistocene,CLAY WITH PLAGIOCLASE SILT and PLAGIOCLASE SILTY CLAY General Description: Fining-upward turbidite SILT and CLAY (as in core 855-7R).,CORE 65.7 - 67.24 MBSF
139,855,C,9,R,75.2,75.79,upper Pleistocene,SILTY CLAY General Description: Gray (5BG 4/1) SILTY CLAY. Core is completely disturbed. The lithology of the sediment appears to be the same as Core 855C-7R.,CORE 75.2 - 75.79 MBSF
139,855,C,10,R,84.9,90.56,Pleistocene,"QUARTZ-PLAGIOCLASE SILTY CLAY
and QUARTZ-PLAGIOCLASE SANDY
CLAY General Description: Dominantly homogeneous, stiff dark greenish gray (10Y 4/1) CLAY throughout with one distinct, very dark greenish gray (10Y 3/1), sharp-based, turbiditic SANDY CLAY layer at 10R-4, 68-50 cm. The SANDY CLAY layer contains a small (4 mm) igneous clast.",CORE 84.9 - 90.56 MBSF
139,855,C,11,R,94.6,96.92,Pleistocene,"PLAGIOCLASE SAND and PLAGIOCLASE SANDY CLAY General Description: Core contains three distinct, dark greenish gray (5GY 4/1), turbiditic units. Each unit is characterized by a sharp basal contact overlain by a thick (60 -116 cm) silty layer that fines upward into a thin ( 3 - 15 cm) clay layer near the top. ",CORE 94.6 - 96.92 MBSF
139,855,C,12,R,101.2,101.22,NA,139-855C-12R-CC UNIT 2: SPARSELY PLAGIOCLASE-PHYRIC BASALT  ,CORE 101.2 - 101.22 MBSF
139,855,C,13,R,106.9,106.9,NA,NO RECOVERY,CORE 106.9 - 106.9 MBSF
