Expedition/Leg,Site,Hole,Core Number,Core Type,Top depth cored (m),Bottom depth recovered (m),Age,Description,Core ID
130,803,A,1,H,0,8.04,Pleistocene,Core was not split on ship.,CORE 0 - 8.04 MBSF
130,803,A,2,H,8,17.9,Pleistocene,Core was not split on ship.,CORE 8 - 17.9 MBSF
130,803,A,3,H,17.5,27.55,upper Pliocene,Core was not split on ship.,CORE 17.5 - 27.55 MBSF
130,803,A,4,H,27,37.02,upper Pliocene,"Sections 1 through 3 were not split on ship. NANNOFOSSIL OOZE and NANNOFOSSIL OOZE with FORAMINIFERS Major lithology: This core contains NANNOFOSSIL OOZE and NANNOFOSSIL OOZE with FORAMINIFERS. These sediment types grade from white (2.5Y N8/) to light gray (2.5Y N7/), and are slightly to heavily bioturbated. Faint pale green (5G 6/2) color banding occurs in Sections 4 and 5. ",CORE 27 - 37.02 MBSF
130,803,A,5,H,36.5,46.39,upper Pliocene,NANNOFOSSIL OOZE Major lithology: This core contains slightly to 1 color banding is present throughout the core. The primary color of the sediments is white (2.5Y 8/0) to gray (2.5Y 7/0). Color ranges from greenish (10Y 8/1) to purplish (10Y 7/2) in the color bands.,CORE 36.5 - 46.39 MBSF
130,803,A,6,H,46,56.09,lower Pliocene,NANNOFOSSIL OOZE Major lithology: This core contains slightly to heavily bioturbated NANNOFOSSIL OOZE. Faint color banding is present throughout the core. The primary color of the sediments is white (2.5Y 8/0) to gray (2.5Y 7/0). Color ranges from olive green (10Y 6/2) to gray-purplish (2.5Y 6/1) in the color bands. ,CORE 46 - 56.09 MBSF
