Expedition/Leg,Site,Hole,Core Number,Core Type,Top depth cored (m),Bottom depth recovered (m),Age,Description,Core ID
130,803,D,1,H,0,2.43,Pleistocene,"FORAMINIFER NANNOFOSSIL OOZE Major lithology: This core contains white (2.5Y 8/2) to light yellowish brown (2.5Y 6/4) FORAMINIFER NANNOFOSSIL OOZE. The sediment is uniform, and exhibits slight bioturbation and some mottling. ",CORE 0 - 2.43 MBSF
130,803,D,2,H,2.5,12.44,Pleistocene,"FORAMINIFER NANNOFOSSIL OOZE and NANNOFOSSIL OOZE with FORAMINIFERS Major lithology: This core contains FORAMINIFER NANNOFOSSIL OOZE grading into a NANNOFOSSIL OOZE with FORAMINIFERS in Section 6. The primary color of the sediment is white (10YR 8/2), alternating (on a cm-scale) with very pale brown (10YR 8/3). The sediment is homogeneous and slightly to heavily (Section 4) bioturbated. Some black mottling is apparent. ",CORE 2.5 - 12.44 MBSF
130,803,D,3,H,12,21.84,upper Pliocene,"NANNOFOSSIL OOZE with FORAMINIFERS and NANNOFOSSIL OOZE Major lithology: This core contains NANNOFOSSIL OOZE with FORAMINIFERS grading into NANNOFOSSIL OOZE in Section 6. The primary color of the sediments is white (10YR 8/1), changing gradually to white (2.5Y 8/0) in Section 4. Beginning in Section 5, faint green (10GY 7/2) and light gray (2.5Y 7/0) color banding is observed. The sediment is homogeneous and shows slight bioturbation. Faint mottling and a few open burrows are observed.",CORE 12 - 21.84 MBSF
130,803,D,4,H,21.5,31.51,upper Pliocene,NANNOFOSSIL OOZE with FORAMINIFERS and NANNOFOSSIL OOZE Major lithology: This core contains NANNOFOSSIL OOZE with FORAMINIFERS grading into NANNOFOSSIL OOZE below Section 2. The sediment is homogeneous and dominantly white (2.5Y 8/0). Horizontal reddish gray (5R 6/1) and light green (10GY 7/2) color bands spanning intervals of 15- 30 cm are apparent at intervals of 50-100 cm. Mottling of the sediment is common. ,CORE 21.5 - 31.51 MBSF
130,803,D,5,H,31,40.92,upper Pliocene,"NANNOFOSSIL OOZE Major lithology: This core contains NANNOFOSSIL OOZE. The sediments are homogeneous, bioturbated, mottled and predominantly white (2.5Y 8/0). Horizontal reddish gray (5R 6/1) and light green (10GY 7/2) color bands are present in Sections 4, 5 and 6.",CORE 31 - 40.92 MBSF
130,803,D,6,H,40.5,50.37,lower Pliocene,"NANNOFOSSIL OOZE Major lithology: This core contains slightly to heavily bioturbated and mottled NANNOFOSSIL OOZE. The color is mainly white (2.5Y 8/0), but grades into light gray (N7/) downsection. Faint, light greenish gray (5G 7/1) to greenish gray (5G 6/1) color bands are present in Sections 3, 4, 6 and 7. Sections 1 and 2 may not be representative sections, since drilling only advanced 5.6 m while 9.8 m of core were recovered. ",CORE 40.5 - 50.37 MBSF
130,803,D,7,H,46.1,56.08,lower Pliocene,"NANNOFOSSILOOZE Major lithology: This core contains slightly to heavily bioturbated, mottled NANNOFOSSIL OOZE. The color of the sediments is mainly white (2.5Y 8/0). Faint, reddish gray (5R 6/1) to pale green (10G 6/2) color bands are present throughout core.",CORE 46.1 - 56.08 MBSF
130,803,D,8,H,55.6,65.53,lower Pliocene,"NANNOFOSSIL OOZE Major lithology: This core contains slightly to moderately bioturbated NANNOFOSSIL OOZE. The primary colors ol the sediment are white (7.5YR N8/ and 10YR 8/1) and light gray (N7/), with faint, light blue gray (5B 7/1), light greenish gray (5G 7/1), and reddish gray (5R 6/1) color banding evident throughout the core. Cm-scale pyritized burrow fills are located at Section 1, 75-79 cm, Section 3, 115-118 cm, and Section 4, 56-59 cm.",CORE 55.6 - 65.53 MBSF
130,803,D,9,H,65.1,74.92,upper Miocene,NANNOFOSSIL OOZE Major lithology: This core contains slightly to heavily bioturbated NANNOFOSSIL OOZE. The primary color of the sediment is white (2.5Y 8/0). Reddish gray (5R 6/1). pale green (1OG 6/2) ind light gray (N7/) color banding and burrow fills are present throughout the core. Microfaults (1 -3 cm offset) appear in the upper 25 cm of Section 2. ,CORE 65.1 - 74.92 MBSF
130,803,D,10,H,74.6,84.46,upper Miocene,"NANNOFOSSIL OOZE with FORAMINIFERS Major lithology: This core contains NANNOFOSSIL OOZE with FORAMINIFERS. It is heavily bioturbated and mottled and contains a few pyritized burrow fills. The main color is white (2.5Y 8/0), and burrows are light gray (10YR 7/2) and reddish gray (5R 6/1). Faint light gray (N7/) color bands are present throughout the core.",CORE 74.6 - 84.46 MBSF
130,803,D,11,H,84.1,93.78,upper Miocene,"NANNOFOSSIL OOZE Major lithology: This core contains NANNOFOSSIL OOZE, slightly to heavily bioturbated and with scattered pyritization. The main color is white (2.5Y 8/0) with light gray (5Y 7/1) mottling. Diffuse, reddish gray (5R 6/1), pale green (10G 6/2), light gray (N7/), and light bluish gray (5B 7/1) color bands are present throughout. ",CORE 84.1 - 93.78 MBSF
130,803,D,12,H,93.6,103.21,upper Miocene,"NANNOFOSSIL OOZE Major lithology: This core contains NANNOFOSSIL OOZE. It is slightly to heavily bioturbated and exhibits scattered pyritization. The main color of the sediments is white (2.5Y 8/0) with white (5Y 8/1) to light gray (5Y 7/1) mottling. Numerous diffuse and distinct, cm-size reddish gray (5R 6/1), light gray (N7/ and 10YR 6/1)), light bluish gray, (5B 7/1), and pale green (1OG 6/2) color bands are present throughout the core. ",CORE 93.6 - 103.21 MBSF
130,803,D,13,H,103.1,112.91,upper Miocene,"NANNOFOSSIL OOZE Major lithology: This core contains NANNOFOSSIL OOZE. Its primary color is white (2.5Y N8/), with abundant pale, light gray (N7/, 5Y 7/1, and 10YR 7/1) color bands. Bioturbation is slight to heavy and is expressed as light gray (N7/, 5Y 7/1, and 10YR 7/1) mottling.",CORE 103.1 - 112.91 MBSF
130,803,D,14,H,112.6,122.11,upper Miocene,"NANNOFOSSIL OOZE Major lithology: This core contains NANNOFOSSIL OOZE. Its primary color is white (2.5Y N8/), with minor to moderate amounts of pale, light gray (N7/, 5Y 7/1, and 10YR 7/1) color banding. Bioturbation is slight to heavy and is expressed as light gray (N7/, 5Y 7/1, and 10YR 7/1) mottling. ",CORE 112.6 - 122.11 MBSF
130,803,D,15,H,122.1,131.64,upper Miocene,"NANNOFOSSIL OOZE Major lithology: This core contains NANNOFOSSIL OOZE. Its primary color is white (2.5Y 8/0). Horizontal faint reddish gray (5R 6/1) banding is apparent throughout. Faint greenish (10GY 7/2) bands are less common. Bioturbation is slight to heavy and is expressed as light gray (5Y 7/1, and 10YR 7/1) mottling. Some are pyritized and exhibit a reddish gray (5R 6/1) halo. ",CORE 122.1 - 131.64 MBSF
130,803,D,16,H,131.6,141.17,upper Miocene,"NANNOFOSSIL OOZE Major lithology: This core contains NANNOFOSSIL OOZE. Its primary color is white (2.5Y 8/0). Horizontal reddish gray (5R 6/1) banding is present throughout Sections 1-4. Faint greenish (10GY 7/2) bands are less common. Bioturbation is slight to heavy and is expressed as light gray (5Y7/1 and 10YR 7/1) mottling. Some burrows are pyritized and exhibit a reddish gray (5R 6/1) halo. Microfaulting, expressed as displacement in the color bands, is present in Section 4. The reddish gray (5R 6/1) color is disseminated throughout Sections 5-7, giving a more mixed appearance. ",CORE 131.6 - 141.17 MBSF
130,803,D,17,H,141.1,151.07,upper Miocene,"NANNOFOSSIL OOZE with FORAMINIFERS Major lithology: This core contains NANNOFOSSIL OOZE with FORAMINIFERS in Sections 1-5. It is white (2.5Y 8/0) and homogeneous, though distorted mottles are rarely observed. Minor lithology: NANNOFOSSIL OOZE is the sediment type from Section 5, 110 cm, to the base of the core. Faint horizontal, reddish gray (5R 6/1) color banding is apparent in the dominant color of white (2.5Y 8/0). Faint greenish (10GY 7/2) bands are less common. Bioturbation is slight to heavy and is expressed as light gray (5Y 7/1 and 10YR 7/1) mottling. Some burrows are pyritized and exhibit a reddish gray (5R 6/1) halo.",CORE 141.1 - 151.07 MBSF
130,803,D,18,H,150.6,160.32,upper Miocene,NANNOFOSSIL OOZE with FORAMINIFERS Major lithology: This core contains NANNOFOSSIL OOZE with FORAMINIFERS. Faint horizointal reddish gray (5R 6/1) color bands are present but not common within the dominant white (2.5Y 8/0) color. Distinct greenish (1OGY 7/2) bands with sharp lower contacts are less common. Bioturbation is slight to heavy and is expressed as light gray (5Y 7/1 and 10YR 7/1) mottling. Some burrows are pyritized and exhibit a reddish gray (5R 6/1) halo. ,CORE 150.6 - 160.32 MBSF
130,803,D,19,H,160.1,169.65,upper Miocene,"NANNOFOSSILOOZE Major lithology: This core contains NANNOFOSSIL OOZE. The dominant color is white (2.5Y 8/0), with faint horizontal reddish gray (5R 6/1) intervals at the top of the core. Faint to distinct, reddish-gray (5R 6/1) color bands are present in Sections 3 and 4. Pale greenish (10GY 7/2) bands with sharp lower contacts are less common. The color is disseminated throughout Sections 5-7. Bioturbation is slight to heavy throughout the core and is expressed as light gray (5Y 7/1 and 10YR 7/1) mottling. Some burrows are pyritized and exhibit a reddish gray (5R6/1) halo.",CORE 160.1 - 169.65 MBSF
130,803,D,20,H,169.6,179.6,upper Miocene,"NANNOFOSSIL OOZE Major lithology: This core contains white (2.5Y 8/0) NANNOFOSSIL OOZE. The sediment is homogeneous and firm. Rare, light gray (2.5Y 7/0) and gray (2.5Y 6/0) mottles and halos are present. A mm-thick, dark gray (2.5Y 4/0) ash layer is observed in Section 7, 50 cm. Above this layer, the color grades into light gray (2.5Y 7/1) and white (2.5Y 8/0). ",CORE 169.6 - 179.6 MBSF
130,803,D,21,H,179.1,189.16,middle Miocene,"NANNOFOSSIL OOZE Major lithology: This core contains white (2.5Y 8/0) NANNOFOSSIL OOZE. Reddish gray (5R 6/1) banding is present throughout Sections 6 and 7. Greenish (1OGY 7/2) bands and specks are less common. Light gray (2.5Y 7/0) ash is disseminated within the ooze in Section 2, 58-60.5 cm, 62.5 cm in Section 2. The ash is about 0.5 cm thick but is split by a 2-cm coring gap. The upper contact is gradational and the lower one is sharp. This bed is underlain by 9.5 cm of massive, dark gray (2.5Y 4/0) ash-bearing nannofossil ooze, which is bounded by a sharp lower contact. ",CORE 179.1 - 189.16 MBSF
130,803,D,22,H,188.6,198.67,middle Miocene,"NANNOFOSSIL OOZE Major lithology: This core consists of white (2.5Y 8/0), homogeneous, and firm NANNOFOSSIL OOZE. Beginning in Section 2, color banding is abundant. The bands are mostly light gray (2.5Y 6/1), reddish gray (5R 6/1) and green (10GY 7/2) in color, and wavy. In Sections 2 and 3, the bands dip at a shallow angle, whereas in Sections 4, 5 and 6 they are arcuate. The core is bioturbated throughout.",CORE 188.6 - 198.67 MBSF
130,803,D,23,H,198.1,208.2,middle Miocene,"NANNOFOSSIL OOZE Major lithology: This core contains stiff, structureless and predominantly white (2.5Y 8/0) NANNOFOSSIL OOZE. It is moderately to heavily bioturbated, as evidenced by bioturbation trails infilled with specks of authigenic pyrite and surrounded by purple halos. ",CORE 198.1 - 208.2 MBSF
130,803,D,24,H,207.6,217.62,middle Miocene,"NANNOFOSSIL OOZE Major lithology: This core consists of stiff, structureless and white (2.5Y 8/0) NANNOFOSSIL OOZE. It is slightly bioturbated, as is evident from a few purple halos surrounding bioturbation trails. ",CORE 207.6 - 217.62 MBSF
130,803,D,25,X,217.1,223.44,middle Miocene,"NANNOFOSSIL CHALK Major lithology: This core consists of homogeneous, white (2.5Y 8/0) NANNOFOSSIL CHALK. It is slightly bioturbated, and contains stiff biscuits in a softer matrix. Some light gray (N7/0) mottles are present in the biscuits. ",CORE 217.1 - 223.44 MBSF
130,803,D,26,X,226.8,236.01,middle Miocene,"NANNOFOSSIL CHALK Major lithology: This core contains NANNOFOSSIL CHALK. It is homogeneous to slightly bioturbated; drilling disturbance has formed sediment biscuits. The primary color of the sediment is white (2.5Y 8/0 and 5Y 8/1), with minor light gray (N7/) mottling. ",CORE 226.8 - 236.01 MBSF
130,803,D,27,X,236.5,240.82,middle Miocene,"NANNOFOSSIL CHALK Major lithology: This core contains NANNOFOSSIL CHALK, which is white (2.5Y 8/0 and 5Y 8/1) and homogeneous to slightly bioturbated. Drilling disturbance has formed sediment biscuits.",CORE 236.5 - 240.82 MBSF
130,803,D,28,X,245.9,252.8,lower Miocene,"NANNOFOSSIL CHALK Major lithology: This core contains NANNOFOSSIL CHALK, which is white (2.5Y 8/0 and 5Y 8/1, grading to 10YR 8/2) and homogeneous. Drilling disturbance has formed sediment biscuits. ",CORE 245.9 - 252.8 MBSF
130,803,D,29,X,255.5,262.96,lower Miocene,"NANNOFOSSIL CHALK Major lithology: This core contains NANNOFOSSIL CHALK, which is white (5Y 8/1, grading to 10YR 8/1) and homogeneous. It is moderately fractured by drilling. ",CORE 255.5 - 262.96 MBSF
130,803,D,30,X,265.1,271.1,lower Miocene,"NANNOFOSSIL CHALK Major lithology: This core contains NANNOFOSSIL CHALK, which is white (5Y 8/1, grading to 10YR 8/1 and 10YR 8/2) and homogeneous. The core is slightly to heavily bioturbated and moderately fractured by drilling. ",CORE 265.1 - 271.1 MBSF
130,803,D,31,X,274.7,280.51,lower Miocene,"NANNOFOSSIL CHALK Major lithology: This core contains white (5Y 8/1), slightly to moderately bioturbated NANNOFOSSIL CHALK. The core is, in parts, mottled and contains Chondrites. Faint color bands are present in the upper sections of the core. It is moderately fractured by drilling.",CORE 274.7 - 280.51 MBSF
130,803,D,32,X,284.3,292.28,lower Miocene,NANNOFOSSIL CHALK Major lithology: This core contains white (5Y 8/1) and slightly bioturbated NANNOFOSSIL CHALK. It is moderately fractured by drilling. ,CORE 284.3 - 292.28 MBSF
130,803,D,33,X,294.1,301.95,lower Miocene,"NANNOFOSSIL CHALK Major lithology: This core contains white (5Y 8/1 to 2.5Y 8/0) and slightly to moderately bioturbated NANNOFOSSIL CHALK. A light gray (N7/) band of disseminated pyrite, approximately 3 mm thick, is located at Section 4, 93 cm. The core is moderately fractured by drilling. ",CORE 294.1 - 301.95 MBSF
130,803,D,34,X,303.3,312.84,lower Miocene,"NANNOFOSSIL CHALK Major lithology: This core contains white (2.5Y 8/0) and slightly bioturbated NANNOFOSSIL CHALK. It contains small, light gray (2.5Y 7/0) mottles. The core is moderately to highly fractured by drilling.",CORE 303.3 - 312.84 MBSF
130,803,D,35,X,313,322.01,upper Oligocene,NANNOFOSSIL CHALK Major lithology: This core contains white (5Y 8/1) and slightly bioturbated NANNOFOSSIL CHALK. The core is moderately to highly fractured by drilling.,CORE 313 - 322.01 MBSF
130,803,D,36,X,322.7,331.86,upper Oligocene,"NANNOFOSSIL CHALK Major lithology: This core contains white (5Y 8/1) and slightly to heavily bioturbated NANNOFOSSIL CHALK. Chondrites trace fossils are present, and mm scale individual burrows contain diffuse pyritization. The core is moderately to highly fractured by drilling ",CORE 322.7 - 331.86 MBSF
130,803,D,37,X,332.3,341.93,upper Oligocene,"NANNOFOSSIL CHALK Major lithology: This core contains white (10YR 8/1 to 2.5Y 8/0) and slightly to heavily bioturbated NANNOFOSSIL CHALK. Chondrites, trace fossils, and simple mm scale to cm scale burrows are present, as well as disseminated pyritic burrow fills. ",CORE 332.3 - 341.93 MBSF
130,803,D,38,X,342,350.44,upper Oligocene,"NANNOFOSSIL CHALK Major lithology: This core consists of white (10YR 8/1), homogeneous, moderately fractured and moderately to heavily bioturbated NANNOFOSSIL CHALK. Reddish gray (5R 5/1) pyritic mottles and mm thick, irregular, discontinuous bands are observed throughout the core. Variations in firmness also are observed.",CORE 342 - 350.44 MBSF
130,803,D,39,X,351.6,360.66,upper Oligocene,"NANNOFOSSIL CHALK Major lithology: This core consists of white (10YR 8/1), homogeneous and moderately fractured NANNOFOSSIL CHALK. It is heavily bioturbated as evidenced from trace fossils, reddish gray (5R 5/1) pyritic specks and mottles observed throughout the core.",CORE 351.6 - 360.66 MBSF
130,803,D,40,X,361.3,368.81,upper Oligocene,"NANNOFOSSIL CHALK Major lithology: This core consists of white (10YR 8/1), homogeneous, and moderately fractured NANNOFOSSIL CHALK. It is heavily bioturbated. Trace fossils, reddish gray (5R 5/1) pyritic specks, and mottles are present throughout the core.",CORE 361.3 - 368.81 MBSF
130,803,D,41,X,371,376.5,upper Oligocene,NANNOFOSSIL OOZE Major lithology: This core consists of white (10YR 8/1). homogeneous and moderately fractured NANNOFOSSIL OOZE. Firmness varies from that of chalk in Section 1 to that of ooze in lower sections. It is heavily bioturbated. Trace fossils and reddish gray (5R 5/1) pyritic specks are present throughout the core. ,CORE 371 - 376.5 MBSF
130,803,D,42,X,380.7,387.75,upper Oligocene,"NANNOFOSSIL OOZE Major lithology: The dominant hthology within this core is NANNOFOSSIL OOZE, though biscuits of nannofossil chalk  are observed. The sequence is white in color (10YR 8/1) with some pyritized grayish red (5R 6/1) subhorizontal streaks, apparently forming along bedding planes. Abundant evidence of bioturbation is observed, including light gray (10YR 7/1) mottles and pyritized specks. The core is moderately disturbed by drilling.",CORE 380.7 - 387.75 MBSF
130,803,D,43,X,390.4,397.68,upper Oligocene,"NANNOFOSSIL CHALK Major lithology: This core consists of NANNOFOSSIL CHALK. It is white (10YR 8/1), homogeneous, and heavily bioturbated as evidenced from trace fossils, and occasional reddish gray (5R 5/1) pyritic specks and mottles. Drilling disturbance is moderate, resulting in drilling ""biscuits"".",CORE 390.4 - 397.68 MBSF
130,803,D,44,X,400,408.28,upper Oligocene,"NANNOFOSSIL CHALK Major lithology: This core consists of white (10YR 8/1), homogeneous, and heavily bioturbated NANNOFOSSIL CHALK. Bioturbation evidence includes numerous reddish gray (5R 5/1) pyritic specks, streaks, and mottles. Drilling disturbance is moderate, resulting in drilling ""biscuits"". ",CORE 400 - 408.28 MBSF
130,803,D,45,X,409.7,418.88,upper Oligocene,"NANNOFOSSIL CHALK Major lithology: This core consists of white (10YR 8/0), homogeneous, and moderately to heavily bioturbated NANNOFOSSIL CHALK. Bioturbation evidence includes faint reddish gray (5Y 5/1) mottles, streaks and burrow fills. Throughout the core, intervals of reddish gray and green (10Y 7/2) color bands are observed. The bands are on a mm to cm scale, parallel and have a sharp color contact with the white sequences. A few intervals are moderately fractured.",CORE 409.7 - 418.88 MBSF
130,803,D,46,X,419.3,427.69,lower Oligocene,"NANNOFOSSIL CHALK Major lithology: This core consists of light gray (10YR 8/1), homogeneous, and moderately to heavily bioturbated NANNOFOSSIL CHALK. Bioturbation evidence includes faint reddish gray (5Y 5/1) mottles, streaks, and burrow fills. Intervals of reddish gray and green (10Y 7/2) color banding are present throughout the core. The bands are on a mm to cm scale, parallel, and have sharp contacts. ",CORE 419.3 - 427.69 MBSF
130,803,D,47,X,429,436.2,lower Oligocene,"NANNOFOSSIL CHALK Major lithology: This core consists of white (10YR 8/1), homogeneous, and moderately to heavily bioturbated NANNOFOSSIL CHALK. Bioturbation evidence includes mottles and discolored burrow fills. In Sections 1-3, abundant color banding is observed. The bands are mostly faint reddish gray (5R 5/1) although a few green (10GY 7/2) bands are present. All of the color bands are parallel, on a mm scale in thickness, and have sharp color contacts with the white ooze. The core is moderately fractured.",CORE 429 - 436.2 MBSF
130,803,D,48,X,438.6,444.61,lower Oligocene,"NANNOFOSSIL CHALK Major lithology: This core consists of white (10YR 8/1) and moderately to heavily bioturbated NANNOFOSSIL CHALK. Bioturbation evidence includes mottles and discolored burrow fills. A particularly complete and unique trace fossil is observed in Section 4 at 97 cm. In Sections 3 and 4, intervals of fine (< mm thick), parallel, and distinct color bands are observed. The bands are mostly reddish gray (5R 5/1) and pale green (1OGY 7/2). The core is moderately fractured. ",CORE 438.6 - 444.61 MBSF
130,803,D,49,X,447.8,453.83,lower Oligocene,"NANNOFOSSIL CHALK Major lithology: This core consists of white (10YR 8/1) and heavily bioturbated NANNOFOSSIL CHALK. Bioturbation evidence includes mottles and specks. Intervals of fine (< m thick), parallel, and distinct color bands are observed. The bands are reddish gray (5R 5/1) pale green (1OGY 7/2), and have sharp color contacts with the white ooze. The core is moderately to highly fragmented. ",CORE 447.8 - 453.83 MBSF
130,803,D,50,X,457.5,463.67,lower Oligocene,"NANNOFOSSIL CHALK Major lithology: This core consists of NANNOFOSSIL CHALK. It is white (2.5Y 8/0) a moderately to severely fractured by drilling. Drilling biscuits contain fine (mm- to sub-mm scale) parallel dark gray (2.5Y N4/) and light gray (2.5Y 7/0) color bands in Section 1, 60 cm Section 3, 101-107 and 130 133 cm. Centimeter-scale, reddish gray (5R 6/1), green (5G 6/1), and light gray (N7/) color bands are located in Section 2, 95-105 cm. Other biscuits are moderately to heavily bioturbated. ",CORE 457.5 - 463.67 MBSF
130,803,D,51,X,467.2,471.8,lower Oligocene,"NANNOFOSSIL CHALK Major lithology: This core contains NANNOFOSSIL CHALK. It is white (2.5Y 8/0) and moderately to severely fractured in Section 1; the remainder of the core is predominantly drilling breccia. Structures are only visible in the less disturbed pieces and include moderate to intense bioturbation and rare, mm scale, dark gray (N6/) parallel bands (stylolites?).",CORE 467.2 - 471.8 MBSF
130,803,D,52,X,476.9,481.42,lower Oligocene,"NANNOFOSSIL CHALK Major lithology: This core contains white (2.5Y 8/0 to 10YR 8/1) NANNOFOSSIL CHALK, which is moderately to severely fragmented by drilling. Less disturbed pieces are moderately to intensely bioturbated, with minor amounts of diffuse pyrite as burrow linings. ",CORE 476.9 - 481.42 MBSF
130,803,D,53,X,486.6,492.26,lower Oligocene,"NANNOFOSSIL CHALK Major lithology: This core contains NANNOFOSSIL CHALK, grading in color from white (10YR 8/1) to white (7.5YR 8/1) as the abundance of disseminated pyritic burrow linings increase. The entire core is moderately to heavily bioturbated with mm scale, simple burrows. Millimeter scale, parallel color bands of light greenish gray (5GY 7/1) are located in Section 2, 130 and 138 cm.",CORE 486.6 - 492.26 MBSF
130,803,D,54,X,496.3,502.93,lower Oligocene,"NANNOFOSSIL CHALK Major lithology: This core contains NANNOFOSSIL CHALK, grading in color between white (2.5Y 8/0 to 5Y 8/1), and light gray (N7/) in layers 20-50 cm thick. The entire core is moderately to intensely bioturbated with simple, mm-scale burrows; cm-scale horizontal burrows (Zoophycos?) are present, but rare. ",CORE 496.3 - 502.93 MBSF
130,803,D,55,X,506,512.37,lower Oligocene,"NANNOFOSSIL CHALK Major lithology: This core contains NANNOFOSSIL CHALK. Section 1 contains alternating intervals of light greenish gray (5GY 7/1) and pinkish gray (5YR 7/2) chalk, approximately 30 cm thick. The remainder of the core is white (5Y 8/1) and moderately to intensely bioturbated. ",CORE 506 - 512.37 MBSF
130,803,D,56,X,515.6,524.7,lower Oligocene,"NANNOFOSSIL CHALK Major lithology: This core contains NANNOFOSSIL CHALK. The core is white (2.5Y 8/0, 5Y 8/1 and 10YR 8/1) to light gray (5YR 7/2) and moderately to intensely bioturbated. The burrows are mainly horizontal.",CORE 515.6 - 524.7 MBSF
130,803,D,57,X,525.3,530.96,lower Oligocene,"NANNOFOSSIL CHALK with FORAMINIFERS Major lithology: This core contains NANNOFOSSIL CHALK with FORAMINIFERS. The core is white (1OYR 8/1) and heavily bioturbated with simple, mm scale, horizontal burrows. Millimeter-scale, disseminated pyritic burrow linings are rare to common. ",CORE 525.3 - 530.96 MBSF
130,803,D,58,X,534.6,535.88,lower Oligocene,NANNOFOSSIL CHALK with FORAMINIFERS Major lithology: This core contains NANNOFOSSIL CHALK with FORAMINIFERS. Section 1 is white (1OYR 8/1) and heavily bioturbated with simple mm scale burrows. The CC is light gray (N7/) and intensely burrowed. Disseminated pyritic burrow linings are abundant. ,CORE 534.6 - 535.88 MBSF
130,803,D,59,X,544.3,548.22,upper Eocene,"NANNOFOSSIL CHALK with FORAMINIFERS Major lithology: This core contains white (5Y 8/1 to 10YR 8/1) NANNOFOSSIL CHALK with FORAMINIFERS. It is heavily bioturbated with horizontal burrows. Chert nodules are present in Section 2, 35 cm.",CORE 544.3 - 548.22 MBSF
130,803,D,60,X,554,556.5,upper Eocene,NANNOFOSSIL CHALK Major lithology: This core contains white (2.5Y 8/0 to 10YR 8/1) NANNOFOSSIL CHALK. It is heavily bioturbated and heavily fractured by drilling. ,CORE 554 - 556.5 MBSF
130,803,D,61,X,563.7,564.5,upper Eocene,"NANNOFOSSIL CHALK with RADIOLARIANS Major lithology: This core contains white (2.5Y 8/0) NANNOFOSSIL CHALK with RADIO- LARIANS. It is, in parts, heavily bioturbated. ",CORE 563.7 - 564.5 MBSF
130,803,D,62,X,573.4,573.8,upper Eocene,"NANNOFOSSIL CHALK with RADIOLARIANS Major lithology: This core contains white, slightly bioturbated (10YR 8/1) NANNOFOSSIL CHALK with RADIOLARIANS. ",CORE 573.4 - 573.8 MBSF
130,803,D,63,X,583,583.37,middle Eocene,"NANNOFOSSIL C H A LK with RADIOLARIANS Major lithology: This core contains white (10YR 8/1), slightly bioturbated NANNOFOSSIL CHALK with RADIOLARIANS. ",CORE 583 - 583.37 MBSF
130,803,D,64,X,588.7,589.25,middle Eocene,RADIOLARIAN NANNOFOSSIL CHALK Major lithology: This core contains RADIOLARIAN NANNOFOSSIL CHALK. The color is white (10YR 8/1 to 10YR 8/2). It is heavily bioturbated. ,CORE 588.7 - 589.25 MBSF
130,803,D,65,X,598.4,598.88,middle Eocene,"NANNOFOSSIL RADIOLARITE Major lithology: This core contains NANNOFOSSIL RADIOLARITE. It is white (1OYR 8/2) to very pale brown (10YR 7/3), and heavily bioturbated. ",CORE 598.4 - 598.88 MBSF
130,803,D,66,X,601.9,602.26,middle Eocene,RADIOLARIAN NANNOFOSSIL CHALK Major lithology: This core contains white (10YR 8/1 to 10YR 8/2) RADIOLARIAN NANNOFOSSIL CHALK. The lowermost part contains fine bands of different shades of white. It is slightly bioturbated. ,CORE 601.9 - 602.26 MBSF
130,803,D,67,R,612,614.52,middle Eocene,"LIMESTONE with SILICEOUS GRAINS Major lithology: This core contains very pale brown (10YR 8/3) LIMESTONE with SILICEOUS GRAINS. The sediment is highly bioturbated with borrows ranging in color from white (10YR 8/1) to very pale brown (10YR7/3). In the lower portion of Section 1, 10 to 20 cm thick intervals of sediment vary between white (10YR 8/1) and very pale brown (10YR 7/3). Minor lithology: The Core Catcher contains brown (7.5YR 4/4) to pinkish gray (7.5YR 6/2), highly bioturbated CHERT nodules. ",CORE 612 - 614.52 MBSF
130,803,D,68,R,621.8,626.83,upper Cretaceous to lower Paleocene,"CLAYSTONE Major lithology: This core consists of dark brown (7.5YR 4/2) CLAYSTONE. In Section 1, 0-60 cm, brown (7.5YR 5/4) nodules of CLAYSTONE are observed. Section 1, 60-70 cm, contains a brown layer with sharp color contacts; below that, the sediment is dark brown and highly bioturbated with brown burrow fills. In Section 3, intervals with fine, mm to cm thick, brown/dark brown (7.5YR 4/4) laminae and layers are noted. Minor lithology: Section 3 contains four, cm thick layers of soft, dark yellowish brown (10YR 4/4) RADIOLARITE. 130-803D-68R-4 SUBDIVISION 1A: APHYRIC BASALT",CORE 621.8 - 626.83 MBSF
130,803,D,69,R,631.4,636.17,NA,"130-803D-69R-1 APHYRIC BASALT ; 130-803D-69R-2 APHYRIC BASALT, MODERATELY PYROXENE PHYRIC BASALT ; 130-803D-69R-3 APHYRIC BASALT, SPARSELY PLAGIOCLASE-OLIVINE PHYRIC BASALT ; 130-803D-69R-4 APHYRIC BASALT",CORE 631.4 - 636.17 MBSF
130,803,D,70,R,641.1,645.44,NA,"130-803D-70R-1 APHYRIC BASALT, SPARSELY PYROXENE-PHYRIC BASALT ; 130-803D-70R-2 APHYRIC BASALT ; 130-803D-70R-3 APHYRIC BASALT, SPARSELY PYROXENE-PHYRIC BASALT",CORE 641.1 - 645.44 MBSF
130,803,D,71,R,650.8,654.57,NA,130-803D-71R APHYRIC BASALT,CORE 650.8 - 654.57 MBSF
