Expedition/Leg,Site,Hole,Core Number,Core Type,Top depth cored (m),Bottom depth recovered (m),Age,Description,Core ID
130,803,C,1,H,19,28.8,Pliocene,"NANNOFOSSIL OOZE with FORAMINIFERS Major lithology: This core contains partly mottled, slightly to heavily bioturbated NANNOFOSSIL OOZE with FORAMINIFERS. The primary colors of the sediments are white (5Y 8/1 to 2.5Y 8/0) to light gray (2.5Y 7/0). Diffuse to gradational greenish gray (5G 7/1) and light gray (2.5Y 7/1) cm scale color bands are present throughout the core. ",CORE 19 - 28.8 MBSF
130,803,C,2,H,28.5,38.06,upper Pliocene,"NANNOFOSSIL OOZE with FORAMINIFERS Major lithology: This core contains partly mottled, slightly to heavily bioturbated NANNOFOSSIL OOZE with FORAMINIFERS. The primary colors of the sediments are white (5Y 8/1 to 2.5Y 8/0) to light gray (2.5Y 7/0). Parts of the core contain faint gray (N6/) and grayish green (10G 4/2) color bands. ",CORE 28.5 - 38.06 MBSF
130,803,C,3,H,38,47.88,lower Pliocene,"NANNOFOSSIL OOZE with FORAMINIFERS Major lithology: This core contains partly mottled, slightly to heavily bioturbated NANNOFOSSIL OOZE with FORAMINIFERS. The primary colors of the sediments are white (5Y 8/1 to 2.5Y 8/0) to light gray (N7/ to 5Y 7/1). Parts of the core contain faint light gray (N7/) and light grayish green (5GY 7/1) color bands.",CORE 38 - 47.88 MBSF
130,803,C,4,H,47.5,57.42,lower Pliocene,NANNOFOSSIL OOZE with FORAMINIFERS Major lithology: This core contains partly mottled and slightly bioturbated NANNOFOSSIL OOZE with FORAMINIFERS. The primary colors of the sediments are white (2.5Y 8/0) to light gray (2.5Y N7/). Parts of the core contain light gray (N7/) and pale green (5G 6/2) color bands. ,CORE 47.5 - 57.42 MBSF
130,803,C,5,H,57,66.92,lower Pliocene,"NANNOFOSSIL OOZE Major lithology: This core contains slightly to heavily bioturbated NANNOFOSSIL OOZE. The primary color of the sediment is white (2.5Y 8/0), with light gray (2.5Y 7/0) mottling. Diffuse, cm scale color bands of pale green (5G 6/2) and light gray (6N/) are present in Sections 3-6. A single microfault is present at Section 5, 70-75 cm. ",CORE 57 - 66.92 MBSF
130,803,C,6,H,66.5,75.8,upper Miocene,"NANNOFOSSIL OOZE Major lithology: This core contains slightly to heavily bioturbated NANNOFOSSIL OOZE. The primary color of the sediment is white (2.5Y 8/0). Diffuse, cm scale, reddish gray (5R 6/1), pale green (5G 6/2) and greenish gray (5G 7/1) color bands are present throughout the core. ",CORE 66.5 - 75.8 MBSF
130,803,C,7,H,76,86.13,upper Miocene,"NANNOFOSSIL OOZE Major lithology: This core contains slightly to heavily bioturbated NANNOFOSSIL OOZE. The primary color of the sediment is white (2.5Y 8/0). Diffuse, cm scale, reddish gray (5R 6/1), pale green (5G 6/2) and greenish gray (5G 7/1) color bands are present throughout the core. The color bands are often wavy and have a 30-45� dip. Mottles are occasionally apparent and authigenic pyrite is present within burrows. ",CORE 76 - 86.13 MBSF
130,803,C,8,H,85.5,95.6,upper Miocene,"NANNOFOSSIL OOZE Major lithology: This core contains bioturbated NANNOFOSSIL OOZE. The primary color of the sediment is white (2.5Y 8/0). Diffuse, cm scale, reddish gray (5R 6/1), pale green (5G 6/2) and greenish gray (5G 7/1) color bands are present throughout the core. The color bands are often wavy. Some mottling is apparent and authigenic pyrite is present within burrows . ",CORE 85.5 - 95.6 MBSF
130,803,C,9,H,95,104.79,upper Miocene,"NANNOFOSSIL OOZE Major lithology: This core consists of slightly bioturbated NANNOFOSSIL OOZE. The primary color of the sediment is white (2.5Y 8/0). Color banding is present throughout the entire core The bands are on a mm to cm scale, pale reddish gray (10R 6/1) and pale green (1OY 6/1) in color, and sometimes smeared. Burrows filled with authigenic pyrite are found in Sections 2 and 3. In Sections 1, 2, 3, 4 and 6, zones of color bands (3-10 cm thick) are offset by microfaulting. ",CORE 95 - 104.79 MBSF
130,803,C,10,H,104.5,114.53,upper Miocene,"NANNOFOSSIL OOZE Major lithology: This core consists of bioturbated NANNOFOSSIL OOZE. The primarly color of the sediment is white (2.5Y 8/0). Horizontal to sub-horizontal color banding is present throughout the entire core. The bands are up to 2 cm thick, pale reddish gray (10R 6/1) to pale green (10Y 6/1) in color, and commonly smeared. Burrows in Sections 2, 4, and 6 contain authigenic pyrite. White (2.5Y 8/2) mottles are often present. ",CORE 104.5 - 114.53 MBSF
130,803,C,11,H,114,124.04,upper Miocene,"NANNOFOSSIL OOZE Major lithology: This core consists of bioturbated NANNOFOSSIL OOZE. The primary color of the sediment is white (2.5Y 8/0). Horizontal to sub-horizontal color banding is present throughout the entire core. The bands are up to 2 cm thick, pale reddish gray (1 OR 6/1) to pale green (1OY 6/1) in color, and commonly smeared. Burrows in Sections 1, 4, and 7 contain authigenic pyrite. White (2.5Y 8/2) mottles are present discontinuously throughout the core.",CORE 114 - 124.04 MBSF
130,803,C,12,H,123.5,133.27,upper Miocene,"NANNOFOSSIL OOZE Major lithology: This core consists of bioturbated NANNOFOSSIL OOZE. The primary color of the sediment is white (2.5Y 8/0). Horizontal to sub-horizontal color banding is present throughout the core. The bands are up to 2 cm thick, pale reddish gray (10R 6/1) and pale green (1OY 6/1) in color, and commonly smeared. These colors also are found as irregular marks throughout the core. Burrows in Sections 1,4,5, and 7 contain authigenic pyrite. White (2.5Y 8/2) mottles are present discontinuously throughout the core. ",CORE 123.5 - 133.27 MBSF
130,803,C,13,H,133,143.07,upper Miocene,"NANNOFOSSIL OOZE Major lithology: This core consists of bioturbated NANNOFOSSIL OOZE. The primary color of the sediment is white (2.5Y 8/0). Faint to distinct horizontal to sub-horizontal color banding is present down to Section 5. 90 cm. The bands are up to 2 cm thick, pale reddish gray (10R 6/1) and pale green (10Y6/1) in color, and commonly smeared. These colors also are found as irregular marks throughout the core. Burrows also are present throughout the sequence. Minor lithology: Nannofossil ooze grades into NANNOFOSSIL OOZE with FORAMINIFERS at Section 5, 90 cm. This lithology is structureless, stiffer, coarser in grain size, and exhibts no color banding. Scattered specks of authigenic pyrite are noted. ",CORE 133 - 143.07 MBSF
130,803,C,14,H,142.5,151.88,upper Miocene,"NANNOFOSSIL OOZE with FORAMINIFERS and NANNOFOSSIL OOZE Maior lithology: This core contains two major lithologies: NANNOFOSSIL OOZE with FORAMINIFERS above Section 4, 100 cm, and NANNOFOSSIL OOZE below that level. Both lithologies are white (2.5Y 8/0) and bioturbated. Faint pale green (5G 6/2) and reddish gray (5R 6/1) color banding is present in Section 3 and Sections 4. 100 cm, through Section 6. Color banding in Section 3 dips at approximately 35� across the core. Color banding below Section 4, 100 cm, is horizontal. ",CORE 142.5 - 151.88 MBSF
130,803,C,15,H,152,161.77,upper Miocene,NANNOFOSSIL OOZE with FORAMINIFERS and NANNOFOSSIL OOZE Major lithologies: This core contains two major lithologies: NANNOFOSSIL OOZE with FORAMINIFERS which grades into NANNOFOSSIL OOZE in the deeper part of the core. Both lithologies are white (2.5Y 8/0) to light gray (5YR 8/1) and are bioturbated and mottled. Pale green (5G 6/2) and reddish gray (5R 6/1) color banding is present throughout the core. ,CORE 152 - 161.77 MBSF
130,803,C,16,H,161.5,171.65,upper Miocene,NANNOFOSSIL OOZE Major lithology: This core contains slightly bioturbated and primarily white (2.5Y 8/0) NANNO- FOSSIL OOZE. The white color grades into diffuse bands of reddish gray (5R 6/1). light gray (2.5Y 7/1) and light greenish gray (5G 7/1) throughout the core. ,CORE 161.5 - 171.65 MBSF
130,803,C,17,H,171,181.03,upper Miocene,"NANNOFOSSIL OOZE Major lithology: This core contains NANNOFOSSIL OOZE. Section 1, 0-100 cm is soupy, but contains coherent blocks of light greenish gray (5GY 7/1) nannofossil ooze. The remainder of the core is white (2.5Y N8/) with slight to moderate bioturbation. ",CORE 171 - 181.03 MBSF
130,803,C,18,H,180.5,190.63,middle Miocene,"NANNOFOSSIL OOZE Major lithology: This core contains NANNOFOSSIL OOZE. Sections 1-5 are white (2.5Y 8/0 lo 10YR 8/1), with light gray (2.5Y 8/0) and reddish gray (5R 6/1) mottles. Sections 6-7 are white (10YR 8/1), bioturbated and contain inclined reddish gray (5R 6/1) color bands, and one regular reddish gray (5R 6/1) color band, which is possibly a pyritized burrow. Minor lithology: Section 2 contains a VOLCANIC ASH layer, less than 1 cm thick underlain by a 6 cm thick layer of very dark gray (5Y 3/1) NANNOFOSSI OOZE. ",CORE 180.5 - 190.63 MBSF
130,803,C,19,H,190,199.83,middle Miocene,"NANNOFOSSIL OOZE Major lithology: This core contains NANNOFOSSIL OOZE. The color is white (7.5YR N8/) with slight, light greenish gray (5G 7/1) and reddish gray (5R 6/1) color mottling/ banding. Inclined or flame-shaped color bands are present in Sections 2-4. They may record either disturbance during coring, or the presence of post-depositional slumping/disturbance. ",CORE 190 - 199.83 MBSF
130,803,C,20,H,199.5,209.64,middle Miocene,NANNOFOSSIL OOZE with FORAMINIFERS Major lithology: This core contains NANNOFOSSIL OOZE with FORAMINIFERS. The color of the sediment is (5Y 8/1 grading to 2.5Y N8/). Bioturbation is slight to heavy with pyritized burrows present. Convoluted diffuse color bands in Section 1 and the upper 95 cm of Section 2 indicate severe disturbance. ,CORE 199.5 - 209.64 MBSF
130,803,C,21,H,209,218.83,middle Miocene,NANNOFOSSIL OOZE Major lithology: This core contains NANNOFOSSIL OOZE. The color is uniformly (2.5Y 8/1). Slight bioturbation is present over the entire core. Sections 2 and 3 contain minor pyrite mottling.,CORE 209 - 218.83 MBSF
130,803,C,22,H,218.5,227.31,middle Miocene,"NANNOFOSSIL OOZE Major lithology: The NANNOFOSSIL OOZE is homogeneous, firm, and slightly bioturbated The color is white (2.5Y 8/0). A few burrows filled with authigenic pyrite are present. Two reddish gray, coarser grained (fine sand and silt), cm thick layers are present in Sections 3 and 6. Minor lithology: An arcuate-shaped shear plane is observed as contact between white and yellowish white colors at Section 3, 100 cm, below which the sediment is NANNOFOSSIL OOZE with FORAMINIFERS. There are color alternations of white (2.5Y 8/0) and yellowish white (5Y 8/2) and the contacts between color alternations are dipping and contorted. In Section 6 and the CC, reddish gray (5R 6/1) color bands dip at 45 and contacts are irregular. ",CORE 218.5 - 227.31 MBSF
130,803,C,23,H,228,237.93,middle Miocene,"NANNOFOSSIL OOZE Major lithology: This core contains NANNOFOSSIL OOZE. The color is uniformly white (2.5Y 8/1). Slight bioturbation is seen over the entire core. Mottling is observed as slight discolorations in white (5Y 8/2), representing bioturbation. ",CORE 228 - 237.93 MBSF
