Expedition/Leg,Site,Hole,Core Number,Core Type,Top depth cored (m),Bottom depth recovered (m),Age,Description,Core ID
128,799,A,1,H,0,1.18,Quaternary,"CLAYEY DIATOMACEOUS MIXED SEDIMENT, DIATOMACEOUS CLAYEY MIXED SEDIMENT, and BIOSILICEOUS OOZE Major lithology: This core contains mainly CLAYEY DIATOMACEOUS MIXED SEDIMENT with SPICULES and SILT and DIATOMACEOUS CLAYEY MIXED SEDIMENT with SILT in Section 1, 0-103 cm. The upper 23 cm exhibits centimeter scale color banding. 0 to 4 cm is very dark grayish brown (10YR 3/2); 4 to 7 cm is black (10YR 2/1); 7 to 14 cm is very dark grayish brown (10YR 3/2); 14 to 17 cm has faint finer color bands of alternating black (10YR 2/1) and very dark grayish brown (10YR 3/2); 17-19 cm is black (10YR 2/1); 19-21 cm is very dark gray (5Y 3/1); 21-23 cm is black (10YR 2/1). The remainder of the core is homogeneous and very dark gray (5Y 3/1). Silt-sized and fine sand-sized quartz is common, accounting for 9 to 20% of the sediment. The sediment in the core catcher is very dark gray (5Y 3/1) BIOSILICEOUS OOZE with CLAY. Minor lithology: BIOSILICEOUS CLAYEY MIXED SEDIMENT with FISH REMAINS occurs in Section 1,0.5 cm.",CORE 0 - 1.18 MBSF
128,799,A,2,H,1.2,11.09,Quaternary,"SILTY CLAY and CLAYEY SILT Major lithology: This core contains dark olive gray (5Y 4.5/2) to gray (5Y 5/1 6/1) and greenish gray (5BG 6/1-5GY 6/1) SILTY CLAY to CLAYEY SILT, with FORAMINIFERS from Section 3 to Section 6, with DIATOMS and calcareous microfossils (FORAMINIFERS and NANNOFOSSILS) in Sections 1 and 2. Several sequences are present which consist of dark, laminate SILTY CLAY. Bioturbation is rare. Minor lithology: a. Light gray to gray (5Y 7/1-5Y 4/1) VITRIC ASH layers are present in Section 2, 44-62, 120- 130 cm, and are mixed with clay at 80-95 cm. b. Intervals of olive gray (5Y 4/2) laminated CLAYEY FORAMINIFERAL OOZE occur in Section 3, 85-100 cm and Section 6, 0-7 cm.",CORE 1.2 - 11.09 MBSF
128,799,A,3,H,10.7,20.76,Quaternary,"CLAY, SILTY CLAY, CLAYEY SILT, SILT, DIATOMACEOUS OOZE, DIATOMACEOUS CLAY, BIOSILICEOUS MIXED SEDIMENT, BIOSILICEOUS CLAYEY MIXED SEDIMENT, DIATOMACEOUS CLAYEY MIXED SEDIMENT Major lithology: This core contains intimately bedded associations of greenish gray (5GY 5/1) BIOSILICEOUS MIXED SEDIMENT, greenish gray (5GY 5/1) DIATOMACEOUS CLAYEY MIXED SEDIMENT, greenish gray (5GY 5/1) BIOSILICEOUS CLAYEY MIXED SEDIMENT, gray, greenish gray, dark greenish gray, and dark gray (5Y 5/1, 5Y 4/1, 5GY 5/1, 5GY 4/1, 5BG 5/1) SILTY CLAY, olive, dark olive gray to very dark gray (5Y 4/3, 5Y 3/2, 5Y 3/1) DIATOMACEOUS OOZE, olive gray to dark greenish gray (5Y 4/2 to 5GY 4/1) DIATOMACEOUS CLAY, dark gray to dark greenish gray (5Y 4/1 to 5G 4/1) CLAYEY SILT, dark gray (5Y 4/1) SILT, greenish gray (5G 5/1) CLAY. A debris flow is present in Section 1, 17-52 cm. Minor lithologies a. Light gray (10YR 7/1) to light olive gray (5Y 6/2) FORAMINIFERAL OOZES often appear conjunction with dark gray VITRIC ASHES, and may represent event beds, probably triggered by volcanic seismic activity. b. A thin layer of DOLOMITE microcrystals is present in Section 2, 50 cm (confirmed by XRD). c. Thin layers of either clay-to fine silt-sized QUARTZ (Section 2, 50 cm), or sand- sized QUARTZ and FELDSPAR (Section 2,111-113 cm). ",CORE 10.7 - 20.76 MBSF
128,799,A,4,H,20.3,29.76,Quaternary,"SILTY CLAY, DIATOMACEOUS CLAY, and CLAYEY DIATOMACEOUS OOZE Major lithology: This core is mainly composed of normally graded sequences with dark olive gray (5Y 3/2) DIATOMACEOUS CLAY (as in Section 2, 70-81 cm, and the core catcher) or CLAYEY DIATOMACEOUS OOZE with SPICULES at the base grading upward into gray (5Y 5/1) SILTY CLAY with DIATOMS and greenish gray (5GY 6/1 - 5BG 5/1) SILTY CLAY. The basal diatom-rich part of the sequences is commonly laminated and contains some foraminifers. Minor lithology: Several thin light gray to very dark gray (5Y 7/1 - 5Y 3/1) VITRIC ASH layers are present in this core. Two thicker layers of dark gray (5Y 4/1) vitric ash occur in Section 6, 54-73 cm.",CORE 20.3 - 29.76 MBSF
128,799,A,5,H,29.9,39.81,Quaternary,"CLAY, SILTY CLAY, CLAYEY NANNOFOSSIL OOZE, and NANNOFOSSIL OOZE Major lithology: This core mainly contains alternating intervals of greenish gray (5G 5/1, 5Y 6/1) CLAY, and greenish gray or olive gray to dark olive gray (5Y 5/1, 5Y 4/1, 5Y 4/2, 5Y 3/1) SILTY CLAY with FORAMINIFERS and DIATOMS. The darker intervals are often laminated whereas the lighter are occasionally bioturbated (strong mottling in Section 5, 0-13 cm). In Section 7, light gray to olive gray (5Y 5/2, 5Y 5/1) CLAYEY NANNOFOSSIL OOZE with FORAMINIFERS and NANNOFOSSIL OOZE with CLAY and DIATOMS occur. Minor lithologies: a. Light gray FORAMINIFERAL OOZE layers occur in Section 1 at 16, 18, 19, 21, 24, 38, and 75 cm; Section 2 at 127, 130, and 136 cm; Section 3 at 46-50, 104-107, and 146-148 cm; Section 5 at 64. 97, 98, 142, and 143 cm; Section 6 at 55. 62. 74, 95, 97, 98, 119, 122, 126, 127, 128, and 1.48 cm. These layers, possibly turbidites, are distinctly normally graded in Sections 3 and 6. b. VITRIC ASH layers occur in Section 1 at 115, 119, and 148 cm; Section 2 at 32-34 and 121 cm; Section 5 at 22-29 cm; Section 6 at 149 cm. Pieces of pumice are present in Section 4, 115 cm and Section 5, 33-35 cm. c. A layer of FORAMINIFERAL SANDY MIXED SEDIMENT containing 40% quartz silt and sand, possibly a turbidite, is present in Section 3, 149-150 cm.",CORE 29.9 - 39.81 MBSF
128,799,A,6,H,39.5,49.47,Quaternary,"SILTY CLAY, CLAY, CLAYEY SILT, and DIATOMACEOUS SILTY CLAY Major lithology: This core contains bluish gray to gray (5BG 6/1-5Y 5/1) SILTY CLAY with DIATOMS and/or FORAMINIFERS, olive (5Y 4/3) CLAY with DIATOMS, FORAMINIFERS and GLASS, and olive to dark olive (5Y 5/4-5Y 3/1) DIATOMA- CEOUS SILTY CLAY. Many other sedimentary components are present in minor (10-25%) amounts, including opaques, silicoflagellates, rock fragments, and nannofossils. Extensive disharmonic intrastratal folding and high-viscosity fluid deformation, possibly slump folds and fluid escape/liquefaction features, are present in Sections 1-3. Three ""S-folds"" in Section 2 indicate consistent vergence direction in this oriented core, suggesting that the paleoslope dipped to the northwest. Volcanic glass is present throughout; bubble shards are prominent. Minor lithologies: a. DIATOMACEOUS OOZE with CLAY, NANNOFOSSILS, FORAMINIFERS, and GLASS is present in Section 1, 33 cm. b. Thin layers of FORAMINIFER OOZE with various minor (10-25%) components including SILT. CLAY, GLASS, DIATOMS, and NANNOFOSSILS are present throughout the core (e.g., Section 2, 101-105 cm). c. SILT with DIATOMS, OPAQUES, ROCK FRAGMENTS and CLAY occurs in Section 5, 77 cm. d. 0.5 mm-5 cm thick layers of VITRIC ASH are distributed throughout the core. ",CORE 39.5 - 49.47 MBSF
128,799,A,7,H,49.1,59.15,Quaternary,"Moderate drilling disturbance. CLAY, SILTY MIXED SEDIMENT, and CLAYEY FORAMINIFERAL MIXED SEDIMENT Major lithology: This core mainly consists of 1-25 cm thick units of slightly mottled and bioturbated, greenish gray (5GY 5/1, 5G 5/1, 5G 6/1, 5BG 5/1, 5BG 6/1, 5GY 6/1), olive gray (5Y 5/2, 5Y 4/2), dark olive gray (5Y 3/2), gray (5Y 6/1, N6), dark gray (N4, 5Y 4/1) and very dark gray (5Y 3/1) CLAY with various minor (10-25%) components including DIATOMS, SPICULES, SILT, and FORAMINIFERS. The core also contains units a few cm to 80 cm thick of dark gray (5Y 4/1) to very dark gray (5Y 3/1) structureless to weakly laminated SILTY MIXED SEDIMENT with DIATOMS, FORAMINIFERS, and SPICULES; and pale yellow (5Y 7/4) to olive (5Y 4/3) CLAYEY FORAMINIFERAL MIXED SEDIMENT. This last lithology commonly occurs as well-laminated layers a few mm to 5 cm thick, and less commonly as pods 2-5 cm in diameter. Slump-folded units are intercalated in Section 2, 20-120 cm, and Section 3, 80-140 cm. Fault planes appear in Section 1, 40 and 70 cm, and in Section 4, 80 cm. Minor lithology: This core contains layers of pale yellow (5Y 8/2) to light gray (N 7/1) VITRIC ASH, 1 mm to 1 cm thick, with well-developed normally graded bedding. Ash pods and pumice fragments are present.",CORE 49.1 - 59.15 MBSF
128,799,A,8,H,58.7,68.81,Quaternary,"CLAYEY DIATOMACEOUS OOZE, DIATOMACEOUS CLAYEY MIXED SEDIMENT, CLAYEY DIATOMACEOUS MIXED SEDIMENT, CALCAREOUS CLAYEY MIXED SEDIMENT, SILTY CLAY and CLAY Major lithology: This core contains a mixture of SILTY CLAY or CLAY with predominantly biosiliceous components and subordinate carbonates. The sediment most commonly consists of DIATOMACEOUS CLAYEY MIXED SEDIMENT with SPICULES or NANNOFOSSILS and CLAYEY DIATOMACEOUS MIXED SEDIMENT with NANNOFOSSILS. It changes to CLAYEY DIATOMACEOUS OOZE with FORAMINIFERS and NANNOFOSSILS in Section 2, 10-45 cm, and CALCAREOUS or FORAMINIFERAL CLAYEY MIXED SEDIMENT with DIATOMS in Section 2, 45-80 cm and 90-140 cm. The lower biogenic content in the sediments of Section 2 results in SILTY CLAY with DIATOMS at 80-90 cm. The color varies from greenish gray (5BG 7/1-5/1) to olive gray (5Y 4/2) or dark olive gray (5Y 3/2). Normally graded sequences are present throughout the core. The most prominent structures are slump folds and debris-flow features with mud clasts, particularly in Sections 2, 3, and 6. Minor lithology: Prominent light gray (5Y 7/1) to olive gray (5Y 6-5/2) VITRIC ASH layers occur in Section 5, 38-65 cm and Section 6, 72-82 cm. Thin layers are present in Section 3, 83 cm, Section 4, 112-113 cm and Section 5, 113 cm, together with some scattered pockets.",CORE 58.7 - 68.81 MBSF
128,799,A,9,H,68.3,78.36,Quaternary,"FORAMINIFERAL CLAYEY MIXED SEDIMENT, SILTY CLAY, FORAMINIFERAL OOZE, NANNOFOSSIL OOZE, NANNOFOSSIL CLAY, CLAYEY CALCAREOUS MIXED SEDIMENT, NANNOFOSSIL CLAYEY MIXED SEDIMENT, CLAY, DIATOMACEOUS CLAY, and FORAMINIFERAL CLAY. Major lithology: This core contains undisturbed intervals of dark gray (5Y 4/1) to very dark gray (5Y 3/1) FORAMINIFERAL CLAYEY MIXED SEDIMENT, very dark gray (5Y 3/1-5Y 2.5/ 1) CLAY, and dark greenish gray (5BG 5/1) SILTY CLAY (all in Section 1, 0-54 cm); and undisturbed intervals of olive (5Y 5/3) FORAMINIFERAL OOZE (in Section 2, 123 cm through Section 3, 48 cm). The rest of the core consists of two slump folded units, both including partly amalgamated intervals with mud clasts at the top. The slumped and partly overturned sequences include a variegated suite of FORAMINIFERAL CLAYEY MIXED SEDIMENT, SILTY CLAY, SILTY CLAY with NANNOFOSSILS, NANNOFOSSIL OOZES with FORAMINIFERS and CLAY, FORAMINIFERAL OOZE, VITRIC ASH, CLAYEY CALCAREOUS MIXED SEDIMENT, NANNOFOSSIL CLAYEY MIXED SEDIMENT, CLAY, DIATOMACEOUS CLAY, and FORAMINIFERAL CLAY.",CORE 68.3 - 78.36 MBSF
128,799,A,10,H,77.9,87.89,Quaternary,"CLAYEY NANNOFOSSIL OOZE, NANNOFOSSIL DIATOMACEOUS OOZE, DIATOMA- CEOUS OOZE, FORAMINIFERAL NANNOFOSSIL OOZE, CLAYEY DIATOMACEOUS MIXED SEDIMENT, and CLAYEY MIXED SEDIMENT Major lithology: This core contains mainly oozes, in which the abundance of biosiliceous, calcareous, and clayey components varies. The sediment consists of NANNOFOSSIL DIATO- MACEOUS OOZE with SILT and CLAY, DIATOMACEOUS OOZE with FORAMINIFERS, SILT and NANNOFOSSILS, FORAMINIFERAL NANNOFOSSIL OOZE, CLAYEY NANNO- FOSSIL OOZE with DIATOMS and FORAMINIFERS, CLAYEY DIATOMACEOUS MIXED SEDIMENT with SILT, and CLAYEY MIXED SEDIMENT with SILT, and CLAYEY MIXED SEDIMENT with SPICULES, FORAMINIFERS and DIATOMS. The upper half of the core, Section 1 to Section 4, 55 cm, consists of ooze, either biosiliceous or calcareous; the lower half, Section 4, 55 cm, through the core catcher, is more clay-rich and composed of mixed sediment. The color varies from greenish gray (5BG 5/1-5G 6/1) to gray (5Y 5/1) and olive gray to dark olive gray (5Y 4/2-5Y 3/2). Several normally graded sequences are present. The foraminiferal ooze in Section 3, 55-70 cm, is laminated. Slumps and debris flow-related soft sediment deformation structures occur in Section 3, 37-70 and 95-105 cm. Minor lithology: VITRIC ASH layers are interbedded with the ooze layers. Major ash beds are light gray to white (5Y 7/1), exhibit normal grading, and occur in Section 1, 16-26 cm and Section 5, 12-40 cm. Thinner ash layers occur in Section 2. 100, 111, 121, and 1 cm; Section 3, 124, and 142 cm; Section 5, 23-26, 80, and 87 cm; Section 6, 65-70, 88-90. and 138-139 cm; Section 7, 2 cm; and core catcher, 9-16, and 24-25 cm. ",CORE 77.9 - 87.89 MBSF
128,799,A,11,H,87.5,97.56,Quaternary,"SILTY CLAY, NANNOFOSSIL CLAYEY MIXED SEDIMENT, CLAYEY DIATOMACEOUS MIXED SEDIMENT, CLAYEY DIATOMACEOUS OOZE, AND DIATOMACEOUS OOZE Major lithology: This core mainly consists of olive, dark olive gray, and very dark gray (5Y 4/1, 5Y 4/2, 5Y 3/2), commonly laminated SILTY CLAY with DIATOMS and gray, greenish gray to olive (5Y 5/1, 5GB 5/1, 5Y 5/3) CLAYEY DIATOMACEOUS MIXED SEDIMENT with SPICULES and SILT, CLAYEY DIATOMACEOUS OOZE with SILT and FORAMINIFERS, NANNOFOSSIL MIXED SEDIMENT with FORAMINIFERS and SILT, and DIATOMACEOUS OOZE. Bioturbation is apparent in Section 1, 50-80 cm, 125-150 cm; Section 5, 25-40 cm, and Section 6, 130-145 cm. Minor lithology: VOLCANIC ASH layers occur in Section 2, 69, 85-86, and 148-149 cm; Section 3, 148-149 cm; Section 4, 84, 116.5, 135, and 139-140 cm; Section 5, 7-8, and 130- 135 cm; Section 6, 71-72 cm; Section 7, 19.5 cm; and core catcher, 19, 21, and 24 cm. Most of these ash layers occur in/or at the base of the darker intervals. ",CORE 87.5 - 97.56 MBSF
128,799,A,12,H,97.2,107.3,Quaternary,"SILTY CLAY, CLAYEY DIATOMACEOUS OOZE CLAYEY NANNOFOSSIL OOZE Major lithology: This core contains 100 to 180 cm thick sequences of indistinctly bedded, mottled, or structureless greenish gray (5G 6/1, 5GB 6/1) to light greenish gray (5G 7/1, 5GB 7/1) CLAYEY DIATOMACEOUS OOZE with SILT and CLAYEY NANNOFOSSIL OOZE with DIATOMS, interbedded with sequences up to 70 cm thick of well-bedded and laminated olive gray (5Y 4/2) to dark olive gray (5Y 3/2) SILTY CLAY with DIATOMS and CLAYEY DIATOMACEOUS OOZE. Minor lithologies: a. Several ash layers occur in the dark laminated sequences. b. Authigenic carbonates occur as concretions (approximately 0.5 to 2 cm in diameter) and as disseminated carbonate grains, in Sections 2, 5, 6, and the core catcher. ",CORE 97.2 - 107.3 MBSF
128,799,A,13,H,106.8,116.75,Quaternary,"CLAY, SILTY CLAY AND BIOSILICEOUS CLAY with DIAGENETIC CALCITE and CALCITE CONCRETIONS Major lithology: This core consists of bluish gray to greenish gray to gray (5BG 6/1-5Y 6/1-N 5) CLAY and clay with FORAMINIFERS or DIATOMS with greenish gray to light olive gray to gray SILTY CLAY and greenish gray (5GY 5/1) BIOSILICEOUS CLAY. The majority of the core is massive and structureless to vaguely mottled; thickly to very thickly laminated and darker colored sediment is present in Section 1, 1-20 cm and Section 3, 24-45cm. Minor lithology: DIAGENETIC CALCITE associated with CALCITE CONCRETIONS, Section 1, 30 cm, Section 6, 43 and 100 cm, and Section 7, 41 cm; anhedral crystallites range from 1-6 microns. CLAY with FISH FRAGMENTS and SPICULES, Section 3, 21 cm andCLAY with NANNOFOSSILS, foraminifers and GLASS, Section 3, 85.5cm.",CORE 106.8 - 116.75 MBSF
128,799,A,14,H,116.5,126.47,Quaternary,"SILTY CLAY, CLAY, and CLAYEY SILT Major lithology: This core contains greenish gray to gray (5G 5/1-N 5) CLAY, greenish gray to dark greenish gray to gray (5BG 6/1-5GY 4/1-N 5) SILTY CLAY and CLAYEY SILT and SILTY CLAY with ORGANIC DEBRIS or FORMAMINIFERS AND GLASS. The sediments are generally mottled to massive; the mottled fabric is possibly due to cryptic bioturbation. Thickly laminated intervals are present in Section 1, 29-35 cm, Section 2, 40-50 cm, and Section 3, 83-100 cm. Minor lithologies: a. Black (5Y 2.5/1) DIATOMACEOUS CLAYEY MIXED SEDIMENT, with a depauperate diatom assemblage dominated by Rhizo?olenia curviroseris occurs in Section 1, 17 cm. b. VITRIC ASH with FORAMINIFERS is present in the core catcher, and VITRIC ASH with normally graded bedding is present in Section 2, 85-100 cm. c. Greenish gray to pale olive (5GY 5/1-5Y 6/3) CHALK and CHALK with CLAY are present; this unusual sediment consists of anhedral crystallites of carbonate ranging from 1-6 microns in maximum dimension, and are thought to be recrystallized nannofossils.",CORE 116.5 - 126.47 MBSF
128,799,A,15,H,126.1,136.04,Pliocene,"SILTY CLAY Major lithology: This core contains SILTY CLAY, SILTY CLAY with NANNOFOSSILS and SILTY CLAY with DIATOMS in order of increasing abundance. The SILTY CLAY is greenish gray or bluish gray (5BG 6/1 -5/1 to 5B 6/1) to gray (5Y 5/1), olive gray (5Y 5/2-4/2) and dark gray (5Y 4/1), commonly mottled by bioturbation and in places is laminated. A piece of silicified wood occurs in Section 1, 40-44 cm. Normal faults are present in Section 1, 140-145 cm and Section 4, 103-106 cm. Minor lithology: A layer of olive (5Y 5/4) CLAYEY CHALK occurs in Section 1, 98-100 cm.",CORE 126.1 - 136.04 MBSF
128,799,A,16,H,135.8,145.72,Pliocene,"SILTY CLAY, CLAYEY DIATOMACEOUS MIXED SEDIMENT, and DIATOMACEOUS CLAY Major lithology: This core includes greenish gray, dark greenish gray, gray, olive gray, and dark gray (5Y 5/1, 5Y 4/2, 5G 4.5/1. 5Y 4/1) SILTY CLAY with DIATOMS, greenish gray (5G 4/1) and dark gray (5Y 3.5/1) CLAYEY DIATOMACEOUS MIXED SEDIMENT with SPICULES, dark gray (5Y 4/1) DIATOMACEOUS CLAY, and very dark gray (5Y 3/1) SILTY CLAY. Most parts of this core are thoroughly bioturbated, containing mottled intervals in which variegated sediments of different colors are incompletely mixed. Minor lithologies: a. Thin, discontinuous layers of partly recrystallized yellowish brown (10YR 5/4) NANNOFOSSIL OOZE with CLAY are present in Section 1, 36-102 cm; Section 2, 12-115 cm; Section 3, 19-63 cm; Section 4, 43-150 cm; Section 6, 39-139 cm; and Section 7, 0-30 cm. b. Pebble-sized CARBONATE CONCRETIONS are present in Section 4, 7-8 and 63-64 cm; Section 5, 82 and 87 cm; and in Section 6, 105-110 cm. c. VITRIC ASH layers and pockets are present in Section 6. 0-1 cm and Section 7, 26 cm.",CORE 135.8 - 145.72 MBSF
128,799,A,17,H,145.5,155.41,Pliocene,"CLAYEY CALCAREOUS MIXED SEDIMENT, DIATOMACEOUS OOZE, CLAYEY SILT, SILTY CLAY, DIATOMACEOUS SILTY CLAY, and CLAYEY DIATOMACEOUS MIXED SEDIMENT Major lithology: Dark greenish gray (5GY 4/1 to 5G 4/1), dark gray (5Y 4/1), and olive gray (5Y 4/2) CLAYEY SILT and SILTY CLAY, dark gray (5Y 4/1) CLAYEY DIATOMACEOUS MIXED SEDIMENT, dark gray (5Y 4/1) and dark olive gray (5Y 3/2) DIATOMACEOUS SILTY CLAY, dark gray (5Y 4/1) CLAYEY CALCAREOUS MIXED SEDIMENT, and greenish gray (5BG 5/1, 5G 5/1) DIATOMACEOUS OOZE form the major lithology of this core. Most of the core is bioturbated; laminated intervals in Section 5, 115 cm to Section 6, 7 cm, and Section 6, 22-120 cm consist of carbonate-rich, light-colored laminae and carbonate-poor dark laminae. Oblique boundaries in Section 2 to 4 suggest soft-sediment deformation. Minor lithology: Yellowish brown CARBONATE layers and indurated nodules appear in Section 1,9-16 and 145 cm; Section 2, 50 cm, and 116-129 cm; Section 4, 20-22, and 120 cm. General remark: Judging from the bioturbation, the first 3 sections (possibly the entire core) appear to be upside down, possibly due to slumping?",CORE 145.5 - 155.41 MBSF
128,799,A,18,H,155.2,165.35,Pliocene,"DIATOMACEOUS OOZE, DIATOMACEOUS SPICULAR OOZE, DIATOMACEOUS CLAYEY MIXED SEDIMENT, and SILTY CLAY Major lithology: This core contains DIATOMACEOUS OOZE with SILT and SPICULES and DIATOMACEOUS SPICULAR OOZE i?terbedded with DIATOMACEOUS CLAYEY MIXED SEDIMENT with SILT and SPICULES and SILTY CLAY or SILTY CLAY with DIATOMS. The biosilica-rich part is greenish gray (5G 4/1-5GY 5/1) to gray (5Y 5/1). The clay- rich part is (5Y 5/1) to olive gray (5Y 5/2-5Y4/2). Bioturbation is common. Minor lithologies: very pure biosiliceous interval of olive gray (5Y 5/2) SPICULAR DIATOMACEOUS OOZE occurs in Section 5, 70-105 cm. b. Gray (5Y 5/1) VITRIC ASH pockets are scattered through the core, and appear in Section 3, 126-127 cm; Section 4, 75-80 cm; and Section 6, 112 cm. c. CARBONATE CONCRETIONS are present in Section 2, 10-20 cm and Section 4, 100-110 cm.",CORE 155.2 - 165.35 MBSF
128,799,A,19,H,164.8,174.9,Pliocene,"SILTY CLAY, DIATOMACEOUS SILTY CLAY, SPICULAR DIATOMACEOUS OOZE, and CALCAREOUS DIATOMACEOUS CLAY Major lithology: This core consists of very dark gray to black (5Y 2.5/1 to 5Y 3/1) and olive gray (5Y 4/2) SILTY CLAY, dark gray (5Y 4/1) DIATOMACEOUS SILTY CLAY, greenish gray (5BG 5/1), dark greenish gray (5GY 4/1, 5G 4/1, 5BG 4/1) SPICULAR DIATOMACEOUS OOZE, and dark to very dark gray (5Y 3.5/1) CALCAREOUS DIATOMACEOUS CLAY. Soft sediment deformation is observed in Section 3, 49-150 cm. Minor lithology: CARBONATE NODULES occur in Section 6, 62-65 cm, and Section 7, 0-24 cm.",CORE 164.8 - 174.9 MBSF
128,799,A,20,H,174.5,184.64,Pliocene,"CLAYEY DIATOMACEOUS OOZE and CLAYEY DIATOMACEOUS MIXED SEDIMENT Major lithology: This core contains CLAYEY DIATOMACEOUS OOZE with SPICULES and CLAYEY DIATOMACEOUS MIXED SEDIMENT with SPICULES or with CARBONATE. The sediment is gray and dark gray (5Y 5/1-5Y 4/1) to olive gray (5Y 5/2-5Y 4/2), and is slightly bioturbated. Minor lithologies: a. A light gray (5Y 7/1) VITRIC ASH layer occurs in Section 4, 84-86 cm; several white (5Y 8/1) pumice fragments are scattered in Section 1. 17 cm, Section 3, 10-25 cm, and Section 5, 0-110 cm. b. Some olive (5Y 5/4) CARBONATE CONCRETIONS occur in Sections 1 and 5.",CORE 174.5 - 184.64 MBSF
128,799,A,21,X,184.1,194.1,Pliocene,"DIATOMACEOUS OOZE, CALCAREOUS DIATOMACEOUS OOZE, NANNOFOSSIL DIATOMACEOUS OOZE, and DIATOMACEOUS NANNOFOSSIL OOZE Major lithology: This core mainly consists of greenish gray (5Y 5/1) DIATOMACEOUS OOZE with NANNOFOSSILS, SILT and CLAY, slightly mottled with olive (5Y 5/3) sediment. In Sections 1 and 4, 10-15 cm thick intervals of olive (5Y 5/3) CALCAREOUS DIATOMACEOUS OOZE are intercalated. Section 5, 75-145 cm contains light greenish gray and greenish gray (5BG 6/1, 5GY 6/1, 5GY 7/1) NANNOFOSSIL DIATOMACEOUS OOZE with SILT and CLAY and DIATOMACEOUS NANNOFOSSIL OOZE with CLAY. The latter lithology is strongly bioturbated. Small (2 mm), very dark bluish green (5BG 4/1) pockets/concretions, possibly glauconite-bearing, occur in places in Sections 2 to 4. Minor lithology: Olive (5Y 5/3) CARBONATE CONCRETIONS occur in Section 2, 125 cm and Section 5, 52 cm.",CORE 184.1 - 194.1 MBSF
128,799,A,22,X,193.8,203.55,Pliocene,"Moderate drilling disturbance. DIATOMACEOUS OOZE Major lithology: Massive DIATOMACEOUS OOZE with CLAY, ranging in color from dark olive to olive gray to dark gray (5Y 3/2-5Y 4/2-10Y 4/1) is predominant in this core. DIATOMACEOUS OOZE with CLAY and DIAGENETIC CARBONATE is present in the core catcher, 3 cm. Minor lithologies: A distinctive horizon of gray (5Y 5/1) BIOSILICEOUS NANNOFOSSIL OOZE with CLAY appears in Section 3, 0-24 cm. b. Numerous scattered, diffuse horizons and pods of dark yellowish brown (10YR 4/4) CALCAREOUS CHALK with CLAY and DIATOMS are present in the core; in a sample from Section 6, 67 cm. a?hedral carbonate crystallites are 2-20 microns in maximum diameter. c. An unusual DOLOMITIC CONCRETION with a peloidal fabric is present in Section 3, 52-56 cm. d. Minor light gray (N7) VITRIC ASH appears in Section 4, 81-87 cm.",CORE 193.8 - 203.55 MBSF
128,799,A,23,X,203.5,213.34,Pliocene,"Strong drilling disturbance. DIATOMACEOUS OOZE, BIOSILICEOUS MIXED SEDIMENT, DIATOMACEOUS MIXED SEDIMENT, and NANNOFOSSIL BIOSILICEOUS MIXED SEDIMENT Major lithology: This core mainly consists of greenish gray (5BG 5/1) and dark greenish gray (5G 4/1, 5GY 4/1, 5BG 4/1 )homogeneous,weakly mottled BIOSILICEOUS MIXED SEDIMENT with SILT, SAND, and CLAY; DIATOMACEOUS OOZE with SPICULES and CLAY, or with SILT, SAND, CLAY, and SPICULES; and DIATOMACEOUS MIXED SEDIMENT with SPICULES, NANNOFOSSILS, and CLAY. Olive (5Y 4/3, 5Y 5/4) to olive gray (5Y 4/2) NANNOFOSSIL BIOSILICEOUS MIXED SEDIMENT with SILT and CLAY occurs from Section 1, 115 cm through Section 2, 40 cm, and in Section 3,70-125 cm. From the lower part of Section 4 through the core catcher the sediments are intensively disturbed by drilling, and sedimentary structures are not visible. Minor lithology: Pale olive (5Y 6/4) and olive (5Y 4/3) CARBONATE CONCRETIONS, mostly 0.5 to 1 cm in diameter, are present in Sections 1,4,5, and 6.",CORE 203.5 - 213.34 MBSF
128,799,A,24,X,213.1,222.8,Pliocene,"Distinct drilling disturbance. CLAYEY DIATOMACEOUS OOZE, CLAYEY CARBONATE DIATOMACEOUS MIXED SEDIMENT, DIATOMACEOUS CARBONATE CLAYEY MIXED SEDIMENT Major lithology: This core mainly consists ot greenish gray (5GY 4/1, 5Y 5/1) homogeneous CLAYEY DIATOM OOZE with recrystalized carbonate, CLAYEY CARBONATE DIATOMACEOUS MIXED SEDIMENT with GLASS, and DIATOMACEOUS CARBONATE CLAYEY MIXED SEDIMENT. Minor lithologies: a. A light-colored VOLCANIC ASH layer occurs in Section 5, 50 cm. b. Brownish DOLOMITE CONCRETIONS 0.1 to 0.6 cm In diameter, occur in Section 7, 3 and 10 cm, and core catcher, 12 cm.",CORE 213.1 - 222.8 MBSF
128,799,A,25,X,222.8,232.68,Pliocene,"Moderate drilling disturbance. DIATOMACEOUS CLAYEY MIXED SEDIMENT, CLAYEY DIATOMACEOUS MIXED SEDIMENT, DIATOMACEOUS OOZE, CLAYEY DIATOMACEOUS OOZE, and CLAYEY BIOSILICEOUS MIXED SEDIMENT Major lithology: This core is characterized by greenish gray (5GY 5/1) to dark greenish gray (5BG 4/1) sediments. Section 1 to Section 4 predominantly consist of DIATOMACEOUS CLAYEY MIXED SEDIMENT, CLAYEY DIATOMACEOUS MIXED SEDIMENT with INORGANIC CALCITE. and DIATOMACEOUS OOZE. Section 5 and Section 6 consist of CLAYEY DIATOMACEOUS OOZE with GLASS and CLAYEY BIOSILICEOUS MIXED SEDIMENT, and Section 7 and core catcher consist of DIATOMACEOUS OOZE with SILT and CLAY. Minor lithologies: a. A 2 cm thick CARBONATE LAYER occurs in Section 1, 96-98 cm. b. CARBONATE CONCRETIONS and their fragments, 0.3-0.8 cm in diameter, occur through out this core. An unusual carbonate concretion with a thin, dark green film is present in Section 6, 112-113 cm. c. Sand-sized dark green spots, probably altered ash pods, are common in Section 6.",CORE 222.8 - 232.68 MBSF
128,799,A,26,X,232.5,232.5,Pliocene,NO RECOVERY,CORE 232.5 - 232.5 MBSF
128,799,A,27,X,241.4,246.81,Pliocene,"DIATOMACEOUS OOZE, CLAYEY DIATOMACEOUS OOZE, and BIOSILICEOUS OOZE Major lithology: This core contains mainly gray to olive gray (5Y 5/1.5) BIOSILICEOUS OOZE with CLAY and INORGANIC CALCITE in Section 1, dark gray to gray to olive gray (5Y 5/1.5, 5Y 5/1, 5Y 4/1) CLAYEY DIATOMACEOUS OOZE with SPICULES in Sections 2 and 3, and DIATOMACEOUS OOZE with SPICULES and CLAY in Section 4 and in the core catcher. The sediments are highly disturbed by drilling, but in some areas at the top of Section 1, and the base of Section 2. there are faint traces of bioturbation. Minor lithology: Semi-lithified CARBONATE CONCRETIONS occur at numerous levels in Sections 1, 2, and 3. The concretions are generally lens shaped, brown (10YR 5/3), and contained silt sized carbonate particles which appear to be recrystallized and overgrown nannofossils.",CORE 241.4 - 246.81 MBSF
128,799,A,28,X,247.1,247.8,Pliocene,"Moderate drilling disturbance. Major lithology: This core consists of 60 cm of dark greenish gray (5GY 4/1, 5BG 4/1) DIATOMACEOUS OOZE with NANNOFOSSILS, SAND, and spicules and 10 cm of dark gray (5Y 3/2) to pale yellow (5Y 5/3), olive (5Y 5/3), well-indurated DOLOMITE at the top of the core. Bioturbation and large burrows, 1-2 cm in diameter, are visible in the DOLOMITE layer.",CORE 247.1 - 247.8 MBSF
128,799,A,29,X,250.9,258.1,Pliocene,"Severe drilling disturbance. DIATOMACEOUS OOZE and CLAYEY DIATOMACEOUS MIXED SEDIMENT Major lithology: This core contains gray (5Y 5/1). dark gray (5Y 4/1) to olive gray (5Y 4/2-3/2) DIATOMACEOUS OOZE with CLAY and SPICULES and gray to dark gray (5Y 5/1-5Y 4/1) CLAYEY DIATOMACEOUS MIXED SEDIMENT with SPICULES. Minor lithologies: a. Several olive (5Y 5/4) CARBONATE CONCRETIONS are scattered in the core, especially in Sections 2, 3, and 4. b. A white (5Y 8/1) PUMICE fragment occurs in Section 3, 80 cm.",CORE 250.9 - 258.1 MBSF
128,799,A,30,X,260.5,270.27,Pliocene,"Severe drilling disturbance. DIATOMACEOUS OOZE, CLAYEY DIATOMACEOUS MIXED SEDIMENT, DIATOMACEOUS MIXED SEDIMENT Major lithology: This core is highly disturbed by XCB-drilling, and the resulting small and mudcovered drilling biscuits are difficult to interpret. Core lithology is dominated by dark greenish gray (5GY 4/1) DIATOMACEOUS OOZE with SPICULES, SILT, and CLAY, and CLAYEY DIATOMACEOUS MIXED SEDIMENT with SPICULES. Wherever layering is visible, sediments seem to be bioturbated. Incipient fissility is present in Section 6, 10-14, 78-83, and 140-150 cm. Minor lithologies: a. Yellowish brown (1OYR 5/4) carbonate-rich intervals and nodules appear in Section 1,12, 25, and 40 cm; Section 3, 67 cm; Section 4, 10-12, 52, 60 cm; Section 7, 4 cm. b. Gray (5Y 5/1) DOLOMITE CONCRETIONS are present in Section 1, 4-7 and 139-142 cm. These concretions preserve original sedimentary structures, and document intensive bioturc. A dark gray (5Y 4/1), well-rounded, well-indurated VOLCANIC CLAST (Rhyolit?) is present in Section 1, 1-2 cm.",CORE 260.5 - 270.27 MBSF
128,799,A,31,X,270.2,278.81,Pliocene,"Severe drilling disturbance. CLAYEY DIATOMACEOUS MIXED SEDIMENT, and CLAYEY DIATOMACEOUS OOZE Major lithology: The sediments in this core consist ot dark greenish gray (5GY 4/1) uniform CLAYEY DIATOMACEOUS MIXED SEDIMENT with SPICULES and SILT, and CLAYEY DIATOMACEOUS OOZE with SPICULES. 1 mm to 1 cm sized yellowish brown carbonate- rich concretionary nodules are common in these sediments. Wherever sedimentary structures are visible, the sediments appear to be bioturbated. ",CORE 270.2 - 278.81 MBSF
128,799,A,32,X,278.2,287.92,Pliocene,"Severe drilling disturbance. CLAYEY DIATOMACEOUS MIXED SEDIMENT Major lithology: This core contains CLAYEY DIATOMACEOUS MIXED SEDIMENT with SPICULES or with SPICULES and SILT, strongly disturbed by drilling. The sediment is dark greenish gray (5GY 4/1), olive gray (5Y 4/2) to gray and dark gray (5Y 5/1-5Y 4/1). Where the drilling biscuits are large enough, bioturbation is visible. Incipient fissility is present throughout the core. Minor lithologies: a. Numerous olive (5Y 5/4) CARBONATE CONCRETIONS occur in this core. Lenticular or continuous layers of olive (5Y 5/4) DIATOMACEOUS CHALKY MIXED SEDIMENT are also present, as in Section 4, 11-12 cm, 41-43 cm, and 125-127 cm. b. A pale olive (5Y 6/4) CLAYEY VITRIC ASH layer occurs in Section 26, 102-104 cm. ",CORE 278.2 - 287.92 MBSF
128,799,A,33,X,287.9,297.54,Pliocene,"Several drilling disturbance; ""soupy"" and drilling biscuits. DIATOMACEOUS CLAY and DIATOMACEOUS CLAYEY MIXED SEDIMENT Major lithology: This core consists of dark greenish gray (5GY 4/1) DIATOMACEOUS CLAY and DIATOMACEOUS CLAYEY MIXED SEDIMENT. Minor lithology: CALCAREOUS intervals are present in Section 3, at 74-82 and 91-93 cm; Section 5, at 5-10 cm, and Section 7, at 29-44 cm. CALCAREOUS NODULES are observed in Section 2, at 5, 50, and 89-91 cm and Section 3, at 30 cm. ",CORE 287.9 - 297.54 MBSF
128,799,A,34,X,297.6,306.71,Pliocene,"Distinct drilling disturbance. DIATOMACEOUS CLAYEY MIXED SEDIMENT, CLAYEY DIATOMACEOUS MIXED SEDIMENT, CLAYEY DIATOMACEOUS OOZE, and DIATOMACEOUS CLAY Major lithology: This core mainly consists of dark gray to dark greenish gray (5Y 4/1, 5GY 4/ 1), homogeneous DIATOMACEOUS CLAYEY MIXED SEDIMENT, CLAYEY DIATOMA- CEOUS MIXED SEDIMENT, CLAYEY DIATOMACEOUS OOZE, and DIATOMACEOUS CLAY. In Section 1, the sediments contain significant amounts of recrystallized carbonate, and consist of DIATOMACEOUS MIXED SEDIMENT with CARBONATE and CLAYEY DIATOMACEOUS MIXED SEDIMENT with CARBONATE. Minor lithology: Brownish yellow (10YR 6/6) pockets/concretions of recrystallized CARBONATE (mainly dolomite according to XRD data) occur in places in Sections 2 to 6. ",CORE 297.6 - 306.71 MBSF
128,799,A,35,X,307.3,317.11,Pliocene,"Moderate drilling disturbance. DIATOMACEOUS OOZE and CLAYEY DIATOMACEOUS OOZE Major lithology: This core records a gradual upwards transition from DIATOMACEOUS OOZE to DIATOMACEOUS OOZE with CLAY to CLAYEY DIATOMACEOUS OOZE. The color is uniformly olive gray (5Y 5/2) throughout the core, with the exception of the uppermost 95 cm of Section 1, which is richer in clay and is olive-colored (5Y 4/3). Structure is massive throughout; incipient ""drilling biscuits"" are evident in the clay-rich interval in the upper 95 cm of Section 1. The difference in appearance of this core compared with those cores immediately above and below (see core photos) is not due to any abrupt change in consolidation or other physical property, but is due to the cutting of this core with piano wire rather than a water-lubricated rock saw as in Cores 128-799A 34X and 128-799A-36X. Minor lithologies: a. Scattered patches of light yellow brown (10YR 6/4) CHALK are evident throughout the core; sampled horizon in Section 3, 96 cm contains pale green, highly-birefringent crystallites with a unimodal size distribution (1-3 microns). b. Dark gray (N4) patches of VITRIC ASH are evident throughout the core. In Section 6, 40 cm, glass fragments range upwards to coarse sand sized and are strongly vesicular.",CORE 307.3 - 317.11 MBSF
128,799,A,36,X,316.9,325.86,Pliocene,"Strong drilling disturbance. DIATOMACEOUS OOZE Major lithology: This core consists mainly of biosiliceous debris, with 5-25% terrigenous debris, and 0-15% biogenic carbonate material. The main lithology is gray (5Y 5/1), dark gray (5Y 4/1), greenish gray (5GY 6/1, 5GY 5/1, 5G 5/1) and dark greenish gray (5GY 4/1) DIATOMACEOUS OOZE with SPICULES and CLAY, and DIATOMACEOUS OOZE with CLAY and SPICULES. In Section 1, 0 cm through Section 2, 105 cm occurs gray (5Y 5/1), dark gray (5Y 4/1), and olive (5Y 5/3) DIATOMACEOUS OOZE with NANNOFOSSILS and SPICULES; in Section 4, 0-96 cm occurs gray (5Y 5/1), olive gray (5Y 5/2), and olive (5Y 5/4) DIATOMACEOUS OOZE with SPICULES and NANNOFOSSILS. Minor lithologies: a. White (5Y 8/1) VITRIC ASH layers occur in Section 5, 25 cm. b. Olive yellow (5Y 6/6) to pale olive (5Y 6/4) CARBONATE CONCRETIONS are present in Section 1, 50 cm; Section 2, 43, and 105 cm; and Section 3, 55-60, and 88-95 cm. ",CORE 316.9 - 325.86 MBSF
128,799,A,37,X,326.6,336.4,Pliocene,"Moderate to severe core disturbance. CLAYEY BIOSILICEOUS OOZE and BIOSILICEOUS OOZE Major lithology: This core contains gray to greenish gray (5Y 5/1 to 5G 5/1) BIOSILICEOUS OOZE with CLAY, and dark greenish gray to gray to olive (5GY 5/1 to 5Y 5/1 to 5Y 5/3) CLAYEY BIOSILICEOUS OOZE. The sediments are generally homogeneous except for some faint laminations visible at the top of the core catcher and base of Section 7. Minor lithology: This core contains approximately 17 pale olive (5Y 6/4) authigenic CARBONATE CONCRETIONS. These concretions occur throughout Sections 1 through 6 and generally occur at spherical, subspherical, or lens-shaped semi-lithified units with dimensions of less than 2 cm. A very well-lithified 3 cm diameter carbonate nodules occurs at Section 1, 0-3 cm. Based on XRD analyses of similar concretions in the previous several cores, most of these concretions are probably dolomitic.",CORE 326.6 - 336.4 MBSF
128,799,A,38,X,336.2,346.13,Pliocene,"Severe drilling disturbance. DIATOMACEOUS OOZE Major lithology: This core consists of DIATOMACEOUS OOZE which ranges in color from dark greenish gray to grayish green (5Y 4/1 to 5G 4/2); CLAY, DIAGENETIC CARBONATE and VOLCANIC GLASS form minor components of the ooze. Minor lithologies: a. A prominent pale yellow brown (10YR 4/1) DOLOMITE horizon is present in Section 4, 86-97 cm; it contains calcite-lined molds of foraminifers, including arenaceous varieties. b. A light gray (N5) thinly laminated VITRIC ASH is present in Section 6, 76-83 cm. c. A small pebble-sized pod of yellow brown (10YR 5/6) CHALK is present in Section 3, 120 cm; it consists of silt-sized aggregates of diagenetic carbonate particles with syntaxial overgrowth.",CORE 336.2 - 346.13 MBSF
128,799,A,39,X,345.9,355.76,Pliocene,"Strong drilling disturbance. DIATOMACEOUS OOZE and NANNOFOSSIL DIATOMACEOUS OOZE Major lithologies: This core consists of two interbedded lithologies: a. 1 -1.5 m thick units of dark greenish gray (5GY 4/1) to greenish gray (5G Y5/1. 5G 5/1), weakly bioturbated, DIATOMACEOUS OOZE with SPICULES and NANNOFOSSILS, and greenish gray (5GY 5/1, 5G 5/1) NANNOFOSSIL DIATOMACEOUS OOZE with SPICULES or with CLAY and SPICULES or with SILT; b. 0.2-0.4 m thick units of olive gray (5Y5/2, 5Y4/2) to dark gray (5Y 4/1) DIATOMACEOUS OOZE with CLAY and SILT or with SILT, NANNOFOSSILS, SPICULES, and CLAY. Because of drilling disturbance, sedimentary structures are not visible except for short intervals. Dense burrows observed in some drilling breccias suggest that bioturbatio? is common throughout the core. Minor lithology: Dense well-indurated CARBONATE CONCRETIONS, about 2 cm in diameter; friable thin CARBONATE LAYERS, 0.5 to 1 cm thick, and CARBONATE PODS, 1 to 3 cm in diameter, occur in Sections 1, 4, and 6.",CORE 345.9 - 355.76 MBSF
128,799,A,40,X,355.6,365.55,Pliocene,"Severe drilling disturbance. CLAYEY DIATOMACEOUS OOZE Major lithology: Olive gray (5Y 4/2), olive (5Y 3/2), and dark greenish gray (5GY 4/1) CLAYEY DIATOMACEOUS OOZE is the major sediment type in this core. This sediment is moderately to highly bioturbated, and moderately indurated, showing incipient fissility. Minor lithology: Light yellowish brown (10YR6/4) CARBONATE layers occur in Section 1, 12- 14, and 140-141 cm; Section 3, 130-131 cm; Section 4, 11-17, and 87-90 cm; Section 5, 83- 84 cm; Section 6, 40-44 cm, and core catcher, 9-10 cm. CARBONATE concretions are present in Sections 3, 4, and 6.",CORE 355.6 - 365.55 MBSF
128,799,A,41,X,365.3,375.19,Pliocene,"Severe drilling disturbance. CLAYEY DIATOMACEOUS MIXED SEDIMENT and CLAYEY DIATOMACEOUS OOZE Major lithology: The sediments in this core consist of dark greenish gray (5GY 4/1), dark gray (5Y 4/1), and olive gray (5Y 4/2) CLAYEY DIATOMACEOUS MIXED SEDIMENT and CLAYEY DIATOMACEOUS OOZE. These sediments are moderately burrowed {Planolites). Minor lithologies: a. CARBONATE nodules and CARBONATE-rich intervals are present in Section 1, 34-37 cm Section 2, 148 cm; Section 4, 2-3 cm, 126-136 cm; Section 6. 147-149 cm; and core catcher, 29-32 cm. b. AGLAUCONITE-rich interval (ca. 10%) is present in Section 6, 147-150 cm. ",CORE 365.3 - 375.19 MBSF
128,799,A,42,X,375,384.96,Pliocene,"Severe drilling disturbance. DIATOMACEOUS OOZE and SPICULAR DIATOMACEOUS OOZE Major lithology: This core contains dark greenish gray (5GY 4/1) DIATOMACEOUS OOZE and SPICULAR DIATOMACEOUS OOZE. Minor lithology: CARBONATE-rich intervals and nodules appear in Section 1, 92-94 cm; Section 4, 36 cm; Section 5, 22-25, 85m, and 142 cm; Section 6, 6 cm; Section 7, 10-28 cm; and core catcher, 9-10 cm.",CORE 375 - 384.96 MBSF
128,799,A,43,X,384.6,394.37,Pliocene,"Severe drilling disturbance. CLAYEY DIATOMACEOUS OOZE and CLAYEY DIATOMACEOUS MIXED SEDIMENT Major lithology: This core contains olive gray (5Y 4/2) and dark greenish gray (5GY 4/1) CLAYEY DIATOMACEOUS OOZE and CLAYEY DIATOMACEOUS MIXED SEDIMENT, both with varying amounts of SILT and SPICULES. Minor lithology: a. CARBONATE-rich intervals and concretionary nodules are present in Section 5, 65 cm; Section 6, 44-60. 73-77, and 82-85 cm; Section 7, 9 and 14-16 cm; and core catcher, 18 cm. b. A DOLOMITE concretion occurs in Section 5, 102 cm.",CORE 384.6 - 394.37 MBSF
128,799,A,44,X,394.3,398.04,Miocene ?,"Strong drilling disturbance. CLAYEY DIATOMACEOUS MIXED SEDIMENT, DIATOMACEOUS CLAYEY MIXED SEDIMENT and SILTY CLAY Major lithology: This core contains olive gray (5Y 4/2) CLAYEY DIATOMACEOUS MIXED SEDIMENT with SILT, dark gray (5Y 4/1) DIATOMACEOUS CLAYEY MIXED SEDIMENT, and dark gray (5Y 4/1) SILTY CLAY with DIATOMS, restricted to the Core Catcher. Minor lithology: a. A gray (5Y 5/1) VITRIC ASH layer is present in Section 3, 97-100 cm. b. A pale yellowish brown (10YR 6/4) disrupted DOLOMITE layer occurs in the Core Catcher.",CORE 394.3 - 398.04 MBSF
128,799,A,45,X,403.9,413.6,Miocene ?,"Severe drilling disturbance. CLAYEY DIATOMACEOUS MIXED SEDIMENT, and DIATOMACEOUS CLAYEY MIXED SEDIMENT Major lithology: This core contains olive gray to dark gray (5Y 4/2 to 5Y 4/1) CLAYEY DIATOMACEOUS MIXED SEDIMENT and DIATOMACEOUS CLAYEY MIXED SEDIMENT. Incipient fissility is visible throughout the core. Minor lithology: Pale yellowish brown (10YR 6/4) CARBONATE- rich intervals and nodules are present in Section 1, 59; Section 2, 115 cm; Section 3, 110 cm; Section 4, 34, and 108 cm; Section 5, 30 cm; and Section 6, 5 cm.",CORE 403.9 - 413.6 MBSF
128,799,A,46,X,413.6,423.49,Miocene ?,"Extreme drilling disturbance. DIATOMACEOUS OOZE, CLAYEY BIOSILICEOUS MIXED-SEDIMENT and BIOSILICEOUS CLAY Major lithology: This core consists of olive gray (5Y 4/1-5Y 4/2) DIATOMACEOUS OOZE with SILT and CLAY; dark olive gray (5Y 3/2) CLAYEY BIOSILICEOUS OOZE with NANNOFOSSILS, CARBONATE, and SILT; and CLAY with SILT and DIATOMS, Minor lithologies: a. Thin laminations and scattered pods of brownish yellow (10YR 6/6) CHALK and CHALK with DIATOMS and CLAY are conspicuous throughout, although forming less than 1% of the core. b. A conspicuous interval of black (5Y2.5/1) platy to hackly fractured sediment is present in Section 1, 80-88 cm. X-ray diffraction shows that it contains opal-CT.",CORE 413.6 - 423.49 MBSF
128,799,A,47,X,423.3,433.08,Miocene ?,"Moderate drilling disturbance. DIATOMACEOUS CLAYEY MIXED SEDIMENT, DIATOMACEOUS MIXED SEDIMENT, and CLAYEY MIXED SEDIMENT Major lithology: This core consists mainly of dark olive gray (5Y 3/2) and dark olive (5Y 3/3) DIATOMACEOUS CLAYEY MIXED SEDIMENT with SPICULES and SILT. The sediments are slightly to moderately bioturbated; dark greenish gray (5GY 4/1) CLAYEY MIXED SEDIMENT with DIATOMS, SPICULES, and SILT fills burrows in Section 2, 115-150 cm. Burrows, including Planolites, Cho?drites, are flattened due to compaction. Dark olive (5Y 3/3) DIATOMACEOUS MIXED SEDIMENT with AUTHIGENIC CARBONATE, SILT, CLAY, and SPICULES is present in Section 4, 60-85 cm. Minor lithologies: a. Brownish yellow to olive yellow (10YR 6/6, 5Y 6/6) pockets, concretions, and 2-5 cm thick intervals of CHALK/DOLOMITE occur throughout the entire Core 47. b. VITRIC ASH layers occur in Section 4, 138 cm, and in Section 5, 95-97 cm. c. Thin (0.1-0.5 cm) black laminae of BIOSILICEOUS SILTY CLAY occasionally occur in Sections 1, 2, and 6.",CORE 423.3 - 433.08 MBSF
128,799,A,48,X,432.9,437.4,Miocene,"Moderate to strong drilling disturbance. DIATOMACEOUS OOZE, CLAYEY DIATOMACEOUS OOZE. SILTY DIATOMACEOUS MIXED SEDIMENT Major lithology: This core contains bioturbated olive (5Y 4/3-5Y 5/3) to dark olive gray (5Y 3/2) DIATOMACEOUS OOZE with AUTHIGENIC CARBONATES and SPICULES, bioturbated, dark gray (5GY4/1) DIATOMACEOUS OOZE with CLAY, SPICULES, and SILT, and olive (5Y 4/4-5Y 5/4) SILTY DIATOMACEOUS MIXED SEDIMENT with SPICULES. The diatomaceous ooze in Section 1 contains significant amount of clay-sized authige?ic carbonates, possibly dolomite. Minor lithologies: a. Pale yellow (5Y 7/4) CARBONATE LAYERS, 1 to 10 cm thick, are present in Section 1, 15-16 and 35-90 cm, and in Section 3, 25-35 cm. b. Dense, hard, black (5Y 2.5/1) OPAL-CT CHERT LAYERS, 2 to 5 cm thick, occur in Section 1, 43-48, and 110-112 cm, 16 and 85-90 cm; and in Section 3, 25-35 cm. b. Dense, hard, black (5Y 2.5/1) OPAL-CT CHERT LAYERS, 2 to 5 cm thick, occur in Section 1, 43-48, and 110-112 cm.",CORE 432.9 - 437.4 MBSF
128,799,A,49,X,442.6,444.02,Miocene,"CLAYEY BIOSILICEOUS MIXED SEDIMEN T and BIOSILICEOUS CLAY Major lithology: This core contains mainly olive gray (5Y 4/2) CLAYEY BIOSILICEOUS MIXED SEDIMEN T with INORGANIC CARBONATE, and very dark gray (5Y 3/1) BIOSILICEOU S CLAY with INORGANIC CARBONATE. Faint laminations are visible at Section 1, 83-88 cm ; otherwise the major lithologies are homogeneous. Minor lithologies: a. Olive (5Y 4/3) BIOSILICEOUS CHALK with CLAY occurs at Section 1, 43-47 cm, and 79-82 cm. b. An olive gray (5Y 4/3) DOLOMITE with CLAY occurs at the base of Section 1, 94-97 cm, and in the core catcher, 0-13 cm. The dolomite is laminated and also shows faint traces of bioturbation.",CORE 442.6 - 444.02 MBSF
128,799,A,50,X,452.3,461.01,Miocene,"Moderate drilling disturbance. DIATOMACEOUS CLAYEY MIXED SEDIMENT, SILICEOUS CLAYSTONE, and OPAL-CT PORCELANITE and CHERT Major lithology: The upper part of this core through Section 4, 18 cm consists mainly of olive gray (5Y 4/2), olive (5Y 4/3), gray (5Y 5/1), dark gray (5Y 4/1), and dark olive gray (5Y 3/2) DIATOMACEOUS CLAYEY MIXED SEDIMENT with some intervals containing minor (10-25%) components including authige?ic carbonate, silt, and glass. The lower part of the core, from Section 4, 18 cm, through the core catcher, consists of dark olive gray (5Y 3/2) opal-CTbearing SILICEOUS CLAYSTONE, with numerous beds of black (5Y 2.5/2) OPAL-CT PORCELANITE or CHERT. Most beds retain fragments of diatoms and spicules. with as much as 15% opal-A in Section 6, 69 cm. Minor lithologies: a. Pale yellow (5Y 7/4). pale olive (5Y 6/4), and olive (5Y 5/4) CARBONATE CONCRETIONS and layers occur in Sections 1,3,5, 6, and core catcher. b. A layer of light gray (5Y 7/2) VITRIC ASH occurs in Section 2, 132-137 cm, and a large pod of pale olive (5Y 7/4) DIATOMACEOUS CLAYEY VITRIC ASH with CARBONATE is present in Section 2, 25-30 cm.",CORE 452.3 - 461.01 MBSF
128,799,A,51,X,461.9,466.25,Miocene,"Moderate drilling disturbance. SILICEOUS CLAYSTONE Major lithology: Olive gray, dark olive gray to very dark gray (5Y 4/2, 5Y 3/2 to 5Y 4/1) SILICEOUS CLAYSTONE is the dominant lithology in this core. The claystone is predominantly finely to thickly laminated and massive; some intervals, however, are bioturbated (e.g., Section 1, 111-150 cm). Minor lithologies: a. Very dark gray (5Y 3/1) OPAL-CT PORCELLANITE or CHERT beds occur in Section 1, 46-54 cm; Section 3, 28-35 cm, and core catcher, 0-5 cm. b. Pale brown (10YR 6/3) DOLOMITE beds appear in Section 1, 2-3 cm; Section 3, 1-5 cm, and core catcher, 5-30 cm. c. Olive gray (5Y 5/2) CARBONATE-rich intervals and nodules are present in Section 1 at 87-89 cm; Section 2 at 50, 54, 59-61, and 66-69 cm; Section 3 at 2-5, 6-7, 22-23, 35-43, and 52-54 cm. d. Prominent VITRIC ASH beds occur in Section 1 at 105-111 cm; Section 2 at 7-8 and 46-48 cm. ",CORE 461.9 - 466.25 MBSF
128,799,A,52,X,466.9,467.26,Miocene,Moderate drilling disturbance. SILICEOUS CLAYSTONE and OPAL-CT PORCELANITE or CHERT Major lithology: The sediments in this core consist of dark olive gray (5Y 3/2) opal-CT-bearing SILICEOUS CLAYSTONE and OPAL-CT PORCELANITE or CHERT. Part of the porcelanite/chert and some of the porcelaneous chips in the core catcher rubble have a black color; this color and an intensive oil odor is due to intense heating by drilling (estimated up to 600 degrees C).,CORE 466.9 - 467.26 MBSF
