Expedition/Leg,Site,Hole,Core Number,Core Type,Top depth cored (m),Bottom depth recovered (m),Age,Description,Core ID
138,845,A,1,H,0,7.62,Pleistocene,"RADIOLARIAN CLAY WITH DIATOMS Major Lithology: The entire core is dark dusty yellow green (5GY 5/2), slightly to heavily bioturbated RADIOLARIAN CLAY WITH DIATOMS. There is olive gray (5Y 3/2) and light olive gray (5Y 6/1) mottling throughout, increasing towards the bottom of the core. General Description: TRACE FOSSILS: Solid burrows are found throughout Sections 3, 4 and 5, and Zoophycos is present at the bottorr of Section 3 and top of Section 4. BANDING CONTRAST: The only color banding (5G 3/2), at the bottom of Section 2, has low contrast to surrounding color. ",CORE 0 - 7.62 MBSF
138,845,A,2,H,7.6,17.21,Pleistocene,"RADIOLARIAN CLAYEY DIATOM OOZE Major Lithology: The major lithology is grayish olive (10Y 4/2) RADIOLARIAN CLAYEY DIATOM OOZE with minor amounts of nannofossils and volcanic glass (near ash layer). The sediment is extensively bioturbated with mottling throughout (very dark greenish gray -10Y 3/1, and olive gray- 10Y5/2). General Description: TRACE FOSSILS: Solid burrows, rind burrows, Skolithos, Planolites and Zoophycos are present throughout core. BANDING CONTRAST: Slight to moderate. NOTE: Ash layer at Section 1,136 cm. ",CORE 7.6 - 17.21 MBSF
138,845,A,3,H,17.1,26.99,Pleistocene,"DIATOM CLAY Major Lithology: The entire core is composed of generally dark greenish gray (5G 4/1) extensively bioturbated DIATOM CLAY with minor amounts of radiolarians and a few percent foraminifers. Burrows and trace fossils are commonly filled with greenish gray diatom clay (5G 6/1) and outlined by an olive black (5Y 2/1) diagenetic halo. General Description: TRACE FOSSILS: Solid burrows, rind burrows, Planolites and Skolithos are found throughout entire core. Zoophycos are found in Section 1, 130 cm, Section 2, 144 cm, and Section 3, 105 cm. BANDING CONTRAST: There is no banding, but color contrast defining trace fossils is low to moderate. NOTE: A small piece of pumice is in Section 3, 85 cm. ",CORE 17.1 - 26.99 MBSF
138,845,A,4,H,26.6,36.49,Pleistocene,"DIATOM CLAY WITH RADIOLARIANS Major Lithology: The entire core is composed of generally dark greenish gray (5G 4/1) extensively bioturbated DIATOM CLAY WITH RADIOLARIANS (up to 1 0 % ?) ?nd a few percent foraminifers. Burrows and trace fossils are commonly filled with greenish gray diatom clay (5G 6/1) and outlined by an olive black (5Y 2/1) diagenetic halo. General Description: TRACE FOSSILS: Solid and rind burrows, Zoophycos, Planolites and Skolithos found throughout core. BANDING CONTRAST: There is no banding but the color contrast defining the trace fossils is slight to moderate. ",CORE 26.6 - 36.49 MBSF
138,845,A,5,H,36.1,46.09,Pliocene,"RADIOLARIAN DIATOM CLAY Major Lithology: The dominant lithology is a dark greenish gray (5G 4/1 to 5GY 5/1) RADIOLARIAN DIATOM CLAY. Some olive gray shades are intermixed. Diatoms are the principal siliceous microfossil component with radiolarians generally comprising about 15% of the sediment. Some more clay-rich intervals occur throughout the core. General Description: Gray ash layer at Section 3, 104-111 cm. Rare, olive gray (5Y 4/2) diatom ooze occurs as a burrow fill in Section 7, 49 cm. TRACE FOSSILS: Strong bioturbation. Solid burrows, rind burrows with haloes, Planolites and Zoophycos are common. BANDING CONTRAST: Distinct, dark purplish thin bands occur in Sections 2, 3 and 7. Laminations of the same color also occur in Sections 2 and 3. NOTE: The interval Section 2, 65-70 cm is soupy. ",CORE 36.1 - 46.09 MBSF
138,845,A,6,H,45.6,55.64,Pliocene,"DIATOM RADIOLARIAN CLAY Major Lithology: The sediments are composed of dark greenish gray (5GY 4/1) to greenish gray (5GY 5/1) DIATOM RADIOLARIAN CLAY. olive gray shades are mottled throughout much of the core. Radialorians dominate the siliceous microfossils present while diatoms make up a lesser fraction (10%). Indurated ash nodules are found in an ash-rich interval in Section 6, 73-91 cm. General Description: TRACE FOSSILS: Moderate to strong bioturbation occurs throughout. Solid burrows, rind burrows with haloes, Planolites and Zoophycos are common. BANDING CONTRAST: moderate ",CORE 45.6 - 55.64 MBSF
138,845,A,7,H,55.1,64.91,Pliocene,"DIATOM RADIOLARIAN CLAY Major Lithology: Greenish gray (5GY 5/1) DIATOM RADIOLARIAN CLAY with similar proportions of diatoms and radiolarians Some of the paler sections have up to 10% micritic carbonate but nannofossils are present only in trace quantities. General Description: Pale olive (5Y 4/3), micritic patches (1 cm) at Section 4, 47 cm, and Section 5, 48 cm. TRACE FOSSILS: Only light bioturbation visible. Faint solid burrows visible throughout; possible Zoophycos burrow at Section 3, 40-55 cm. COLOR BANDING: Very rare thin dark bluish gray bands. ",CORE 55.1 - 64.91 MBSF
138,845,A,8,H,64.6,74.55,Pliocene,"DIATOM RADIOLARIAN CLAY Major Lithology: Sediments are composed of a greenish gray (5Y 6/1) to olive gray (5Y 5/2) DIATOM RADIOLARIAN CLAY containing roughly equal proportions of radiolarians and diatoms. Slight bioturbation occurs throughout much of the cored interval although more pervasive bioturbation occurs over shorter intervals. Some burrows found in Section 1, 140 cm, to Section 3, 135 cm, are filled with paler gray sediment containing abundant volcanic glass and ash. Fine laminations occur from Section 2,145 cm, to Section 6, 46 cm, and crosscut trace fossil structures. Minor Lithology: Sediments from Section 7, 15 cm, to the bottom of the cored interval are DIATOM RADIOLARIAN CLAYEY NANNOFOSSIL OOZE interbedded and mottled with more nannofossil-rich material. General Description: TRACE FOSSILS: Bioturbation is weak with solid filled burrows and Planolites the common trace fossils. BANDING CONTRAST: weak to moderate ",CORE 64.6 - 74.55 MBSF
138,845,A,9,H,74.1,84.07,upper Miocene,"DIATOM CLAY WITH RADIOLARIANS and RADIOLARIAN DIATOM CLAY WITH NANNOFOSSILS Major Lithologies: Sediments slowly grade from a highly mottled, dark greenish gray DIATOM CLAY WITH RADIOLARIANS in the upper portion of the core to a greenish gray RADIOLARIAN DIATOM CLAY WITH NANNOFOSSILS in the lower sections. Burrows are commonly filled with a nannofossil-rich diatom ooze (25% nannofossils). Minor amounts of volcanic glass are seen in both lithologies. Section 5, 7.5 cm, contains a large (3 cm) carbonate nodule. General Description: TRACE FOSSILS: Bioturbation is slight to moderate throughout much of the core. Intervals of heavy bioturbation occur from Section 1, 0 cm to Section 2, 25 cm. Chondrites, Planolites, and filled burrows are abundant. BANDING CONTRAST: low ",CORE 74.1 - 84.07 MBSF
138,845,A,10,H,83.6,93.61,upper Miocene,"RADIOLARIAN CLAY WITH DIATOMS Major Lithology: The core is composed of a dark greenish gray RADIOLARIAN CLAY WITH DIATOMS, containing ~5 % nannofossils, and 5% foraminifers. Color grades downward to light olive gray. Minor Lithology: A carbonate nodule occurs in Section 3, from 90 to 94 cm. General Description: TRACE FOSSILS: Moderate but indistinct burrow mottling occurs in Sections 1,6, and 7. Mottling in Sections 2 - 5 is relatively weak. banding occurs. ",CORE 83.6 - 93.61 MBSF
138,845,A,11,H,93.1,103.21,upper Miocene,"NANNOFOSSIL CLAYEY RADIOLARIAN OOZE WITH DIATOMS and DIATOM RADIOLARIAN CLAY Major Lithologies: The dominant lithology is a greenish gray (5Y 6/1) NANNOFOSSIL CLAYEY RADIOLARIAN OOZE WITH DIATOMS, gradually changing to a dark greenish gray (5GY 4/1) DIATOM RADIOLARIAN CLAY lower in the section. Alternating light and dark banding of dark greenish gray and greenish olive occurs in Section 6, 40-60 cm. The lighter color bands have a greater nannofossil content than the darker bands. Minor Lithology: Lighter intervals in the core contain a NANNOFOSSIL DIATOM OOZE. These intervals mark the beginning of a transition to nannofossil oozes that occur in Core 12. General Description: TRACE FOSSILS: The core contains burrow mottling throughout, increasing in intensity towards the bottom of the core. Trace fossils are mainly filled solid burrows, a few with diagenetic haloes. BANDING CONTRAST: No distinct banding in Sections 1-5; indistinct banding in Sections 6 and 7. NOTE: Carbonate nodules in Section 1, 15-17 cm, and Section 5, 18-20 cm. ",CORE 93.1 - 103.21 MBSF
138,845,A,12,H,102.6,112.36,upper Miocene,"CLAYEY RADIOLARIAN NANNOFOSSIL OOZE WITH DIATOMS and RADIOLARIAN NANNOFOSSIL OOZE WITH DIATOMS Major Lithologies: This core is consists of interbedded greenish gray CLAYEY RADIOLARIAN NANNOFOSSIL OOZE WITH DIATOMS, and dark gray RADIOLARIAN NANNOFOSSIL OOZE WITH DIATOMS. There is moderate to extensive bioturbation throughout with mottling of brownish black (5GY 2/1) and olive gray (5Y 3/2). There are several brownish black color bands. General Description: TRACE FOSSILS: Zoophycos, Planolites, Skolithos, and solid burrows are common. BANDING CONTRAST: Low to High. ",CORE 102.6 - 112.36 MBSF
138,845,A,13,H,112.1,122.13,upper Miocene,"CLAYEY RADIOLARIAN OOZE WITH DIATOMS Major Lithology: The majority of this core is dark greenish gray, slightly bioturbated CLAYEY RADIOLARIAN OOZE WITH DIATOMS. The texture and color of this lithology is extremely uniform. Minor Lithology: Section 1 and half of Section 2 are many shades of greenish gray and consists heavily bioturbated RADIOLARIAN NANNOFOSSIL CLAY. General Description: TRACE FOSSILS: There are many solid burrows and a few Zoophycos in Section 1. BANDING CONTRAST: Low. ",CORE 112.1 - 122.13 MBSF
138,845,A,14,H,121.6,131.67,upper Miocene,"CLAYEY RADIOLARIAN OOZE, CLAYEY RADIOLARIAN OOZE WITH DIATOMS and RADIOLARIAN CLAY Major Lithologies: Sediments in the top of this core are slightly bioturbated dark greenish gray (5GY 4/1) CLAYEY RADIOLARIAN OOZE. This lithology gradually changes to a CLAYEY RADIOLARIAN OOZE WITH DIATOMS. No bioturbation is visible in sections 3-6. There is a gradual color change to dark grayish brown in Section 6, and then to dark yellowish brown in Section 7. A lithologic change to RADIOLARIAN CLAY occurs in the lower half of the core. Minor Lithology: VITRIC CLAYEY RADIOLARIAN OOZE: Filled burrows in Section 2, 68 cm, have a higher amount of volcanic glass than surrounding sediment. A carbonate nodule occurs in Section 5, 63-73 cm. General Description: TRACE FOSSILS: Bioturbation is only slight in Sections 1-3 and Sections 6-7, and a few solid burrows are present. BANDING CONTRAST: No distinct banding is visible. ",CORE 121.6 - 131.67 MBSF
138,845,A,15,H,131.1,141.13,upper Miocene,"CLAYEY RADIOLARIAN OOZE and RADIOLARIAN CLAY Major Lithologies: From the top of Section 1 to Section 4, 82 cm, is a grayish olive (10Y 4/2), slightly to moderately bioturbated CLAYEY RADIOLARIAN OOZE with yellowish gray (5Y 7/2) burrow fills of diatom ooze. There is also mottling of very dark grayish brown (2.5Y 3/2) and a slight color change (to 5Y 5/2) in the last 50 cm before the major color change in Section 4. From Section 4,113 cm, there are a series of very dark yellowish brown (1OYR 2/2) oxide-rich clay and RADIOLARIAN CLAY interbeds. There is a color gradation from these through dark yellowish brown (10YR 4/4) oxide-free RADIOLARIAN CLAY to grayish orange (10YR 7/4) NANNOFOSSIL RADIOLARIAN CLAY. Minor Lithology: Grayish orange (10YR 7/4) to very pale grayish orange (10YR 7/2), extensively Dioturbated bands (shown in structure column) of NANNOFOSSIL RADIOLARIAN CLAY. General Description: TRACE FOSSILS: There are solid jurrows and a few Zoophycos found in he heavily bioturbated sections within he bottom of the core. BANDING CONTRAST: Slight to moderate. ",CORE 131.1 - 141.13 MBSF
138,845,A,16,H,140.6,150.62,middle Miocene,"NANNOFOSSIL OOZE and RADIOLARIAN NANNOFOSSIL OOZE Major Lithologies: The dominant lithologies are grayish orange (1OYR 6/4) to very pale grayish orange (10YR 7/2) NANNOFOSSIL OOZE and grayish orange (10YR 6/4) to yellowish brown (10YR 5/4) RADIOLARIAN NANNOFOSSIL OOZE. The proportion of clay and radiolarians decreases down core. Minor Lithology: There are several thin interbeds of very dark yellowish brown (10YR 2/2) NANNOFOSSIL RADIOLARIAN CLAY WITH OXIDES. These generally occur in the darker RADIOLARIAN CLAYEY NANNOFOSSIL OOZE or RADIOLARIAN NANNOFOSSIL OOZE intervals and are indicated by the bands within the structure column. General Description: TRACE FOSSILS: Zoophycos, solid burrows, and some planolites are found throughout the darker sections. BANDING CONTRAST: Slight to moderate. ",CORE 140.6 - 150.62 MBSF
138,845,A,17,H,150.1,159.95,middle Miocene,"NANNOFOSSIL OOZE Major Lithology: This core consists of NANNOFOSSIL OOZE, with gradational and subtle color variations. The colors grade from yellowish brown in Section 1 to very pale brown in Section 2, followed by alternating colors of light gray and white through Section 5. This color grades to light greenish gray in Sections 6 and 7. Minor Lithologies: Carbonate nodules occur in Section 1, 16-18 cm and 54-56 cm, and in Section 2, 46-55 cm. General Description: TRACE FOSSILS: Solid burrows of slightly lighter and darker colors occurs throughout. BANDING CONTRAST: Subtle and gradational color banding. ",CORE 150.1 - 159.95 MBSF
138,845,A,18,H,159.6,169.69,middle Miocene,"NANNOFOSSIL OOZE Major Lithology: Light greenish gray to greenish gray (5G 8/1 to 5GY 6/1) NANNOFOSSIL OOZE with 3-5% foraminifers, 3-4% radiolarians, and 0-2% diatoms. Minor Lithology: Light brownish gray (2.5YR 6/2) RADIOLARIAN NANNOFOSSIL OOZE occurs in bioturbated bandS in Section 3, 75-120 cm. Thin paler individual laminae of radiolarian nannofossil ooze occur at Section 1, 39 cm and Section 2, 90 cm. Light brownish gray (2.5Y 6/2) nannofossil diatom ooze occurs in burrow fills at Section 3, 10-20 cm &120-130 cm; Section 5, 5-15 cm. General Description: TRACE FOSSILS: Bioturbation is light to moderate throughout with solid burrows, Planolites and Skolithos in order of decreasing abundance. Darker layers have more observable burrowing than paler layers. BANDING CONTRAST: Very low other than that of Section 3, which is moderate. ",CORE 159.6 - 169.69 MBSF
138,845,A,19,H,169.1,179.16,middle Miocene,RADIOLARIAN NANNOFOSSIL OOZE Major Lithology: Sediments are composed of a light gray (5GY 7/1) to light greenish gray (5Y 7/1) RADIOLARIAN NANNOFOSSIL OOZE containing up to 15% radiolarians and lesser amounts of foraminifers. Faint mottling occurs throughout. General Description: TRACE FOSSILS: Slight bioturbation shows mostly solid burrow structures and Planolites. BANDING CONTRAST: very faint ,CORE 169.1 - 179.16 MBSF
138,845,A,20,H,178.6,188.73,middle Miocene,"FORAMINIFER NANNOFOSSIL OOZE WITH RADIOLARIANS Major Lithology: Sediments are a light greenish gray (5G 7/1) FORAMINIFER NANNOFOSSIL OOZE WITH RADIOLARIANS containing up to 15% foraminifers and a lesser proportion of radiolarians and diatoms. Diatom-rich material fills some burrows in Section 1, 35 cm and Section 7, 10-22 cm. A thick band of a slightly darker colored sediment (5G 6/1) occurs in Section 5, 115-140 cm. General Description: TRACE FOSSILS: Solid burrows are common. BANDING CONTRAST: Banding contrast is generally very faint. Two intervals of moderate contrast are found in Section 5, 115-140 cm and in Section 6, 15-25 cm. ",CORE 178.6 - 188.73 MBSF
138,845,A,21,H,188.1,198.13,middle Miocene,"RADIOLARIAN FORAMINIFER NANNOFOSSIL OOZE Major Lithology: Greenish gray to very light greenish gray (5G 7/1 to5G8/1) RADIOLARIAN FORAMINIFER NANNOFOSSIL OOZE. Minor Lithology: Interbeds of greenish gray (5BG 6/1) RADIOLARIAN NANNOFOSSIL OOZE with trace amounts of pyrite occur at Sections 3, 60-90 cm; 4, 120-135 cm; 5, 50-73 cm and 6, 22-47 cm. General Description: The above lithologies are interbedded with sediment of a paler brownish hue due to the presence of pale brownish diatom-rich fills, solid burrows, and Planolites. In Sections 3 and 5, layers with the brownish burrows occur beneath darker grayish green layers. TRACE FOSSILS: Visible bioturbation is light to moderate being more noticeable in the pale brownish and darker (grayish green) layers. Some burrows have a dark bluish black fill. BANDING CONTRAST: faint. Pale dark bluish and greenish laminations occur in Section 3,10-35 cm. A dark bluish-black thin layer occurs in Section 6,140 cm. ",CORE 188.1 - 198.13 MBSF
138,845,A,22,H,197.6,207.59,middle Miocene,"RADIOLARIAN FORAMINIFER NANNOFOSSIL OOZE Major Lithology: Sediments consist of a RADIOLARIAN FORAMINIFER NANNOFOSSIL OOZE ranging in color from a greenish gray (5G 7/1) to a light greenish gray (5G6/1). Light bioturbation occurs throughout most of the core becoming slightly more intense in portions of Sections 5 and 7. Burrows are commonly filled with a diatom-rich nannofossil ooze. Section 7, 10-34 cm consists of a medium gray (N4) colored interval, more highly bioturbated and containing a relatively greater proportion of radiolarians. General Description: TRACE FOSSILS: Solid burrows and Planolites (?) present BANDING CONTRAST: Slight throughout the entire core Note: A small pumice fragment was found in Section 5, 52 cm. ",CORE 197.6 - 207.59 MBSF
138,845,A,23,X,207.1,216.62,middle Miocene,"FORAMINIFER NANNOFOSSIL OOZE WITH RADIOLARIANS Major Lithology: Greenish gray to very light greenish gray (5G 7/1 to5G8/1) FORAMINIFER NANNOFOSSIL OOZE WITH RADIOLARIANS. Minor Lithology: Interbeds of greenish gray (5BG 6/1) RADIOLARIAN NANNOFOSSIL OOZE with trace amounts of pyrite are present at Sections 4, 0-73 cm; 4, 18-58 cm and 95-130 cm; 6, 0-15 cm; 7, 10-31 cm;CC, 0-19 cm. General Description: A paler brownish color is associated with diatom-rich fills to burrows. These are rarer than in Cores 20H and 21H. In Section 1, the paler brownish burrowed layer lies beneath the darker (5BG 6/1) layer. An individual pale brownish thin band (2 cm) occurs at Section 1, 120 cm. TRACE FOSSILS: Bioturbation is light to moderate throughout but is picked out by the pale brownish burrow fills and the darker layers. Solid burrows and Planolites are common and chondrites occurs in Section 5, 60-80 cm. BANDING CONTRAST: Faint. ",CORE 207.1 - 216.62 MBSF
138,845,A,24,X,216.8,218.25,middle Miocene,NANNOFOSSIL OOZE Major Lithology: Light greenish gray NANNOFOSSIL OOZE. 0-6 cm void. ,CORE 216.8 - 218.25 MBSF
138,845,A,25,X,226.5,236.09,middle Miocene,"FORAMINIFER RADIOLARIAN NANNOFOSSIL OOZE Major Lithology: The entire core is composed of a FORAMINIFER RADIOLARIAN NANNOFOSSIL OOZE varying in color between 5GY 7/1 and 5G 7/1 (light greenish gray). Darker colored bands of greenish gray (5GY 5/1) occur throughout the cored interval. These sediments are similar compositionally to the lighter material but show greater bioturbation. General Description: TRACE FOSSILS: Slight bioturbation occurs throughout, except in the thin intervals shown opposite. Chondrites, Planolites and solid burrows are common. BANDING CONTRAST: moderate ",CORE 226.5 - 236.09 MBSF
138,845,A,26,X,236.1,245.52,middle Miocene,"FORAMINIFER RADIOLARIAN NANNOFOSSIL OOZE Major Lithology: This FORAMINIFER RADIOLARIAN NANNOFOSSIL OOZE is partially indurated. The darker bands (light greenish gray 5G 7/1) have a higher radiolarian content and a lower foraminifer content than the lighter bands (5Y 8/1, white). General Description: TRACE FOSSILS: This core is weakly bioturbated. Chondrites burrows are dominant. Planolites is common, and Skolithos is present but rare. BANDING CONTRAST: Weak but regular color banding occurs with a 50-100 cm wavelength. Transitions are gradual. ",CORE 236.1 - 245.52 MBSF
138,845,A,27,X,245.8,255.53,lower Miocene,"FORAMINIFER NANNOFOSSIL OOZE Major Lithology: The top 170 cm of the core is light greenish gray (5GY 8/1 to 5G 8/1), slightly bioturbated FORAMINIFER NANNOFOSSIL OOZE. Below 20 cm in Section 2, the lithology is still foraminifer nannofossil ooze but there is a sharp color change to very pale orange with mottling and bands of grayish orange. General Description: TRACE FOSSILS: Where bioturbation occurs, Planolites and solid burrows are common. A rind burrow is found in the bottom of Section 1. BANDING CONTRAST: Slight to moderate. ",CORE 245.8 - 255.53 MBSF
138,845,A,28,X,255,264.56,lower Miocene,"FORAMINIFER NANNOFOSSIL OOZE WITH RADIOLARIANS Major Lithology: The entire core consists of very pale orange, very slightly bioturbated FORAMINIFER NANNOFOSSIL OOZE WITH RADIOLARIANS with subtle banding and mottling of pale yellow orange (see minor lithology). There are black specks in clusters throughout the core, which are probably iron oxides. Minor Lithology: The burrow fills and darker bands are pale yellowish orange DIATOM NANNOFOSSIL OOZE WITH RADIOLARIANS. These sections are marked in the structures column as color banding and tend to be more bioturbated than the surrounding less siliceous lithology. General Description: TRACE FOSSILS: Where bioturbation occurs, small solid burrows and a few Planolites are present. BANDING CONTRAST: Slight. NOTE: Large-grained iron oxides are found in clusters throughout core. Fine grained possible iron oxides are found in burrow fills. ",CORE 255 - 264.56 MBSF
138,845,A,29,X,264.6,274.35,middle Miocene,"NANNOFOSSIL OOZE WITH DIATOMS Major Lithology: This core consists of very pale gray (N/8) to light bluish gray (5B 7/1), moderately bioturbated NANNOFOSSIL OOZE WITH and minor amounts of foraminifers. Burrows are filled with light yellowish gray (5Y 7/3) material with a higher diatom content than surrounding nannofossil ooze. There are thin laminations, streaks and spots of purplish gray (5P 4/2) and greenish gray (5G 7/1) throughout. General Description: TRACE FOSSILS: Burrows are found throughout, some with diagenetic halos. BANDING CONTRAST: Low to high. ",CORE 264.6 - 274.35 MBSF
138,845,A,30,X,274.2,283.87,lower Miocene,"RADIOLARIAN FORAMINIFER NANNOFOSSIL OOZE Major Lithology: The entire core consists of slightly to moderately bioturbated, very pale orange RADIOLARIAN FORAMINIFER NANNOFOSSIL OOZE. Color mottling is of a slightly lighter color, and specks of iron oxide are found throughout. There is some color banding as indicated in the color and stucture columns, and Sections 1 through 4 are biscuitted. The darker bands contain higher percentages of radiolarians (up to 30% ?) and less foraminifers. General Description: TRACE FOSSILS: There are small solid burrows in the bioturbated sections. BANDING CONTRAST: Slight to moderate. ",CORE 274.2 - 283.87 MBSF
138,845,A,31,X,283.9,290.91,lower Miocene,"FORAMINIFER NANNOFOSSIL OOZE and METALLIFEROUS SEDIMENT Major Lithologies: From the top of the core down to Section 3,125 cm is a very pale orange, slightly bioturbated FORAMINIFER NANNOFOSSIL OOZE. Mottling is of a slightly lighter color with very fine grained iron oxide. Below Section 3, 125 cm is metalliferous sediment ranging in color from greenish gray (5Y 4/2) to orangish red (10R 3/4). General Description: TRACE FOSSILS: Some evidence of bioturbation in the top sections, but no distinct trace fossils. BANDING CONTRAST: High- From Section 4,105 cm to bottom of core the colors range from greenish colors to reddish colors (see color column). NOTE: From bottom of Section 3 to bottom of core is metalliferous sediment, some of which is breccia (probably in part due to drilling disturbances). Within the breccia are small pieces of basalt in Sections 4 and 5, and at the bottom of the core catcher. ",CORE 283.9 - 290.91 MBSF
