Expedition.Leg,Site_Number,Hole,Core_Number,Core_Type,Core_Top_MBSF,Core_Bottom_MBSF,Age,Description,Core_ID
156,948,C,1,H,0,10.08,early to late Pleistocene,"CLAY WITH NANNOFOSSILS AND FORAMINIFERS Major Lithology: Slightly to moderately bioturbated, mottled, light brownish gray (9YR 6/2 to 1OYR 6/2 to 10YR 7/2) clay with nannofossils and foraminifers. Undeformed. Disseminated ash and dark ashy patches throughout. Intervals of increased foraminifer concentration in Section 1, 66-81 and 110-117 cm and Section 3, 37-54 cm. Minor Lithology: Disrupted, gray (10YR 5/1-1OYR 6/1), sandy, vitric to crystal-rich volcanic ash. Irregular lenses and blobs in Section 1, 39-42 cm; Section 2, and 63-67 cm; Section 5, 66-76 cm; Section 6, 2-3, 25-28, and 144-150 cm. Gray sand layer in Section 7, 0-5 cm, with sharp base, inclined bedding, and possible grading. PC Whole Round Sampling: IW: Section 4, 143-150 cm.",CORE  0 - 10.08  MBSF
156,948,C,2,X,420.8,429.22,early Pleistocene,"CLAYSTONE Major Lithology: Moderately bioturbated, ""biscuited,"" gray (5Y 5/1 to 5Y 6/1) claystone. Strongly bioturbated intervals are slightly darker gray (5Y 4/1) olive gray (5Y 5/2). Some ""biscuits"" contain sediment breccias, as shown by angular pieces of different color within the biscuit; these intervals include Section 3, 13-24, 36-44, and 144-150 cm; Section 4, 52-65 cm; and CC, 0-18 cm. Structural Features: Shallow-dipping zones of intense scaly fabric in Section 2, 85-102 cm; Section 4, 26-33 cm; and Section 5, 78-118 cm. Scaly fabric-parallel, <1-mm-thick rhodochrosite veins in Sections 2 and 5. Sediment-filled veins in Section 3, 23-39 cm; Section 6, 30-33 cm; and CC, 26-27 cm. True bedding dip 21-51 degrees. Whole Round Sampling: AM: Section 2, 13-25 cm. IW: Section 4, 130-150 cm.",CORE  420.8 - 429.22  MBSF
156,948,C,3,X,430.5,439.59,early Pleistocene,"CLAYSTONE Major Lithology: Moderately bioturbated, ""biscuited,"" gray (5Y 5/1 to 5Y 6/1) to olive gray (5Y 4/2 to 5Y 5/2) claystone. Strongly bioturbated intervals slightly darker in color (5Y 2.5/1 -5Y 4/1). Zoophycos burrows in Section 2, 0-15 cm. Structural Features: Millimeter- to decimeter-scale zones of intense scaly fabric in Section 4, 138-150 cm; Section 5, 0-5 cm; and Section 6, 70-113 cm. True dip of these zones is 28-47 degrees, and they show reverse sense of displacement. Sediment-filled veins in Section 4, 112-117 cm and Section 5, 80-85 cm. True bedding dips 26-47 degrees. Whole Round Sampling: AF: Section 3, 89-102 cm. IW: Section 5, 120-150 cm.",CORE  430.5 - 439.59  MBSF
156,948,C,4,X,440.1,448.71,late Miocene,"CLAYSTONE Major Lithology: Slightly to moderately bioturbated, ""biscuited,"" gray (5Y 6/1 to 7.5Y 6/1) claystone with scattered foraminifers. Section 4, 30-80 cm and Section 5, 10-30 cm are light brownish gray (2.5Y 6/1) with silicified discoasters, indicating replacement of carbonate without loss of biogenic structure. Many ""biscuits"" are brecciated by drilling. Bioturbation is generally moderate in Section 1, and slight in the remaining core sections. Burrowed intervals with Zoophycos, generally darker in color, in Section 3, 30-40 cm; Section 5, 20-30 cm; Section 6, 10-15 cm; and CC, 20-40 cm. Minor Lithology: Dark gray (2.5Y 6/1) altered silty ash layer containing fresh feldspar and devitrified glass in Section 3, 35-48 Structural Features: Two shallow-dipping, millimeter-scale mm zones of intense scaly fabric in Section 4, 31-34 cm. True bedding dip 9-56 degrees. Whole Round Sampling: JA: Section 2, 30-41 cm. MK: Section 5, 110-150 cm.",CORE  440.1 - 448.71  MBSF
156,948,C,5,X,449.8,459.75,late Miocene,"CLAYSTONE AND CLAYSTONE WITH NANNOFOSSILS Major Lithology: Gray (5Y 6/1-7.5Y 6/1), mottled, slightly bioturbated, ""biscuited"" claystone in Sections 1-3. Grades to gray (5Y 6/1-7.5Y 6/1), mottled, moderately bioturbated, ""biscuited"" claystone with nannofossils (discoasters and coccoliths) near base of Section 3. Zoophycos in Section 1, 55-60 cm; Section 4, 50-90 cm; and Section 6, 130 cm. Scattered foraminifers in Section 4, 30-45 cm and Sections 5-CC Structural Features: True bedding dips 8-56 degrees. Whole Round Sampling: IW: Section 2, 120-150 cm. HT: Section 6, 93-108 cm.",CORE  449.8 - 459.75  MBSF
156,948,C,6,X,459.4,465.97,late Miocene,"CLAYSTONE AND CLAYSTONE WITH NANNOFOSSILS Major Lithology: Gray (7.5Y 6/1-10Y 6/1), mottled, slightly bioturbated claystone with nannofossils in Section 1. Grades to gray (5Y 5/1-5Y 6/1), mottled, slightly bioturbated claystone in Section 2 and below. Zoophycos in Section 1, 40 cm. Minor Lithology: Brownish gray (2.5Y 6/1), bioturbated claystone with irregular wispy contacts, possibly altered ash layer, in Section 2, 50-62 cm. Structural Features: Four shallow-dipping, decimeter-scale zones of intense scaly fabric alternating with fracture networks in gray to brownish gray interval in Section 2, 40-137 cm. Fracture network of similar color in Section 3, 115-120 cm. True bedding dips to 55 degrees. Whole Round Sampling: SP: Section 4, 53-65 cm. PB: Section 4, 89-104 cm. IW: Section 4, 118-150 cm.",CORE  459.4 - 465.97  MBSF
156,948,C,7,X,469,478.8,late Miocene,"CLAYSTONE Major Lithology: Gray (5Y 5/1-5Y 6/1) to olive gray (5Y 5Y 5/2), slightly to moderately bioturbated, ""biscuited"" claystone. Local olive (5Y 4/3-5Y 5/3) intervals in Sections 2-4. Very dark gray to dark olive gray (5Y 3/1-5Y 3/2) mud chips in Section 4, 110 cm; Section 5, 31 cm; Section 6, 75 cm; and Section 6, 85 cm. Zoophycos in Section 6,110-115 cm. Structural Features: Three shallow-dipping, millimeter-scale zones of intense scaly fabric in Section 3, 23-73 cm. Rhodochrosite veins, up to 5 mm thick and with variable dips, in Section 3, 23-24, 68-72, and 87-90 cm. True bedding dips 35-90 degrees. Whole Round Sampling: PH: Section 6, 63-74 cm. IW: Section 6, 120-150 cm.",CORE  469 - 478.8  MBSF
156,948,C,8,X,478.7,488.5,late Miocene,"CLAYSTONE Major Lithology: Moderately bioturbated, mottled, and ""biscuited"" claystone. Colors are dark gray-gray (5Y 4/1-5Y 5/1), light brownish gray (10YR 6/2), brown (10YR 5/3), yellowish brown (10YR 5/4), reddish gray (5Y 5/2), and reddish brown (5YR 5/4). Zoophycos in Section 2, 130-137 cm. Mud chips in Section 4, 96 and 134-150 cm; and Section 6, 20 cm. Structural Features: Three shallow-dipping, millimeter-scale zones of intense scaly fabric in fractured interval in Section 2, 27-78 cm. Isolated scaly zone in Section 7. Several rhodocrosite crystals in Section 2, 8-10 cm. True bedding dips 48-58 degrees. Whole Round Sampling: MK: Section 3, 110-150 cm. JA: Section 4, 70-80 cm. PB: Section 6, 25-40 cm. IW: Section 6, 120-150 cm. HT:CC, 12-26 cm.",CORE  478.7 - 488.5  MBSF
156,948,C,9,X,488.4,496.89,late Miocene,"CLAYSTONE Major Lithology: Slightly to moderately bioturbated, mottled, ""biscuited,"" variegated claystone. Colors are light brownish gray (2.5Y 6/1 to 10YR 6/2) and gray (5Y 5/1-5Y 6/1 and 10Y 6/1). Bedding contacts are defined by color changes. Zoophycos in Section 5, 40 cm. Minor Lithology: Bioturbated, grayish brown (10YR 6/1) and darker brown (10YR 4/3) altered tuffaceous siltstone layers and patches with irregular upper and lower contacts in Section 1, 70-90 cm; Section 2, 0-20 and 44-54 cm; and Section 3, 65-80 cm. Isolated well-rounded, rip- up clasts of grayish brown siltstone and silty altered tuff in Section 1, 137-148 cm; Section 2, 110 and 130 cm; and Section 4, 45-50 cm. Matrix- supported pebble layer, with apparent inclination of -35 degrees, in Section 5, 114-125 cm. Pebbles are 1.5-2 cm in diameter and subrounded. Structural Features: Pervasive fracture networks and incipient scaly fabric with a few intact intervals in Section 2, 49 cm-CC. Several shallow-dipping, mm- to cm- scale zones of intense scaly fabric in Section 2, 137-149 cm; Section 4, 44-52 cm; Section 5, 144-150 cm; and Section 6, 17-19 cm. Brecciated zones in Section 2, 120-127 and wx Section 3, 125-142 cm. Subhorizontal, millimeter-scale mineralized veins in Sections 3, 19-21 cm (rhodochrosite) and CC, 32-33 cm (phillipsite). True bedding dips 22-73 degrees. Whole Round Sampling: IW: Section 4, 115-150 cm. HT: Section 6, 28-43 cm. GZ: CC, 7-22 cm.",CORE  488.4 - 496.89  MBSF
156,948,C,10,X,498.1,505.39,early Miocene,"CLAYSTONE AND CLAYSTONE WITH RADIOLARIANS Major Lithology: Variegated claystone in Section 1, becoming variegated claystone with radiolarians further down in the core. Colors are pinkish gray (7.5YR 6/2- 7.5YR 7/2) to gray (2.5Y 6/1 and 10YR 6/1) to light brownish gray (1OYR 6/2), not correlative with the presence absence of radiolarians. Local mottling and bioturbation. Minor Lithologies: Thin brown tuff layer in Section 1, 37-38 cm. Light brownish gray (2.5Y 6/1) claystone with radiolarians and thin lenses of darker brown tuff in Section 1, 66-85 cm. Structural Features: Pervasive fracture networks and incipient scaly fabric throughout core, with a few intact intervals. Numerous shallow-dipping, millimeter- to decimeter-scale zones of intense scaly fabric grouped in three intervals: Section 1, 22 cm to Section 2, cm; Section 2, 128 cm to Section 3, 83 cm; and Section 4,15 cm to CC, 14 cm. Millimeter-scale rhodochrosite vein along a scaly zone in Section 5, 66-67 cm. One true bedding dip of 22 degrees; apparent (i.e. minimal) bedding dips up to 38 degrees. Whole Round Sampling: IW: Section 3, 110-150 cm. GZ: Section 4, 54-69 cm. HT: Section 5, 28-43 cm. SP: Section 5, 68-80 cm. AM: CC, 23-35 cm.",CORE  498.1 - 505.39  MBSF
156,948,C,11,X,507.7,515.22,early Miocene,"CLAYSTONE Major Lithology: Section 1-Section 5, 17 cm: Light olive brown (2.5Y 5/4-2.5Y 5/6), gray (2.5Y 6/1) and grayish brown (2.5Y 6/2), slightly to moderately bioturbated, variegated claystone with unusually large radiolarians. Section 5, 17 cm-CC: Dark grayish brown (2.5Y 4.2) and greenish gray (5GY 5/1-5G 5/1) variegated claystone. Drilling ""biscuits"" and bioturbation most obvious in less sheared intervals. Color changes below Section 5, 17 cm are too fine to be illustrated to scale; refer to VCD for detailed color information. Structural Features: Pervasive fracture networks and incipient scaly fabric throughout core, with a few intact intervals (above Section 4, 110 cm) and stratal disruption (below Section 5, 0 cm). Numerous shallow-dipping, millimeter- to decimeter-scale zones of intense scaly fabric, mostly grouped in two intervals: Section 1, 94 cm to Section 2, 150 cm, and Section 5, 57 cm to CC, 25 cm. 5- mm-thick phiilipsite vein along scaly zone in Section 1, 102-103 cm. Sediment-filled veins in Section 1, 17-37 cm. True bedding dips 30-36 degrees. Whole Round Sampling: IW: Section 3, 120-150 cm. MK: Section 4, 110-150 cm. HT: Section 5, 31-48 cm. GZ: Section 5, 70-86 cm.",CORE  507.7 - 515.22  MBSF
156,948,C,12,X,517.4,526.14,early Miocene,"CLAYSTONE AND SILTY CLAYSTONE Major Lithology: Section 1-Section 5, 38 cm: Variegated claystone, in alternating color bands of olive gray-light olive gray (5Y 5/2- 5Y 6/2), greenish gray (5G 5/1-5G 5/2 and 5GY 5/1), dark grayish brown (2.5Y 3/2-2.5Y and 7.5Y 3/2), dark gray (7.5R 4/0), and reddish brown (7.5R 4.2). Section 5, 38 cm-CC: Gray to greenish gray (N4/-5GY 4/1), weakly to moderately laminated silty claystones with generally sharp basal contacts; silty claystones grade to greenish gray (5G 5/1-5GY 5/1), weakly mottled, variegated claystone. Many sedimentary structures and color changes below Section 5, 38 cm are too fine to be illustrated to scale; refer to VCDs for detailed information. Structural Features: Section 1-Section 4, 11 cm: Pervasive stratal disruption. Numerous shallow- dipping, millimeter- to centimeter-scale zones of intense scaly fabric. Decimeter-scale folds and reverse faults in Section 2, 48-140 cm. Section 4, 11 cm-CC: Isolated and thinner scaly zones. True bedding dips to 43 degrees. Whole Round Sampling: PB: Section 1, 91-106 cm. HT: Section 3, 40-57 cm. GZ: Section 4, 47-63 cm. IW: Section 4, 110-150 cm. AM: CC, 4-15 cm.",CORE  517.4 - 526.14  MBSF
156,948,C,13,X,526.8,536.69,late Oligocene,"CLAYSTONE and SILTY CLAYSTONE/CLAYEY SILTSTONE Major Lithologies: Thin, horizontally laminated, gray (5Y 5/1-5Y 6/1), dark olive gray (5Y 3/2), black (N/4) clayey siltstone and silty claystone, grading to greenish gray (5GY 6/1) and gray (10Y 6/1) claystone. Graded cycles have sharp bases. Top portions of many cycles appear structureless, likely due to bioturbation. No trace fossils. Sedimentary structures and color changes too fine to be illustrated to scale; refer to VCDs for detailed information. Minor Lithology: Section 3, 73-100 cm: Light gray (5Y 6/1-5Y 7/1) silty sand with horizontal- and cross-laminae, grading upsection to greenish gray (5GY 5/1), slightly bioturbated claystone. Structural Features: Shallow-dipping, millimeter- to decimeter-scale zones of intense scaly fabric in Section 1, 78 cm to Section 2, 128 cm. Isolated, millimeter-scale zones of intense scaly fabric along normal fault in Section 4 and as bedding-parallel features in Section 6. True bedding dips to 24 degrees. Whole Round Sampling: AF: Section 3, 60-73 cm. IW: Section 4, 115-150 cm. HT: Section 5, 26-42 cm. GZ: Section 7, 36-51 cm. JA:CC, 15-25 cm.",CORE  526.8 - 536.69  MBSF
156,948,C,14,X,536.1,545.49,late Oligocene,"CLAYSTONE and CLAYEY SILTSTONE/SILTY CLAYSTONE Major Lithologies: Graded gray (5Y 6/1) clayey siltstone and silty claystone to greenish gray (5GY 6/1) and gray (10Y 6/1) claystone. Graded cycles have sharp bases. Lower portions of most cycles exhibit horizontal iaminae and rare low-angle cross- laminae. Top portions of most cycles appear structureless, likely due to bioturbation. No trace fossils. Sedimentary structures and color changes too fine to be illustrated to scale; refer to VCDs for detailed information. Minor Lithology: Light gray (5Y 6/1), mostly recrystallized claystone with nannofossils in Section 1, 10-17 cm. Layer of recrystallized micritic claystone with nannofossils, with sharp base and top contacts, parallel laminae, and inclined at apparent dip of -20 degrees in Section 2, 114-117 cm. Clusters of small pyrite in Section 2, 17-20 cm. Structural Features: Several bedding-parallel, millimeter- scale zones of intense scaly fabric. True bedding dips to 22 degrees. Whole Round Sampling: MK: Section 3, 110-150 cm. IW: Section 5, 120-150 cm. GZ: Section 6, 36-52 cm. AM: Section 6, 52-70 cm. SP: Section 6, 79-92 cm.",CORE  536.1 - 545.49  MBSF
156,948,C,15,X,545.4,555.26,late Oligocene,"CLAYSTONE, SILTY CLAYSTONE, and CLAYSTONE WITH NANNOFOSSILS Major Lithologies: Three distinct types of interbedded sediment: (1) light gray (5Y 6/1) silty claystone; (2) greenish gray (5GY 6/1) to gray (2.5Y 6/1) claystone; and (3) s� light gray (5Y 6/1) claystone with nannofossils. Silty claystone and claystone interbeds form graded cycles, with horizontal to gently inclined laminae and ripple cross- laminae at the base and mild bioturbation toward the top. Nannofossil-rich interbeds are generally laminated and grade upward into claystone. Bases of most cycles are sharp disrupted. Sedimentary structures and color changes too fine to be illustrated to scale; refer to VCDs for detailed information. Structural Features: Several bedding-parallel, millimeter- scale zones of intense scaly fabric. True bedding dips to 28 degrees. Whole Round Sampling: GZ: Section 4, 61-77 cm. PH: Section 6, 55-61 cm; Section 6, 103-109 cm. IW: Section 6, 110-150 cm.",CORE  545.4 - 555.26  MBSF
156,948,C,16,X,554.8,564.28,late Oligocene,"CLAYSTONE, SILTY CLAYSTONE/CLAYEY SILTSTONE, and MICRITIC SILTY CLAYSTONE WITH NANNOFOSSILS Major Lithologies: Four distinct types of interbedded sediment: (1) light gray (2.5Y 6/1-5Y 6/1) to light greenish gray (5GY 6/1-5GY 7/1 and 5G 5/2-5G 7/2) nannofossil claystone; (2) gray (5Y 6/1-10Y 6/1) to light greenish gray (2.5YGY 6/1-5GY 6/1) claystone; (3) gray (5Y 5/1-5Y 6/1) silty claystone; and (4) horizontal- and cross- Jaminated light gray (5Y 7/1) calcareous silt in Section 2, 83-110 cm, with sharp base and weakly bioturbated top. Claystones in Sections 1 through 3 have irregular brown (10YR 4/3) bands. Nannofossil claystones are either structureless have horizontal laminae at the base and appear weakly graded; they have sharp bases and bioturbated tops mixed with background clay. Silty claystones exhibit local horizontal- and cross-laminae, graded cycles, and are locally mottled by bioturbation. Most contacts are sharp. Silty claystones and calcareous claystones both grade upsection to claystone. Some claystone intervals contain ""mud chips"" of darker greenish gray material. Sedimentary structures and color changes too fine to be illustrated to scale; refer to VCDs for detailed information. Structural Features: Several bedding-parallel, millimeter- scale zones of intense scaly fabric. True bedding dips to 18 degrees. Whole Round Sampling: IW: Section 2, 110-150 cm. PB: Section 5, 119-135 cm. JA: Section 6, 50-61 cm. HT: Section 7, 15-31 cm.",CORE  554.8 - 564.28  MBSF
156,948,C,17,X,564.1,573.89,late Oligocene,"CLAYSTONE, SILTY CLAYSTONE/CLAYEY SILTSTONE, and MICRITIC SILTY CLAYSTONE WITH NANNOFOSSILS Major Lithologies: Three distinct types of interbedded sediment: (1) light gray (2.5Y 6/1-5Y 6/1) to light greenish gray (5GY 6/1-5GY 7/1) nannofossil claystone; (2) gray (5Y 6/1-10Y 6/1) to light greenish gray (2.5YGY 6/1-5GY 6/1) claystone; and (3) gray (2.5Y 6/1-5Y 6/1) silty claystone. Nannofossil claystones are either structureless have horizontal laminae gently inclined cross-laminae at the base and appear weakly graded. They have sharp bases and bioturbated tops mixed with background clay. Claystones and silty claystones exhibit local horizontal laminae, cross-laminae, graded cycles, and mottling by bioturbation. Most contacts are sharp. Some claystone intervals contain ""mud chips"" of darker greenish gray material. Sedimentary structures (except the approximate locations of sharp bedding contacts) and color changes on too fine a scale to be illustrated; refer to VCDs for detailed information. Structural Features: Minor normal and reverse faults in Section 4. Two bedding-parallel, millimeter-scale zones of intense scaly fabric in Sections 4 and 6. True bedding dips to 17 degrees. Whole Round Sampling: IW: Section 2, 120-150 cm. MK: Section 5, 0-40 cm. AM: Section 6, 67-78 cm.",CORE  564.1 - 573.89  MBSF
156,948,C,18,X,573.3,582.07,late Oligocene,"CLAYSTONE, SILTY CLAYSTONE/CLAYEY SILTSTONE, and MICRITIC SILTY CLAYSTONE WITH NANNOFOSSILS Major Lithologies: Three distinct types of interbedded sediment: (1) light gray (2.5Y 6/1-5Y 6/1) to light greenish gray (5GY 6/1-5GY 7/1) nannofossil claystone; (2) gray (5Y 6/1-10Y 6/1) to light greenish gray (2.5GY 6/1-5GY 6/1) claystone; and (3) gray (2.5Y 6/1-5Y 6/1) silty claystone. Nannofossil claystones are either structureless have horizontal laminae gently inclined cross laminae at the base and appear weakly graded. They have sharp bases and bioturbated tops mixed with background clay. Claystones and silty claystones exhibit local horizontal laminae, cross- laminae, graded cycles, and mottling by bioturbation. Most contacts are sharp. Some claystone intervals contain ""mud chips"" of darker greenish gray material. Sedimentary structures (except the approximate locations of sharp bedding contacts) and color changes on too fine a scale to be illustrated; refer to VCDs for information. Structural Features: Minor normal faults in Section 4. Two bedding-parallel, millimeter-scale zones of intense scaly fabric in Section 5. True bedding dips to 19 degrees. Whole Round Sampling: IW: Section 4, 110-150 cm. PH: Section 5, 139-150 cm.",CORE  573.3 - 582.07  MBSF
156,948,C,19,X,582.8,592.72,late Oligocene,"CLAYSTONE, SILTY CLAYSTONE/CLAYEY SILTSTONE, and MICRITIC SILTY CLAYSTONE WITH NANNOFOSSILS Major Lithologies: Three distinct types of interbedded sediment: (1) light gray (2.5Y 6/1-5Y 6/1) to light greenish gray (5GY 6/1-5GY 7/1) nannofossil claystone; (2) light greenish gray (2.5YGY 6/1-5GY 6/1) to gray (5Y 6/1-10Y 6/1) claystone; and (3) gray (2.5Y 6/1-5Y 6/1) silty claystone. Nannofossil clay intervals include Section 1, 40-50, 77-85, and 128-142 cm; Section 2, 10-30, 64-72, and 88-105 cm; Section 3, 140 cm through Section 4, 6 cm; Section 4, 47-50 cm; Section 5, 57-68 and 86-104 cm; Section 6, 74-75 and 97-102; CC, 5-9 cm. They are either structureless horizontally laminated at the base and graded. They have sharp bases and bioturbated tops mixed with background clay. Claystones and silty claystones are arranged in alternating layers. They exhibit local horizontal laminae, graded cycles, and mottling by bioturbation. Most contacts are sharp. Pyrite occurs in Section 3, 85 cm; Section 4, 107-109 cm; Section 7, 33 and 37 cm, and CC, 35 cm. Sedimentary structures (except the approximate locations of sharp bedding contacts and pyrite) on too fine a scale to be illustrated; refer to VCDs for information. Structural Features: Bedding-parallel, millimeter- to decimeter-scale zones of intense scaly fabric in Section 1, 72-77 cm; Section 2, 122-123 cm; and Section 7, 20-29 cm. True bedding dips to 35 degrees. Whole Round Sampling: IW: Section 4, 110-150 cm. HT: Section 6, 49-65 cm.",CORE  582.8 - 592.72  MBSF
