Expedition/Leg,Site,Hole,Core Number,Core Type,Top depth cored (m),Bottom depth recovered (m),Age,Description,Core ID
130,807,A,1,H,0,7.37,Pleistocene,NANNOFOSSIL OOZE with FORAMINIFERS to FORAMINIFER NANNOFOSSIL OOZE Major lithology: This core contains NANNOFOSSIL OOZE with FORAMINIFERS to FORAMINIFER NANNOFOSSIL OOZE. The color of the sediment grades from pale brown (10YR 6/3) at the top of Section 1 into light gray (10YR 7 2) and white (10YR 8.2) in Section 3. Slight to moderate bioturbation is indicated by several light brownish gray (10YR 6/2) and light gray (10YR 7/2) mottles. Disseminated and smeared pyritized burrows are noted in Sections 3 and 4. ,CORE 0 - 7.37 MBSF
130,807,A,2,H,7.4,17.3,Pleistocene,"NANNOFOSSIL OOZE with FORAMINIFERS to FORAMINIFER NANNOFOSSIL OOZE Major lithology: This core contains NANNOFOSSIL OOZE with FORAMINIFERS to FORAMINIFER NANNOFOSSIL OOZE. Bioturbation is evident throughout the core. In Section 1, the ooze grades from yellowish white (10YR 8/1) above 43 cm to grayish white (7.5YR 8/0) below 43 cm. From the top of Section 2 dow?core, the ooze exhibits cyclic color changes. The typical cycle is white (7.5YR 8/0), grading downward into a pale yellowish green (10GY 7/2) interval bounded by a sharp base. White bands are between 5 and 100 cm thick. Light gray bands are between 5 and 20 cm thick. Pale yellowish green bands are 1 to 5 cm thick.",CORE 7.4 - 17.3 MBSF
130,807,A,3,H,16.9,26.81,Pleistocene,"FORAMINIFER NANNOFOSSIL OOZE to NANNOFOSSIL OOZE with FORAMINIFERS Major lithology: This core contains FORAMINIFER NANNOFOSSIL OOZE to NANNO FOSSIL OOZE with FORAMINIFERS. The sediment is slightly bioturbated, homogeneous, and white (7.5YR 8/0). The few burrows present are filled with softer material. Slightly gray zones, approximately 20 cm in length, are observed throughout the core (about one per section). ",CORE 16.9 - 26.81 MBSF
130,807,A,4,H,26.4,36.34,upper Pliocene,"FORAMINIFER NANNOFOSSIL OOZE to NANNOFOSSIL OOZE with FORAMINIFERS Major lithology: This core contains homogeneous FORAMINIFER NANNOFOSSIL OOZE to NANNOFOSSIL OOZE with FORAMINIFERS. The sediment is white (7 5YR 8/0 grading to 10YR 8/1 in Section 6) and slightly bioturbated, as indicated by a few watery, pyrite- filled burrows and by gray (10YR 6/1) and light gray (10YR 7/2) mottles below Section 6. In Sections 2 through 5, several diffuse cm scale, gray (7/5YR 6/0) and bluish gray (5B 6/1) zones are present. In Sections 6 and 7, a few diffuse, cm scale, bluish gray, reddish gray (10R 6/1) and greenish gray (5G 7/1) zones, as well as greenish gray color bands (cm scale), are noted.",CORE 26.4 - 36.34 MBSF
130,807,A,5,H,35.9,45.75,upper Pliocene,"FORAMINIFER NANNOFOSSIL OOZE to NANNOFOSSIL OOZE with FORAMINIFERS Major lithology: This core contains white (7.5YR 8/0) FORAMINIFER NANNOFOSSIL OOZE to NANNOFOSSIL OOZE with FORAMINIFERS, which grades into a 5 cm thick gray (N7/) interval at Section 1, 145 cm and a pale purple (5P 6/2) interval at Section 5, 95 cm. The sediment is slightly to heavily bioturbated, and contains watery pyrite-filled burrows and ligl gray (5Y 7/1) and light olive gray (5Y 6/2) mottling. A 2 cm long pyrite concretion is present in Section 4, 15 cm. Faint to sharp, pale blue (5PB 7/2), pale purple (5P 6/2), light greenish gray (5G 7/1), and pale green {5G 6/2) color bands are common throughout the core. ",CORE 35.9 - 45.75 MBSF
130,807,A,6,H,45.4,55.33,upper Pliocene,"NANNOFOSSIL OOZE with FORAMINIFERS I0 FORAMINIFER NANNOFOSSIL OOZE Major lithology: This core contains NANNOFOSSIL OOZE with FORAMINIFERS to FORAMINIFER NANNOFOSSIL OOZE. The sediment is white (7.5YR 8/0 and 2.5Y 8/0) and slightly to moderately bioturbated, as indicated by light gray (5Y 7/1 and 5Y 7/2) mottles and to cm scale, pyrite-filled burrows. Light greenish gray (5G 7/1), pale blue (5PB 7/2), and grayish blue (5 PB 5/2) color bands are present throughout the core and form concentrated zones at Section 3 90-105 cm, Section 5, 35-60 and 80-100 cm, Section 6 22-27 cm, and Section 7, 0-26 cm.",CORE 45.4 - 55.33 MBSF
130,807,A,7,H,54.9,64.86,upper Pliocene,"NANNOFOSSIL OOZE with FORAMINIFERS to FORAMINIFER NANNOFOSSIL OOZE Major lithology: This core contains NANNOFOSSIL OOZE with FORAMINIFERS to FORAMINIFER NANNOFOSSIL OOZE. The sediment is white e(2.5Y 8/0), grading to light gray (5Y 7/1) in the lower part of Section 7. Diffuse pale blue (5PB 7/2), light gray (N7/), and light bluish gray (5B 7/1) zones, 3 to 10 cm wide, are present in Sections 3 through 5. Moderate to heavy bioturbation is indicated by light gray (5Y 7/2) and grayish blue (5PB 5/2), mottling. Very fine grained pyrite filled burrows are seen in all sections. A 4 cm diameter burrow ""halo"" is noted in Section 6. Diffuse to distinct , light greenish gray (5G 7/1), pale purple (5P 6/2) and grayish blue (5PB 5/2). 0.5 to 1 cm wide color bands are present.",CORE 54.9 - 64.86 MBSF
130,807,A,8,H,64.4,74.35,upper Pliocene,"NANNOFOSSIL OOZE with FORAMINIFERS to FORAMINIFER NANNOFOSSIL OOZE Major hthology: This core contains white (2.5Y 8/0) NANNOFOSSIL OOZE with FORAMINIFERS to FORAMINIFER NANNOFOSSIL OOZE. Bioturbation is generally light to moderate throughout this core, but is heavy in Section 4, 0-70 and 135-150 cm. Evidence for bioturbation includes cm scale, light gray {5Y 7/1) horizontal burrows, and mm to cm scale, grayish blue (5PB 5/2) pyrite-filled burrows. Horizontal light greenish gray (5G 7/1), pale purple (5P 6/2), and pale blue (5PB 7/2) color bands are present to common.",CORE 64.4 - 74.35 MBSF
130,807,A,9,H,73.9,83.6,lower Pliocene,"NANNOFOSSIL OOZE with FORAMINIFERS to FORAMINIFER NANNOFOSSIL OOZE Major lithology: This core contains white (2.5Y 8/0) NANNOFOSSIL OOZE with FORAMINIFERS to FORAMINIFER NANNOFOSSIL OOZE. Slight to moderate bioturbation is indicated by pyritized, commonly vertical, dark gray (N4/) burrows and associated grayish blue (5PB 5/2) mottling and ""halos"". Several cm scale, light gray (5Y 7/1) burrows and mottles are present. Distinct and diffuse, cm size, light greenish gray (5G 7/1) color bands are common throughout the core. Grayish blue (5PB 5/2) bands are present but less common. ",CORE 73.9 - 83.6 MBSF
130,807,A,10,H,83.4,93.27,lower Pliocene,"FORAMINIFER NANNOFOSSIL OOZE to NANNOFOSSIL OOZE with FORAMINIFERS Major lithology: This core contains white (2.5Y 8/0) FORAMINIFER NANNOFOSSIL OOZE to NANNOFOSSIL OOZE with FORAMINIFERS. Moderate bioturbation is evident as cm scale, light gray (5Y 7/1) mottles and mm to cm scale, grayish blue (5PB 5/2) pyrite-filled burrows and halos. Diffuse light greenish gray (5G 7/1) color banding is common, and pale purple (5P 6/2) bands are present, but rare. ",CORE 83.4 - 93.27 MBSF
130,807,A,11,H,92.9,102.75,lower Pliocene,"FORAMINIFER NANNOFOSSIL OOZE to NANNOFOSSIL OOZE with FORAMINIFERS Major lithology: This core contains white (2.5Y 8/0) FORAMINIFER NANNOFOSSIL OOZE to NANNOFOSSIL OOZE with FORAMINIFERS. Common to abundant, 1 m thick intervals of color banding are evident. The color bands are mostly pale yellowish green (10GY 7/2). Slight to moderate bioturbation is indicated by mottles (2.5Y 8/2) and burrow infillings of pyrite with pale purple (5P 7/2) borders and streaks. ",CORE 92.9 - 102.75 MBSF
130,807,A,12,H,102.4,112.14,lower Pliocene,"NANNOFOSSIL OOZE with FORAMINIFERS Major lithology: This core contains white (2.5Y 8/0) NANNOFOSSIL OOZE with FORAMINIFERS. Greenish gray (5G 7/1), pale yellowish green (10GY 7/2), and pale purple (5P 6/2) color banding is common. Moderate to heavy bioturbation is evident from abundant cm scale, light gray (2.5Y 7/2) mottles, pyrite-filled burrows, disseminated pyrite specks and pale purple (5P 6/2) mottles. ",CORE 102.4 - 112.14 MBSF
130,807,A,13,H,111.9,121.56,lower Pliocene,"NANNOFOSSIL OOZE with FORAMINIFERS Major lithology: This core contains white (2.5Y 8/0} NANNOFOSSIL OOZE with FORAMINIFERS. The sediment is moderately bioturbated, as indicated by white (2.5Y 8/2) and pale purple (5P 6/2) mottles, pyrite-filled burrows, and ""halos"". Very few diffuse cm thick, greenish gray (5G 7/1) and pale purple (5P 6/2) color bands and zones are present throughout the core. ",CORE 111.9 - 121.56 MBSF
130,807,A,14,H,121.4,131.24,upper Miocene,"FORAMINIFER NANNOFOSSIL OOZE to NANNOFOSSIL OOZE with FORAMINIFERS Major lithology: This core contains white (2.5Y 8/0) FORAMINIFER NANNOFOSSIL OOZE to NANNOFOSSIL OOZE with FORAMINIFERS. The sediment is moderately to heavily bioturbated, as indicated by light gray (2.5Y 7/2) and pale purple (5P 6/2) mottles and pyrite-filled burrows and specks. A few diffuse cm scale, faint greenish gray (5G 7/1) and very few pale purple (5P 6/2) color bands are noted throughout the core. ",CORE 121.4 - 131.24 MBSF
130,807,A,15,H,130.9,140.83,upper Miocene,"NANNOFOSSIL OOZE with FORAMINIFERS to NANNOFOSSIL OOZE Major lithology: This core contains white (2.5Y 8/0) NANNOFOSSIL OOZE with FORAMINIFERS to NANNOFOSSIL OOZE. The sediment is moderately bioturbated, as indicated by light gray (2.5Y 7/2) and pale purple (5P 6/2) mottles, pyrite-filled burrows, and halos. Diffuse faint greenish gray (5G 7/1) and pale purple (5P 6/2) color bands (cm scale) are noted throughout the core. ",CORE 130.9 - 140.83 MBSF
130,807,A,16,H,140.4,150.37,upper Miocene,"NANNOFOSSIL OOZE with FORAMINIFERS to NANNOFOSSIL OOZE Major lithology: This core contains white (2.5Y 8/0) NANNOFOSSIL OOZE with FORAMINIFERS to NANNOFOSSIL OOZE. Bioturbation is indicated by extensive white (2.5Y 8/2) mottles, burrow-fills, pyrite specks, pale purple streaks, and purple ""halos"". Horizontal, 1 to 2 cm thick, faint pale purple (5P 6/2) and pale yellowish green (10GY 7/2) color bands are noted throughout the core.",CORE 140.4 - 150.37 MBSF
130,807,A,17,H,149.9,159.82,upper Miocene,"NANNOFOSSIL OOZE with FORAMINIFERS to FORAMINIFER NANNOFOSSIL OOZE Major lithology: This core contains white (2.5Y 8/0) NANNOFOSSIL OOZE with FORAMINIFERS to FORAMINIFER NANNOFOSSIL OOZE. The sediment is moderately bioturbated as indicated by light gray (2.5Y 7/2) mottles, pyrite-filled burrows and pale purple (5P 6/2) ""halos"". Diffuse taint greenish gray (5G 7/1) and pale purple color bands (cm scale) are noted throughout the core.",CORE 149.9 - 159.82 MBSF
130,807,A,18,H,159.4,169.13,upper Miocene,"NANNOFOSSIL OOZE with FORAMINIFERS to FORAMINIFER NANNOFOSSIL OOZE Major lithology: This core contains NANNOFOSSIL OOZE with FORAMINIFERS to FORAMINIFER NANNOFOSSIL OOZE. Some intervals are coarser than others, suggesting intergradational bedding. The sediment is predominantly white (2.5Y 8/0) and commonly contains faint pale greenish gray (5G 7/1) color bands, about 1 cm in diameter, and pale purple (5P 6/2) to reddish gray (5R 6/1) color bands, several cm in diameter. Bioturbation is evident from abundant pyrite-filled burrows (very dusky purple (5P 2/2) in the center with borders of pale purple (5P 6/2)), and common light gray (2.5Y 7/2) burrow mottles, about 1 cm in diameter.",CORE 159.4 - 169.13 MBSF
130,807,A,19,H,168.9,178.82,upper Miocene,"NANNOFOSSIL OOZE with FORAMINIFERS to FORAMINIFER NANNOFOSSIL OOZE Major lithology: This core contains white (2.5Y 8/2) NANNOFOSSIL OOZE with FORAMINIFERS interbedded with FORAMINIFER NANNOFOSSIL OOZE Very faint pale greenish gray (5G 7/1), 0.5 cm thick color bands are common to abundant. Pale purple (5P 6/2) to reddish gray (5R 6/1), 1 to 2 cm thick, color bands are also present. There are abundant pyrite-filled burrows and light gray (2.5Y 7/2) mottles, suggesting moderate to heavy bioturbation. The pyrite filled trace structures are very dusky purple (5P 2/2) in the center with borders of pale purple (5P 6/2) and occur as specks, patches and vertical traces. Pale purple (5P 6/2) color migration fronts, which form ""halo""-like structures, are also present.",CORE 168.9 - 178.82 MBSF
130,807,A,20,H,178.4,188.11,upper Miocene,"NANNOFOSSIL OOZE with FORAMINIFERS Major lithology: This core contains white (2.5 7/2) NANNOFOSSIL OOZE with FORAMINIFERS. Pyritized burrows and light gray (2.5Y 7/2) mottles are abundant. Very faint greenish gray (5G 7/1), 0.5 cm thick color bands are common. Microfaults are observed at 140-150 cm in Sections 4 and 6. A large pale purple (5P 7/1) swirl is observed between 95 and 135 cm in Section 5, possibly indicating that the color, in this case, is related to fluid migration.",CORE 178.4 - 188.11 MBSF
130,807,A,21,H,187.9,197.3,upper Miocene,"NANNOFOSSIL OOZE with FORAMINIFERS Major lithology: This core contains slightly to moderately bioturbated, white (2.5 Y 8/0) NANNOFOSSIL OOZE with FORAMINIFERS. The bioturbation structures include mm to cm scale, grayish blue (5PB 5/2) pyrite-filled burrows. In Sections 3 and 6, these fills outline the spreiten in individual Zoophycos trace fossils. Diffuse light greenish gray (5G 7/1), pale purple (5PB 7/2), and grayish blue (5PB 5/2) color bands are common to abundant, ranging in thickness from 0.5 cm to several cm. Individual color bands are microfaulted near the tops of Sections 3 and 4. ",CORE 187.9 - 197.3 MBSF
130,807,A,22,H,197.4,207.29,upper Miocene,"NANNOFOSSIL OOZE with FORAMINIFERS Maior lithology: This core contains moderately bioturbated, white (2.5Y 8/0) NANNOFOSSIL OOZE with FORAMINIFERS. Bioturbation structures include mm to cm scale, grayish blue (5PB 5/2) pyrite-lilled burrows, and light gray (2.5Y 7/2 and 5Y 7/1) mottling. Light greenish gray (5G 7/1), grayish blue (5PB 5/2), and pale purple (5PB 7/2) diffuse color banding is present to abundant. ",CORE 197.4 - 207.29 MBSF
130,807,A,23,H,206.9,216.88,upper Miocene,"NANNOFOSSIL OOZE with FORAMINIFERS Major lithology: This core contains moderately bioturbated. white (2.5Y 8/0) NANNO- FOSSIL OOZE with FORAMINIFERS. Bioturbation structures include mm to cm scale, grayish blue (5PB 5/2), pyrite-filled burrows and light gray (2.5Y 7/2 and 5Y 7/2) mottling. Light greenish gray (5G 7/1), grayish blue (5PB 5/2), and pale purple (5PB 7/2) diffuse color banding is present to abundant. ",CORE 206.9 - 216.88 MBSF
130,807,A,24,H,216.4,226.2,upper Miocene,"NANNOFOSSIL OOZE with FORAMINIFERS to FORAMINIFER NANNOFOSSIL OOZE Major lithology: This core contains moderately to heavily bioturbated, white (2.5Y 8/0) NANNOFOSSIL OOZE with FORAMINIFERS to FORAMINIFER NANNOFOSSIL OOZE. Bioturbation structures include mm to cm scale, grayish blue (5PB 5/2), pyrite-filled burrow and light gray (2.5Y 7/2 and 5Y 7/2) mottling. The heavily bioturbated intervals are dominated by the light gray mottling. Light greenish gray (5G 7/1), grayish blue (5PB 5/2), and pale purple (5PB 7/2) diffuse color banding is present to abundant. ",CORE 216.4 - 226.2 MBSF
130,807,A,25,H,225.9,235.8,upper Miocene,"NANNOFOSSIL OOZE with FORAMINIFERS to FORAMINIFER NANNOFOSSIL OOZE Major lithology: This core contains white (2.5Y 8/0) NANNOFOSSIL OOZE with FORAMINIFERS to FORAMINIFER NANNOFOSSIL OOZE, with alternating soft and semi indurated intervals. The color grades locally to light gray (N7/). The sediment is slightly to moderately bioturbated, as indicated by cm scale, light gray (5Y 7/2) mottling and mm scale (5PB 5/2) pyrite-filled burrows. A 10 cm long vertical pyritized burrow was observed in Section 1. Diffuse light greenish gray (5G 71). grayish blue (5PB 5/2), and pale purple (5P 6/2) color bands are common. In Section 2, a halo encircling a pyritized burrow causes grayish blue (5PB 5/2) color bands to ""fade"" and leaves them greenish gray inside the halo. A light gray (N7/), 15 cm long patch in Section 5 may represent mottling or fluid migration. ",CORE 225.9 - 235.8 MBSF
130,807,A,26,H,235.4,245.29,upper Miocene,"FORAMINIFER NANNOFOSSIL OOZE to NANNOFOSSIL OOZE with FORAMINIFERS Major lithology: This core contains white (2.5Y 8/0) FORAMINIFER NANNOFOSSIL OOZE to NANNOFOSSIL OOZE with FORAMINIFERS, which has formed drilling ""biscuits"" in Sections 1 through 3. The sediment is slightly to moderately bioturbated, with mm scale, grayish blue (5PB 5/2), pyrite-filled burrows common throughout the core. The more heavily bioturbated intervals also contain cm scale, light gray (5Y 7/1 and 2.5Y 7/2) mottling. Diffuse light greenish gray (5G 7/1), pale purple (5P 6/2), and pale blue (5PB 6/2) color bands generally become more abundant downcore. Microfaulted color bands are present at Section 5, 130 cm, and Section 6, 37 cm. ",CORE 235.4 - 245.29 MBSF
130,807,A,27,H,244.9,254.5,upper Miocene,"FORAMINIFER NANNOFOSSIL OOZE Major lithology: This core contains white (2.5Y 8/0 to 10YR 8/1) FORAMINIFER NANNOFOSSIL OOZE, which becomes more uniform in appearance downcore. Sections 1 through 5 are slightly to moderately bioturbated, with grayish blue (5PB 5/2) mm scale, pyrite-filled burrows and light gray (2.5Y 7/2), cm scale, mottling. Sections 6 through Core Catcher are slightly bioturbated, with few distinct mottles. Faint light greenish gray (5G 7/1), pale purple (5P 6/2), and pale blue (5PB 7/2) color bands are present to abundant in Sections 1 through 6. ",CORE 244.9 - 254.5 MBSF
130,807,A,28,X,254.4,263.44,upper Miocene,"NANNOFOSSIL OOZE with FORAMINIFERS to FORAMINIFER NANNOFOSSIL OOZE Major lithology: This core contains white (7.5YR 8/0) NANNOFOSSIL OOZE with FORAMINIFERS to FORAMINIFER NANNOFOSSIL OOZE. The sediment is very stiff to hard and is biscuited by the drilling process. The core is relatively homogeneous, with infrequent 0.2 to 0 5 cm thick, greenish gray (5G 7/1). pale blue (5PB 7/2). pale purple (5P 6/2), and pale pink (5RP 8/2) color bands. Only a few signs of bioturbatio? are evident in the form of occasional py?te filled traces with purple borders, and small (0.5 to 1 cm thick), light gray (2.5Y 7/2) mottles.  ",CORE 254.4 - 263.44 MBSF
130,807,A,29,X,264.1,273.68,upper Miocene,"NANNOFOSSIL OOZE with FORAMINIFERS and NANNOFOSSIL CHALK with FORAMINIFERS Major lithology: This core contains 60% NANNOFOSSIL OOZE with FORAMINIFERS and 40% NANNOFOSSIL CHALK with FORAMINIFERS, both predominantly white (7.SYR 8/0) in color. The ooze is very stiff and contains chalk biscuits. Pale pink (5RP 8/2). greenish gray (5G 7/1), and pale yellowish green (10GY 7 2), 1 to 10 cm thick color bands are common. Bioturbation is indicated by white (2.5Y 8 2) mottling ",CORE 264.1 - 273.68 MBSF
130,807,A,30,X,273.8,283.1,upper Miocene,"NANNOFOSSIL OOZE with FORAMINIFERS and NANNOFOSSIL CHALK with FORAMINIFERS Major lithology: This core contains 60% NANNOFOSSIL OOZE with FORAMINIFERS and 40% NANNOFOSSIL CHALK with FORAMINIFERS, both predominantly white (7.5YR 8/0) in color. The ooze is very stiff and contains biscuits of chalk. Only a few gray (7.5YR 6/0), 2 to 3 mm thick color bands, and several pale purple (5P 6/2), 3 to 5 cm thick bands are present. Faint pale purple (5P 6/2) zones, 10 to 25 cm thick, also are present. ",CORE 273.8 - 283.1 MBSF
130,807,A,31,X,283.5,291.62,upper Miocene,"NANNOFOSSIL OOZE with FORAMINIFERS and NANNOFOSSIL CHALK with FORAMINIFERS Major lithology: This core contains white (7.5YR 8/0) NANNOFOSSIL OOZE with FORAMINIFERS and NANNOFOSSIL CHALK with FORAMINIFERS. A 45 cm thick, pale purple (5P 6/2) interval is present at the top of Section 3. The sediment is hard, and chalky intervals occur primarily as biscuits within Sections 1 through 4 Sections 5 and 6 are very stiff ooze. There is a noticeable lack of bioturbation structures: only a few small, pyrite-filled burrows are present ",CORE 283.5 - 291.62 MBSF
130,807,A,32,X,292.7,300.72,middle Miocene,"NANNOFOSSIL CHALK with FORAMINIFERS Major lithology: This core contains white (2.5Y 8/0)NANNOFOSSIL CHALK with FORAMINIFERS. Slight bioturbation is indicated by very lew mottles, pyrite-filled burrows, and specks. The drilling process has resulted in moderately fractured to highly fragmented biscuits in a stiff ooze matrix.",CORE 292.7 - 300.72 MBSF
130,807,A,33,X,302.3,311.71,middle Miocene,"NANNOFOSSIL CHALK with FORAMINIFERS Major lithology: This core contains NANNOFOSSIL CHALK with FORAMINIFERS. The predominant color is white, with a few 10 cm thick, pale purple (5P 6/2) intervals. Thin (<1 mm), distinct, white color bands are abundant within these intervals. A tew greenish gray (5G 7/1) color bands, 1 mm to 1 cm thick, also are present. Slight bioturbation is indicated by small (<1 cm thick), taint mottles and trace fossils.",CORE 302.3 - 311.71 MBSF
130,807,A,34,X,312,321.71,middle Miocene,"NANNOFOSSIL CHALK with FORAMINIFERS Major Iithology: This core contains white (2.5Y 8/0) NANNOFOSSIL CHALK with FORAMINIFERS. Distinct mm thick, irregular, wavy, pale purple {5P 6/2) color bands are abundant in 10 to 50 cm thick intervals in Sections 1, 4, 6 and 7. In the remaining sections, a few pale purple color bands are observed and several greenish gray (5G 5/2) color bands are noted throughout the core. The white sediment shows signs of bioturbation, including mottles and pyritic specks. In some of the pale purple intervals, bioturbation is heavy as indicated by abundant burrows. The drilling process has resulted in moderately fractured biscuits in a stiff ooze matrix.",CORE 312 - 321.71 MBSF
130,807,A,35,X,321.2,329.76,middle Miocene,"NANNOFOSSIL CHALK Major lithology: This core contains white (7.5YR 8/0) NANNOFOSSIL CHALK. Sections 4 and 5 each have two pale pink (5RP 8/0) intervals (10-50 cm long). The sediment is slightly bioturbated as indicated by a few pyrite-filled mottles and specks. Distinct pale purple (5P 6/2) and greenish gray (5G 5/2), mm scale color bands and a few cm scale, pale purple zones are noted in Sections 3, 5 and 6. Drilling disturbance has resulted in moderately fractured biscuits in a stiff ooze matrix, except for Section 1, where the biscuits are highly fragmented.",CORE 321.2 - 329.76 MBSF
130,807,A,36,X,330.9,340.38,middle Miocene,"NANNOFOSSIL CHALK with FORAMINIFERS Major lithology: This core contains white (7.5YR 8 0) NANNOFOSSIL CHALK with FORA MINIFERS. Sections 1 through 3 are white and homogeneous. From Section 4 to the base of the core, there are a few 20 to 30 cm thick intervals that exhibit fine-scale color banding that is primarily pale purple (5P 6/2) and, to a lesser extent, pale yellowish green (10GY 7/2). Fine-scale color banding imparts a pale pink (5RP 8 2) color to some intervals. A few pink intervals exhibit significant traces of bioturbation.",CORE 330.9 - 340.38 MBSF
130,807,A,37,X,340.6,350.37,middle Miocene,"NANNOFOSSIL CHALK with FORAMINIFERS Major lithology: This core contains white (7.5YR 8/0) NANNOFOSSIL CHALK with FORAMINIFERS. Pale pink {5P 8/2), dm-scale intervals are observed in Sections 2-6. Signs of bioturbation are rare in the white intervals, but heavy bioturbation is observed in the pale pink parts of the core. A few zones of distinct mm scale, greenish gray (5G 7/1) color bands are noted throughout the core. The drilling process has resulted in slightly to moderately fractured biscuits in a stiff ooze matrix.",CORE 340.6 - 350.37 MBSF
130,807,A,38,X,350.2,359.33,middle Miocene,"FORAMINIFER NANNOFOSSIL CHALK Major lithology: This core contains white (7.5YR 8/0) FORAMINIFER NANNOFOSSIL CHALK. Thin (0.1-1 cm), pale yellowish green (10GY 7/2), greenish gray (5G 7/1), grayish blue (5PB 5/2), and dark gray (N6/) color bands are common. At Section 5, 145 cm, gray bands begin to resemble flaser structures. Moderate bioturbation is evident from faint mottles and a few pyrite-filled burrows. ",CORE 350.2 - 359.33 MBSF
130,807,A,39,X,359.9,368.41,middle Miocene,"FORAMINIFER NANNOFOSSIL CHALK Major lithology: This core contains white (7.5YR 8/1) FORAMINIFER NANNOFOSSIL OOZE. Moderate bioturbation is indicated by small (1 cm thick), grayish purple (5P 4/2) mottles and occasional pyrite-filled burows. Color bands are rare, thin (<1 mm), distinct, greenish gray (5G 7 1). ",CORE 359.9 - 368.41 MBSF
130,807,A,40,X,369.7,379.32,middle Miocene,"FORAMINIFER NANNOFOSSIL CHALK Major lithology This core contains white (7.5YR 8/0) FORAMINIFER NANNOFOSSIL CHALK, with pale purple (5P 6/2) intervals present in Sections 2 and 3. In the white parts of the core, bioturbation is slight to moderate, as indicated by several pyrite-filled burrows and specks. Signs of heavy bioturbation, however, are noted in the pale purple intervals. In Sections 3 and CC, a lew distinct, mm thick, greenish gray (5G 7/1) color bands are observed Drilling disturbance is slight throughout the core. ",CORE 369.7 - 379.32 MBSF
130,807,A,41,X,379.5,388.52,middle Miocene,"FORAMINIFER NANNOFOSSIL CHALK Major lithology: This core contains moderately to highly bioturbated, white (7.5YR 8/0) FORAMINIFER NANNOFOSSIL CHALK. Disseminated pyrite-filled burrows are present but not abundant. Minor intervals of light greenish gray (5G 7/1) color bands are present in Section 2. ",CORE 379.5 - 388.52 MBSF
130,807,A,42,X,389.2,397.53,middle Miocene,"FORAMINIFER NANNOFOSSIL CHALK Major lithology: This core contains white (7.5YR 8/0), moderately to highly bioturbated FORAMINIFER NANNOFOSSIL CHALK. Indistinct burrow mottles are present in Sections 1 through 5. An interval of light greenish gray (5G 7/1) color bands is present at Section 5, 110 cm. Below this level, the sediments are extensively stained with grayish blue (5PB 5/2) pyrite-filled burrows.",CORE 389.2 - 397.53 MBSF
130,807,A,43,X,398.9,407.66,middle Miocene,"FORAMINIFER NANNOFOSSIL CHALK Major lithology: This core contains white (7.5YR 8/0 and 5Y 8/1) FORAMINIFER NANNO- FOSSIL CHALK. The chalk is slightly to moderately bioturbated throughout, and Section 1 is stained by moderate amounts of grayish blue (5PB 5/2) pyrite-filled burrows. Several light gray (N7/). thin (mm scale) color bands are present at Section 5, 130 cm. SMEAR SLIDE SUMMARY (%): TEXTURE: Sand Silt Clay COMPOSITION: Foraminifers Nannofossils Radiolarians Silicoflagellates ",CORE 398.9 - 407.66 MBSF
130,807,A,44,X,408.6,416.74,middle Miocene,"FORAMINIFER NANNOFOSSIL CHALK Major lithology: This core contains white (7/5YR 8/0, 2.5Y 8/0, and 5Y 8/1) FORAMINIFER NANNOFOSSIL CHALK. The sediments are slightly to moderately bioturbated, with indistinct mottling and minor staining by grayish blue (5PB 5/2), pyrite-filled burrows. Several light gray (5Y 7/1) color bands are present in Sections 1 and 5, and dip at angles of 10-30 degrees across the core surlace. These may represent sediment deformation zones. ",CORE 408.6 - 416.74 MBSF
130,807,A,45,X,418.3,428.17,middle Miocene,"NANNOFOSSIL CHALK with FORAMINIFERS Major lithology: This core contains white (5Y 8/1 and 10YR 8/1) NANNOFOSSIL CHALK with FORAMINIFERS. Moderate to heavy bioturbation is indicated by horizontal, 0.5 cm wide burrows and mottling, minor grayish blue (5PB 5 2) mottling, and pyrite-filled burrow. No color bands were seen. ",CORE 418.3 - 428.17 MBSF
130,807,A,46,X,427.8,436.77,middle Miocene,"FORAMINIFER NANNOFOSSIL CHALK Major lithology: The predominant lithology in this core is white (2.5Y 8/0 and 5Y 8/1) FORAMINIFER NANNOFOSSIL CHALK, with a 7 cm thick, coarse-grained, reddish gray (10R 6/1), graded bed located in Section 2. Heavy to slight bioturbation is indicated by white mottling on a 2 to 3 mm scale, and by single spots associated with pyritized burrows. Minor lithology: Sections 2, 3 and 4 contain 10 to 50 cm thick beds of NANNOFOSSIL CHALK which grade into the major lithology. The sediment is white (2.5Y 8/0 and 5Y 8/1) and moderately bioturbated as indicated by white mottles and burrows, and by diffuse burrow-associated pyritization.",CORE 427.8 - 436.77 MBSF
130,807,A,47,X,437.5,446.55,middle Miocene,"FORAMINIFER NANNOFOSSIL CHALK Major lithology: The major portion of the core contains white (10YR 8/0 and 5Y 8/1) FORAMINIFER NANNOFOSSIL CHALK The upper 4 sections are homogeneous with minor horizontal, pyrite filled burrows The entire core is moderately bioturbated. Minor lithology: Below Section 5, 121 cm, 10 to 30 cm thick, white (5Y 8 1) intervals. NANNOFOSSIL CHALK with FORAMINIFERS are interbedded with the major lithology.",CORE 437.5 - 446.55 MBSF
130,807,A,48,X,447.1,456.76,middle Miocene,"NANNOFOSSIL CHALK with FORAMINIFERS Major lithology: This core contains white (5Y 8/1 and 10YR 8/1) NANNOFOSSIL CHALK with FORAMINIFERS. Bioturbation is heavy to slight throughout the core and decreases in intensity downcore. The bioturbation is generally expressed as simple horizontal burrow mottling, although a Zoophycos trace fossil is present in Section 1, and Chondrites is present in Section 4.",CORE 447.1 - 456.76 MBSF
130,807,A,49,X,456.8,464.76,lower Miocene,"NANNOFOSSIL CHALK with FORAMINIFERS Major lithology: This core contains white (10YR 8/1), moderately to heavily bioturbated NANNOFOSSIL CHALK with FORAMINIFERS.",CORE 456.8 - 464.76 MBSF
130,807,A,50,X,466.4,475.85,lower Miocene,"NANNOFOSSIL CHALK with FORAMINIFERS to FORAMINIFER NANNOFOSSIL CHALK Major lithology: This core contains white (2.5Y 8/0, 5Y 8/1 and 10YR 8/0) NANNOFOSSIL CHALK with FORAMINIFERS to FORAMINIFER NANNOFOSSIL CHALK. It is moderately bioturbated with faint white mottling, mm to cm size burrows, and a few pale purple (5P 6/2) pyritized burrows. ",CORE 466.4 - 475.85 MBSF
130,807,A,51,X,476.1,485.04,lower Miocene,"NANNOFOSSIL CHALK with FORAMINIFERS Major lithology: This core contains white (10YR 8/0 and 2.5Y 8/0) NANNOFOSSIL CHALK with FORAMINIFERS. Moderate bioturbation is indicated by faint mottling in various shades of white. Single, small (mm size) grayish blue (5PB 5 2) pyritized burrows are present. From the lower half of Section 4 to the base of the core, mm size distinct, and cm size dilfuse light gray (N7/) to gray (N5/} color bands are common.",CORE 476.1 - 485.04 MBSF
130,807,A,52,X,485.8,494.39,lower Miocene,"NANNOFOSSIL CHALK with FORAMINIFERS to FORAMINIFER NANNOFOSSIL CHALK. Major lithology: This core contains slightly to heavily bioturbated, white (2.5Y 8/0 and 10YR 8/0) NANNOFOSSIL CHALK with FORAMINIFERS to FORAMINIFER-NANNOFOSSIL CHALK. Pyrite-filled burrows give rise to a grayish blue (5PB 5/2) hue for the lower 10 cm of Section 2 and to a pale purple (5PB 7/2) hue in the lower 40 cm of Section 3. A single distinct, greenish gray (5G 6/1) color band and several mm to cm size diffuse light greenish gray (5G 7/1) bands are present. A 2 to 3 cm diameter Porcellanite nodule is located in Section 6, 60 cm. ",CORE 485.8 - 494.39 MBSF
130,807,A,53,X,495.4,503.9,lower Miocene,"FORAMINIFER NANNOFOSSIL CHALK to NANNOFOSSIL CHALK with FORAMINIFERS Major lithology: This core contains white (2.5Y 8/0) FORAMINIFER NANNOFOSSIL CHALK to NANNOFOSSIL CHALK with FORAMINIFERS. In Sections 1 through 4, moderate to heavy bioturbation is indicated by abundant mottles and grayish blue (5PB 5/2) pyrite-filled burrows. In Sections 5 through CC, only a few signs of bioturbation are visible. Sections 3, 5, 6 and CC have several zones (a few cm thick) of light gray (5Y 7/1) flaser structures.",CORE 495.4 - 503.9 MBSF
130,807,A,54,X,505.1,513.84,lower Miocene,"NANNOFOSSIL CHALK with FORAMINIFERS Major lithology: This core contains white (2.5Y 8/0) NANNOFOSSIL CHALK with FORAMINIFERS. There are occasional flaser structures observed as braided color bands. Bioturbation is slight, with only a few disseminated pyrite specks in the core; otherwise the core is structureless ",CORE 505.1 - 513.84 MBSF
130,807,A,55,X,514.8,524.03,lower Miocene,"NANNOFOSSIL CHALK with FORAMINIFERS Major lithology: This core contains white (2.5Y 8/0) NANNOFOSSIL CHALK with FORAMINI- FERS There is some indication of bioturbation, with faint mottles and a few pyrite-filled burrows. Sections 5 and 6 have abundant mm thick, light gray (5Y 7/1) and pale purple (5P 6/2) color bands. The drilling process has resulted in abundant fracturing and biscuit formation ",CORE 514.8 - 524.03 MBSF
130,807,A,56,X,524,532.58,lower Miocene,"NANNOFOSSIL CHALK Major lithology: This core contains white (2.5Y 8/0) NANNOFOSSIL CHALK It is relatively structureless with only a few intervals showing biolurbation structures (mottles and pyrite-filled burrows), and some pale pink (5RP 8/2) intervals with frequent, fine-scale (<1 mm) white color banding. Drilling disturbance is moderate to heavy. ",CORE 524 - 532.58 MBSF
130,807,A,57,X,533.7,542.12,lower Miocene,"NANNOFOSSIL CHALK with FORAMINIFERS Major lithology: This core contains white (2.5Y 8/0) NANNOFOSSIL CHALK with FORAMINI- FERS. The chalk is predominantly homogeneous. A few 20 to 40 cm thick intervals are pale pink (5RP 8/2) and exhibit very fine-scale (1 mm) greenish gray (5G 7/1), pale purple (5P 6/2), and white (2.5Y 8/0) color bands. Bioturbation appears to be minor. ",CORE 533.7 - 542.12 MBSF
130,807,A,58,X,543.4,551.25,lower Miocene,"NANNOFOSSIL CHALK with FORAMINIFERS Maior lithology: This core contains homogeneous, white (2 5Y 8/0) NANNOFOSSIL CHALK with FORAMINIFERS. The basal 10 cm of Sections 4 and 5 are pale pink (5RP 6/2) in color. One thin (1 mm) bluish gray color band is present above the pale pink interval in Section 5. There is very little evidence of bioturbation.",CORE 543.4 - 551.25 MBSF
130,807,A,59,X,553,560.01,lower Miocene,NANNOFOSSIL CHALK with FORAMINIFERS Maior lithology: This core contains homogeneous white (25Y 8/0) NANNOFOSSIL CHALK with FORAMINIFERS. A few intervals of pale pink (5RP 8/2) and light gray (2.5Y 7/0) sediment are noted. Evidence of bioturbation is scarce and consists of a few pyritized burrows.,CORE 553 - 560.01 MBSF
130,807,A,60,X,562.6,570.08,lower Miocene,"NANNOFOSSIL CHALK with FORAMINIFERS Major lithology: This core contains homogeneous, white (2.5Y 8/0) NANNOFOSSIL CHALK with FORAMINIFERS. A 1 cm thick interval, at the base of Section 5, has very thin, grayish blue (SPB 5/2) bands. Bioturbation structures are not seen. ",CORE 562.6 - 570.08 MBSF
130,807,A,61,X,572.3,581.14,lower Miocene,"NANNOFOSSIL CHALK with FORAMINIFERS Major lithology: This core contains white (2.5Y 8/0), homogeneous NANNOFOSSIL CHALK with FORAMINIFERS. The drilling process has resulted in abundant fracturing and biscuiting in the top three sections. Bioturbation is apparent on clean split faces as mottles that are compacted in the vertical direction.",CORE 572.3 - 581.14 MBSF
130,807,A,62,X,581.9,589.83,uppermost Oligocene to basal Miocene,"NANNOF OSSIL CHALK with FORAMINIFERS Major lithology This core contains white (10YR8/0and 10YR8/1) NANNOFOSSIL CHALK with FORAMINIFERS. Bioturbation is apparent on clean split laces as predominantly hori- zontal mottles The lower part of Sections 4 through CC are slightly tinted with grayish blue (5PB 5/2), pyrite-filled burrows. Poorly developed, gray (N6/) flaser structures and light gray (N7/) color bands appear in Section 4, 25-30 cm, in Section 5, 9 and 132 cm, and in Section 6, 9 cm.",CORE 581.9 - 589.83 MBSF
130,807,A,63,X,591.6,598.52,upper Oligocene,"NANNOFOSSIL CHALK with FORAMINIFERS Major lithology: This core contains heavily to moderately bioturbated, white (10YR 8/0 and 10YR 8/1) NANNOFOSSIL CHALK with FORAMINIFERS. Bioturbation appears as pre-dominantly horizontal mottles. Sections 1,2 and 3 are tinted slightly with pale blue (5PB 7/2) and grayish blue (5PB 5/2) pyrite-filled burrows. ",CORE 591.6 - 598.52 MBSF
130,807,A,64,X,601.3,608.85,upper Oligocene,"NANNOFOSSIL CHALK with FORAMINIFERS Major lithology: This core contains slightly to moderately bioturbated, white (10YR 8/1 and 2.5Y 8/0) NANNOFOSSIL CHALK with FORAMINIFERS. Bioturbation structures appear predominantly as horizontal mottles. The interval from 120 to 135 cm in Section 4 is com- posed of gray (5YR 6/1) burrowed sediment, with probable Teichichnus-type burrows. ",CORE 601.3 - 608.85 MBSF
130,807,A,65,X,611,618.36,upper Oligocene,"NANNOFOSSIL CHALK with FORAMINIFERS Major lithology: This core contains moderately to heavily bioturbated, white (10YR 8/1 to 2.5Y 8/0 and 7.5YR 8/1) NANNOFOSSIL CHALK with FORAMINIFERS. Faint color banding is present in Section 4, 37-122 cm and Section 5. 35 112 cm, and results from a combi- nation of abundant, semi-continuous horizontal burrows across the core surface and very faint, grayish blue (5PB 5/2) color banding. Well-developed, mm scale, light gray (N7 ) and grayish blue (5PB 5/2) color bands are present at Section 4, 47-49 cm. ",CORE 611 - 618.36 MBSF
130,807,A,66,X,620.6,627.25,upper Oligocene,"NANNOFOSSIL CHALK Major lithology: This core contains white (7.SYR 8/0 and 2.5Y 8/0) NANNOFOSSIL CHALK, which is moderately to heavily bioturbated throughout. The dominant style of bioturbation is simple, mm scale burrows. Very faint white and light gray color bands are present through- out Sections 4 and 5. ",CORE 620.6 - 627.25 MBSF
130,807,A,67,X,630.3,635.45,upper Oligocene,"NANNOFOSSIL CHALK with FORAMINIFERS Major lithology: This core contains white (2.5Y 8/0) NANNOFOSSIL CHALK with FORAMINI- FERS, which is slightly to moderately bioturbated throughout. Zones with minor tints of pale purple (5P 6/2) are present in Sections 1 and 2. Gray (N6/) mm scale color bands are present at Section 3, 133-137 cm, and light gray (N7/) mm scale color bands are present at Section 4, 7-9 cm. A sample from the Core Catcher that was processed for paleo?tologic analyses contained abundant volcanic ash; the volcanic ash was not obvious during inspection of the core itself. ",CORE 630.3 - 635.45 MBSF
130,807,A,68,X,639.9,646.78,upper Oligocene,"NANNOFOSSIL CHALK with FORAMINIFERS Major lithology: This core contains white (2.5Y 8/0 to 7.5YR 8/0) to light gray (2.5Y 7/0) NANNOFOSSIL CHALK with FORAMINIFERS. Bioturbation is moderate to heavy throughout the core, and is expressed as diffuse color mottling and simple burrows. Section 2, 62-68 cm is gray (N6/) in color and contains discontinuous burrows and a distinct Zoophycos trace fossil. ",CORE 639.9 - 646.78 MBSF
130,807,A,69,X,649.6,651.06,upper Oligocene,"NANNOFOSSIL CHALK with FORAMINIFERS Major lithology: This core contains while (5YR 8 1) to light gray (5YR 7/1), heavily bioturbated NANNOFOSSIL CHALK with FORAMINIFERS. The sediments are relatively homogeneous, except for two cm scale, grayish red purple (5RP 4/2) burrow ""halos"" present in the Core Catcher.",CORE 649.6 - 651.06 MBSF
130,807,A,70,X,659.2,667.64,upper Oligocene,"NANNOFOSSIL CHALK with FORAMINIFERS Major lithology: This core contains white (2.5Y 8/0 to 10YR 8/1) NANNOFOSSIL CHALK with FORAMINIFERS. The entire core is moderately to heavily bioturbated with simple, mm scale, horizontal burrows. Sections, 109-116 cm, contains white (2 5Y 8/0) and gray (N6/) chalk, extensively mixed by burrowing.",CORE 659.2 - 667.64 MBSF
130,807,A,71,X,668.9,676.91,upper Oligocene,"NANNOFOSSIL CHALK Major lithology: This core is predominantly NANNOFOSSIL CHALK The color is white (7 5YR 8/0) but grades to pale blue (5PB 7 2) in the lower parts of Section 2 and Section 5 and to grayish blue (5BP 5/2) over 5-cm intervals in Sections 3 and 4 Bioturbation is moderate to heavy and dominated by Zoophycos burrows. White and grayish blue (5PB 5/2) mottles and cm scale, pyritized specks are also present Section 2 and parts of Sections 1, 3 and 4 contain densely spaced white and grayish blue (5PB 5/2) color bands Single, greenish gray (5GY 6/1) bands are wispy and 2 to 3 mm wide. Minor lithology: NANNOFOSSIL CHALK with ASH is found in Section 5 between 63 and 70 cm. The color grades from light gray (N7 ) at 63 cm to dark gray (N 4 ) near 70 cm. The layer is moderately bioturbated, including Chondrites burrows.",CORE 668.9 - 676.91 MBSF
130,807,A,72,X,678.2,684.19,upper Oligocene,"NANNOFOSSIL CHALK with FORAMINIFERS Major lithology: This core contains white (2 5Y 8/0), moderately to heavily bioturbated NANNOFOSSIL CHALK with FORAMINIFERS. Horizontal mm to cm scale, white to light gray (N6 ) burrows are common throughout Intervals of light gray (N6 ) flaser structures and wavy color bands are observed throughout. A few grayish blue (5PB 5/2), pyritized burrows were observed in Section 3. Minor lithology: NANNOFOSSIL CHALK with ASH is lound in Section 4 between 66 an cm and between 94 and 98 cm. The color is gray (N6 ) in the upper ash layer and grades between gray (N6 ) and dark gray (N 3 ) in the lower ash zone. Both ash layers are bioturbated. ",CORE 678.2 - 684.19 MBSF
130,807,A,73,X,687.8,696.84,upper Oligocene,"NANNOFOSSIL CHALK with FORAMINIFERS and FORAMINIFER NANNOFOSSIL CHALK Major lithology: This core contains white (10YR 8/1 and 2.5Y 8/0) NANNOFOSSIL CHALK with FORAMINIFERS and FORAMINIFER NANNOFOSSIL CHALK. Moderate to heavy bioturbation is indicated by white to light gray (N7/) mottling, by subhorizontal burrows, and by a single. 2 cm diameter, grayish purple (5P 4/2) ""halo"". Several intervals, up to 20 cm thick, contain wispy flaser structures. A single color-banded, pale blue (5PB 7/2) zone is noted in Section 5. Minor lithology: NANNOFOSSIL CHALK with ASH is found in the Core Catcher between 27 and 34 cm. The color grades from light gray (N7/) near 27 cm to dark gray (N4/) near 34. The layer is bioturbated. ",CORE 687.8 - 696.84 MBSF
130,807,A,74,X,697.5,702.96,lower Oligocene,"NANNOFOSSIL CHALK with FORAMINIFERS and FORAMINIFER NANNOFOSSIL CHALK Major lithology: This core contains NANNOFOSSIL CHALK with FORAMINIFERS and FORAMINIFER NANNOFOSSIL CHALK. The sediment is white (2.5Y 8 0) with 5 to 15 cm thick intervals grading into light gray (2.5Y 7/0) in Section 2. The base of a light gray interval is often sharp. Moderate to heavy bioturbation is indicated by abundant mottling and sub-horizontal burrows. Thin (mm size), gray (N6), wispy color bands with flaser structure are common in conjunction with microstylolites. ",CORE 697.5 - 702.96 MBSF
130,807,A,75,X,707.2,714.24,lower Oligocene,"NANNOFOSSIL CHALK with FORAMINIFERS AND FORAMINIFER NANNOFOSSIL CHALK Major lithology: This core contains white (2.5Y 8/0) NANNOFOSSIL CHALK with FORA- MINIFERS and FORAMINIFER NANNOFOSSIL CHALK, which becomes more uniform in appearance downcore. Gray (N6/) stylolites and distinct, mm thick, greenish gray (5G 6/1) color bands are common in Sections 1 and 2, whereas light gray (N7/) intervals of flaser structures with microstylolites are common in Sections 1 and 2, and present in Section 3. Sections 1 through 3 are slightly to moderately bioturbated; Sections 4 through Core Catcher are moderately to heavily bioturbated. ",CORE 707.2 - 714.24 MBSF
130,807,A,76,X,716.9,725.34,lower Oligocene,"NANNOFOSSIL CHALK with FORAMINIFERS Major lithology: This core contains NANNOFOSSIL CHALK with FORAMINIFERS. The color grades between white (2.5Y 8 0 and 5Y 8/1), light greenish gray (5G 7/1), light gray (N7 and 5Y 7/1) and grayish blue (5PB 5/2), commonly with an overall wispy appearance. The sediment is slightly to heavily bioturbated throughout. Millimeter-scale, predominantly horizontal, and apparently flattened burrows predominate. Several 3 cm thick intervals of greenish gray (5G 6/1), mm scale color bands enclose zones of weakly developed flaser structures with possible microstylolites. White (2 5Y 8/0), gray (N 5 ), and grayish blue (5PB 5/2) color bands also are present throughout the core ",CORE 716.9 - 725.34 MBSF
130,807,A,77,X,726.5,734.71,lower Oligocene,"NANNOFOSSIL CHALK with FORAMINIFERS AND FORAMINIFER NANNOFOSSIL CHALK Major lithology: This core contains NANNOFOSSIL CHALK with FORAMINIFERS and FORAMINIFER NANNOFOSSIL CHALK. The color grades between white (2.5Y 8/0, 5Y 8/1, and 7.5YR 8/0) and light gray (7 5YR 7/0) The sediment is quite uniform and moderately to heavily bioturbated, predominantly with subhorizontal, mm scale, simple burrows. Discrete cm scale, horizontal burrows also are present in Section 1. Flaser structures with microstylolites are seen in Sections 1 and 3. Millimeter-scale, faint color bands occur in Section 5 and throughout Section 6 Section 4, 56-61 cm, contains a heavily bioturbated, gray (2.5Y 6 0) layer, which contains about 5% volcanic ash. ",CORE 726.5 - 734.71 MBSF
130,807,A,78,X,736.2,744.28,lower Oligocene,"NANNOFOSSIL CHALK with FORAMINIFERS and FORAMINIFER NANNOFOSSIL CHALK Ma|or lithology This core contains bioturbated NANNOFOSSIL CHALK with FORAMIN- IFERS and FORAMINIFER NANNOFOSSIL CHALK in equal percentages The chalk is predominantly white (2.5Y 8/0), with minor pale pink (5RP 8/2) intervals. The chalk has two styles of color banding, 5 to 15 cm thick, pale pink bands and 1 to 2 mm thick, dark gray (2.5Y 4/) bands that exhibit flaser structures. Minor lithology: Section 5, 45-47 cm, contains a heavily bioturbated dark gray (2.5Y 4/0) NANNOFOSSIL CHALK with ASH. ",CORE 736.2 - 744.28 MBSF
130,807,A,79,X,745.5,747.9,lower Oligocene,"NANNOFOSSIL CHALK with FORAMINIFERS Major lithology: This core contains white (2.5Y 8/0) NANNOFOSSIL CHALK with FORAMINIFERS. Several 10 cm thick, pale pink (5RP 8/2) to pale purple (5P 6/2) intervals and contain numerous distinct, sharp, thin (<1 mm) white color bands. Heavy bioturbation is indicated by numerous trace fossils. These structures appear to be compacted. A Zoophycos trace is present in Section 1, 98 cm. There are a few gray wavy and braided that may be flaser structures.",CORE 745.5 - 747.9 MBSF
130,807,A,80,X,755.2,759.31,lower Oligocene,"NANNOFOSSIL CHALK Major lithology: This core contains white (2.5Y 8/0) NANNOFOSSIL CHALK. Heavy bioturb- ation is evident from numerous trace fossils. A few thin (<1 mm) horizontal, wavy, braided color bands are present. Several pale pink (5RP 6/2) zones, with thin (<1 mm) white, distinct, horizontal bands are also present. Minor lithology: Section 3, 48 50 cm contains a heavily bioturbated, dark gray (2.5Y 4/0) NANNOFOSSIL CHALK with ASH. ",CORE 755.2 - 759.31 MBSF
130,807,A,81,X,764.9,765.99,lower Oligocene,NANNOFOSSIL CHALK Major lithology: This core contains white NANNOFOSSIL CHALK. Heavy bioturbation is indicated by numerous mottles and trace fossils. The core is highly fractured by drilling and contains a large amount of drilling breccia.,CORE 764.9 - 765.99 MBSF
130,807,A,82,X,774.5,780.41,lower Oligocene,"NANNOFOSSIL CHALK with FORAMINIFERS Major lithology: This core contains NANNOFOSSIL CHALK with FORAMINIFERS. The sediment is white (2.5Y 8/0) with some pale pink (5RP 6/2) zones. Heavy bioturbation is evident from numerous trace fosils. Numerous very thin (<1 mm), dark gray (2.5Y 4/0), horizontal, wavy, and braided bands are evident throughout the core. Fracturing occurs readily along these surfaces, possibly indicative of micro-stylolitization. ",CORE 774.5 - 780.41 MBSF
130,807,A,83,X,784.2,790.49,lower Oligocene,NANNOFOSSIL CHALK with FORAMINIFERS Major lithology: This core contains white (2 5Y 8.0) to pale pink (5RP 8/2) NANNOFOSSIL CHALK with FORAMINIFERS. Abundant bioturbation can be observed as trace fossils. Ultra-thin dark gray (2.5Y 4/0) bands are evident throughout the core and fracturing occurs readily along them (possible microstylolites).,CORE 784.2 - 790.49 MBSF
130,807,A,84,X,793.9,803.55,lower Oligocene,"NANNOFOSSIL CHALK/OOZE with FORAMINIFERS Major lithology: This core contains white (2.5Y 8/0) NANNOFOSSIL CHALK/OOZE with FORAMINIFERS. The core consists of highly fractured drilling biscuits and breccia in an ooze matrix. As a result, the in-situ state of lithification is not known. Structures are impossible to see as a result of this disturbance, though evidence for some of the ultra-thin gray bands (microstylolites?) can be seen. ",CORE 793.9 - 803.55 MBSF
130,807,A,85,X,803.6,807.08,lower Oligocene,"NANNOFOSSIL CHALK/OOZE Major lithology: This core contains white (2.5Y 8/0) NANNOFOSSIL CHALK OOZE. The entire core consists of highly fragmented drilling biscuits and breccia in an ooze matrix A few signs of bioturbation are visible, such as Zoophycos trace fossils (Section 1), and faint mottles and pyritic specks. Fine-scale, dark gray (2.5Y 4/0). straight and braided bands are observed in Section 2, Both Sections 1 and 2 contain several mm thick layers of pyrite. ",CORE 803.6 - 807.08 MBSF
130,807,A,86,X,813.2,815.68,lower Oligocene,"NANNOFOSSIL CHALK with FORAMINIFERS Major lithology: This core contains white (2.5Y 8/0) NANNOFOSSIL CHALK with FORAMINI- FERS. Sections 2 and 3 grade to pale blue (5B 8/2) at their bottoms. Traces of heavy bio- turbation, such as faint mottles are seen in intact biscuits. Drilling disturbance has produced highly fragmented biscuits in an ooze matrix. ",CORE 813.2 - 815.68 MBSF
