Expedition/Leg,Site,Hole,Core Number,Core Type,Top depth cored (m),Bottom depth recovered (m),Age,Description,Core ID
138,852,B,1,H,0,8.87,Pleistocene,"CLAYEY NANNOFOSSIL FORAMINIFER OOZE and FORAMINIFER NANNOFOSSIL OOZE Major Lithologies: The sediments vary between dark brown CLAYEY NANNOFOSSIL FORAMINIFER OOZE and yellowish brown FORAMINIFER NANNOFOSSIL OOZE. The upper portion of the core contains a greater proportion of darker CLAYEY NANNOFOSSIL FORAMINIFER OOZE. Below Section 2, 55 cm, FORAMINIFER NANNOFOSSIL OOZE WITH CLAY is dominant but darker intervals of the clay-rich lithology occur throughout. Both lithologies contain minor amounts of Fe-oxides and volcanic glass. Minor Lithologies: Pale brown to very pale brown (10YR 6/3 to 10YR 8/2) FORAMINIFER NANNOFOSSIL OOZE (about 50/50) fills burrow structures throughout the major lithologies. Dark brown (10YR 3/6) layers of CLAYEY FORAMINIFER OOZE WITH RADIOLARIANS are found in Section 1, 0-15 cm, 70-150 cm and Section 2, 118-127 cm. General Description: TRACE FOSSILS: Sediments are moderately to intensely bioturbated and rind burrows, solid burrows, and Planolites are common. Skolithos and Zoophycos also are present. BANDING CONTRAST: Moderate. ",CORE 0 - 8.87 MBSF
138,852,B,2,H,8.9,18.94,Pliocene-Pleistocene,NANNOFOSSIL FORAMINIFER OOZE and FORAMINIFER NANNOFOSSIL OOZE Major Lithologies: The dominant lithology varies from a NANNOFOSSIL FORAMINIFER OOZE to a FORAMINIFER NANNOFOSSIL OOZE with the foraminifer content varying from about 40-70%. The color varies from very pale brown (10YR 7/3) to yellowish brown (10 YR 5/4) with increasing minor content of oxides. Minor Lithology: Dark yellowish brown to dark brown (10YR 4/4 to 10YR 3/3) horizons contain NANNOFOSSIL FORAMINIFER OOZE WITH OXIDES AND GLASS with lower quantities of nannofossils than the dominant lithology and minor amounts of clay. These intervals are marked on the structure column opposite. General Description: TRACE FOSSILS: Bioturbation is moderate to strong within the darker lithologies and light within the paler lithologies. Solid burrows and Planolites are common and some possible Zoophycos occur in Sections 4 and 6. BANDING CONTRAST: A wide range of contrast from slight to strong ,CORE 8.9 - 18.94 MBSF
138,852,B,3,H,18.4,28.49,Pliocene,"NANNOFOSSIL FORAMINIFER OOZE Major Lithology: This core consists of pale yellow to dark brown NANNOFOSSIL FORAMINIFER OOZE with minor amounts of clay. Color variations appear related to the oxide content of the sediment and do not reflect changes in the major components. General Description: TRACE FOSSILS: Sediments are slightly to moderately bioturbated and contain abundant solid burrows and Planolites. Skolithos and Zoophycos also are present. BANDING CONTRAST: Moderate to strong. NOTE: A void is present in Section 1, 53-60 cm. ",CORE 18.4 - 28.49 MBSF
138,852,B,4,H,27.9,37.97,Pliocene,"FORAMINIFER NANNOFOSSIL OOZE and NANNOFOSSIL FORAMINIFER OOZE Major Lithologies: This core is strongly color banded, from dark brown to white. Pale bands are FORAMINIFER NANNOFOSSIL OOZE, and a darker bands are NANNOFOSSIL FORAMINIFER OOZE, but both are nearly 50% nannofossils and 50% foraminifers, with small amounts of oxides. General Description: TRACE FOSSILS: These sediments are weakly bioturbated. Zoophycos and Planolites are present. BANDING CONTRAST: Strong. ",CORE 27.9 - 37.97 MBSF
138,852,B,5,H,37.4,47.49,Pliocene,"FORAMINIFER NANNOFOSSIL OOZE and CLAYEY FORAMINIFER NANNOFOSSIL OOZE Major Lithologies: The dominant lithologies of this core are brown to yellowish brown (10YR 3/3 to 10YR 5/6) FORAMINIFER NANNOFOSSIL OOZE and CLAYEY FORAMINIFER NANNOFOSSIL OOZE. Moderately dark intervals are enriched in clay. Minor Lithology: The darkest intervals in Sections 1 through 3 contain more clay and radiolarians and are brown (10 YR 3/3) RADIOLARIAN CLAYEY NANNOFOSSIL OOZE WITH FORAMINIFERS. General Description: TRACE FOSSILS: The core is moderately bioturbated. Solid burrows are the most common trace fossils. Rind burrows are present at Section 2, 90 cm, Section 4, 25 cm, Section 5, 6 cm, and Section 7, 55 cm. BANDING CONTRAST: High. ",CORE 37.4 - 47.49 MBSF
138,852,B,6,H,46.9,56.95,Pliocene,"NANNOFOSSIL OOZE WITH FORAMINIFERS and NANNOFOSSIL OOZE WITH FORAMINIFERS AND RADIOLARIANS Major Lithologies: This upper two sections of this core contain light brown (10YR 6/3 - 10YR 8/3) NANNOFOSSIL OOZE WITH FORAMINIFERS AND RADIOLARIANS. The lower three sections contain very pale brown (10YR 8/1) to pale gray (N8 and 5Y 8/1) NANNOFOSSIL OOZE WITH FORAMINIFERS. Minor Lithology: The minor lithology in the core is very pale brown (10YR 8/2 to 10YR 8/1) FORAMINIFER NANNOFOSSIL OOZE. General Description: The first sediments in the core that are ""green"" in color occur in Section 5 at 55 cm. TRACE FOSSILS: The core is slightly to moderately bioturbated. The most common trace fossils are filled burrows. BANDING CONTRAST: The banding contrast in the upper half of the core is moderate; the contrast in the lower half of the core is very slight. ",CORE 46.9 - 56.95 MBSF
138,852,B,7,H,56.4,66.39,Pliocene,"FORAMINIFER NANNOFOSSIL OOZE WITH DIATOMS and FORAMINIFER NANNOFOSSIL OOZE WITH CLAY Major Lithologies: This core is dominated by pale gray (N8) to pale brown (1OYR 8/3) FORAMINIFER NANNOFOSSIL OOZE WITH CLAY and pale yellowish gray (5Y 6/1 to 5Y 8/1) FORAMINIFER NANNOFOSSIL OOZE WITH DIATOMS. General Description: TRACE FOSSILS: The entire core is moderately bioturbated, but individual burrows and bioturbation features are clearest in the dark intervals. Zoophycos is present in Section 1, 65-90 cm, Section 5,147 cm, Section 6, 5 cm. Chondrites is present in Section 6, 95-100 cm. ",CORE 56.4 - 66.39 MBSF
138,852,B,8,H,65.9,76.05,upper Miocene,"FORAMINIFER NANNOFOSSIL OOZE WITH DIATOMS AND RADIOLARIANS Major Lithology: This core contains pale gray (N8) to pale greenish gray (5GY 8/1) FORAMINIFER NANNOFOSSIL OOZE WITH DIATOMS AND RADIOLARIANS. There are a few slightly darker intervals in the core that contain the minor lithology and are gradationally interbedded with the major lithology. Minor Lithologies: sediment (5GY 6/1 - 5GY 7/1) contain RADIOLARIAN NANNOFOSSIL OOZE WITH FORAMINIFERS. Sections 6 and 7 contain intervals that have a few pale yellowish gray burrows. These burrowed intervals are FORAMINIFER RADIOLARIAN NANNOFOSSIL OOZE WITH DIATOMS General Description: TRACE FOSSIL: The entire core is slightly bioturbated. The most common trace fossils are solid burrows. Chondrites is present at Section 7, 60 cm. BANDING CONTRAST: Slight. Darker intervals of light greenish gray ",CORE 65.9 - 76.05 MBSF
138,852,B,9,H,75.4,85.47,upper Miocene,"NANNOFOSSIL OOZE WITH FORAMINIFERS Major Lithology: The sediments in this core consist of NANNOFOSSIL OOZE WITH FORAMINIFERS. The sediments sharply change from light greenish gray (5BG 7/1) to light bluish gray (5B 7/1) in Section 1 through Section 6, 115 cm, to very pale orange (1OYR 8/2) in the remainder of the section. General Description: TRACE FOSSILS: Bioturbation is very slight. Skolithos is present in Section 1, 45-75. BANDING CONTRAST: Slight. ",CORE 75.4 - 85.47 MBSF
138,852,B,10,H,84.9,95.05,upper Miocene,"CLAYEY NANNOFOSSIL OOZE WITH FORAMINIFERS AND RADIOLARIANS and RADIOLARIAN NANNOFOSSIL OOZE WITH CLAY Major Lithologies: This core contains ultra pale yellowish brown (10YR 9/2) CLAYEY NANNOFOSSIL OOZE WITH FORAMINIFERS AND RADIOLARIANS and pale yellowish brown (10YR 8/2) RADIOLARIAN NANNOFOSSIL OOZE WITH CLAY. The radiolarian-rich lithology is present between Section 3,105 cm and Section 5, 130 cm. General Description: The core contain several intervals of manganese dendrites and a few small thin clasts of hematite. A broken 1 cm macrofossil (echinoderm?) is present at Section 6, 103 cm. TRACE FOSSILS: A rind burrow is present at Section 4, 110 cm. BANDING CONTRAST: Very slight. ",CORE 84.9 - 95.05 MBSF
138,852,B,11,H,94.4,104.53,upper Miocene,"RADIOLARIAN CLAYEY NANNOFOSSIL OOZE and NANNOFOSSIL OOZE WITH FORAMINIFERS AND RADIOLARIANS Major Lithologies: The sediments down to Section 4, 55 cm consist of ultra pale yellowish brown (10YR 9/2) RADIOLARIAN CLAYEY NANNOFOSSIL OOZE. From Section 4, 55 cm, through the end of the core, the sediments are pale orange (10YR 8/2 to 10YR 7/2) to light yellowish brown (10YR 6/2) NANNOFOSSIL OOZE WITH FORAMINIFERS AND RADIOLARIANS. Intervals of manganese dendrites are visible in the Sections 1 through 4. Bioturbation is slight throughout the core. Minor Lithology: The darkest lithology in the core, is a yellowish brown (10YR 5/4) RADIOLARIAN NANNOFOSSIL OOZE WITH FORAMINIFERS in Sections 6 and 7. General Description: TRACE FOSSILS: Rind burrows are visible in Sections 4 though 7, often of much lighter color than the surrounding sediments. BANDING CONTRAST: Very slight. ",CORE 94.4 - 104.53 MBSF
138,852,B,12,H,103.9,113.94,upper Miocene,"RADIOLARIAN NANNOFOSSIL OOZE Major Lithology: This core is dominated by light yellowish brown to dark yellowish brown RADIOLARIAN NANNOFOSSIL OOZE. Differences in color appear to be related to oxide content. Minor Lithology: From Section 2,125 cm to Section 3, 20 cm is very dark grayish brown METALLIFEROUS RADIOLARIAN OOZE WITH DIATOMS. General Description: TRACE FOSSILS: Rind burrows and solid burrows are common throughout the core. BANDING CONTRAST: Slight to moderate. ",CORE 103.9 - 113.94 MBSF
138,852,B,13,H,113.4,113.4,NA,NO RECOVERY,CORE 113.4 - 113.4 MBSF
