Expedition/Leg,Site,Hole,Core Number,Core Type,Top depth cored (m),Bottom depth recovered (m),Age,Description,Core ID
154,926,C,1,H,0.5,10.37,Pleistocene,"CLAY WITH NANNOFOSSILS, NANNOFOSSIL CLAY MIXED SEDIMENT WITH FORAMINIFERS, and CLAYEY NANNOFOSSIL OOZE WITH FORAMINIFERS General Description: This core contains a light brownish gray (10YR 6/2) CLAYEY NANNOFOSSIL OOZE WITH FORAMINIFERS in the uppermost part of the core. Below that, brown (7.5YR 5/2) to gray (1 OYR 6/1) CLAY WITH NANNOFOSSILS alternates with a light brown NANNOFOSSIL CLAY MIXED SEDIMENT WITH FORAMINIFERS. The color changes between these color units are gradational. Yellow color bands of iron oxyhydroxides occur in several sections. The entire core is slightly bioturbated. The uppermost part is soupy due to coring disturbance. ",CORE 0.5 - 10.37 MBSF
154,926,C,2,H,10,19.76,Pleistocene,"NANNOFOSSIL CLAY and NANNOFOSSIL CLAY MIXED SEDIMENT WITH FORAMINIFERS General Description: This core contains grayish brown (2.5YR 5/1) NANNOFOSSIL CLAY alternating with light grayish brown (7.5YR 6/2) NANNOFOSSIL CLAY MIXED SEDIMENT WITH FORAMINIFERS. The color changes are gradational. The entire core is slightly bioturbated. Thin, yellow iron oxide bands occur in several sections. Disseminated pyrite occurs in several burrows. The uppermost part of the core is soupy due to coring disturbance. ",CORE 10 - 19.76 MBSF
154,926,C,3,H,19.5,29.2,Pleistocene,"CLAY WITH NANNOFOSSILS and NANNOFOSSIL CLAY MIXED SEDIMENTWITH FORAMINIFERS General Description: This core contains brown (7.5YR 5/2) NANNOFOSSIL CLAY alternating with light brownish gray (10YR 6/1) NANNOFOSSIL CLAY MIXED SEDIMENTWITH FORAMINIFERS. The color changes are gradational. The entire core is slightly bioturbated. Thin, yellow iron oxide bands occur in several sections. Disseminated pyrite occurs in several burrows. The uppermost part of the core is soupy due to coring disturbance. ",CORE 19.5 - 29.2 MBSF
154,926,C,4,H,29,38.68,Pleistocene,"NANNOFOSSIL CLAY and CLAYEY NANNOFOSSIL OOZE WITH FORAMINIFERS General Description: This core contains grayish brown (10YR 5/1) NANNOFOSSIL CLAY alternating with light grayish brown (2.5Y 6/1) CLAYEY NANNOFOSSIL OOZE WITH FORAMINIFERS. The color changes are gradational. The entire core is slightly bioturbated. Thin, yellow iron oxide bands occur in several sections. Disseminated pyrite occurs in several burrows. The uppermost part of the core is soupy due to coring disturbance. ",CORE 29 - 38.68 MBSF
154,926,C,5,H,38.5,48.19,Pliocene-Pleistocene,"NANNOFOSSIL CLAY and NANNOFOSSIL OOZE WITH CLAY AND FORAMINIFERS General Description: This core contains light grayish brown (10YR 6/1) NANNOFOSSIL CLAY alternating with light gray (10YR 7/1) NANNOFOSSIL OOZE WITH CLAY AND FORAMINIFERS. The color changes are gradational. The entire core is slightly bioturbated. Thin, yellow iron oxide bands occur in several sections. Disseminated pyrite and pyrite nodules are present in several sections. The uppermost part of the core is moderately disturbed (flow-in) due to coring. ",CORE 38.5 - 48.19 MBSF
154,926,C,6,H,48,57.75,Pliocene,"NANNOFOSSIL CLAY MIXED SEDIMENT and CLAYEY NANNOFOSSIL OOZE WITH FORAMINIFERS General Description: This core contains light grayish brown (10YR 6/1) NANNOFOSSIL CLAY MIXED SEDIMENT alternating with light gray (10YR 7/1) CLAYEY NANNOFOSSIL OOZE WITH FORAMINIFERS. The color changes are gradational. The entire core is slightly bioturbated. Thin, yellow iron oxide bands, disseminated pyrite, and pyrite nodules are present in several sections. The uppermost part of the core is soupy due to coring. ",CORE 48 - 57.75 MBSF
154,926,C,7,H,57.5,67.23,Pliocene,"NANNOFOSSIL CLAY MIXED SEDIMENT WITH FORAMINIFERS General Description: This core contains light grayish brown (10YR 6/1) NANNOFOSSIL CLAY MIXED SEDIMENT WITH FORAMINIFERS alternating with light gray (10YR 7/1) CLAYEY NANNOFOSSIL OOZE WITH FORAMINIFERS. The color changes are gradational. The entire core is slightly bioturbated. Thin yellow iron oxide bands, disseminated pyrite, and pyrite nodules are present in several sections. The uppermost part of the core is soupy due to coring.",CORE 57.5 - 67.23 MBSF
154,926,C,8,H,67,76.75,Pliocene,"NANNOFOSSIL CLAY MIXED SEDIMENT and CLAYEY NANNOFOSSIL OOZE WITH FORAMINIFERS General Description: This core contains light grayish brown (10YR 6/1) NANNOFOSSIL CLAY MIXED SEDIMENT alternating with light gray (10YR 7/1) CLAYEY NANNOFOSSIL OOZE WITH FORAMINIFERS. The color changes are gradational. The entire core is slightly bioturbated. Thin, purple color bands occur in Section 6, 71-76 cm in the core. Disseminated pyrite and pyrite nodules are present in several sections. The uppermost part of the core is heavily disturbed (drilling slough) due to coring. ",CORE 67 - 76.75 MBSF
154,926,C,9,H,76.5,86.5,Pliocene,CLAYEY NANNOFOSSIL OOZE WITH FORAMINIFERS and NANNOFOSSIL CLAY MIXED SEDIMENT WITH FORAMINIFERS General Description: This core contains light grayish brown (10YR 6/1) NANNOFOSSIL CLAY MIXED SEDIMENT WITH FORAMINIFERS alternating with light gray (10YR 7/1) CLAYEY NANNOFOSSIL OOZE WITH FORAMINIFERS. The color changes are gradational. The entire core is slightly bioturbated. Disseminated pyrite and pyrite nodules are present in several sections. The uppermost part of the core is moderately disturbed (flow-in) due to coring. ,CORE 76.5 - 86.5 MBSF
154,926,C,10,H,86,95.15,Pliocene,CLAYEY NANNOFOSSIL OOZE and CLAYEY NANNOFOSSIL OOZE WITH FORAMINIFERS General Description: This core contains light grayish brown (10YR 6/1) CLAYEY NANNOFOSSIL OOZE alternating with light gray (10YR 7/1) CLAYEY NANNOFOSSIL OOZE WITH FORAMINIFERS. The color changes are gradational. The entire core is slightly bioturbated. Disseminated pyrite and pyrite nodules are present in several sections. The uppermost part of the core is heavily disturbed (drilling slough) due to coring. ,CORE 86 - 95.15 MBSF
154,926,C,11,H,95.5,105.24,Pliocene,FORAMINIFER NANNOFOSSIL OOZE WITH CLAY and CLAYEY NANNOFOSSIL OOZE WITH FORAMINIFERS General Description: This core contains light grayish brown (10YR 6/1) CLAYEY NANNOFOSSIL OOZE WITH FORAMINIFERS alternating with light gray (10YR 7/1) FORAMINIFER NANNOFOSSIL OOZE WITH CLAY. The color changes are gradational. The entire core is slightly bioturbated. Disseminated pyrite and pyrite nodules are present in several sections. ,CORE 95.5 - 105.24 MBSF
154,926,C,12,H,105,114.87,Pliocene,NANNOFOSSIL OOZE WITH FORAMINIFERS AND CLAY and CLAYEY NANNOFOSSIL OOZE WITH FORAMINIFERS General Description: This core contains light grayish brown (10YR 6/1) CLAYEY NANNOFOSSIL OOZE WITH FORAMINIFERS alternating with light gray (10YR 7/1) NANNOFOSSIL OOZE WITH FORAMINIFERS AND CLAY. The color changes are gradational. The entire core is slightly bioturbated. Disseminated pyrite and pyrite nodules are present in several sections. ,CORE 105 - 114.87 MBSF
154,926,C,13,H,114.5,124.08,Pliocene,"NANNOFOSSIL OOZE WITH FORAMINIFERS AND CLAY and CLAYEY NANNOFOSSIL OOZE WITH FORAMINIFERS General Description: This core contains light grayish brown (5YR 6/1) CLAYEY NANNOFOSSIL OOZE WITH FORAMINIFERS alternating with light gray (10YR 7/1) NANNOFOSSIL OOZE WITH FORAMINIFERS AND CLAY. The color changes are very gradational, and the light/dark difference decreases downcore. The entire core is slightly bioturbated and mottled. Disseminated pyrite and pyrite nodules are present in several sections. ",CORE 114.5 - 124.08 MBSF
154,926,C,14,H,124,133.99,Pliocene,"FORAMINIFER NANNOFOSSIL OOZE WITH CLAY and CLAYEY NANNOFOSSIL OOZE General Description: This core contains gray (10YR 6/1) CLAYEY NANNOFOSSIL OOZE alternating with light gray (2.5Y 7/2) FORAMINIFER NANNOFOSSIL OOZE WITH CLAY. The color changes are very gradational. The entire core is slightly bioturbated and mottled. Disseminated pyrite is present in several sections, with a very dark band occuring in Section 7 at 49-55 cm. ",CORE 124 - 133.99 MBSF
154,926,C,15,H,133.5,143.01,Pliocene,"NANNOFOSSIL OOZE WITH FORAMINIFERS AND CLAY and CLAYEY NANNOFOSSIL MIXED SEDIMENT General Description: This core contains pinkish gray (7.5YR 6/2) CLAYEY NANNOFOSSIL MIXED SEDIMENT alternating with light gray (2.5Y 7/2) NANNOFOSSIL OOZE WITH FORAMINIFERS AND CLAY. The color changes are very gradational but become more pronounced downcore. A pyrite-rich fining-upward sequence occurs above a sharp contact in Section 7 and the core catcher; this is probably a turbidite or some other downslope-flow deposit. The entire core is slightly bioturbated and mottled, and disseminated pyrite is present in some places. A vertical burrow occurs in Section 5 from 97 to 104 cm. ",CORE 133.5 - 143.01 MBSF
154,926,C,16,H,143,152.69,late Miocene-early Pliocene,"FORAMINIFER NANNOFOSSIL OOZE WITH CLAY and CLAYEY NANNOFOSSIL OOZE WITH FE OXIDES General Description: This core contains light gray (10YR 7/1) FORAMINIFER NANNOFOSSIL OOZE WITH CLAY alternating with pinkish gray (7.5YR 6/2) CLAYEY NANNOFOSSIL OOZE WITH FE OXIDES. Iron oxide in the pinkish gray layers is represented in the graphic lithology column with the symbol for metalliferous sediment. The entire core is slightly bioturbated and mottled, and disseminated pyrite occurs in some places. Vertical burrows occur in Section 3 from 135 to 150 cm. ",CORE 143 - 152.69 MBSF
154,926,C,17,H,152.5,162.17,late Miocene,"CLAYEY NANNOFOSSIL OOZE and CLAYEY NANNOFOSSIL OOZE WITH FE OXIDES General Description: This core contains light gray (10YR 7/1) CLAYEY NANNOFOSSIL OOZE alternating with pinkish gray (7.5YR 6/2) CLAYEY NANNOFOSSIL OOZE WITH FE OXIDES. The color changes are gradational, and the pinkish gray (7.5YR 6/2) layers, which are less than 40 cm thick, are represented here as individual color bands in the structure column. Iron oxide is represented in the graphic lithology column with the symbol for metalliferous sediment. The entire core is slightly bioturbated and mottled, and disseminated pyrite occurs in some places. Vertical burrows occur in Section 2 from 144 to 45 cm. ",CORE 152.5 - 162.17 MBSF
154,926,C,18,H,162,172.07,late Miocene,"CLAYEY NANNOFOSSIL OOZE General Description: This core contains light gray (10YR 7/1) and pinkish gray (7.5YR 6/2) CLAYEY NANNOFOSSIL OOZE. Color contacts are gradational. The pinkish gray layers contain as much as 5% iron oxides and are indicated by individual thick color bands in the structure column. The top of the core is severely disturbed by drilling, and the sediments from Section 2, 65 cm to Section 3, 40 cm show flow-in structures. The entire core is slightly bioturbated and mottled, and contains small pyrite grains locally.",CORE 162 - 172.07 MBSF
154,926,C,19,H,171.5,181.73,late Miocene,CLAYEY NANNOFOSSIL OOZE General Description: This core contains light gray (10YR 7/1) to pinkish gray (5YR 6/2) CLAYEY NANNOFOSSIL OOZE. Color contacts are gradational. Pinkish gray layers contain up to 8% iron oxide and are represented here by thick color bands in the structure column. The whole core is mottled and slightly bioturbated. Disseminated pyrite occurs in all sections. ,CORE 171.5 - 181.73 MBSF
154,926,C,20,H,181,191.12,late Miocene,"CLAYEY NANNOFOSSIL OOZE and FORAMINIFER CLAYEY NANNOFOSSIL MIXED SEDIMENT General Description: This core contains light gray (2.5Y 7/2) CLAYEY NANNOFOSSIL OOZE with occasional beds of gray (10YR 6/1) CLAYEY NANNOFOSSIL OOZE in Sections 1-5. This lithology shifts to light greenish gray (5GY 7/1) FORAMINIFER CLAYEY NANNOFOSSIL MIXED SEDIMENT in Sections 6-CC, with the gray beds persisting in some of the upper part of Section 6. The gray bands are shown in the structure column with individual thick color band symbols. Below Section 3, 38 cm, the sediment becomes a FORAMINIFER OOZE WITH NANNOFOSSILS with gradually coarsening grain size and increasing pyrite concentration (turbidite?). The entire core shows slight bioturbation and mottling except in the vicinity of the turbidite. ",CORE 181 - 191.12 MBSF
154,926,C,21,H,190.5,200.51,late Miocene,NANNOFOSSIL OOZE WITH CLAY AND FORAMINIFERS and CLAYEY NANNOFOSSIL OOZE General Description: This core contains pale green (10G 7/1) and light gray (10GY 7/0) NANNOFOSSIL OOZE WITH CLAY AND FORAMINIFERS interbedded with light brownish gray (2.5Y 6/2) CLAYEY NANNOFOSSIL OOZE. All of these color contacts are very gradational. A thick uniform bed of light grayish brown (2.5Y 6/2) CLAYEY NANNOFOSSIL OOZE WITH FORAMINIFERS occurs between a sharp contact in Section 2 at 12 cm and a more gradational contact in Section 3 at 28 cm. The entire core is slightly bioturbated and mottled. ,CORE 190.5 - 200.51 MBSF
154,926,C,22,H,200,209.63,late Miocene,"FORAMINIFER NANNOFOSSIL OOZE WITH CLAY and CLAYEY NANNOFOSSIL OOZE WITH FORAMINIFERS General Description: This core contains light gray (10Y 7/1) FORAMINIFER NANNOFOSSIL OOZE WITH CLAY interbedded with light reddish brown (5YR 6/3) CLAYEY NANNOFOSSIL OOZE WITH FORAMINIFERS with gradational contacts. There are pyrite-filled burrows in several locations, most notably in Section 2 at 30-36 cm. The entire core shows mottling and slight bioturbation. ",CORE 200 - 209.63 MBSF
154,926,C,23,H,209.5,219.65,late Miocene,"NANNOFOSSIL OOZE WITH CLAY and CLAYEY NANNOFOSSIL OOZE General Description: This core contains light gray (5Y 7/1) NANNOFOSSIL OOZE WITH CLAY interbedded with thin layers (<40 cm) of light brownish gray (10YR 6/2) CLAYEY NANNOFOSSIL OOZE. The color contacts are very gradational. The entire core shows mottling and slight bioturbation. Section 5, 0-50 cm is stretched out due to drilling disturbance (flow-in structures). ",CORE 209.5 - 219.65 MBSF
154,926,C,24,H,219,227.76,late Miocene,"NANNOFOSSIL OOZE WITH CLAY and CLAYEY NANNOFOSSIL OOZE General Description: This core contains light gray (5Y 7/2) to light greenish gray (5GY 7/1) NANNOFOSSIL OOZE WITH CLAY with thin beds (<30 cm) of brown (10YR 6/3) CLAYEY NANNOFOSSIL OOZE (represented as color bands in the chart). At Section 4, 135-140 cm, a small turbidite is indicated by coarse sediment with a very sharp contact at the bottom of the layer accompanied by disseminated pyrite. The entire core is slightly bioturbated. The lowermost part of the core is moderately disturbed by drilling. ",CORE 219 - 227.76 MBSF
154,926,C,25,H,228.5,238.68,late Miocene,"NANNOFOSSIL CLAY MIXED SEDIMENT and CLAYEY NANNOFOSSIL OOZE General Description: This core contains light gray (2.5Y 7/2, 5Y 6/1) to light greenish gray (5GY 7/1) CLAYEY NANNOFOSSIL OOZE with thin beds (<30 cm) of brown (10YR 6/3) NANNOFOSSIL CLAY MIXED SEDIMENT (represented as color bands in the chart). The entire core is slightly bioturbated. ",CORE 228.5 - 238.68 MBSF
154,926,C,26,H,238,247.28,middle Miocene,CLAYEY NANNOFOSSIL CHALK and NANNOFOSSIL CLAYSTONE General Description: This core contains greenish gray (7.5GY 6/1) to light greenish gray (7.5GY 7/1) CLAYEY NANNOFOSSIL CHALK with thin beds (<30 cm) of brown (5YR 5/1) to greenish gray (7.5G 6/1) NANNOFOSSIL CLAYSTONE (represented as color bands in the chart). The entire core is slightly bioturbated. The uppermost part of the core is moderately disturbed by drilling. ,CORE 238 - 247.28 MBSF
154,926,C,27,X,247.5,257.13,middle Miocene,"CLAYEY NANNOFOSSIL CHALK and CLAYEY NANNOFOSSIL MIXED SEDIMENTARY ROCK General Description: This core contains a light greenish gray (5G 7/1) CLAYEY NANNOFOSSIL CHALK alternating with beds of greenish gray (5BG 6/1) to gray (5Y 5/1) CLAY NANNOFOSSIL MIXED SEDIMENTARY ROCK. The entire core is slightly bioturbated and mottled with Chondrites, Planolites, and Zoophycos burrows. ",CORE 247.5 - 257.13 MBSF
154,926,C,28,X,254,263.53,middle Miocene,"CLAYEY NANNOFOSSIL CHALK and NANNOFOSSIL CLAYSTONE General Description: This core contains a light greenish gray (5G 7/1) CLAYEY NANNOFOSSIL CHALK alternating with beds of greenish gray (5BG 6/1) NANNOFOSSIL CLAYSTONE. The entire core is slightly bioturbated and mottled with Chondrites, Planolites, and Zoophycos burrows. The uppermost part of the core and Section 6, 60-150 cm, is moderately disturbed by drilling (biscuits).",CORE 254 - 263.53 MBSF
154,926,C,29,X,263.7,272.86,middle Miocene,"CLAYEY NANNOFOSSIL CHALK WITH FORAMINIFERS and NANNOFOSSIL CLAYSTONE General Description: This core contains light gray (10GY 7/2) CLAYEY NANNOFOSSIL CHALK WITH FORAMINIFERS alternating with thin beds (<30 cm) of greenish gray (10BG 5/1) NANNOFOSSIL CLAYSTONE (here represented as thick color bands). All color contacts are gradational. Light intervals appear to be slightly bioturbated, whereas darker intervals are moderately bioturbated. Less bioturbated dark horizons exhibit mm-scale, green to purple color bands. The entire core shows features of drilling disturbance (biscuits), especially the darker layers, which are fractured. ",CORE 263.7 - 272.86 MBSF
154,926,C,30,X,273.3,283.06,middle Miocene,"CLAYEY NANNOFOSSIL CHALK WITH FORAMINIFERS and NANNOFOSSIL CLAYSTONE General Description: This core contains alternating light gray (10GY 7/2) to greenish gray (2.5G 7/0) CLAYEY NANNOFOSSIL CHALK WITH FORAMINIFERS. In Section 1, 30-50 cm, one single layer of greenish gray (10BG 5/1) NANNOFOSSIL CLAYSTONE occurs, presented as a thick color band. All color contacts are gradational. The entire core is slightly bioturbated and mottled with Chondrites, Planolites, and Zoophycos burrows. Less bioturbated dark horizons exhibit mm- scale green to purple color bands. The whole core is slightly fractured by XCB-coring. ",CORE 273.3 - 283.06 MBSF
154,926,C,31,X,282.9,289.56,middle Miocene,"NANNOFOSSIL CHALK WITH CLAY AND FORAMINIFERS and CLAYEY NANNOFOSSIL CHALK General Description: This core contains light greenish gray (10GY 7/2) to greenish gray (10GY 6/2) NANNOFOSSIL CHALK WITH CLAY AND FORAMINIFERS, alternating with thin layers of greenish gray (10G 6/1) CLAYEY NANNOFOSSIL CHALK. All color contacts are gradational. The entire core is slightly bioturbated and mottled with Chondrites, Planolites, and Zoophycos burrows. Less bioturbated dark horizons exhibit mm-scale, green to purple color bands. The whole core is slightly fractured by XCB coring; the uppermost part is highly fractured. ",CORE 282.9 - 289.56 MBSF
154,926,C,32,X,292.6,302.28,early Miocene,"NANNOFOSSIL CHALK WITH CLAY AND FORAMINIFERS and NANNOFOSSIL CLAY MIXED SEDIMENTARY ROCK General Description: This core contains alternating light gray (10GY 7/2) NANNOFOSSIL CHALK WITH CLAY AND FORAMINIFERS and greenish gray (5G 6/1) NANNOFOSSIL CLAY MIXED SEDIMENTARY ROCK. All color contacts are gradational. The entire core is slightly bioturbated and mottled with Chondrites, Planolites, and Zoophycos burrows. Less bioturbated dark horizons exhibit millimeter-scale green to purple color bands. In Section 5, 10-50 cm, a turbidite is present, and in Section 5, 40-70 cm, a slump breccia occurs. The whole core is slightly fractured by XCB-coring; the uppermost part is heavily disturbed. ",CORE 292.6 - 302.28 MBSF
154,926,C,33,X,302.2,307.36,early Miocene,"NANNOFOSSIL CHALK WITH CLAY AND FORAMINIFERS General Description: This core contains alternating light greenish gray (10GY 7/2) to greenish gray (2.5G 7/2) NANNOFOSSIL CHALK WITH CLAY AND FORAMINIFERS. All color contacts are gradational. The entire core is slightly bioturbated and mottled with Chondrites, Planolites, and Zoophycos burrows. The whole core is moderately fractured (biscuits and drilling slough) by XCB-coring. ",CORE 302.2 - 307.36 MBSF
154,926,C,34,X,311.9,320.46,early Miocene,"NANNOFOSSIL CHALK WITH CLAY AND FORAMINIFERS and CLAYEY NANNOFOSSIL CHALK WITH FORAMINIFERS General Description: This core contains alternating light greenish gray (10GY 7/2) NANNOFOSSIL CHALK WITH CLAY AND FORAMINIFERS to pale green (5G 6/1) CLAYEY NANNOFOSSIL CHALK WITH FORAMINIFERS. All color contacts are gradational. The entire core is slightly bioturbated and mottled with Chondrites, Planolites, and Zoophycos burrows. Traces of disseminated pyrite and radiolarian fragments occur throughout the core. The entire core is slightly fractured by XCB drilling. Section 1, 0-10 cm, is heavily fractured. ",CORE 311.9 - 320.46 MBSF
154,926,C,35,X,321.5,329.47,early Miocene,"NANNOFOSSIL CHALK WITH FORAMINIFERS AND CLAY and CLAYEY NANNOFOSSIL CHALK WITH FORAMINIFERS General Description: This core contains light greenish gray (7.5GY 7/1) NANNOFOSSIL CHALK WITH FORAMINIFERS AND CLAY alternating with greenish gray (2.5G 6/1) CLAYEY NANNOFOSSIL CHALK WITH FORAMINIFERS. All color contacts are gradational. Mottling and slight to moderate bioturbation is evident throughout the core. Many discrete traces of Zoophycos, Planolites, Chondrites and vertical burrows occur. Some burrows are filled with pyrite and have purple halos. Planar laminae occur in Section 5, 96-98 cm, and single dark thin color bands occur in Section 5, 131 cm and in the core catcher, 45 cm. ",CORE 321.5 - 329.47 MBSF
154,926,C,36,X,331.1,337.65,early Miocene,"CLAYEY NANNOFOSSIL CHALK WITH FORAMINIFERS and NANNOFOSSIL CHALK WITH FORAMINIFERS AND CLAY General Description: This core contains grayish green (7.5G 6/2) CLAYEY NANNOFOSSIL CHALK WITH FORAMINIFERS interbedded with light greenish gray (10GY 7/2) NANNOFOSSIL CHALK WITH FORAMINIFERS AND CLAY. The entire core shows slight to moderate bioturbation and mottling which is most pronounced near color contacts. There are several discrete Zoophycos traces, and a distinct Chondrites trace occurs in Section 4 at 100 to 106 cm. Traces of disseminated pyrite occur in several locations, with a concentrated band in Section 1 at 130 cm. ",CORE 331.1 - 337.65 MBSF
154,926,C,37,X,340.8,350.4,early Miocene,"CLAYEY NANNOFOSSIL CHALK WITH FORAMINIFERS General Description: This core contains greenish gray (2.5G 6/1) and light greenish gray (7.5GY 7/1) CLAYEY NANNOFOSSIL CHALK WITH FORAMINIFERS in alternating beds with gradational contacts. The lighter units are slightly less clay rich than the dark ones. The drilling disturbance in the core includes many drilling biscuits with drilling slough and some severe fracturing. Slight to moderate bioturbation is evident in all sections. There is a thin tilted dark purple color band with sharp contacts in Section 1 at 90-94 cm, which is probably manganese rich, and reaction halos appear around many of the burrows. A large concretion of manganese or pyrite occurs in Section 6 at 20 cm. ",CORE 340.8 - 350.4 MBSF
154,926,C,38,X,350.4,359.53,early Miocene,"NANNOFOSSIL CHALK WITH FORAMINIFERS AND CLAY and CLAYEY NANNOFOSSIL CHALK General Description: This core contains light greenish gray (7.5GY 7/1) NANNOFOSSIL CHALK WITH FORAMINIFERS AND CLAY and grayish green (5G 6/1) CLAYEY NANNOFOSSIL CHALK. All color contacts are gradational. Moderate bioturbation occurs throughout the core with recognizable Zoophycos, Planolites, Chondrites, and vertical burrows. One vertical burrow, which occurs in Section 3,97-110 cm, is filled with sand-sized foraminifers in the lowest 1 cm. Some burrows are ringed by purple reaction halos, and some are filled with pyrite. One layer of NANNOFOSSIL CLAYSTONE (5BG 5/1) occurs in Section 5, 100-130 cm, and is indicated as a minor lithology. Drilling disturbance includes minor to moderate fracturing and some biscuiting.",CORE 350.4 - 359.53 MBSF
154,926,C,39,X,360.1,370.02,early Miocene,"NANNOFOSSIL CLAYSTONE and CLAYEY NANNOFOSSIL CHALK WITH FORAMINIFERS General Description: This core contains greenish gray (5G 6/1) NANNOFOSSIL CLAYSTONE interbedded with light greenish gray (10GY 7/2) CLAYEY NANNOFOSSIL CHALK WITH FORAMINIFERS. All color contacts are gradational. The entire core is slightly to moderately bioturbated and mottled, and discrete traces of Zoophycos occur in several locations. There is slight drilling disturbance in the form of drilling biscuits and fracturing in all sections.",CORE 360.1 - 370.02 MBSF
154,926,C,40,X,369.7,379.45,early Miocene,"NANNOFOSSIL CHALK WITH CLAY AND FORAMINIFERS and NANNOFOSSIL CLAYSTONE General Description: This core contains light greenish gray (7.5GY 7/1) NANNOFOSSIL CHALK WITH CLAY AND FORAMINIFERS and greenish gray (5BG 5/1) NANNOFOSSIL CLAYSTONE interbedded with gradational contacts. Some of the greenish gray units contain beds of dark greenish gray (5GY 4/1) CLAYSTONE, which contains less than 5% carbonate. The greenish gray and dark greenish gray intervals also contain 1%-3% radiolarians, which do not occur above. The entire core shows slight to moderate bioturbation, with traces of Zoophycos, Planolites, and Cho?drites in several locations. There is slight to moderate drilling disturbance in the form of biscuits and fractures in all sections. ",CORE 369.7 - 379.45 MBSF
154,926,C,41,X,379,388.77,early Miocene,"NANNOFOSSIL CHALK WITH CLAY AND FORAMINIFERS, CLAYEY NANNOFOSSIL CHALK WITH FORAMINIFERS and CLAYSTONE WITH NANNOFOSSILS General Description: This core contains light greenish gray (7.5GY 7/1) NANNOFOSSIL CHALK WITH CLAY AND FORAMINIFERS interbedded with a darker, three-part unit. This unit occurs at approximately 110 cm intervals from Section 1, 40 cm to Section 5, 120 cm, and is always 30 to 40 cm thick. It consists of approximately 5-10 cm of bluish gray (5B 5/1) CLAYEY NANNOFOSSIL CHALK WITH FORAMINIFERS over 10-15 cm of dark greenish gray (5GY 4/1) NANNOFOSSIL CLAYSTONE, with 10-15 cm of greenish gray (7.5GY 5/1) CLAYEY NANNOFOSSIL CHALK WITH FORAMINIFERS at the base. The greenish gray CLAYEY NANNOFOSSIL CHALK WITH FORAMINIFERS recurs at the bottom of Section 7 without the other two segments. The dark greenish gray NANNOFOSSIL CLAYSTONE contains up to 10% radiolarians and less than 10% carbonate materials. All color contacts are gradational, probably because of bioturbation. The entire core shows slight to moderate bioturbation, with traces of Zoophycos, Planolites, and Chondrites in several locations. Traces of pyrite and manganese/iron oxide compounds occur in most sections, often in burrow mottles. There is slight to moderate drilling disturbance in the form of biscuits and fractures in all sections which becomes more severe in the three- part dark intervals. ",CORE 379 - 388.77 MBSF
154,926,C,42,X,388.7,398.52,early Miocene,"CLAYEY NANNOFOSSIL CHALK WITH FORAMINIFERS and CLAYSTONE WITH NANNOFOSSILS AND RADIOLARIANS General Description: This core contains greenish gray (2.5G 6/1) CLAYSTONE WITH NANNOFOSSILS AND RADIOLARIANS and light greenish gray (7.5GY 7/1) CLAYEY NANNOFOSSIL CHALK WITH FORAMINIFERS interbedded with gradational color contacts. The entire core is slightly to moderately bioturbated, and there are numerous traces of Zoophycos, Chondrites, and Planolites. Disseminated pyrite is common in burrow mottles and in the matrix, and burrows often have purple reaction halos. Horizontal dark green and white laminae occur in Section 4 from 42-43 cm, and vertical burrows occur in Section 4, 70-87 cm. ",CORE 388.7 - 398.52 MBSF
