Expedition/Leg,Site,Hole,Core Number,Core Type,Top depth cored (m),Bottom depth recovered (m),Age,Description,Core ID
145,882,A,1,H,0,8.86,Pleistocene-Holocene,"DIATOM OOZE WITH SPICULES General Description: This core consists of diatom ooze with spicules which is heavily (Section 1) to slightly (rest of core) bioturbated and overall dark gray in color with some gradational variations. The sediment is oxidized in the upper 52 cm of the core. Burrow holes re scattered throurghout the core and common from Section 1, 60 cm through Section 3. A burrow, 5 mm in diameter, with a dark halo 2 cm in radius was observed in Section 2, 100 cm. Dark and light-colored ash layers are present in Section 2, 46-47 cm (dark) and 142-143 cm, Section 3, 130-142 cm (9Y 0.3/0.2 black), Section 4, 142-149 cm (light gray), and Section 6, 82-90 cm (light brown at top, dark green at base). The ash layers have sharp bases and gradational, bioturbated tops. Dropstones, 5 mm or smaller in size, appear in Section 6, 49 cm (pumice) and 111 cm. Green stiff layers, each approximately 1 cm thick, occur in Section 3, 57 and 58 cm, Section 4, 16 cm, 27 cm, and 41 cm, and Section 6, 46 cm.",CORE 0 - 8.86 MBSF
145,882,A,2,H,8.8,18.61,Pleistocene,"DIATOM OOZE WITH SPICULES General Description: This core consists of diatom ooze with spicules that is slightly bioturbated. Burrows are present throughout the core. Dark-colored ash layers occur at Section 2, 111-116 cm, Section 4, 55-60 cm, and Section 5, 120-127 cm. Light-colored ash layers occur in Section 2, 76-89 cm, Section 5, 21-26 cm, 102-103 cm, and 106-108 cm, Section 6, 147 cm to Section 7, 2 cm, 65-69 cm, and 109-112 cm. Stiff dark green clays are seen in Section 5, 35-36 cm, Section 7, 135-137 cm, and Section 8, 7-9 cm.",CORE 8.8 - 18.61 MBSF
145,882,A,3,H,18.3,28.09,Pleistocene,"DIATOM OOZE General Description: This core consists of diatom ooze, which is dark gray (8.8Y 2.4/0.4 to 5.3Y 2.2/0.8) to gray (8.8Y 3.4/0.4). Calcareous diatom ooze is present as a minor lithology at Section 1, 20-100 cm and Section 6, 25-60 cm. The ooze is slightly bioturbated. Ash layers are present in Section 1, 82-88 cm, Section 4, 17-21 cm and Section 5, 71-74 cm. Each has a sharp lower and a gradational upper contact. Ash-filled burrows occur in Section 1, 108-110 cm, Section 2, 78-80 cm, Section 3, 65-69 cm and Section 4, 29-38 cm. Stiff green intervals, 1 to 5 cm thick, occur throughout the core. Foraminifers are visible in Section 2, 127-142 cm.",CORE 18.3 - 28.09 MBSF
145,882,A,4,H,27.8,37.48,Pleistocene,"CALCAREOUS DIATOM OOZE WITH SPICULES and SPICULE CALCAREOUS DIATOM OOZE General Description: This core consists of gradationally interbedded calcareous diatom ooze with spicules to spicule calcareous diatom ooze. The calcareous fraction is composed of both nannofossils and calcite of undetermined origin. The ooze is slightly bioturbated. Color varies in hues of gray (3.3GY 3.8/0.5to 2.9Y 4.5/1.1). Ash layers occur in Section 4, 11-17 cm and the Core Catcher, 12-17 cm. Ash-filled burrows are present in Section 1, 104 cm and 116 cm, Section 4, 105-118 cm, and in Section 7, 20-22 cm. Stiff green layers are present, but not abundant, throughout the core. Foraminifers are visible in Section 2, 85-101 cm and 117-140 cm, Section 3, 58 cm to Section 4, 26 cm, and Section 6,17-30 cm.",CORE 27.8 - 37.48 MBSF
145,882,A,5,H,37.3,46.43,Pleistocene,"DIATOM OOZE WITH CALCITE General Description: This core consist of diatom ooze with calcite. The calcareous fraction is composed of both nannofossils and calcite of undetermined origin. The color varies in hues of dark greenish gray (1.9GY 3.7/0.5) to gray (7.9Y 3.4/1.0). The ooze is slightly bioturbated. Ash layers occur in Section 1, 72-84 cm and in Section 4, 136-149 cm. Ash layers have sharp lower and gradational upper contacts. Ash-filled burrows are present in Section 1, 25-27 cm, 45-47 cm, and 88-92 cm, Section 2, 46-50 cm and Section 4, 126-130 cm. Stiff green layers are common throughout the core. Dropstones occur in Section 1,119 cm, Section 3, 101 cm, Section 5, 19 cm, Section 6, 30 cm and Section 7, 9 cm. All of the core catcher (4 cm) was used for paleontological analysis.",CORE 37.3 - 46.43 MBSF
145,882,A,6,H,46.8,56.68,Pleistocene,"CLAYEY DIATOM OOZE General Description: This core consists of clayey diatom ooze that is dark greenish gray (5.2GY 3.8/0.4) to gray (4.4Y 4.3/0.8) and slightly bioturbated. Light gray ash layers occur in Section 1, 18-36 cm and 106-111 cm, Section 2, 141-150 cm, Section 3, 0�5 cm, and Section 4, 28-34 cm. These ash layers have sharp lower and gradational upper contacts. A light gray (2.9Y 4.0/1.1) clayey ash interval occurs in Section 6, 70-90 cm and has sharp lower and upper contacts. Ash-filled burrows arepresent in Section 1, 117-119 cm, and Section 2, 90-92 cm. Disseminated dark green layers, 1-2 cm thick, are frequent throughout the core. Dropstones are present in Section 2, 37 cm and in Section 6, 70-90 cm.",CORE 46.8 - 56.68 MBSF
145,882,A,7,H,56.3,66.08,Pleistocene,"DIATOM OOZE WITH CLAY General Description: This core contains diatom ooze with clay to diatom ooze, which is slightly bioturbated. The diatom ooze with clay is dark gray (1.8GY 3.8/0.3), the diatom ooze is brown (2.0Y 3.4/1.4). An interval of foraminifer-bearing diatom ooze, which is greenish gray (4.6Y 4.0/1.0), occurs in Section 1, 36-40 cm and has sharp lower and upper contacts. Light gray intervals that consist of diatom ooze with nannofossils and calcite occur in Section 3, 115 cm to Section 4, 26 cm and in Section 5, 110 cm to Section 6, 33 cm. They have gradational lower and upper contacts. Ash layers are present in Section 1, 70-71 cm and in Section 4, 41-46 cm and 96-104 cm, and have sharp bases and gradational tops. Ash-filled burrows occur in Section 1, 70-78 cm, Section 2, 113-117 cm, and Section 3, 0-6 cm. Stiff green layers are rare throughout the core. Dropstones occur in Section 5, 22 cm and in Section 6, 85 cm and 118 cm.",CORE 56.3 - 66.08 MBSF
145,882,A,8,H,65.8,75.78,Pleistocene,"DIATOM OOZE General Description: This core contains diatom ooze that is gray (6.1 Y 4.2/0.2) and slightly biotubated. Greenish gray intervals (8.9Y 3.9/1.1) consist of diatom ooze and occur in Section 1, 70-91 cm, Section 3, 107-133 (gradational lower and upper contacts), and in Section 5, 118-134 cm (sharp lower contacts and gradational upper contacts). Ash layers are light brown (8.3YR 3.7/1.5) to dark brown (5.1 YR 1.8/0.6) and occur in Section 2, 69-71 cm and 130-136 cm, Section 3, 5-14 cm, Section 4, 33-41 cm and 90-91 cm, Section 6, 42-45 cm and 51-61 cm, and Section 7, 11-15 cm. In general, the ash layers have sharp lower and gradational upper contacts. Ash-filled burrows arepresent in Section 1, 93-108 cm, Section 2, 113 cm, Section 3, 36-38 cm and 73-83 cm, Section 4, 56-58 cm and 94-95 cm, and Section 6, 57-60 cm and 98-99 cm. Stiff green layers, 1-2 cm thick, are rare throughout the core. Dropstones are present in Section 1, 50 cm and 139 cm.",CORE 65.8 - 75.78 MBSF
145,882,A,9,H,75.3,85.12,upper Pliocene,"DIATOM OOZE WITH CLAY General Description: This core contains diatom ooze with clay that is dark gray to green (2.9GY 4.0/0.3) and slightly bioturbated with mottles and burrows. A light gray (3.4GY 5.1/0.7) interval consisting of diatom ooze occurs in Section 6, 60-100 cm. Ash layers are brown (9.4YR 2.4/1.1) and gray (2.5Y 1.6/1.1). Brown ash layers are present in Section 2, 11 -17 cm and 120-121 cm, Section 3, 116-117 cm, and Section 6, 133-137 cm. Gray ash layers are present in Section 1, 100-102 cm and 128-129 cm, Section 3, 82-93 cm, Section 5, 104-114 cm, and Section 6, 0-2 cm and 56-60 cm. These ash layers have sharp lower contacts and gradational upper contacts. The ash layer in Section 5, 67-81 cm displays normally graded bedding with colors from brown to gray and shows sharp lower and gradational upper contacts. Ash-filled burrows are present in Section 1, 29-30 cm, 103-106 cm, and 131-135 cm, Section 2,121-125 cm, Section 3, 39-57 cm and 122-123 cm, Section 4, 39 cm and 138-141 cm, and Section 6, 101-109 cm and 138-141 cm.",CORE 75.3 - 85.12 MBSF
145,882,A,10,H,84.8,94.71,upper Pliocene,"DIATOM OOZE WITH CLAY and ASH General Description: This core contains diatom ooze with clay and ash, is predominantly gray (3.1 Y 4.9/0.3) to yellow green (1.8Y 3.6/0.8), and slightly bioturbated with mottles and burrows. Indurated green layers occur throughout the core. A light gray diatom calcite ooze occurs in Section 3, 6-44 cm, and Section 5, 29-54 cm. Ash-filled burrows are present in Section 1, 66-68 cm and 117-121 cm, Section 3, 64-69 cm, 83-89 cm, and 131-145 cm, and Section 4, 67-68 cm. A weathered pumice clast about 4 cm in diameter occurs in Section 5, 118 cm. ",CORE 84.8 - 94.71 MBSF
145,882,A,11,H,94.3,104.15,upper Pliocene,"DIATOM OOZE General Description: This core contains diatom ooze that is gray-green (2.1 Y 3.4/1.2 to 9.3Y 3.7/0.5) and slightly bioturbated with mottles and burrows. Indurated green layers occur throughout. Ash layers in hues of tan (0.9YR 2.6/0.9), black and brown are present in Section 1, 30-46 cm and 63-67 cm, and Section 4, 130-138 cm. Ash-filled burrows occur in Section 1, 68 cm, and Section 3, 98-101 cm. A dropstone consisting of a 7 cm diameter basic igneous clast occurs in Section 1, 90 cm.",CORE 94.3 - 104.15 MBSF
145,882,A,12,H,103.8,113.82,upper Pliocene,"DIATOM OOZE General Description: This core consists of diatom ooze that is reddish brown (9.1YR 3.6/1.8), slightly bioturbated, and contains widely dispersed mottles. A gray (2.1 Y 3.3/0.5) layer of spicule diatom ooze with calcite occurs in Section 1, 0-18 cm.",CORE 103.8 - 113.82 MBSF
145,882,A,13,H,113.3,123.08,upper Pliocene,"DIATOM OOZE TO CALCAREOUS DIATOM OOZE WITH SPICULES General Description: This core contains diatom ooze that is gray brown (7.0Y 3.6/1.0), homogeneous and slightly bioturbated with few mottles and ash-filled burrows throughout the core. Light gray (4.1 Y 4.6/1.0) layers of calcareous diatom ooze with spicules occur in Section 4, 70 cm to Section 5, 34 cm and in Section 7. The calcareous component in the calcareous diatom ooze with spicules is composed of carbonate grains of undetermined origin. Dropstones in Section 1, 0-10 cm are probably due to wash-in. ",CORE 113.3 - 123.08 MBSF
145,882,A,14,H,122.8,132.4,upper Pliocene,"DIATOM OOZE WITH SPICULES TO DIATOM OOZE WITH CALCITE General Description: This core consists of diatom ooze with spicules to diatom ooze with calcite, which is homogenous and slightly bioturbated. Gray-green (8.3YR 3.6/1.1) mottled diatom ooze with spicules occurs in Section 1 to Section 2, 53 cm and in Section 5, 45 cm to Section 6, 90 cm. Reddish brown (0.7Y 3.6/1.3) diatom ooze with spicules appears in Section 3 to Section 5, 45 cm. Light gray (1.1 Y 4.6/1.0) calcareous diatom ooze occurs in Section 2, 53-150 cm and Section 6, 90 cm to Section 7, 47 cm. The calcareous component in the calcareous diatom ooze consists of nannofossils and calcite of undetermined origin. A light gray ash layer is present in Section 4, 120-122 cm. All of the core catcher (3 cm) was used for paleontological analysis. ",CORE 122.8 - 132.4 MBSF
145,882,A,15,H,132.3,141.64,upper Pliocene,"DIATOM OOZE WITH SPICULES General Description: This core contains diatom ooze with spicules that is brownish gray (9.6YR 4.3/1.4), slightly bioturbated and homogeneous. An interval of light gray (1.7Y 5.5/1.0) calcareous diatom ooze occurs in Section 2, 105 cm to Section 3, 73 cm and has gradational upper and lower contacts. The calcareous component in the calcareous diatom ooze contains nannofossils and calcite of undetermined origin. ",CORE 132.3 - 141.64 MBSF
145,882,A,16,H,141.8,151.55,upper Pliocene,"DIATOM OOZE WITH CLAY, CALCITE, AND SPICULES General Description: This core consists of diatom ooze with clay, calcite, and spicules. The calcite is present as a combination of nannofossils and calcite of undetermined origin. Color changes from dark gray (9.6YR 3.7/1.5) in Sections 1-5 to brownish gray (2.1Y 5/1) in the rest of the core. Bioturbation is visible as dark burrows, which are present throughout the entire core. ",CORE 141.8 - 151.55 MBSF
145,882,A,17,H,151.3,161.1,upper Pliocene,"DIATOM OOZE TO DIATOM OOZE WITH CALCITE General Description: This core contains diatom ooze to diatom ooze with calcite. The calcite is present as nannofossils and as calcite of undetermined origin. Color varies from very dark brownish gray to brownish gray with gradational contacts. A few foraminifers were observed on the core surface at Section 2, 26 cm, Section 3, 131 cm, 143 cm, and 148 cm, Section 6, 52 cm and Section 7, 30 cm. ",CORE 151.3 - 161.1 MBSF
145,882,A,18,H,160.8,170.9,lower to upper Pliocene,DIATOM OOZE General Description: This core consists of slightly bioturbated homogeneous diatom ooze. Colors vary from dark gray (3.6Y 4.2/1.2) to gray (4.1Y 4.7/1.1). Burrow infills are observed in Section 6. ,CORE 160.8 - 170.9 MBSF
145,882,A,19,H,170.3,180.21,lower Pliocene,"DIATOM OOZE TO CALCAREOUS DIATOM OOZE WITH SPICULES General Description: This core consists primarily of diatom ooze. Calcareous diatom ooze with spicules occurs in Sections 5 and 6. The transition between the two sediment types is very gradual. The calcareous fraction contains nannofossils and calcite of undetermined origin. Color varies from very dark brownish gray in the diatom ooze to gray in nannofossil diatom ooze. The ooze is slightly bioturbated and exhibits dark infilled burrows throughout the core. Foraminifers and fragments there of appear sporadically in Section 2, 109 cm, Section 3, 7 cm and 25 cm, Section 4, 82 cm and 148 cm, and Section 5, 130 cm. ",CORE 170.3 - 180.21 MBSF
145,882,A,20,H,179.8,189.35,lower Pliocene,DIATOM OOZE TO CALCAREOUS CLAYEY DIATOM OOZE General Description: This core contains diatom ooze to calcareous clayey diatom ooze. The transitions between these lithologies are gradational. Colors vary from dark grayish brown (2.5Y 4/2) in the diatom ooze to gray (5Y 5/1 and 5Y 6/1) in the calcareous clayey diatom ooze. The calcareous component in the calcareous clayey diatom ooze consists of nannofossils and calcite of undetermined origin. The entire core exhibits slight to moderate bioturbation. ,CORE 179.8 - 189.35 MBSF
145,882,A,21,H,189.3,199.34,lower Pliocene,"DIATOM OOZE TO CALCAREOUS CLAYEY DIATOM OOZE General Description: This core contains diatom ooze to calcareous clayey diatom ooze, with gradational contacts between the two lithologies. The diatom ooze is dark gray (5Y 4/1), whereas the calcareous clayey diatom ooze is gray to light gray (10Y 6/1). The calcareous constituents in the calcareous clayey diatom ooze include nannofossils and calcite of undetermined origin. The entire core exhibits slight to moderate bioturbation, and indistinct color bands are present in Sections 1-3. ",CORE 189.3 - 199.34 MBSF
145,882,A,22,H,198.8,208.82,lower Pliocene,DIATOM OOZE and DIATOM OOZE WITH CALCITE General Description: This core contains diatom ooze to diatom ooze with calcite. The calcareous component in the diatom ooze with calcite includes nannofossils and calcite grains of undetermined origin. The diatom ooze is dark grayish brown (2.5Y 4/2); the diatom ooze with calcite is grayish brown (2.5Y 5/2) and best developed in Section 4. The entire core exhibits slight to moderate bioturbation. ,CORE 198.8 - 208.82 MBSF
145,882,A,23,H,208.3,218.34,lower Pliocene,"DIATOM OOZE General Description: This core contains dark gray (10YR 4/1), bioturbated diatom ooze. A layer of silty volcanic ash with opaques is present at Section 6, 26-40 cm, and has a sharp base and a gradational, bioturbated upper surface. ",CORE 208.3 - 218.34 MBSF
145,882,A,24,H,217.8,227.81,lower Pliocene,"DIATOM OOZE and DIATOM OOZE WITH CALCITE General Description: This core contains diatom ooze and diatom ooze with calcite, interbedded with very gradational contacts. The calcareous components in the diatom ooze with calcite include nannofossils and carbonate grains of undetermined origin. Bioturbation is common throughout the intervals of ooze. Section 1, 88-101 cm contains a layer of dark, opaque-bearing volcanic ash, which has a sharp lower boundary anda gradational, bioturbated upper contact. Section 4, 140-146 cmcontains a zone of light-colored ash with sharp upper and lower contacts. ",CORE 217.8 - 227.81 MBSF
145,882,A,25,H,227.3,237.24,lower Pliocene,"DIATOM OOZE General Description: This core consists of slightly bioturbated diatom ooze. Burrow mottles occur throughout the core. Color varies slightly from different hues of dark gray to dark grayish brown. Rare fragments of foraminifers are observed in Section 1, 57-59 cm (within burrow), 77 cm and 103 cm, Section 2, 50 cm and 114 cm, Section 3, 6 cm, Section 5, 17 cm and 148 cm, and Section 6, 76 cm. ",CORE 227.3 - 237.24 MBSF
145,882,A,26,H,236.8,246.8,lower Pliocene,"DIATOM OOZE General Description: This core consists of diatom ooze that is homogeneous and slightly bioturbated. Color varies slightly from different hues of dark gray to dark grayish brown (0.8Y 3.8/1.6 to 6.9Y 4.2/1.0). A few burrow mottles are scattered throughout the core. An ash layer occurs in Section 1, 82-85 cm with a sharp lower and a gradational upper contact. Ash-filled burrows are present in Section 7, 35-36 cm. ",CORE 236.8 - 246.8 MBSF
145,882,A,27,H,246.3,256.17,lower Pliocene,"DIATOM OOZE General Description: This core contains diatom ooze that is greenish gray (6.1 Y 3.6/1.0) to brown (2.0Y 3.9/1.8), homogeneous and slightly bioturbated. Burrow mottles occur throughout the core. ",CORE 246.3 - 256.17 MBSF
145,882,A,28,H,255.8,265.7,lower Pliocene,"DIATOM OOZE General Description: This core contains mottled greenish gray to brown (2.4Y 3.5/1.1 to 2.9Y 4.1/1.5) diatom ooze that is slightly bioturbated and homogeneous in 4.4/0.7) ash layer occurs in Section 4, 68-73 cm. This ash layer has a sharp lower and a gradational upper contact. Ash-filled burrows are present in Section 4, 74-87 cm. | ",CORE 255.8 - 265.7 MBSF
145,882,A,29,H,265.3,275.39,lower Pliocene,"DIATOM OOZE General Description: This core contains mottled, greenish gray (4.3Y 3.9/1.0) diatom ooze that is slightly bioturbated and homogeneous in appearance.",CORE 265.3 - 275.39 MBSF
145,882,A,30,H,274.8,284.24,lower Pliocene,"DIATOM SPICULE OOZE General Description: This core consists of greenish gray (5.9Y 4.1/1.5) mottled diatom spicule ooze that is very soupy from Section 1 to Section 3, 14 cm and slightly bioturbated from Section 3, 14 cm to the base of the core. A dark band (10YR 2.8/0.6) of diatom ooze with spicules occurs in Section 5, 60-70 cm and has gradational upper and lower contacts. ",CORE 274.8 - 284.24 MBSF
145,882,A,31,H,284.3,294.25,lower Pliocene,"DIATOM OOZE General Description: This core contains greenish gray (3.7Y 4.1/1.5), slightly bioturbated diatom ooze. Burrow mottles are common throughout the core. ",CORE 284.3 - 294.25 MBSF
145,882,A,32,H,293.8,303.87,lower Pliocene,"SPICULE DIATOM OOZE WITH RADIOLARIANS General Description: This core contains green gray (2.5Y 4.0/1.2), mottled spicule diatom ooze with radiolarians that is slightly bioturbated. Dark gray layers in Section 3, 105-106 cm, Section 5, 63-64 cm and Section 6, 141-144 cm consist of ash. These layers have gradational upper and lower contacts. ",CORE 293.8 - 303.87 MBSF
145,882,A,33,H,303.3,312.68,lower Pliocene,DIATOM OOZE General Description: This core contains diatom ooze that is gray-green (1.9Y 3.8/1.0 to 0.4Y 3.7/1.3) and slightly bioturbated and mottled.,CORE 303.3 - 312.68 MBSF
145,882,A,34,H,312.8,322.71,lower Pliocene,DIATOM OOZE General Description: This core contains diatom ooze that is gray-green (3.9Y 3.9/0.8) and slightly bioturbated and mottled. ,CORE 312.8 - 322.71 MBSF
145,882,A,35,H,322.3,332,lower Pliocene,"DIATOM OOZE General Description: This core contains diatom ooze that is gray-green (4.2Y 3.5/1.0), slightly bioturbated and mottled. Some mottles are 2-3 cm in width. Black aureoles with yellow-brown fillings are present throughout the core. A light yellow (2.0Y 4.0/2.2) layer of diatom ooze occurs at Section 3, 80-84 cm. ",CORE 322.3 - 332 MBSF
145,882,A,36,H,331.8,341.71,upper Miocene-lower Pliocene,"DIATOM OOZE WITH CALCITE General Description: This core contains diatom ooze with calcite that is gray-green to brown (0.2Y 3.7/0.9), mottled and slightly bioturbated. The calcareous component in the diatom ooze with calcite includes nannofossils and calcite grains of undetermined origin. A light gray (8.4Y 5.6/0.5) layer of calcareous ooze with diatoms extends from Section 6, 77 cm to Section CC, 15 cm and has gradational upper and lower contacts. A carbonate concretion occurs in Section 3, 15-19 cm. ",CORE 331.8 - 341.71 MBSF
145,882,A,37,H,341.3,350.87,upper Miocene,"DIATOM OOZE and CALCAREOUS OOZE WITH DIATOMS General Description: This core contains diatom ooze and calcareous ooze with diatoms. The calcareous fraction of the calcareous ooze with diatoms contains nannofossils and calcite grains of undetermined origin. Both lithologies are slightly bioturbated. The diatom ooze is gray-green (4.5Y 3.9/1.7) and occurs in Section 1 to Section 2, 50 cm, Section 3, 64 cm to Section 4, 18 cm, and Section 5, 40 cm to Section 6, 10 cm. The calcareous ooze is light gray (6.2Y 5.8/0.6) and present in Section 2, 50 cm to Section 3, 64 cm, Section 4, 18 cm to Section 5, 40 cm and Section 6 to the bottom of the core. These layers have gradational lower and upper contacts. Ash layers occur in Section 3, 50-64 cm (light gray, 3.1 Y 5.0/0.9) and in Section 6, 51-56 cm (brown, 7.7YR 2.8/0.8). Calcareous concretions occur along a nearly horizontal vein in Section 1, 68-71 cm. ",CORE 341.3 - 350.87 MBSF
145,882,A,38,H,350.8,360.57,upper Miocene,"DIATOM OOZE and CALCAREOUS OOZE WITH DIATOMS General Description: This core contains green-gray (4.6Y 3.8/0.7) diatom ooze that is slightly bioturbated. An interval of light gray (3.2Y 6.1/0.6) calcareous ooze with diatoms is present at Section 1, 0-110 cm. The calcareous component in the calcareous ooze with diatoms is composed of nannofossils and calcite grains of undetermined origin. Dark gray ash layers (8.5YR 3.2/0.8) occur in Section 4, 100-119 cm and Section 7, 31-37 cm. These ash layers have sharp lower and gradational upper contacts. A dropstone, 2 cm in diameter, is present at Section 6, 119 cm. A concretion of carbonate occurs at Section 3, 12-22 cm. ",CORE 350.8 - 360.57 MBSF
145,882,A,39,H,360.3,369.35,upper Miocene,"DIATOM OOZE and CALCAREOUS DIATOM OOZE General Description: This core contains diatom ooze that is green-gray (2.6YR 3.4/0.7) to brown (9.9YR 3.8/1.4) and slightly bioturbated. A light gray (2.2Y 5.0/1.0) interval of calcareous diatom ooze occurs in Section 1 to Section 2, 40 cm and has a gradational lower contact. The calcareous component in the calcareous diatom ooze contains nannofossils and calcite grains of undetermined origin. A gray (2.6YR 3.4/0.7) ash layer is present in Section 7, 14-28 cm and has a sharp lower and a gradational upper contact. A concretion of carbonate occurs in Section 2, 50 cm. ",CORE 360.3 - 369.35 MBSF
145,882,A,40,H,369.8,379.79,upper Miocene,"DIATOM OOZE General Description: This core consists of diatom ooze, which exhibits gradual color changes in hues of gray. The ooze is moderately mottled throughout. ",CORE 369.8 - 379.79 MBSF
145,882,A,41,H,379.3,389.38,upper Miocene,"DIATOM OOZE General Description: This core consists of diatom ooze, which is moderately burrowed throughout the core. A dark gray (2.2Y 3.8/0.6) ash layer is present at Section 1, 117-130 cm. ",CORE 379.3 - 389.38 MBSF
145,882,A,42,H,388.8,398.84,upper Miocene,"DIATOM OOZE General Description: This core consists of homogeneous and moderately mottled diatom ooze. Ash layers occur in Section 2, 127-131 cm (dark) and Section 4, 42-59 cm (light). ",CORE 388.8 - 398.84 MBSF
