Expedition.Leg,Site_Number,Hole,Core_Number,Core_Type,Core_Top_MBSF,Core_Bottom_MBSF,Age,Description,Core_ID
182,1131,A,1,H,0,3.39,Pleistocene,"The core consists of pale olive to light olive gray, massive, very-fine to fine-grained, UNLITHIFIED BIOCLASTIC PACKSTONE. The coarse fraction includes dominant bioclasts, present sponge spicules, bryozoan fragments, echinoderm spines, benthic and planktonic foraminifers, rare ostracodes and pollen, and traces of glauconite. The fine fraction includes dominant bioclasts and nannofossils, common planktonic and benthonic foraminifers and sponge spicules as well as present tunicate spicules.",CORE  0 - 3.39  MBSF
182,1131,A,2,H,3.4,11.94,Pleistocene,"The core consists of UNLITHIFIED BIOCLASTIC PACKSTONE in most of Section 1, grading into an UNLITHIFIED BRYOZOAN RUDSTONE and FLOATSTONE in the remaining sections. Bryozoan fragments are gravel sized (1 cm) and the matrix is fine to medium sand-sized packstone rich in pellets, sponge spicules and foraminifers. The sediment has been completely mixed due to burrowing. Void.",CORE  3.4 - 11.94  MBSF
182,1131,A,3,H,12.9,22.46,Pleistocene,"The core consists of alternating units of UNLITHIFIED BIOCLASTIC PACKSTONE, and UNLITHIFIED BRYOZOAN RUDSTONE and FLOATSTONE. Bryozoan fragments in the rudstone and floatstone are gravel-sized (1 cm), and the matrix is very fine to fine sand-sized wackestone, rich in pellets and planktonic foraminifers. Sediments are completely mixed due to bioturbation.",CORE  12.9 - 22.46  MBSF
182,1131,A,4,H,22.4,32.08,Pleistocene,"The entire core consists of coarsening-upward succession with an UNLITHIFIED WACKESTONE at the base and an UNLITHIFIED BRYOZOAN RUDSTONE at the top. The boundaries between the different textures are gradational, probably due to the strong bioturbation which occurs throughout the core. The UNLITHIFIED BRYOZOAN RUDSTONE contains abundant gravel-size particles of fenestrate, flat robust and delicate branching as well as small nodular bryozoa. The matrix of the UNLITHIFIED BRYOZOAN RUDSTONE is dominated by calcareous nannofossils, and contains minor benthic and planktonic foraminifers, sponge and tunicate spicules, minor calcite and micrite grains, traces of dolomite, and traces of clay. The UNLITHIFIED BRYOZOAN FLOATSTONE contains the same components as the UNLITHIFIED BRYOZOAN RUDSTONE. The components of the UNLITHIFIED BIOCLASTIC PACKSTONE are bioclasts, abundant benthic foraminifers, debris of articulated zooidal bryozoa, ostracodes, sponge spicules, and minor planktonic foraminifers. The UNLITHIFIED WACKESTONE contains abundant calcareous nannofossils, common sponge spicules, bioclasts, tunicate spicules, minor foraminifers, calcite, and dolomite, as well as traces of clay.",CORE  22.4 - 32.08  MBSF
182,1131,A,5,H,31.9,40.52,Pleistocene,"Section 1, 0-68 cm is downhole contamination with bryozoans, bivalves, echinoderm debris, etc. This core consists of light gray UNLITHIFIED BIOCLASTIC PACKSTONE. The lithology is uniform throughout the core with exception of white wackestone mottles in Section 4, 125-150 cm. The UNLITHIFIED BIOCLASTIC PACKSTONE contains abundant bioclasts, bryozoan and echinoderm debris, sponge spicules, bivalves, ostracodes, serpulids, glauconite grains, and blackened grains. The components are silt to fine sand-sized throughout the core with exception of Section 6, 22-24 cm, 47-54 cm, and 82-95 cm, where sand-sized bioclasts occur.",CORE  31.9 - 40.52  MBSF
182,1131,A,6,H,41.4,51.22,Pleistocene,"Section 1, 0-32 cm contains downhole contamination with bryozoan debris, serpulids, bivalves etc. This core consists of light gray UNLITHIFIED BIOCLASTIC PACKSTONE. Coarse components are bioclasts, blackened grains, small planktonic foraminifers, echinoid spines, sponge spicules, ostracodes, and glauconite grains. The matrix of the sediment is dominated by calcareous nannofossils, bioclasts, sponge spicules, and small foraminifers. Grain size is silt to fine sand-sized throughout the core, with exception of the lowermost part of Section 7, where coarser grained interval with grainstone to packstone texture occurs.",CORE  41.4 - 51.22  MBSF
182,1131,A,7,H,50.9,59.72,Pleistocene,"Section 1, 0-58 cm contains downhole contamination which consists of bryozoan debris. This core contains gray UNLITHIFIED BIOCLASTIC PACKSTONE and UNLITHIFIED BIOCLASTIC GRAINSTONE. Both lithologies contain abundant blackened foraminifers and bioclasts. Other coarse components are sponge spicules, serpulids, and bivalves. The BIOCLASTIC GRAINSTONE in Section 3 also contains debris of delicate branching bryozoa. Boundaries between different lithologies are gradational, probably due to intense burrowing of the sediment.",CORE  50.9 - 59.72  MBSF
182,1131,A,8,X,60.4,66.9,Pleistocene,"UNLITHIFIED BIOCLASTIC PACKSTONE with minor UNLITHIFIED BIOCLASTIC GRAINSTONE. Packstones are unlithified and burrowed throughout. The very fine grained to fine grained particles are composed of, in addition to bioclasts, abundant sponge spicules, and lesser benthic foraminifers, ostracodes, tunicate spicules, echinoid spines and planktonic foraminifers. Grainstones also contain granule size bryozoans (delicate branching and flat robust branching), scaphopods and small gastropods.",CORE  60.4 - 66.9  MBSF
182,1131,A,9,X,67.6,74.06,Pleistocene,"UNLITHIFIED BIOCLASTIC PACKSTONE. This very fine grained, unlithified, completely burrowed sediment has coarse fraction composed for the most part of bioclasts but with accessory planktonic foraminifers, sponge spicules, benthic foraminifers and echinoderm spines. Consolidation is manifest as numerous small mm-size lumps.",CORE  67.6 - 74.06  MBSF
182,1131,A,10,X,76.6,84.28,Pleistocene,"UNLITHIFIED BIOCLASTIC PACKSTONE. The uniform, fine grained sediment is bioturbated throughout. The sand-size grains are composed of bioclasts, abundant sponge spicules, with many planktonic and benthic foraminifers and rare ostracodes and echinoid spines.",CORE  76.6 - 84.28  MBSF
182,1131,A,11,X,85.4,94,Pleistocene,"UNLITHIFIED BIOCLASTIC PACKSTONE. The sediment is poorly consolidated at the top of the core and becomes unlithified towards the base. The sediment is bioturbated throughout and conspicuously spiculitic. The sand-size grains are composed of bioclasts as well as small benthic foraminfers, planktonic foraminifers, sponge spicules, blackened grains, and lesser echinoid spines, scaphopods and mica flakes. The mud-size fraction is mostly sponge spicules and nannofossils, with lesser bioclasts, benthic foraminifers, abundant planktonic foraminifers, tunicate spicules and rare echinoid spines.",CORE  85.4 - 94  MBSF
182,1131,A,12,X,95,103.61,Pleistocene,"The core consists of UNLITHIFIED to PARTIALLY LITHIFIED BIOCLASTIC PACKSTONE. The color is light gray. The lithification increases downward from unlithified to partially lithified. The coarse fraction (>63 microns) contains very dominant bioclasts, abundant benthic foraminifers, present sponge spicules and bryozoans, rare ostracodes, traces of tunicate spicules and pollen. The particles are in the fine sand fraction. The fine fraction (smear slide) is dominated by coccoliths, and contains very few coarser particles, including common sponge spicules and rare benthic foraminifers and tunicate spicules. The core is massive, probably due to total bioturbation.",CORE  95 - 103.61  MBSF
182,1131,A,13,X,104.6,112.32,Pleistocene,"The core consists of PARTIALLY LITHIFIED TO UNLITHIFIED BIOCLASTIC PACKSTONE. It is light gray, massive, upper fine-grained sand with thick shell fragments. The coarse fraction includes dominant bioclasts, present sponge spicules and benthic foraminifers, and rare planktonic foraminifers. The matrix fraction includes dominant nannofossils, present sponge and tunicate spicules.",CORE  104.6 - 112.32  MBSF
182,1131,A,14,X,113.6,122.44,Pleistocene,"This core consists of uniform light gray PARTIALLY LITHIFIED BIOCLASTIC PACKSTONE. The coarse components are bioclasts, benthic foraminifers, echinoid debris, tunicate spicules, ostracodes, bryozoan debris, and minor glauconite grains. The grain size of the components is fine to medium sand-sized in Sections 1 through 5, and very fine sand to fine sand-sized in Section 6 and in the Core Catcher. The deposits are strongly bioturbated throughout.",CORE  113.6 - 122.44  MBSF
182,1131,A,15,X,122.6,131.2,Pleistocene,"The core consists of light gray PARTIALLY LITHIFIED BIOCLASTIC PACKSTONE. The coarse fraction (>63 microns) contains dominant bioclasts, abundant to present benthic foraminifers, present planktonic foraminifers, common sponge spicules, rare echinoid spines, tunicate spicules, ostracodes, and traces of glauconite and quartz. The grains are fine to fine medium sand. The fine fraction contains abundant coccoliths, common benthic foraminifers, bioclasts and sponge spicules, and present tunicate spicules. The sediment is massive, probably due to total bioturbation.",CORE  122.6 - 131.2  MBSF
182,1131,A,16,X,131.9,140.99,Pleistocene,"The core consists of PARTIALLY LITHIFIED BIOCLASTIC PACKSTONE. The color is light gray and light olive gray. The coarse fraction (>63 microns) contains dominant bioclasts, abundant benthic foraminifers and sponge spicules, present echinoid spines, and traces of ostracodes. The grains are in the very fine to fine sand fraction. The core is massive, probably due to total bioturbation.",CORE  131.9 - 140.99  MBSF
182,1131,A,17,X,141.3,149.76,Pleistocene,"The core consists of massive and monotonous PARTIALLY LITHIFIED BIOCLASTIC PACKSTONE. The color is light gray, and the grain size is fine to very fine sand-sized. The coarse fraction contains dominant bioclasts, common sponge spicules, rare benthic foraminifers, planktonic foraminifers and tunicate spicules, and traces of pollen and ostracodes. The matrix is composed of abundant sponge spicules, common nannofossils and bioclasts, and present benthic foraminifers and tunicate spicules.",CORE  141.3 - 149.76  MBSF
182,1131,A,18,X,150.6,156.92,Pleistocene,"The core consists of PARTIALLY LITHIFIED BIOCLASTIC PACKSTONE. The color is light gray. The coarse fraction (>63 microns) contains dominant bioclasts, common sponge spicules, present benthic foraminifers, rare pollen, and traces of ostracodes and bryozoans. The grains are in the very fine and fine sand fraction. The core is massive probably due to total bioturbation.",CORE  150.6 - 156.92  MBSF
182,1131,A,19,X,160,168.32,Pleistocene,"The core consists of UNLITHIFIED BIOCLASTIC PACKSTONE. The color is light gray, light olive gray and gray. The coarse fraction (>63 microns) contains dominant bioclasts, common benthic foraminifers, present sponge spicules, rare planktonic foraminifers and ostracodes, and traces of echinoid spines, bryozoans, tunicate spicules, and quartz. The grains are very fine sand. The fine fraction (smear slide) contains dominant coccoliths, abundant bioclasts and common sponge spicules. The sediment is massive due to total bioturbation.",CORE  160 - 168.32  MBSF
182,1131,A,20,X,169.3,177.2,Pleistocene,"The core consists of PARTIALLY LITHIFIED BIOCLASTIC PACKSTONE. The color is light gray to light olive gray. The bioclasts dominate the coarse fraction (>63 microns), they are well sorted, and the grains are fine sand. The texture is packstone, but becomes locally grainstone-rich in the lower part of Section 5, Sections 6 and CC. The sediment is massive due to total bioturbation.",CORE  169.3 - 177.2  MBSF
182,1131,A,21,X,178.6,186.33,Pleistocene,"This core consists of light gray PARTIALLY LITHIFIED BIOCLASTIC PACKSTONE. Components are bioclasts, sponge spicules, and blackened grains. Foraminifers are very minor component of this lithology. The deposits are uniform throughout, the grain size of components is fine sand. A fining-upward from fine sand-sized components to very fine sand-sized components occurs in Section 5.",CORE  178.6 - 186.33  MBSF
182,1131,A,22,X,188.2,194.63,Pleistocene,"This core consists of gray PARTIALLY LITHIFIED BIOCLASTIC PACKSTONE. The coarse fraction of the sediment consists of abundant bioclasts, common sponge spicules, benthic foraminifers, as well as rare planktonic foraminifers and blackened grains. The grain size of the components is fine sand.",CORE  188.2 - 194.63  MBSF
182,1131,A,23,X,197.6,204.43,Pleistocene,"The core is dominated by light gray to gray PARTIALLY LITHIFIED BIOCLASTIC PACKSTONE. Components are fine sand-sized. The coarse fraction contains dominantly bioclasts, common sponge spicules, some blackened grains, and very small benthic foraminifers. It is strongly bioturbated throughout.",CORE  197.6 - 204.43  MBSF
182,1131,A,24,X,206.6,215.61,Pleistocene,"The core consists of of light olive gray, fine to very fine-grained PARTIALLY LITHIFIED BIOCLASTIC GRAINSTONE. It is strongly bioturbated and some burrows are filled with pale green packstone to grainstone. Benthic foraminifers and blackened grains are scattered throughout. Some intervals show concentration of blackened grains. The coarse fraction is dominated by bioclasts with sponge spicules, benthic foraminifers, echinoid spines, and ostracodes. Some bioclasts have cement rims.",CORE  206.6 - 215.61  MBSF
182,1131,A,25,X,215.6,221.48,Pleistocene,"A PARTIALLY LITHIFIED BIOCLASTIC GRAINSTONE dominates this core. It is very fine grained and colors range from light olive gray to gray. It contains less than 5% blackened grains. The well-lithified drilling biscuits in Section 4, 90 and 112 cm, contain traces of pyrite.",CORE  215.6 - 221.48  MBSF
182,1131,A,26,X,225,233.01,Pleistocene,"The core is dominated by PARTIALLY LITHIFIED BIOCLASTIC PACKSTONE in the upper part (Sections 1 through 5, 0-40 cm) and fine-grained PARTIALLY LITHIFIED BIOCLASTIC GRAINSTONE in the rest of the core. Colors for both lithologies range from light olive to light gray, and the sediments are strongly bioturbated. The coarse fraction contains bioclasts, common foraminifers, sponge spicules, blackened grains, brownish bioclasts, and some glauconite grains. A possible omission surface and color change occurs in Section 1, 125 cm.",CORE  225 - 233.01  MBSF
182,1131,A,27,X,234.5,240.4,Pleistocene,"This core consists of light olive gray PARTIALLY LITHIFIED BIOCLASTIC PACKSTONE and PARTIALLY LITHIFIED BIOCLASTIC PACKSTONE to GRAINSTONE (Section 1, 55-150 cm). The coarse fraction contains abundant bioclasts, very few foraminifers, some sponge spicules, and minor blackened grains. Some of the bioclasts have brownish stain. Grain size of components is fine sand-sized.",CORE  234.5 - 240.4  MBSF
182,1131,A,28,X,243.5,250.69,Pleistocene,"PARTIALLY LITHIFIED BIOCLASTIC PACKSTONE and BIOCLASTIC GRAINSTONE. The sediment is very fine grained to fine grained, thoroughly bioturbated with few visible discrete burrows, of uniform texture and composition and moderately lithified. Packstone is generally poorly sorted and very fine sand size, while grainstone is well sorted and of fine sand size. The contact between the two lithologies is sharp ?firmground at 140 cm in section 4.",CORE  243.5 - 250.69  MBSF
182,1131,A,30,X,262,263.88,Pleistocene,"BIOCLASTIC PACKSTONE. The sediment is moderately consolidated, very fine-grained, of uniform composition and texture, and thoroughly bioturbated. The sand grains are mostly bioclasts but include some blackened skeletal particles.",CORE  262 - 263.88  MBSF
182,1131,A,31,X,271.4,280.59,Pleistocene,"PARTIALLY LITHIFIED BIOCLASTIC PACKSTONE. The sediment is very fine-grained, of uniform texture and strongly bioturbated. The components consist mainly of lithoclasts, some sponge spicules, blackened grains, and brownish organic filaments.",CORE  271.4 - 280.59  MBSF
182,1131,A,32,X,280.9,285.73,Pleistocene,"This core consists of light olive gray to light gray, very fine- to fine grained PARTIALLY LITHIFIED BIOCLASTIC PACKSTONE. Benthic foraminifers are scattered throughout the core. Section 1 is dominated by silty grains. The lowermost part of Section 2 to the uppermost part of Section 3 consists of pale olive to reddish gray, very fine-grained BIOCLASTIC PACKSTONE, containing brown organic filaments. The Core Catcher, 10 to 25 cm, consists of gray LITHIFIED BIOCLASTIC PACKSTONE. The coarse fraction contains dominant bioclasts, common blackened grains, present planktonic and benthic foraminifers. The matrix is composed of neomorphosed mud. A few small vugs lined with calcite are present.",CORE  280.9 - 285.73  MBSF
182,1131,A,33,X,290.4,298.8,Pleistocene,"The core consists of massive and monotonous PARTIALLY LITHIFIED BIOCLATIC PACKSTONE. The color is light gray, and the grain size is very fine to fine sand-sized. The coarse fraction contains dominant bioclasts, common sponge spicules and present black grains. Some faint greenish patches and layers are observed in Sections 5 and 6.",CORE  290.4 - 298.8  MBSF
182,1131,A,34,X,299.9,309.88,Pleistocene,"The core consists of PARTIALLY LITHIFIED BIOCLASTIC PACKSTONE. The color is light gray to light olive gray, and the grain size is very fine to fine sand-sized. The coarse fraction contains dominant bioclasts, present sponge spicules and pollen, and rare benthic and planktonic foraminifers. The matrix is composed of abundant sponge spicules, common nannofossils and bioclasts, present benthic foraminifers, rare radiolarians and pollen, and traces of tunicate spicules and pteropods. Two grainy intervals occur in Section 3, 12-50 cm, and in Section 7 through Core Catcher. The intervals show grainstone to packstone texture, and consist of well-sorted fine sand-sized bioclasts. The core is bioturbated throughout, and is massive and monotonous in appearance. A cast of bivalve, 2 cm in diameter, is observed in Section 2, 113 cm.",CORE  299.9 - 309.88  MBSF
182,1131,A,35,X,309.5,314.18,Pleistocene,"The core consists of PARTIALLY LITHIFIED BIOCLASTIC PACKSTONE and PARTIALLY LITHIFIED BIOCLASTIC WACKESTONE. The PARTIALLY LITHIFIED BIOCLASTIC PACKSTONE is light gray to gray, darkening into light olive gray at the base. The grain size is very fine to fine sand although at the base (Section 3, 126 cm through Section 4, 32 cm) is fine upper to medium lower sand size. The coarse fraction of the fine to very fine sand size includes dominant bioclasts, abundant sponge spicules, and present benthic foraminifers. The coarse fraction of the fine to medium sand includes dominant bioclasts, common benthic foraminifers and sponge spicules, and present planktonic foraminifers. The PARTIALLY LITHIFIED BIOCLASTIC WACKESTONE is bioturbated thoughout, light to olive gray, and the grain size is very fine sand. The coarse fraction consists of abundant bioclasts and benthic foraminifers, common sponge spicules and echinoid spines, and traces of planktonic foraminifers, quartz and pyrite.",CORE  309.5 - 314.18  MBSF
182,1131,A,36,X,319.1,324.69,Pleistocene,The core consists of PARTIALLY LITHIFIED BIOCLASTIC GRAINSTONE and PACKSTONE with thin layer of well-lithified GRAINSTONE at the base. The grain size is very-fine to fine sand-size throughout. The sediment has been completely bioturbated and individual burrows are rare.,CORE  319.1 - 324.69  MBSF
182,1131,A,37,X,328.7,333.37,Pleistocene,"The core consists of PARTIALLY LITHIFIED BIOCLASTIC GRAINSTONE. The texture is grainstone which in patches is close to packstone. The color is light olive gray to pale olive. The coarse fraction (>63 microns) contains dominant bioclasts, abundant to present sponge spicules, present benthic foraminifers, and traces of echinoid spines and bryozoans. The grains are very fine, fine and medium sand. The fine fraction (smear slide) contains dominant bioclasts and aggregates of very small bioclasts, common coccoliths, abundant to present sponge spicules, rare benthic foraminifers and traces of radiolarians. The sediment is massive due to total bioturbation. A cast of complete bivalve shell preserved in life position occurs in Section 3, 83 cm. The aragonitic shell is complete dissolved.",CORE  328.7 - 333.37  MBSF
182,1131,A,38,X,338.3,347.89,Pleistocene,"The core consists of PARTIALLY LITHIFIED PACKSTONE except for the top 10 cm of Section 1 which is GRAINSTONE. The color of the top grainstone is bluish gray and the underlying 50 cm (Section 1, 10-60 cm) is light olive gray. The rest of the core is light gray. The coarse fraction (>63 microns) consists of dominant bioclasts which commonly form aggregates, present to rare benthic foraminifers, echinoid spines, sponge spicules, and traces of planktonic foraminifers, bryozoans and dark grains. The sediment is massive due to total bioturbation.",CORE  338.3 - 347.89  MBSF
182,1131,A,39,X,348,351.2,Pleistocene,"The core consists of PARTIALLY LITHIFIED BIOCLASTIC PACKSTONE and WACKESTONE. The color varies between light gray, gray, light olive gray, and olive gray, and the grain size is very fine sand-sized. The coarse fraction contains dominant bioclasts, common benthic foraminifers and sponge spicules, present planktonic foraminifers, rare echinoid spines, pollen and glauconitic grains, and traces of quartz grains. The matrix is composed of dominant nannofossils, common bioclasts, rare framboidal pyrite crystals and benthic and planktonic foraminifers, and traces of sponge spicules. An interval in Section 1, 41-105 cm is muddy, and shows wackestone texture. The sediment is bioturbated, and is mottled in appearance.",CORE  348 - 351.2  MBSF
182,1131,A,40,X,357.6,362.23,Pleistocene,"PARTIALLY LITHIFIED BIOCLASTIC PACKSTONE. The core is light gray in color and massive. The grain size is very fine sand although some grains are aggregates of medium sand size. The coarse fraction includes dominant bioclasts, present benthic and planktonic foraminifers, and sponge spicules, rare bryozoan fragments, and traces of pyrite.",CORE  357.6 - 362.23  MBSF
182,1131,A,41,X,367.2,374.17,Pleistocene,"The core consists of light olive gray to light gray, massive, PARTIALLY LITHIFIED BIOCLASTIC PACKSTONE and GRAINSTONE. The grain size is fine to very fine sand. The coarse fraction includes dominant bioclasts, present echinoid spines and sponge spicules, rare planktonic and benthic foraminifers, and traces of bryozoans, pollen, and pyrite. The smear slide shows dominant nannofossils, common sponge spicules and bioclasts, rare pyrite, and traces of benthic foraminifers and ostracodes.",CORE  367.2 - 374.17  MBSF
182,1131,A,42,X,376.8,383.66,Pleistocene,"The core consists of light gray to light olive gray, PARTIALLY LITHIFIED BIOCLASTIC PACKSTONE, and mixtures of GRAINSTONE and PACKSTONE and WACKESTONE and PACKSTONE. The grain size is fine to very fine sand with some medium sand grains throughout. The relative grain abundance varies at decimeter-scale and the texture varies from muddy-packstone to grainstone. The coarse fraction includes dominant bioclasts, present sponge spicules, and benthic and planktonic foraminifers, and traces of glauconite. In addition to these components the more muddy lithology contains traces of ostracodes and quartz, and the grainier lithology includes common echinoid spines, traces of pyrite and blackened grains, and no planktonic foraminifers.",CORE  376.8 - 383.66  MBSF
182,1131,A,43,X,386.4,390.7,Pleistocene,"The core consists of PARTIALLY LITHIFIED BIOCLASTIC PACKSTONE with an interval showing grainstone texture. The color is light gray, and the grain size is very fine to fine sand-sized. The coarse fraction contains dominant bioclasts, present planktonic and benthic foraminifers, rare pollen, and traces of sponge spicules and echinoid spines. The interval of PARTIALLY LITHIFIED BIOCLASTIC GRAINSTONE occurs in Section 2, 0-40 cm. The core is bioturbated, and some burrows are observed in Section 3, 70-80 cm.",CORE  386.4 - 390.7  MBSF
182,1131,A,44,X,395.9,396.11,Pleistocene,The core consists of PARTIALLY LITHIFIED BIOCLASTIC PACKSTONE. The color is light olive gray. The coarse fraction (>63 microns) contains dominant bioclasts and present benthic and planktonic foraminifers. The sediment is heavily bioturbated.,CORE  395.9 - 396.11  MBSF
182,1131,A,45,X,405.5,414.76,Pleistocene,"The core consists of PARTIALLY LITHIFIED PACKSTONE. The lithology is close to grainstone at many levels, and the grains are mainly very fine to fine sand. The color is light olive gray to gray. The coarse fraction (>63 microns) contains dominant bioclasts and aggregates of bioclasts, common sponge spicules, present benthic foraminifers, rare echinoid spines and pollen, and traces of ostracodes. The fine fraction (smear slide) contains abundant coccoliths and bioclasts, and common benthic foraminifers and sponge spicules. The sediment is massive due to total bioturbation.",CORE  405.5 - 414.76  MBSF
182,1131,A,46,X,415.1,415.33,Pleistocene,The core consists of PARTIALLY LITHIFIED BIOCLASTIC PACKSTONE to GRAINSTONE. The grain size is fine to medium sand and the core is bioturbated throughout.,CORE  415.1 - 415.33  MBSF
182,1131,A,47,X,424.7,430.65,Pleistocene-late? Pliocene,"This core consists of an uniform light gray PARTIALLY LITHIFIED BIOCLASTIC PACKSTONE. Coarse components are bioclasts, sponge spicules, blackened grains, as well as planktonic and benthic foraminifers. The deposits are strongly bioturbated. A minor interval of PARTIALLY LITHIFIED WACKESTONE with bioclasts occurs in the Core Catcher (11-22 cm). The upper limit of this interval is gradational, whereas the lower boundary is sharp.",CORE  424.7 - 430.65  MBSF
182,1131,A,48,X,434.3,438.55,Pleistocene-late? Pliocene,"This core consists of uniform light gray to light olive gray PARTIALLY LITHIFIED BIOCLASTIC PACKSTONE. Main components are bioclasts, minor foraminifers, rare blackened grains, and some brown filaments.",CORE  434.3 - 438.55  MBSF
182,1131,A,49,X,444,451.65,Pleistocene-late? Pliocene,"This core consists of uniform light gray and light olive gray PARTIALLY LITHIFIED BIOCLASTIC PACKSTONE. Coarse components are bioclasts, sponge spicules, blackened grains, and planktonic foraminifers. Size of components is very fine sand.",CORE  444 - 451.65  MBSF
182,1131,A,50,X,453.6,463.55,Pleistocene-late? Pliocene,"This core consists of uniform light gray PARTIALLY LITHIFIED BIOCLASTIC PACKSTONE. Coarse components are bioclasts, blackened grains, brownish bioclasts, minor foraminifers including large miliolids, and minor glauconite grains. Grain size of components is very fine sand-sized. The deposits are strongly bioturbated throughout.",CORE  453.6 - 463.55  MBSF
182,1131,A,51,X,463.2,468.57,Pleistocene-late? Pliocene,"This core consists of uniform light gray PARTIALLY LITHIFIED BIOCLASTIC PACKSTONE. Coarse components are bioclasts, blackened grains, brownish bioclasts, minor foraminifers including large miliolids, and minor glauconite grains. Grain size of components is very fine sand-sized. The deposits are strongly bioturbated throughout. A sharp contact, which may represent minor omission surface, occurs in Section 1, 13 cm.",CORE  463.2 - 468.57  MBSF
182,1131,A,52,X,472.8,473.39,Pleistocene-late? Pliocene,"This core consists of light gray PARTIALLY LITHIFIED BIOCLASTIC PACKSTONE. Major components are bioclasts, blackened grains, and some foraminifers. Grain size of bioclasts is fine sand.",CORE  472.8 - 473.39  MBSF
182,1131,A,53,X,482.5,489.84,Pleistocene-late? Pliocene,"This core consists of uniform light gray PARTIALLY LITHIFIED BIOCLASTIC PACKSTONE. Coarse components are bioclasts, blackened grains, brownish bioclasts, minor foraminifers including miliolids, and minor glauconite grains. Grain size of components is fine to very fine sand-sized. The deposits are strongly bioturbated throughout. A 0.5 cm-thick layer of NANNOFOSSIL CHALK occurs at 56 cm in section 3, mostly squeezed down into the underlying biscuited and fragmented packstone.",CORE  482.5 - 489.84  MBSF
182,1131,A,54,X,492.1,500.5,Pleistocene-late? Pliocene,"This core consists of uniform light gray PARTIALLY LITHIFIED BIOCLASTIC PACKSTONE. Coarse components are bioclasts, blackened grains, brownish bioclasts, minor foraminifers including large miliolids, and minor glauconite grains. Grain size of components is very fine sand-sized. The deposits are strongly bioturbated throughout.",CORE  492.1 - 500.5  MBSF
182,1131,A,55,X,501.7,506.44,Pleistocene-late? Pliocene,"This core consists of uniform light gray PARTIALLY LITHIFIED BIOCLASTIC PACKSTONE. Coarse components are bioclasts, blackened grains, brownish bioclasts, minor benthic and planktonic foraminifers, large miliolid foraminifers, minor glauconite grains and very rare bryozoan fragments. Grain size of components is very fine sand-sized. The deposits are strongly bioturbated throughout. Minor cracks are filled with celestite in the top several centimeters of Section 3.",CORE  501.7 - 506.44  MBSF
182,1131,A,56,X,511.3,512.53,Pleistocene-late? Pliocene,"This core consists of an uniform light gray PARTIALLY LITHIFIED BIOCLASTIC PACKSTONE. Coarse components are bioclasts, blackened grains, pyritized grains, minor foraminifers including large miliolids, and minor glauconite grains. Grain size of components is silt to very fine sand-sized. The deposits are strongly bioturbated throughout. Bivalve molds are found at the base of Section 2.",CORE  511.3 - 512.53  MBSF
182,1131,A,57,X,520.9,522.04,Pleistocene-late? Pliocene,"This core consists of uniform PARTIALLY LITHIFIED BIOCLASTIC PACKSTONE. Coarse components are bioclasts, blackened grains, minor foraminifers including conspicuous miliolid foraminifers, and minor glauconite grains. Grain size of components is silt to very fine sand-sized. The deposits are strongly bioturbated throughout.",CORE  520.9 - 522.04  MBSF
182,1131,A,58,X,530.6,532.07,Pleistocene-late? Pliocene,"This core consists of uniform PARTIALLY LITHIFIED BIOCLASTIC PACKSTONE. Coarse components are bioclasts, blackened grains, minor foraminifers and rare pyrite grains. Grain size of components is fine sand-sized. The deposits are strongly bioturbated throughout. Material at the base of the core is well cemented.",CORE  530.6 - 532.07  MBSF
182,1131,A,59,X,540.2,540.42,early-middle? Miocene,"CHERT. Silicified nannofossil ooze. PARTIALLY LITHIFIED BIOCLASTIC PACKSTONE. The sediment is very fine grained with abundant bioclasts, common planktonic foraminifers and rare sponge spicules.",CORE  540.2 - 540.42  MBSF
182,1131,A,65,X,597.6,597.86,early-middle? Miocene,"This core consists of uniform PARTIALLY LITHIFIED BIOCLASTIC GRAINSTONE. Coarse components are bioclasts, blackened grains, foraminifers, and glauconite grains. Grain size of components is very fine sand-sized. The deposits are strongly bioturbated throughout.",CORE  597.6 - 597.86  MBSF
182,1131,A,66,X,607.3,607.39,early-middle? Miocene,"This core consists of uniform PARTIALLY LITHIFIED BIOCLASTIC GRAINSTONE. Coarse components are bioclasts, blackened grains and glauconite grains. Grain size of components is fine sand-sized. The deposits are strongly bioturbated throughout.",CORE  607.3 - 607.39  MBSF
