Expedition/Leg,Site,Hole,Core Number,Core Type,Top depth cored (m),Bottom depth recovered (m),Age,Description,Core ID
146,892,E,1,X,0,3.23,Unknown,"CLAYEY SILT Major Lithology: CLAYEY SILT, greenish black to very dark greenish gray (7.4GY 2.5/1.7 to 5.9GY 3.0/1.4), soft, structureless and very homogeneous in texture. Sediment shows slight reaction to HCI. Gas expansion fractures are present in Sections 2 and 3. Carbonate concretions occur in Section 2, 70-82 cm. They are composed of structureless subangular pieces (up to 5 cm across) of largely dolomite. Minor Lithology: GLAUCONY SAND, greenish black (7.1 GY 2.5/1.7), occurs in 1 cm-thick layers in Section 1,12 cm, and Section 2,10-20 cm. The sandy layers show sharp basal contact and gradational upper transition to the clayey silt. ",CORE 0 - 3.23 MBSF
146,892,E,2,P,13,13,NA,NO RECOVERY,CORE 13 - 13 MBSF
146,892,E,3,H,33,40.91,Unknown,"CLAYEY SILT and CALCAREOUS SILT Major Lithologies: CLAYEY SILT, greenish black to very dark greenish gray (5.4GY 2.2/2.0 to 2.9GY 3.0/1.6), structureless, with thin to medium bedding indicated by slight color changes and slight grain size differences. Parallel lamination is present in Section 4 (60 cm to 140 cm). Lighter colored patches of carbonate-rich sediment (abut 1 cm thick) are present in Section 4, 117 cm and 134 cm, and Section 5, 72 cm, 76 cm, and 125 cm. Throughout the core the clayey silt shows a slight reaction to HCI. CALCAREOUS SILT, dark olive greenish gray to very dark greenish gray (1.4GY 3.4/1.5 to 2.3GY 3.1/1.6) is typically mottled, with no sedimentary structures, and shows strong reaction to HCI. General Description: The sediment is disturbed by numerous gas expansion fractures. It also appears very dry. ",CORE 33 - 40.91 MBSF
146,892,E,4,H,42.5,46.69,Unknown,"FIRM CLAYEY SILT Major Lithology: FIRM CLAYEY SILT, very dark greenish gray to greenish black (2.3GY 2.9/1.6 to 6.9GY 1.9/2.1), homogeneous and structureless; subhorizontal bedding is indicated by slight color changes. The sediments react weakly to HCI. Patches (cm-size) of glaucony sand are present in Section 2, 5-7 cm and 67-72 cm. In Section CC the sediment is fractured in small angular pieces (less than 1 cm across). General Description: The sediment is heavily disturbed by gas expansion cracks. Note: The core became stuck in the core barrel, and may not have been removed and curated in a continuous sequence. ",CORE 42.5 - 46.69 MBSF
146,892,E,5,M,55,55,NA,NO RECOVERY,CORE 55 - 55 MBSF
