Expedition.Leg,Site_Number,Hole,Core_Number,Core_Type,Core_Top_MBSF,Core_Bottom_MBSF,Age,Description,Core_ID
162,984,A,1,H,0,5.11,Pleistocene,"NANNOFOSSIL SILTY CLAY and CLAY General Description: This core contains dark greenish gray (10Y 4/1) NANNOFOSSIL SILTY CLAY and dark greenish gray (5GY 10Y 4/1) CLAY. Minor components in the NANNOFOSSIL SILTY CLAY include foraminifers, diatoms, and sponge spicules. The CLAY has minimal biogenic sediment. Color mottling and slight bioturbation occur throughout. The color changes are gradational. Thin dark color bands in Section 4, 10- 15 cm contain brown volcanic ash. A dark shale dropstone (1.0-cm) occurs in Section 3, 60 cm.",CORE 0 - 5.11 MBSF
162,984,A,2,H,5.1,13.34,Pleistocene,"NANNOFOSSIL SILTY CLAY and CLAY General Description: This core contains dark gray (5Y 4/1) SILTY CLAY alternating with dark greenish gray (10Y 4/1) NANNOFOSSIL SILT WITH CLAY and dark greenish gray (5GY 4/1) CLAYEY NANNOFOSSIL MIXED SEDIMENT WITH SILT. All color changes are gradational. Most of the core is slightly to moderately bioturbated. Volcanic ash layers occur, with sharp bases and gradational tops, in Section 1, 111- 114, and 129-132 cm, Section 2, 138- 140 cm, Section 4, 140.5-141 cm, and in Section 5, 84-87 cm.",CORE 5.1 - 13.34 MBSF
162,984,A,3,NA,14.6,24.33,Pleistocene,"NANNOFOSSIL OOZE WITH CLAY and SILTY CLAY General Description: This core contains dark gray to gray (5Y 4/1 to 5Y 5/1) NANNOFOSSIL OOZE WITH CLAY and dark gray (5Y 4/1) SILTY CLAY. The sediment is soft and moist. All color changes are very gradational. Several dropstones occur, in Section 5, 15-18 cm (< 3.3 cm, probable blackshale), 49 cm (< 0.3 5/1 cm). Section 3 contains a Zoophycus trace fossil. Section 5, 54-57 and 76- 80 cm contains black color bands with sharp contacts. Slight bioturbation and disseminated pyrite occur throughout. VOIDS occur in Section 1, 98-107 cm and Section 2, 53-56 cm.",CORE 14.6 - 24.33 MBSF
162,984,A,4,H,24.1,33.84,Pleistocene,"SILTY CLAY General Description: This core contains dark greenish gray (5Y 4/1) and very dark greenish gray (10Y 3/1, 5Y 3.1) SILTY CLAY. The uppermost 10 cm of Section 1 is very disturbed. The sediment is firm throughout the rest of the core. Color mottling and slight bioturbation occur throughout. Several color changes are sharply defined. An ash layer in Section 2, 118 cm, and two in Section 4, 79 and 97 cm, have sharp bases and gradational tops which extend  10 cm above. A mud clast occurs in Section 4, 70 cm.",CORE 24.1 - 33.84 MBSF
162,984,A,5,H,33.6,42.69,Pleistocene,"SILTY CLAY WITH NANNOFOSSIL and CLAY WITH SILT General Description: This core contains very dark greenish gray (10Y 3/1) SILTY CLAY WITH NANNOFOSSIL interbedded with very dark gray (5Y 3/1) CLAY WITH SILT. A dropstone (< 1.0 cm, probable black shale) occurs in Section 3, 47 cm. Dark green color bands occur in Section 5, 12 cm, and Section 1, and 25 cm. All color changes are JS gradational. Slight to moderate bioturbation occurs throughout. Disseminated pyrite also occurs throughout the core. ",CORE 33.6 - 42.69 MBSF
162,984,A,6,H,43.1,52.86,Pleistocene,"CLAYEY NANNOFOSSIL MIXED SEDIMENT WITH SILT General Description: This core contains very dark greenish gray to dark greenish gray (10Y 3/1 to 10Y 4/1) and dark gray (5Y 4/1) CLAYEY NANNOFOSSIL MIXED SEDIMENT WITH SILT. Very dark greenish gray (5GY 3/1) VOLCANIC ASH layers are interbedded with the dominant lithology, especially in Sections 5 and 6. The color changes are gradational, excepting the bases of most of the volcanic ash layers. The sediment is slightly bioturbated. Small mm-sized dropstones occur in Section 2, 120 cm, Section 3, 59-78 cm, Section 4, 38-42 cm, and in Section 5, 49-53 cm. The foraminifer content increases in Section 1, 70-80 cm. Volcanic ash layers are present in Section 5, 69-95 (several layers), 61-62, and 120-121 cm, and in Section 6, 0-2.5, 30-31.5, 81-83, and 123-128 cm. The uppermost 36 cm of the core are soupy due to drilling.",CORE 43.1 - 52.86 MBSF
162,984,A,7,H,52.6,62.49,Pleistocene,"SILTY CLAY and CLAYEY NANNOFOSSIL MIXED SEDIMENT WITH SILT General Description: This core contains very dark greenish gray (10Y 3/1) SILTY CLAY and dark greenish gray (5GY 4/1) CLAYEY NANNOFOSSIL MIXED SEDIMENT WITH SILT. Sediment is firm, homogeneous, and slightly to moderately bioturbated throughout. Ash layers are present in Section 2, 75-78, 84-85, 90-91, 94, 101, 104-106, 108-109, 119-120, 124-126, 131, and 134-135 cm, in Section 6, 37, 90-93, 127-130, and 144-145 cm. These ash layers have sharp lower contacts and gradational upper ones. Faint green color bands occur in Section 1, 100-101 cm and in Section 5, 112-114 cm. Coarser intervals are situated in Section 1, 97-100 cm and in Section 5, 112-114 cm. The top of the core is soupy due to coring disturbance.",CORE 52.6 - 62.49 MBSF
162,984,A,8,H,62.1,71.99,Pleistocene,"CLAY WITH NANNOFOSSILS AND SILT and NANNOFOSSIL CLAY MIXED SEDIMENT General Description: This core contains dark gray (5Y 4/1) NANNOFOSSIL CLAY MIXED SEDIMENT alternating with very dark greenish gray (10Y 3/1) and very dark gray (5Y 3/1) CLAY WITH NANNOFOSSILS AND QUARTZ. The sediment is firm and slightly to moderately bioturbated throughout the entire core. A black 3.8-cm vesicular basalt dropstone occurs in Section 2, 26-28 cm. Ash layers are present in Section 1, 40 and 50 cm, in Section 2, 0-5 cm, in Section 3, 16-18 and 40-43 cm and in Section 4, 130-133 cm. All the ash layers have sharp lower contacts and gradational upper contacts, particularly in Section 3, 16-18 cm, where the ash layer has an erosional lower contact.",CORE 62.1 - 71.99 MBSF
162,984,A,9,H,71.6,81.44,Pleistocene,"CLAY WITH SILT AND NANNOFOSSILS and CLAYEY NANNOFOSSIL MIXED SEDIMENT General Description: This core contains very dark greenish gray (10Y 3/1) CLAY WITH SILT AND NANNOFOSSILS alternating with dark gray (5Y 4/1) CLAYEY NANNOFOSSIL MIXED SEDIMENT and dark gray (5Y 3/1) ash-rich layers. The sediment is firm, and slightly to moderately bioturbated throughout. ASH layers are present in Section 1, 0-5 cm, in Section 5, 39 cm and in 1. Section 6, 5-6, 14-15, and 21-22 cm. These layers display sharp lower contacts and gradational upper ones. Faint green color bands occur throughout the core. A pyritized burrow is situated in Section 3, 139 cm. Coarser intervals occur in Section 1, 100-105 cm, in Section 4, 110-115 and 135-140 cm and in Section 6, 50-70 cm.",CORE 71.6 - 81.44 MBSF
162,984,A,10,H,81.1,91.06,Pleistocene,"CLAY WITH SILT General Description: This core contains very dark greenish gray (10Y 3/1) and very dark gray (5Y 3/1) CLAY WITH SILT. Very dark (5Y 2/1) ASH layers are present in Section 1, 20-21 and 61-62 cm, in Section 3, 96-97 and 101-102 cm, in Section 4, 116-117 cm, in Section 5, 40-41 cm, and in Section 6, 9, 19, and 125-132 cm. All ASH layers have very sharp lower contacts and gradational upper ones. The sediment is firm and slightly to moderately bioturbated throughout.",CORE 81.1 - 91.06 MBSF
162,984,A,11,H,90.6,100.44,Pleistocene,"CLAY and CLAY WITH SILT General Description: This core contains very dark greenish gray (1OY 3/1) CLAY and very dark gray (5Y 3/1) CLAY WITH SILT. Dark (5Y 2/1) ASH layers are present in Section 1, 85 and 106 cm, in Section 2, 113 and 124 cm, in Section 32, 42-43 cm, in Section 4, 62-64 and 120-122 cm, and in Section 6, 100 cm. The ASH layers have sharp lower contacts and gradational upper contacts.",CORE 90.6 - 100.44 MBSF
162,984,A,12,H,100.1,110.06,Pleistocene,"CLAY WITH SILT and NANNOFOSSIL CLAY MIXED SEDIMENT General Description: This core contains very dark greenish gray (10Y 3/1) and very dark gray (5Y 3/1 3/1) CLAY WITH SILT and dark greenish gray (5GY 4/1) NANNOFOSSIL CLAY MIXED SEDIMENT. Dark ASH layers are present in Section 1, 59 and 80 cm, in Section 2, 128-129 cm, in Section 3, 27-28 cm, in Section 4, 20-21, 24-25, and 32-36 cm, in Section 5, 41-46 cm and in Section 6, 4-5 and 130-131 cm. Each ASH layer shows a sharp lower contact and a very gradational upper one. Sediment is firm and slightly to moderately bioturbated throughout the entire core. A 2.5-cm- long light gray sandstone is situated in Section 6, 55-58 cm.",CORE 100.1 - 110.06 MBSF
162,984,A,13,H,109.6,119.46,Pleistocene,"SILTY CLAY and NANNOFOSSIL CLAY General Description: This core contains very dark greenish gray (10Y 5/3) SILTY CLAY and dark greenish gray (5GY 4/1) NANNOFOSSIL CLAY. Very dark gray ASH layers are situated in Section 1, 32 cm, in Section 2, 36-37, 43-44, 51-52, and 62-63 cm; in Section 3, 10-11 and 90-91 cm; in Section 4, 30-31 and 62-63 cm; in Section 5, 40-41, 45-46, 52-53 and 55-56 cm; and in Section 6, 120-121 cm. The ASH layers have sharp lower contacts and gradational, bioturbated, upper contacts.",CORE 109.6 - 119.46 MBSF
162,984,A,14,H,119.1,129.02,Pleistocene,"SILTY CLAY WITH ASH General Description: This core contains very dark greenish gray (10Y 3/1 and 5GY 3/1) and dark olive gray (5GY 4/2) SILTY CLAY WITH ASH. Dark thin ASH layers are present in Section 2, 30-31 cm and in Section 4, 65-66 cm. An ash pod occurs in Section 2, 132 cm. The sediment is very firm, homogeneous, and slightly bioturbated throughout. Green and tan color bands occur in Sections 2, 5, and 6. Coarser intervals are situated in Section 1, 30-40 and 65-75 cm. The top of the core is slightly disturbed.",CORE 119.1 - 129.02 MBSF
162,984,A,15,H,128.6,138.47,Pleistocene,"CLAYEY SILT WITH BIOSILICA General Description: This core contains very dark greenish gray (10Y 3/1 and 5GY 3/1) and dark greenish gray (5GY 4/1) CLAYEY SILT WITH BIOSILICA. The sediment is very firm and homogeneous. Slight to moderate bioturbation occurs throughout the core. Small (< 1.0-cm) black shale dropstones are present in Section 1, 20 cm, in Section 3, 15 cm, and in Section 5, 25 and 116 cm. Green and tan color bands are dispersed throughout. Coarser intervals occur in Section 1, 0-15, 50-60, and 90-95 cm and in Section 4, 62-75 and 110-120 cm.",CORE 128.6 - 138.47 MBSF
162,984,A,16,H,138.1,148.02,Pleistocene,"SILTY CLAY and CLAY WITH SILT AND NANNOFOSSILS General Description: This core contains very dark greenish gray (10Y 2.5/1, 10Y 3/1, and 5GY 3/1) SILTY CLAY and dark greenish gray (5GY 4/1) CLAY WITH SILT AND NANNOFOSSILS. The sediment is very firm and homogeneous. All color changes are gradational. Green and tan color bands are dispersed in all sections. Slight bioturbation occurs throughout. A 1.1-cm diorite dropstone occurs in Section 5, 40 cm. Coarser sediment occurs in Section 1, 0-30 cm. ",CORE 138.1 - 148.02 MBSF
162,984,A,17,H,147.6,157.5,Pleistocene,"SILTY CLAY NANNOFOSSIL MIXED SEDIMENT and CLAYEY SILT WITH NANNOFOSSIL General Description: This core contains dark greenish gray (5GY 3/1) SILTY CLAY NANNOFOSSIL MIXED SEDIMENT and greenish gray (5G 5/1) CLAYEY SILT WITH NANNOFOSSIL. An ASH layer with sharp upper and lower contacts occurs in Section 3, 111-123. Section 1, 0-15 cm is slightly soft and black in color. Several greenish gray (5G 5/1) layers display gradational upper contacts and sharp lower contacts. Slight bioturbation occurs within several sections, and moderate bioturbation occurs at the top of Section 5. Disseminated pyrite occurs in Section 3.",CORE 147.6 - 157.5 MBSF
162,984,A,18,H,157.1,166.96,Pleistocene,"SILTY CLAY and CLAYEY NANNOFOSSIL MIXED SEDIMENT WITH SILT General Description: This core contains firm, homogeneous, very dark greenish gray (5GY 3/1) SILTY CLAY alternating with very dark gray (5GY 4/1) CLAYEY NANNOFOSSIL MIXED SEDIMENT WITH SILT. The color changes are gradational and thin green to dark green color bands occur in several sections. The content of coarse particles (probably foraminifers) increases in Section 3, 20-140 cm and from Section 7, 35 cm to CC, 16 cm. Some mm-sized burrows filled with light sediment are present throughout most of the core.",CORE 157.1 - 166.96 MBSF
162,984,A,19,H,166.6,176.46,Pleistocene,"CLAYEY SILT WITH NANNOFOSSIL and  SILTY CLAY WITH NANNOFOSSIL General Description: This core contains dark greenish gray (5GY 3/1) CLAYEY SILT WITH NANNOFOSSIL and very dark greenish gray (10Y 3/1) SILTY CLAY WITH NANNOFOSSIL. The sediment is very firm. A dropstone (< 2 cm) occurs in Section 3, 14 cm and a small dropstone (< 0.3 cm) at Section 2, 60 cm. The color changes are gradational. Dark green color bands are present throughout the core. Section 2, 45-60 cm contains coarser, foraminifer-rich, sediment. Slight bioturbation occurs throughout. Disseminated pyrite and pyrite concretion occur in several layers.",CORE 166.6 - 176.46 MBSF
