Expedition.Leg,Site_Number,Hole,Core_Number,Core_Type,Core_Top_MBSF,Core_Bottom_MBSF,Age,Description,Core_ID
159,961,B,1,R,216.3,217.94,Unknown,"SANDY SILTSTONE WITH CLAY Major Lithology: This core is brecciated and fractured by drilling. Lenticular bedded SANDY SILTSTONE WITH CLAY is friable and comprises angular to rounded, grains. This lithology is dominantly black with light ripples which have been disrupted by burrowing. Mica and organic matter are concentrated on bedding planes. Evidence of tectonic deformation is present at Section 1, 100� 38-47 cm, where bedding is vertically- oriented, and at Section 1, 78-92 and 108-145 cm, which is a cemented breccia, with calcite cement disseminated and concentrated in veins. Clasts are identical to the major lithology; some appear to have been disturbed prior to consolidation (i.e., plastically flowed). Brassy pyrite is disseminated throughout the drilling breccia. General Description: The age of this interval is unknown.",CORE 216.3 - 217.94 MBSF
159,961,B,2,R,226,228.28,Unknown,"SANDY SILTSTONE WITH CLAY Major Lithology: Lenticular-bedded, black to light gray, SANDY SILTSTONE WITH CLAY is bioturbated and comprises angular to rounded quartz grains. Brassy pyrite occurs in burrows and is disseminated through drilling breccia (most of the core). Remnants of calcite- and pyrite- filled veins occur in the Core Catcher. General Description: The age of this interval is unknown.",CORE 226 - 228.28 MBSF
159,961,B,3,R,236,238.85,Unknown,"SANDY SILTSTONE WITH CLAY Major Lithology: This core comprises black to light gray SANDY SILTSTONE WITH CLAY in which the lighter color arises from sandier, lenticular, cm-thick beds. Quartz grains are poorly sorted, angular to rounded; mica and organic debris are aligned on bedding planes. Breccia of the major lithology in Section 1, 3-9 cm and Section 2, 20-27 cm is cemented by calcite and has thin calcite veins. Interval in Section 2, 41-60 cm has lenticular lamination on a mm-scale. General Description: The age of this interval is unknown.",CORE 236 - 238.85 MBSF
159,961,B,4,R,259.9,266.38,Unknown,"SIDERITE CEMENTED SILTY CLAYSTONE Major Lithology: Small pieces of medium gray to medium dark gray (N4 to N5), mostly structureless, SIDERITE-CEMENTED SILTY CLAYSTONE make up the bulk of this core. Minor Lithologies: Several larger pieces in Sections 1 and 4 are laminated, with the major lithology alternating with less than 1- mm-thick, light laminae of SILTSTONE WITH FELDSPAR AND CLAY. These laminated siltstones make up the bottom part of the core (Section 4, 100 cm to Core Catcher, 6 cm.) In Section 2, 124-127 cm, surfaces of fragments show shiny, sheared surfaces. Beginning with Section 2 and increasing until Section 4, 100 cm, pieces of brownish gray (5YR 5/1), massive crudely laminated SIDERITE MUDSTONE WITH QUARTZ and SIDERITE MUDSTONE occur. In Section 4, 45-90 cm, a similar material is observed as broken pieces and concentric nodules. At Section 4, 69-71 and 87-90 cm these nodules are complete septaria. Other pieces that show larger veins could be broken parts of larger septarian nodules. General Description: The contact between structureless claystones and laminated siltstones is irregular and oblique. This is probably related to drilling disturbance. The age of the core is unknown.",CORE 259.9 - 266.38 MBSF
159,961,B,5,R,267.5,270.89,Unknown,"CLAYEY SILTSTONE and CLAYSTONE Major Lithologies: Most of the core comprises medium dark gray, fine CLAYEY SILTSTONE interlaminated with darker CLAYSTONE. Fine laminae, 0.2-3 mm thick, some of which is lenticular, are developed in larger fragments; except for laminated intervals, these lithologies are slightly bioturbated and possess flattened burrow traces. General Description: The age of this interval is unknown.",CORE 267.5 - 270.89 MBSF
159,961,B,6,R,274.5,279.13,Unknown,"SILTSTONE WITH CLAY AND SIDERITE, CLAYEY SILTSTONE and SILTY CLAYSTONE Major Lithologies: This core is largely drilling breccia with fragments of SILTSTONE WITH CLAY AND SIDERITE in Section 1, CLAYEY SILTSTONE and SILTY CLAYSTONE in Sections 2 to Core Catcher. Several siderite concretions in Section 1, some with fractures (veins) infilled with a soft, white mineral (kaolinite?), appear as septarian nodules. The sediment comprises up to 85% siderite in bands in Sections 2 and 3, and includes rare burrows replaced by siderite. Siltstone and claystone are laminated to lenticular-laminated on the mm scale. Some of the thicker laminae appear normally graded. General Description: The age of this interval is unknown.",CORE 274.5 - 279.13 MBSF
159,961,B,7,R,284.2,287.42,Unknown,"CLAYEY SILTSTONE WITH SAND Major Lithology: This core comprises medium dark gray to very light gray, lenticular-bedded, slightly bioturbated CLAYEY SILTSTONE WITH SAND which is poorly sorted, with sand occurring as isolated ripples. Laminae comprise alternations of darker clay with lighter silt and sand which range from sub- mm to 1 cm thick. Most burrows are composite types. Siderite nodules and siderite-rich laminae occur as indicated. Beds are steeply dipping in Section 2, 39-78 cm suggesting tectonic deformation of this interval. General Description: The age of the core is unknown.",CORE 284.2 - 287.42 MBSF
159,961,B,8,R,293.8,296.68,Unknown,"CLAYEY SILTSTONE Major Lithology: Medium gray (N5) CLAYEY SILTSTONE is massive to faintly laminated although some intervals exhibit extensive bioturbation. Black laminae, composed of dolomite, are present at Section Core Catcher, 0-4 cm. Brownish to light brownish gray siderite nodules occur at Section 1, 6-8 cm and at Section 2, 10-13 cm. Minor Lithology: At Section Core Catcher, 11-16 cm, a light gray MICRITE LIMESTONE is present which exhibits no internal stratification. General Description: The age of the core is unknown.",CORE 293.8 - 296.68 MBSF
159,961,B,9,R,303.5,307.49,Maastrichtian-Bajocian,"SILTY CLAYSTONE WITH PYRITE AND DOLOMITE and CLAYSTONE WITH PYRITE AND DOLOMITE Major Lithologies: This interval comprises medium-gray (N3), SILTY CLAYSTONE WITH PYRITE AND DOLOMITE interbedded with dark-gray to black CLAYSTONE WITH PYRITE AND DOLOMITE. Carbonate is disseminated locally as calcite overgrowths on nannofossils and as silt-sized dolomitic rhombs within the claystones. A large calcite concretion, comprising coarse radial crystals, is present in the Core Catcher at 14-19 cm. Claystones exhibit a fissile fracturing related to tectonic shear; slickensides ornament the surfaces of clay fragments contained within the drilling breccia. Silty Claystones exhibit faint parallel laminations 1-3 mm thick, with little bioturbation. Pyrite is abundant, occurring both as silt-sized framboids and cubic crystals. General Description: This interval has been dated as Maastrichtian to Bajocian on the basis of nannofossils.",CORE 303.5 - 307.49 MBSF
159,961,B,10,R,313.2,319.26,Unknown,"CLAYEY SILTSTONE and CLAYEY SILTSTONE WITH SIDERITE Major Lithologies: The dominant lithology is a dark-gray (N3), massive CLAYEY SILTSTONE. Medium to dark gray (N4), laminated CLAYEY SILTSTONE WITH SIDERITE is present in Section 3. Section 2 shows some coherent fragments of light brownish-gray (5YR 6/1) siderite concretions. The sediment is highly brecciated by drilling. Faint cleavage is present in the part of the Section 4. Minor Lithology: The upper 5 cm of the Section 1 consists of slightly brownish-gray (5YR 4/1) intraformational BRECCIA with calcite-cemented matrix. General Description: The age of this interval is unknown.",CORE 313.2 - 319.26 MBSF
159,961,B,11,R,317.4,318.65,Maastrichtian-Bajocian,"CLAYEY SILTSTONE WITH SIDERITE Major Lithology: This interval comprises dark gray to medium dark gray (N3 to N4) CLAYEY SILTSTONE WITH SIDERITE. Occurring mainly as drilling breccia, most of the core is structureless, but at Section 1, 75-93 cm, faint, steeply dipping cleavages are visible. A calcite nodule occurs at Section 1,118 cm. General Description: The core has been dated Maastrichtian to Bajocian on the basis of nannofossils.",CORE 317.4 - 318.65 MBSF
159,961,B,12,R,322.4,323.94,Unknown,"CLAYSTONE WITH SILT Major Lithology: The entire core consists of massive, medium dark gray (N4) CLAYSTONE WITH SILT. Broken surfaces display polished and striated shear planes. General Description: The age of the core is unknown.",CORE 322.4 - 323.94 MBSF
159,961,B,13,R,332.1,335.39,Unknown,"SILTSTONE WITH SAND AND CLAY and SANDY SILTSTONE Major Lithologies: Lenticular-bedded, medium to light gray, locally slightly bioturbated, SILTSTONE WITH SAND AND CLAY grades downward over a poorly recovered interval into massive, slightly bioturbated, SANDY SILTSTONE. All lithologies are poorly sorted; sand grains are very fine. Mica flakes and black wood fragments are somewhat concentrated along bedding planes. Beds are nearly vertical above a fracture in Section 1, and are steeply dipping below it. Foliated cleavage occurs in Section 3, 47-61 cm. General Description: The age of this interval is unknown.",CORE 332.1 - 335.39 MBSF
159,961,B,14,R,341.7,341.87,Unknown,"CLAYEY SILTSTONE WITH SIDERITE Major Lithology: This interval comprises a medium dark to medium gray (N5) CLAYEY SILTSTONE which is massive to parallel laminated and slightly bioturbated. Rounded carbonate concretions, and 14 mm in diameter, are present at Section Core Catcher, 11 and 14 cm, respectively. A siderite nodule, 3 cm in diameter, occurs at Section Core Catcher, 5 cm. General Description: The core is highly fractured. A smear slide sample and paleonotology sample were taken in this interval. The age of this interval is unknown.",CORE 341.7 - 341.87 MBSF
159,961,B,15,R,351.4,354.13,Unknown,"DOLOMITIC CLAYSTONE and QUARTZ SANDY SILTSTONE WITH DOLOMITE Major Lithologies: Section 1, 0-65 cm comprises dark gray to black DOLOMITIC CLAYSTONE which has been severely brecciated during drilling. These claystones exhibit hydroshear fabrics with polished and slickensided fracture surfaces. Authigenic dolomite occurs as silt-sized crystals distributed throughout the claystone. Dark gray, massive QUARTZ SANDY SILTSTONE WITH DOLOMITE comprises the remainder of this core. This lithology contains abundant rounded quartz sand grains intermixed with subangularto subrounded grains. The grain-size distribution of this lithologies appears bimodal with sand-sized grains intermixed with fine silt. Tourmaline is present as a minor component and Plagioclase feldspars are common. Locally, QUARTZ SANDY SILTSTONE WITH DOLOMITE exhibits parallel bedding of 1-cm-thick laminations. General Description: The age of this interval is unknown.",CORE 351.4 - 354.13 MBSF
159,961,B,16,R,355.7,361.13,Unknown,"SILTSTONE, SANDY SILTSTONE WITH SIDERITE and SIDERITIC SILTSTONE Major Lithologies: This interval comprises dark gray to medium dark gray SILTSTONE and SANDY SILTSTONE WITH SIDERITE. The former is massive to faintly laminated. The latter occurs at Section 4, 19 to 30 cm and is massive. Brownish gray (5YR 4/1) SIDERITIC SILTSTONE is present at Sections 3 and 4. Brownish gray drilling clay is visible in Section 1. A sideritic nodule, 3 cm in diameter, occurs at Section 3, 126-128 cm and contains 37% siderite. General Description: The age of the core is unknown.",CORE 355.7 - 361.13 MBSF
159,961,B,17,R,360.7,362.69,Unknown,"SILTSTONE WITH CLAY AND SIDERITE and QUARTZ SANDSTONE WITH SIDERITE Major Lithologies: Medium dark gray laminated SILTSTONE WITH CLAY AND SIDERITE comprises some massive intervals in the part of the Section 1. Microfaults are present in Section 1, 80-90 cm. Medium gray massive to laminated very fine- grained QUARTZ SANDSTONE WITH SIDERITE is present in Core Catcher. Microfaults are associated with some contorted laminae resulting from soft sediment deformation. General Description: The age of this interval is unknown.",CORE 360.7 - 362.69 MBSF
159,961,B,18,R,362.9,365.55,Unknown,"QUARTZ SANDSTONE WITH CLAY and QUARTZ SANDSTONE WITH SIDERITE AND ORGANIC DEBRIS Major Lithologies: The dominant lithology is medium dark gray laminated to massive QUARTZ SANDSTONE WITH CLAY. Laminae are mm-scale and, in some intervals, contorted and crenulated by micro-scale normal faulting. Slickensides occur in Section 2, 65-72 and 75-80 cm. A syn- sedimentary slump fold is present in Section 1, 0-5 cm. Bedding is slightly inclined. Lighter brownish gray (5YR 6/1) slightly coarser, laminated QUARTZ SANDSTONE WITH SIDERITE AND ORGANIC DEBRIS exists in the lower part of Section 2. Light colored laminae are thicker (2 mm) and some show normal grading. In the Core Catcher the sandstone is brownish gray (5YR 4/1), more sideritic and massive. General Description: The age of this interval is unknown.",CORE 362.9 - 365.55 MBSF
159,961,B,19,R,369.9,370.17,Unknown,"SILTY CLAYSTONE WITH SIDERITE Major Lithology: This core comprises medium dark gray SILTY CLAYSTONE WITH SIDERITE which is parallel laminated. Laminae are light gray and lenticular. SILTY CLAYSTONE WITH SIDERITE includes 20% siderite. Brownish gray to medium dark gray sideritic nodules occur in the Core Catcher, 5-17 cm. General Description: The age of the core is unknown.",CORE 369.9 - 370.17 MBSF
