Expedition.Leg,Site_Number,Hole,Core_Number,Core_Type,Core_Top_MBSF,Core_Bottom_MBSF,Age,Description,Core_ID
160,971,A,1,H,0,7.03,late Pleistocene,"NANNOFOSSIL OOZE and NANNOFOSSIL CLAY Major Lithologies: The sediment in this core is NANNOFOSSIL OOZE and NANNOFOSSIL CLAY color banded at decimeter to meter scale through a range of browns and grays (1OYR 7/4 to5Y5/1). Minor Lithologies: Seven SAPROPELS occur in the core. These range in thickness from 5 to 25 cm, and are generally bioturbated, and have sharp contacts. Three ASH beds occur at Section 1,105 cm, Section 2, 60 cm, and Section 4, 25 cm.",CORE  0 - 7.03  MBSF
160,971,A,2,H,7,17,late Pleistocene,"NANNOFOSSIL OOZE and NANNOFOSSIL CLAY Major Lithologies: The sediment in this core is NANNOFOSSIL OOZE and NANNOFOSSIL CLAY color banded at decimeter to meter scale through a range of browns (5YR 5/4 to 10YR 6/3). Minor Lithologies: Two SAPROPELS and two OXIDIZED SAPROPELS occur in the core. All are slightly bioturbated, and have reasonably sharp contacts. Numerous thin (mm scale) SILT horizons occur in Sections 4 and 5, intercalated with nannofossil clay at about 5-cm intervals. General Description: The sediment becomes clay rich in Section 7.",CORE  7 - 17  MBSF
160,971,A,3,H,16.5,22.33,early Pleistocene,"MATRIX-SUPPORTED CLAST-RICH DEBRIS FROM DEPOSIT Major Lithology: The sediment in this core is MATRIX- SUPPORTED CLAST-RICH DEBRIS FROM DEPOSIT, comprising a chaotic mixture of greenish gray (5G 4/1) sand, silt, and clay matrix with scattered gravel fragments up to 15 mm. The gravel is generally subrounded and the composition encompasses a range of sandstones, siltstones, and claystones. General Description: The ratio of clasts to matrix in this material varies from 1:3 at the top of the core to about 1:10 in Section 4.",CORE  16.5 - 22.33  MBSF
160,971,A,4,H,22.5,28.58,early Pleistocene,"MATRIX-SUPPORTED CLAST-RICH DEBRIS FROM DEPOSIT Major Lithology: The sediment in this core is MATRIX- SUPPORTED CLAST-RICH DEBRIS FROM DEPOSIT, comprising a chaotic mixture of greenish gray (5G 4/1) sand, silt, and clay matrix with scattered gravel fragments up to 64 mm. The gravel is generally subrounded and the composition encompasses a range of sandstones, siltstones, and claystones. General Description: The clast to matrix ratio in these materials is 1:3 throughout.",CORE  22.5 - 28.58  MBSF
160,971,A,5,X,28.5,28.93,early Pleistocene,"MATRIX-SUPPORTED CLAST-RICH DEBRIS FROM DEPOSITS Major Lithology: The sediment in this core is MATRIX-SUPPORTED CLAST-RICH DEBRIS FROM DEPOSIT, comprising a chaotic mixture of greenish gray (5GY 4/1) sand, silt, and clay matrix with scattered gravel fragments up to 192 mm. The gravel is generally angular to  subangular and the composition encompasses a range of sandstones, siltstones, and claystones.",CORE  28.5 - 28.93  MBSF
160,971,A,6,X,38.2,39.3,Pleistocene,"MATRIX-SUPPORTED CLAST-RICH DEBRIS FROM DEPOSITS Major Lithology: The sediment in this core is MATRIX-SUPPORTED CLAST-RICH DEBRIS FROM DEPOSIT, comprising a chaotic mixture of greenish gray (5GY 4/1) sand, silt, and clay matrix with scattered gravel fragments up to 80 mm. The gravel is generally angular to  subangular and the composition encompasses a range of sandstones, siltstones, and claystones. General Description: The clast to matrix ratio in these materials is 1:3.",CORE  38.2 - 39.3  MBSF
160,971,A,7,X,47.9,48.69,Pleistocene,"MATRIX-SUPPORTED CLAST-RICH DEBRIS FROM DEPOSITS Major Lithology: The sediment in this core is MATRIX-SUPPORTED CLAST-RICH DEBRIS FROM DEPOSIT, comprising a chaotic mixture of greenish gray (5GY 4/1) sand, silt, and clay matrix with scattered gravel fragments up to 105 mm. The gravel is generally angular to  subangular and the composition encompasses a range of sandstones, siltstones, and claystones. General Description: The clast to matrix ratio in these materials is 1:1.",CORE  47.9 - 48.69  MBSF
160,971,A,8,X,57.6,58.43,Pleistocene,"MATRIX-SUPPORTED CLAST-RICH DEBRIS FROM DEPOSITS Major Lithology: The sediment in this core is MATRIX-SUPPORTED CLAST-RICH DEBRIS FROM DEPOSIT, comprising a chaotic mixture of greenish gray (5GY 4/1) sand, silt, and clay matrix with scattered gravel fragments up to 55 mm. The gravel is generally subrounded and the composition encompasses a range of sandstones, siltstones, and claystones. General Description: The clast to matrix ratio in these materials is 1:6.",CORE  57.6 - 58.43  MBSF
160,971,A,9,X,67.3,67.73,Pleistocene,"MATRIX-SUPPORTED CLAST-RICH DEBRIS FROM DEPOSIT Major Lithology: The sediment in this core is MATRIX- SUPPORTED CLAST-RICH DEBRIS FROM DEPOSIT, comprising a chaotic mixture of greenish gray (5GY 4/1) sand, silt, and clay matrix with scattered gravel fragments up to 45 mm. The gravel is angular to subrounded and the composition encompasses a range of sandstones, siltstones, and claystones. General Description: The clast to matrix ratio in these materials is about 1:3.",CORE  67.3 - 67.73  MBSF
160,971,A,10,X,77,85.54,Pleistocene,NANNOFOSSIL OOZE Major Lithology: The sediment in this core is light brownish gray (2.5Y 6/2) to gray NANNOFOSSIL OOZE. Minor Lithologies: Nine black (5Y 2.5/1) to dark olive gray (5Y 3/2) SAPROPELS ranging in thickness from 3 to 8 cm occur in this core. These layers generally have sharps tops and bases and are massive. Some grade to lighter colors toward their base. General Description: The sediment in this core is color banded on a centimeter to decimeter scale and displays slight to moderate bioturbation throughout.,CORE  77 - 85.54  MBSF
160,971,A,11,X,86.7,94.91,Pleistocene,"NANNOFOSSIL OOZE Major Lithology: The sediment in this core consists of light gray (5Y 7/1) to light yellowish brown (10YR 6/4) NANNOFOSSIL OOZE. Minor Lithologies: Eleven very dark gray (5Y 3/1) and black (5Y 2.5/1) SAPROPEL beds occur in this core. The beds vary between 0.5 and 10 cm in thickness, and display sharp color boundaries. Some of the beds contain burrow infills (in the main Chondrites). General Description: The sediment in this core is color banded on a centimeter to decimeter scale, and displays moderate to heavy levels of bioturbation throughout.",CORE  86.7 - 94.91  MBSF
160,971,A,12,X,96.3,105.78,Pleistocene,"NANNOFOSSIL OOZE and CLAYEY NANNOFOSSIL OOZE Major Lithologies: The sediment in this core consists of light yellowish brown (10YR 6/4) NANNOFOSSIL OOZE and greenish gray (5GY 5/1) CLAYEY NANNOFOSSIL OOZE. Minor Lithologies: Three black (5Y 2.5/1) SAPROPEL beds occur within Sections 1 and 2 of this core. All of the beds display sharp color contacts, two are massive. General Description: The sediment in this core is color banded at a centimeter to decimeter scale, and displays moderate to high levels of bioturbation throughout.",CORE  96.3 - 105.78  MBSF
