Expedition.Leg,Site_Number,Hole,Core_Number,Core_Type,Core_Top_MBSF,Core_Bottom_MBSF,Age,Description,Core_ID
169,1033,B,1,H,0,0.62,Holocene,DIATOMACEOUS MUD General Description: Dark gray soupy DIATOMACEOUS MUD.,CORE  0 - 0.62  MBSF
169,1033,B,2,H,0.6,10.48,Holocene,"DIATOMACEOUS MUD Major Lithology: Dark gray (8Y 3/1) DIATOMACEOUS MUD. General Description: Most of the core is pervasively disturbed by gas escape, making accurate assessment of the state of lamination difficult in Sections 1 through 5. Massive (unlaminated) intervals occur in Section 5, 132-150 cm; Section 6, 37-73 cm. In Sections 5 through 7, which are less disrupted by gas escape, laminae are more distinct and well laminated intervals are observed. Lamina thickness: Laminae in Section 6 are between 5-9 mm and average 6 mm. In Section 7, Holocene laminae are between 3-4 mm.",CORE  0.6 - 10.48  MBSF
169,1033,B,3,H,10.1,20.36,Holocene,"DIATOMACEOUS MUD Major Lithology: The dominant lithology is dark gray (8Y 3/1) DIATOMACEOUS MUD. General Description: The sediment is mainly well laminated but contains massive intervals at Section 1, 17-22 cm; Section 2, 64-100 cm; 102-109 cm; 119-136 cm; Section 3, 78-83 cm; 94- 111 cm; Section 5, 5-20 cm; 75-126 cm; Section 7, 16-20 cm; 37-86 cm. A thin (few cm) zone of discontinuous laminae commonly occurs at the base of massive layers. A lamina with abundant plant fragments occurs at Section 5,15 cm. Lamina thickness: Laminae range between 3-10 mm in Section 1 to between 1-6 mm in Section 6. Overall the average thickness is around 4 mm.",CORE  10.1 - 20.36  MBSF
169,1033,B,4,H,19.6,29.84,Holocene,"DIATOMACEOUS MUD Major Lithology: The dominant lithology is gray to dark gray (8Y 4/1) DIATOMACEOUS MUD. General Description: The sediment is mainly well laminated but contains massive intervals at Section 1, 0-48 cm; Section 2, 5-9 cm; 22-54 cm; 99-101 cm; 126-139 cm; Section 3, 72-75 cm; Section 4, 59-66 cm; Section 5, 39-42 cm; Section 6, 92-98 cm; Section 7, 73-79 cm; and CC, 11-35 cm. A thin (few cm) zone of discontinuous laminae commonly occurs at the base of massive layers. Lamina thickness: laminae vary from 1 mm is Section 3 to 5 mm in Section 5. The average thickness is 4 mm.",CORE  19.6 - 29.84  MBSF
169,1033,B,5,H,29.1,39.21,Holocene,"DIATOMACEOUS MUD Major Lithology: The dominant lithology is gray to dark gray (8Y 4/1) DIATOMACEOUS MUD. Minor Lithology: A 2 cm-thick gray volcanic ash horizon occurs at Section 6, , 52-54 cm. General Description: The sediment is mainly well laminated in the upper part and discontinuously laminated in the lower part but contains massive intervals at Section 1, 70-85 cm; Section 4, 81 cm to Section 5, 18 cm; Section 5, 64-72 cm, 113-116 cm, 133-136 cm. Intervals of discontinuous laminae occur in: Section 1, 78-85 cm; Section 2, 69-74 cm; 137-139 cm; Section 3, 6-11 cm; Section 5, 54-147 cm; Section 7, 0-56 cm.Traces of laminae occur in Section 7, 56-89 cm. Lamina thickness: Laminae are generally of millimeter thickness.",CORE  29.1 - 39.21  MBSF
169,1033,B,6,H,38.6,48.85,Holocene-Pleistocene,"DIATOMACEOUS MUD and CLAY Major Lithologies: The dominant lithology is olive gray (10Y 4/1) DIATOMACEOUS MUD. Minor Lithologies: The gray CLAY occurs as a massive bed with a sharp base and gradational; upper contact to the DIATOMACEOUS MUD in Section 5, 67 123 cm. General Description: The DIATOMACEOUS MUD is indistinctly laminated from Section 1 to Section 3, 150 cm and contains traces of laminae from Section 4, 0 cm to Section 5, 67 cm with massive intervals at Section 2, 138 cm to Section 3, 17 cm, Section 5, 23-31 cm.",CORE  38.6 - 48.85  MBSF
169,1033,B,7,H,48.1,57.69,Pleistocene,"CLAY AND SILTY CLAY Major Lithology: The dominant lithology is gray (4GY 4/1) CLAY and SILTY CLAY, mainly structureless but with local faint color banding and variable mottling throughout. Minor Lithology: Two beds of gray SAND grading upwards to silty clay occur in Section 2, 0-35 cm; and Section 5, 0-54 cm.",CORE  48.1 - 57.69  MBSF
169,1033,B,8,H,57.6,67.21,Pleistocene,"CLAY AND SILTY CLAY Major Lithology: The dominant lithology is gray CLAY and SILTY CLAY, mainly structureless but with occasional faint color banding and variable mottling throughout. Minor Lithologies: Thin (few cm-thick) beds of gray fine to very-fine sand and silt occur in Section 2, 36-38 cm; 98-100 cm; Section 3, 5-11 cm and 24-31 cm (very ? AAA bioturbated); Section 4, 1-14 cm; 45- 49 cm; 65-70 cm; 82-89 cm; Section 5, 25-31 cm; 35-41 cm; 128-129 cm. Other minor bioturbated pockets of sand also occur at various intervals.",CORE  57.6 - 67.21  MBSF
169,1033,B,9,H,67.1,76.56,Pleistocene,"CLAY AND SILTY CLAY Major Lithology: The dominant lithology is gray CLAY and SILTY CLAY, mainly structureless but with occasional faint color banding and variable mottling. Minor Lithologies: Thin (few cm-thick) beds of gray fine to very-fine sand and silt occur in Section 1, 8-10 cm; 67-71 cm; Section 2, 88-96 cm, Section 4, 0-36 cm; 137- 142 cm; Section 6, 35-46 cm; 64-67 cm; 88-90 cm. Other minor bioturbated pockets of sand silt also occur elsewhere in the core.",CORE  67.1 - 76.56  MBSF
169,1033,B,10,H,76.6,86.04,Pleistocene,"CLAY AND SILTY CLAY Major Lithology: The dominant lithology is gray CLAY and SILTY CLAY, mainly structureless but with occasional mottling. General Description: Thin (few cm-thick) beds of gray fine to very-fine sand and silt occur in Section 1, 4-9 cm; Section 3, 25-31 cm; 137- 142 cm; Section 6, 32-38 cm; 65-70 cm; 118-129 cm. Other minor very thin beds ?bioturbated blebs of sand silt also occur.",CORE  76.6 - 86.04  MBSF
169,1033,B,11,H,86.1,94.61,Pleistocene,"CLAY AND SILTY CLAY Major Lithology: The dominant lithology is gray CLAY and SILTY CLAY, mainly structureless but with occasional mottling. General Description: Thin (few cm-thick) beds of gray fine to very-fine sand and silt occur in Section 1, 122-128 cm; Section 5, 35-41 cm. Occasional minor ?bioturbated blebs of sand silt also occur in Sections 1 through 3.",CORE  86.1 - 94.61  MBSF
169,1033,B,12,H,95.5,103.83,Pleistocene,"CLAY AND SILTY CLAY Major Lithology: The dominant lithology is gray CLAY and SILTY CLAY, mainly structureless but with occasional mottling. General Description: Thin (few cm-thick) beds of gray fine to very-fine sand and silt, and minor ?bioturbated blebs of sand silt are common in Sections 1 and 2.",CORE  95.5 - 103.83  MBSF
