Expedition.Leg,Site_Number,Hole,Core_Number,Core_Type,Core_Top_MBSF,Core_Bottom_MBSF,Age,Description,Core_ID
169,1033,D,1,H,0,3.17,Holocene,"DIATOMACEOUS MUD Major Lithology: The core comprises gray to dark gray (8Y 4/1 to 8Y 3/1) DIATOMACEOUS MUD. General Description: The core is mainly well laminated with a massive interval below Section 2, 76 cm.",CORE  0 - 3.17  MBSF
169,1033,D,2,H,3.2,13.29,Holocene,"DIATOMACEOUS MUD Major Lithology: This core comprises gray to dark gray (8Y 4/1 to 8Y 3/1) DIATOMACEOUS MUD. General Description: The core is mainly well laminated with subordinate massive intervals at: Section 1, 139 cm to Section 2, 99 cm; Section 2, 144 cm - to Section 3, 34 cm; Section 3, 119-130 cm; 139-144 cm; Section 4, 76-93 cm, 133 cm to Section 5, 19 cm; Section 6, 49-65 cm, Section 6, 109 cm-CC. Several of the massive intervals contain a 10-30 mm- thick zone of indistinct fragmented ""laminae"" at their base.",CORE  3.2 - 13.29  MBSF
169,1033,D,3,H,12.7,22.84,Holocene,"DIATOMACEOUS MUD Major Lithology: The core is entirely comprised of gray to dark gray (8Y 3/1 to 8Y 4/1) DIATOMACEOUS MUD. General Description: The core is mainly well laminated with massive intervals at: Section 1, 93-129 cm; Section 2, 0-11 cm; 102-109 cm; 118-138 cm; Section 4, 24-41 cm; 97- 148 cm; Section 5, 99-101 cm; Section 6, 21-25 cm; 43-89 cm; Section 7, 74-77 cm. Lamina thickness: Average lamina thickness is between 3-4 mm.",CORE  12.7 - 22.84  MBSF
169,1033,D,4,H,22.2,32.35,Holocene,"DIATOMACEOUS MUD Major Lithology: The core is composed of gray to dark gray (8Y 4/1 to 8Y 3/1) DIATOMACEOUS MUD. General Description: The core is mainly well laminated with subordinate massive intervals at: Section 1, 0-8 cm; 77-90 cm; Section 2, 24-28 cm; Section 3, 16-25 cm; Section 4, 4-7 cm; Section 5, 54-60 cm; Section 6, 30-37 cm; 47-50 cm; 55-57 cm. Several of the massive intervals contain a 10-30 mm-thick zone of indistinct fragmented ""laminae"" at their base.",CORE  22.2 - 32.35  MBSF
169,1033,D,5,H,31.7,41.85,Holocene,"DIATOMACEOUS MUD Major Lithology: The core is composed of gray to dark gray (8Y 4/1 to 8Y 3/1) DIATOMACEOUS MUD. General Description: The core contains alternations of continuous and distontinuously laminated sediment with a transition to less well preserved laminae down- core. Subordinate massive intervals at: Section 2, 23-28 cm; Section 3, 90 cm to Section 4, 22 cm, Section 4, 66-72 cm. The massive intervals contain a 10-30 mm-thick zone of indistinct fragmented ""laminae"" at their base. A thin (5 mm) sand bed occurs towards the base of a massive interval at Section 4, 20 cm.",CORE  31.7 - 41.85  MBSF
169,1033,D,6,H,41.2,51.29,Holocene-Pleistocene,Structure Lith. Age DIATOMACEOUS MUD and SILTY CLAY Major Lithologies: This core comprises gray (8Y4/1) DIATOMACEOUS MUD in Sections 1 through 5 and gray SILTY CLAY in Sections 6 through CC. Minor Lithologies: A graded bed of gray SAND occurs in Section 6. General Description: The DIATOMACEOUS MUD contains abundant traces of laminae with a few more intact laminae. A distinctive horizon of stiff gray mud with sharp basal contact occurs in Section 4.,CORE  41.2 - 51.29  MBSF
169,1033,D,7,H,50.7,60.78,Pleistocene,SILTY CLAY Major Lithology: The core comprises mainly gray SILTY CLAY. Minor Lithologies: Thin beds of gray SAND occur in Sections 1 and 4. General Description: Thin beds and laminae of SILT and SAND occur sporadically throughout the core. Pebbles occur in Section 4.,CORE  50.7 - 60.78  MBSF
169,1033,D,8,H,60.2,70.11,Pleistocene,SILTY CLAY Major Lithology: The dominant lithology is gray SILTY CLAY. Minor Lithologies: Gray very fine to medium-grained SAND occurs mainly as very thin beds and laminae throughout the core.,CORE  60.2 - 70.11  MBSF
