Expedition.Leg,Site_Number,Hole,Core_Number,Core_Type,Core_Top_MBSF,Core_Bottom_MBSF,Age,Description,Core_ID
161,976,D,1,H,0,1.54,Pleistocene,NANNOFOSSIL-RICH CLAY Major Lithology: The major lithology is homogeneous light olive brown (5Y 5/2) NANNOFOSSIL-RICH CLAY.,CORE  0 - 1.54  MBSF
161,976,D,2,H,1.5,11.12,Pleistocene,"NANNOFOSSIL-RICH CLAY Major Lithology: The major lithology is NANNOFOSSIL- RICH CLAY that varies in color from grayish olive (10Y 4/2) to light olive gray (5Y 5/2) to olive gray (5Y 4/1). Slight to moderate bioturbation is evident throughout the core. Complete shells (pelecypods and gastropods) and shell fragments are common, especially in Sections 1 through 3. Flecks of opaque minerals are dispersed throughout the core and in places are concentrated in pods (burrow fill?). Minor Lithology: A pod of nannofossil, quartz-rich sandy clay is located in Section 6 at 123-125 cm.",CORE  1.5 - 11.12  MBSF
161,976,D,3,H,11,20.82,Pleistocene,"NANNOFOSSIL-RICH SILTY CLAY TO NANNOFOSSIL-RICH CLAY Major Lithology: The major lithology is NANNOFOSSIL- RICH SILTY CLAY to NANNOFOSSIL- RICH CLAY. Colors include olive gray (5Y 4/1), grayish olive (10Y 4/2), and dark greenish gray (5GY 4/1).",CORE  11 - 20.82  MBSF
161,976,D,4,H,20.5,30.31,Pleistocene,NANNOFOSSIL-RICH CLAY Major Lithology: The major lithology is NANNOFOSSIL- RICH CLAY. ranges from grayish olive (10Y 4/2) to olive gray (5Y 4/1) and dark greenish gray (5GY 4/1). Pyrite is dispersed throughout the core and concentrated as burrow fill. Bioturbation has produced mottling and color-banding.,CORE  20.5 - 30.31  MBSF
