Expedition.Leg,Site_Number,Hole,Core_Number,Core_Type,Core_Top_MBSF,Core_Bottom_MBSF,Age,Description,Core_ID
159,959,A,1,H,0,9.08,Pleistocene,"NANNOFOSSIL OOZE and NANNOFOSSIL FORAM OOZE Major Lithologies: Interbedded lighter NANNOFOSSIL FORAM OOZE and darker NANNOFOSSIL OOZE. Two zones of lamination occur, at Section 2, 36-58 cm and Section 3, 110-120 cm, with cm-thick laminae. Otherwise the sediment is bioturbated throughout. A scoured contact occurs at Section 4, cm, with an increased concentration of foraminifers above it.",CORE 0 - 9.08 MBSF
159,959,A,2,H,9.1,18.99,Pleistocene,FORAM NANNOFOSSIL OOZE Major Lithology: Dark gray-green FORAM NANNOFOSSIL OOZE with lighter subhorizontal 1-cm-thick layers comprising finer grained burrows laminae. Local burrows filled with coarser sediment. Small fraction of clay is present throughout.,CORE 9.1 - 18.99 MBSF
159,959,A,3,H,18.6,28.64,late Pliocene,"NANNOFOSSIL OOZE and NANNOFOSSIL FORAM OOZE Major Lithologies: Dark gray (10Y 3/1) to very dark gray (10Y 4/1) NANNOFOSSIL OOZE and gray (5Y 5/1) NANNOFOSSIL FORAM OOZE. In Section 2, 30-50 cm, there is a gradational change from NANNOFOSSIL OOZE to slightly coarser FORAM NANNOFOSSIL OOZE. Sections 4-7 and Core Catcher consist of bioturbated NANNOFOSSIL FORAM OOZE. General Description: The sediment is slightly bioturbated throughout with moderately bioturbated intervals in Sections 1, 2, 3, and 4. ",CORE 18.6 - 28.64 MBSF
159,959,A,4,H,28.1,38.44,late Pliocene,"FORAM NANNOFOSSIL OOZE and NANNOFOSSIL FORAM OOZE Major Lithologies: Interbedded olive gray (5Y 4/1) FORAM NANNOFOSSIL OOZE and slightly darker NANNOFOSSIL FORAM OOZE. The lower portion of the core consists of very dark gray (10YR 3/1) FORAM NANNOFOSSIL OOZE. The sediment is bioturbated throughout. Horizontal burrows occur in Section 1, and Section 3, 110-120 cm. Dispersed mm-sized pyrite concretions occur in Sections 3, 4, and Core Catcher. Individual pyrite- containing laminae occur in Section 5, 119 cm and Section 6, 42 cm. Individual foraminifer-rich layer occurs in Section 7, 41 cm. Slight lamination occurs in Section 3, 132-134 cm.",CORE 28.1 - 38.44 MBSF
159,959,A,5,H,37.6,47.6,late Pliocene,"NANNOFOSSIL FORAM OOZE and FORAM NANNOFOSSIL OOZE Major Lithologies: Interbedded lighter NANNOFOSSIL FORAM OOZE and darker FORAM NANNOFOSSIL OOZE. Faint parallel lamination in Sections 6 and 7. Otherwise the sediment is bioturbated throughout. Scoured contacts occur in Section 5, 85 cm and in Section 6, 86 cm with an increased concentration of foraminifers above. Horizontal burrows occur in Section 1,110-120 cm, Section 2, 65 cm, Section 3, 55-120 cm, Section 4, 30-95 cm, and Section 5, 85-110 cm. Minor Lithology: NANNOFOSSIL OOZE WITH FORAMS comprises Section 1,0-110 cm and Section 6, 0-86 cm. These beds are darker than the surrounding sediments and bioturbation is barely visible.",CORE 37.6 - 47.6 MBSF
159,959,A,6,H,47.1,57.05,late Pliocene,"FORAM NANNOFOSSIL OOZE Major Lithology: Interbedded lighter colored gray FORAM NANNOFOSSIL OOZE with darker interbeds. Dark-light laminations occur as a result of changes in foraminifer content, the dark layers appearing finer grained and having fewer foraminifer shells. Color laminations have diffuse boundaries. Burrows stained dark gray due to pyritized contents. Pyrite nodules in some horizons. Chondrites and Planolites burrowing observed.",CORE 47.1 - 57.05 MBSF
159,959,A,7,H,56.6,66.69,early Pliocene,"NANNOFOSSIL OOZE WITH FORAMS and NANNOFOSSIL FORAM OOZE Major Lithologies: Darker gray horizons of NANNOFOSSIL OOZE WITH FORAMS alternate with lighter gray NANNOFOSSIL FORAM OOZE. The core is bioturbated with disseminated pyrite and shells throughout. Some burrows are somewhat lighter than the dominant lithology, but several are darker Chondrites and Planolites clearly identified in Section 1. Color lamination is a function of foraminifer content, and lighter layers are coarser grained. Vertical burrows in Sections 6 and 7 have been replaced as pyrite nodules. Greenish bands due to higher glauconite content present in Section 7. Colored laminae have diffuse boundaries.",CORE 56.6 - 66.69 MBSF
159,959,A,8,H,66.1,76.02,early Pliocene,FORAM NANNOFOSSIL OOZE and NANNOFOSSIL OOZE WITH FORAMS Major Lithologies: Lighter gray FORAM NANNOFOSSIL OOZE alternating with darker horizons of NANNOFOSSIL OOZE WITH FORAMS. Bioturbated with disseminated shells and pyrite; Planolites are present. FORAM NANNOFOSSIL OOZE is coarser grained. Dark-light laminae with diffuse boundaries. Minor Lithology: Dark gray NANNOFOSSIL OOZE is bioturbated. ,CORE 66.1 - 76.02 MBSF
159,959,A,9,H,75.6,85.1,early Pliocene-late Miocene,"NANNOFOSSIL CHALK Major Lithology: Interbedded, lighter NANNOFOSSIL CHALK (10Y 8/2, pale yellow) with some darker (10Y 5/1, gray) interbeds, all highly bioturbated with Thalassinoides, Planolites, and Zoophycos. Lighter beds are richer in foraminifers. Burrow interiors are filled with pyrite, glauconite, unaltered sediment. Green tinge to the core arises from scattered glaucony. Glauconite pellets are concentrated into laminae (lags) as noted in structure column. They are most common in Section 3, 89-150 cm, Section 4, 0-64 cm, Section 5, 53-150 cm, and Section 6, 0-100 cm.",CORE 75.6 - 85.1 MBSF
159,959,A,10,H,85.1,95.15,late Miocene,"NANNOFOSSIL CHALK, NANNOFOSSIL CHALK WITH FORAMS and GLAUCONITIC NANNOFOSSIL CHALK Major Lithologies: Interbedded, light olive gray NANNOFOSSIL CHALK (10Y 6/2) with darker (10Y 5/1, gray) and lighter (10Y 7/4, pale yellow) interbeds, all parts moderately slightly bioturbated. Green beds are richer in glauconite (GLAUCONITIC NANNOFOSSIL CHALK); light beds are richer in foraminifers (NANNOFOSSIL CHALK WITH FORAMS). Pyrite nodules, more than 10 mm across, occur in massive beds.",CORE 85.1 - 95.15 MBSF
159,959,A,11,H,94.6,104.58,late Miocene,"NANNOFOSSIL CHALK Major Lithology: Burrow mottled, light gray NANNOFOSSIL CHALK with periodic olive-green, glauconite-rich, 1-cm-thick beds, which also contain minor dolomite. Scattered foraminifers and thin bands of disseminated pyrite occur throughout the core. Minor Lithology: Light gray-green, slightly bioturbated NANNOFOSSIL CHALK WITH FORAMS. Darker bands contain more nannofossils; lighter bands contain more foraminifers.",CORE 94.6 - 104.58 MBSF
159,959,A,12,H,104.1,114.2,late Miocene,"NANNOFOSSIL CHALK Major Lithology: Alternating beds of lighter (5GY 6/1, greenish gray) with darker (5GY 4/1, dark greenish gray) NANNOFOSSIL CHALK. The lighter beds are slightly richer in foraminifers. The sharp color differences fade downcore to lightened and darkened zones, beginning in Section 3. All beds are bioturbated, with burrows filled with glaucony and pyrite. Planolites, Thalassinoides, and Ophiomorpha occur throughout the core. Glauconite-rich, planar to wavy laminae up to 5 mm thick occur throughout the core. Black pyrite specks are disseminated throughout, and pyrite nodules occur in Section 2.",CORE 104.1 - 114.2 MBSF
159,959,A,13,H,113.6,123.58,late Miocene,"NANNOFOSSIL CHALK WITH FORAMS Major Lithology: Olive green (8GY 6/1), cyclic interbedded unit comprising 3- to 10- cm-thick units. Lithologic successions from top to bottom: (a) glauconite- bearing chalk composed dominantly of nannofossils with some foraminifers; (b) medium brown gray (2GY 5/1) foraminifer nannofossil chalk; (c) overlying light gray green nannofossil chalk without foraminifers. Pyrite is disseminated throughout subunits (b) and (c), occasionally occurring as discrete thin (1-mm-thick) laminae.",CORE 113.6 - 123.58 MBSF
159,959,A,14,H,123.1,132.7,late Miocene,"NANNOFOSSIL CHALK, FORAM NANNOFOSSIL CHALK and GLAUCONITE FORAM NANNOFOSSIL CHALK Major Lithologies: This interval comprises a sequence of three principal lithologies which form cyclic successions 5 to 30 cm thick. 1) NANNOFOSSIL CHALK is gray green, bioturbated, and contains disseminated pyrite and local, thin pyritic laminae. Fragmental foraminifers contained in this lithology are highly corroded; 2) FORAM NANNOFOSSIL CHALK is characteristically brown gray in color and contains both foraminifers and abundant nannofossils. Upper and lower contacts are gradational. 3) GLAUCONITE FORAM NANNOFOSSIL CHALK is an olive green chalk containing abundant nannofossils with associated foraminifers and glauconite. This lithology typically forms horizons 1-3 cm in thickness in this occurrence, and is gradational from the underlying FORAM NANNOFOSSIL CHALK.",CORE 123.1 - 132.7 MBSF
159,959,A,15,H,132.6,142.48,late Miocene,"NANNOFOSSIL CHALK WITH FORAMS and FORAM NANNOFOSSIL CHALK Major Lithologies: Light greenish gray (5GY 5/1) NANNOFOSSIL CHALK WITH FORAMS dominates the core and alternates with greenish (5GY 5/2) 0.5-2-cm-thick glauconitic layers and dark grayish (5Y 4/1) FORAM NANNOFOSSIL CHALK layers. Typically these layers are arranged in 5-10-cm-thick cycles. Section 6 is more commonly layered than Sections 4 and 5. These layers show thin gradational contacts with the dominant ithology. Glauconitic layers in Sections 3 and 4 are slightly brownish their upper parts due to slight oxidation. Dark gray bands in Sections 1, 5, and Core Catcher contain pyrite. Disseminated pyrite occurs in Section 1 and 4. The sediment is bioturbated and some burrows are visible throughout the General Description: Microfaults occur in Section 5, 120-130 cm, and Section 6, 40-45 and 80-90 cm.",CORE 132.6 - 142.48 MBSF
159,959,A,16,H,142.1,152.02,late Miocene,"NANNOFOSSIL CHALK and NANNOFOSSIL CHALK WITH FORAMS Major Lithologies: Light gray (5GY 5/1) NANNOFOSSIL CHALK dominates Sections 1 and 2, and alternates with brown-gray (5GY 10GY 5/1) NANNOFOSSIL CHALK WITH FORAMS and green glauconitic layers (10GY 5/2). Alternations are densely spaced in some horizons. The core is slightly to moderately bioturbated; layering and burrows occur sporadically. Pyrite nodules are present in Sections 4 and 6. A microfault occurs in Section 5.",CORE 142.1 - 152.02 MBSF
159,959,A,17,H,151.6,161.05,middle Miocene,"NANNOFOSSIL CHALK Major Lithology: Mottled light brown/gray/greenish (5Y 5/4 to 5GY 5/1) NANNOFOSSIL CHALK with dark gray, brown, and green bands. Brown bands contain dolomite crystals while green bands with diffuse boundaries contain some glauconite (1%). Dark gray bands contain some pyrite. The green bands increase in frequency from Section 3 to 6, whereas dark gray bands dominate Section 7. The core is bioturbated with burrows faintly visible in several sections. Pyrite nodules have replaced burrows in Section 2. Minor Lithology: Mottled gray (5Y 5/1 to 5GY 5/2) NANNOFOSSIL CHALK WITH FORAMS is present in Sections 1 and 2. It has a few sponge spicules and disseminated pyrite. Faintly visible burrows are infilled with pyritic material.",CORE 151.6 - 161.05 MBSF
159,959,A,18,H,161.1,171.14,middle Miocene,"NANNOFOSSIL CHALK, NANNOFOSSIL CHALK WITH FORAMS and NANNOFOSSIL CHALK WITH CLAY Major Lithologies: Olive gray (5Y 5/2) NANNOFOSSIL CHALK and NANNOFOSSIL CHALK WITH FORAMS alternate with thin layers of darker gray (5Y 4/1) fi/1 NANNOFOSSIL CHALK WITH CLAY and greenish (5GY 4/2) NANNOFOSSIL CHALK. Sections 1 and 2 are densely layered with greenish, slightly glauconitic, color bands seen in 20-cm intervals whereas Sections 3 and 4 show thicker intervals of NANNOFOSSIL CHALK. Disseminated pyrite occurs in Section 1. Minor Lithologies: Darker gray (5Y 4/1) NANNOFOSSIL CLAY layers occur in Section 1, 135-145 cm; Section 4, 1-9 and 54-62 cm; Section 5, 26-31 and 117-120 cm; and Section 6, 18-21, 63-67, 104-108, and 134-137 cm. General Description: Section 7 and Core Catcher are highly disturbed by coring.",CORE 161.1 - 171.14 MBSF
159,959,A,19,H,170.6,180.74,middle Miocene,"NANNOFOSSIL CHALK WITH CLAY, CLAYEY NANNOFOSSIL CHALK, FORAM NANNOFOSSIL CHALK WITH CLAY and CLAY WITH MICA Major Lithologies: Greenish gray (5GY 5/1) NANNOFOSSIL CHALK WITH CLAY alternates with thin layers of greenish (5GY 4/2), slightly glauconitic NANNOFOSSIL CHALK and dark gray (5Y 4/1) CLAYEY NANNOFOSSIL CHALK. In Sections 1 and 2 the greenish layers occur in 20-cm intervals, but in Sections 3 and 4 these layers are sparse. The dark grayish layers are more abundant in Sections 2 and 3. Lighter layers comprise FORAM NANNOFOSSIL CHALK WITH CLAY. In Section 3, 20-24 cm, dark brownish (5Y 3/1) CLAY WITH MICA occurs. Some burrows are filled with dolomite and calcite.",CORE 170.6 - 180.74 MBSF
159,959,A,20,X,180.1,189.84,middle Miocene,"GLAUCONITIC NANNOFOSSIL CHALK WITH CLAY Major Lithology: Interbeds of GLAUCONITIC NANNOFOSSIL CHALK WITH CLAY occur as thicker, greenish gray (5G 6/1) and thinner, dark greenish gray (5GY 4/1) beds, slightly to moderately bioturbated throughout. Burrows throughout the core include Zoophycos, Ophiomorpha, Planolites, and composite burrows. Glauconite pellet-rich laminae, planar to wavy, often disrupted by bioturbation, occur throughout the core. Chondrites burrows also occur in the darker chalk beds. The darker chalk is richer in clay and glauconite, has no foraminifers, and is heavily bioturbated. Higher clay content and heavier bioturbation in the darker chalk suggest that these beds represent condensed sections. Core is fractured by drilling into biscuits which are enmeshed in drilling-generated mud. ",CORE 180.1 - 189.84 MBSF
159,959,A,21,X,189.1,198.85,middle Miocene,"NANNOFOSSIL CHALK WITH CLAY Major Lithology: Light greenish gray (5GY 4/1) NANNOFOSSIL CHALK WITH CLAY, with thin interbeds of greenish gray (5GY 5/1) chalk that is richer in clay (CLAYSTONE WITH NANNOFOSSILS) and more heavily bioturbated. Burrows include Zoophycos, Planolites, and Thalassinoides, with Chondhtes burrows following (i.e., into) other burrows and present in the darker chalk. Glauconitic laminae, mm-scale, planar to wavy, occur throughout the core, usually disrupted by burrows. Core is fractured by drilling into biscuits which are enmeshed in drilling-induced mud. Minor Lithology: Thin interbeds as noted above.",CORE 189.1 - 198.85 MBSF
159,959,A,22,X,198.6,207.89,early Miocene,"CLAYEY NANNOFOSSIL CHALK Major Lithology: Light greenish gray (7.5GY 5/2 and 10GY 6/0) CLAYEY NANNOFOSSIL CHALK, with interbeds of dark 6/0 greenish gray (5.4GY 4.6/1.1) chalk, which is more heavily bioturbated. Burrows of Zoophycos and Planolites with Chondrites are seen. Glauconitic laminae, mm-scale, occur in Sections 6 and 7. Core is fractured by drilling into biscuits which are enmeshed in drilling-induced mud.",CORE 198.6 - 207.89 MBSF
159,959,A,23,X,207.6,217.2,early Miocene,"CLAYEY NANNOFOSSIL CHALK and DIATOMACEOUS NANNOFOSSIL CHALK Major Lithologies: Pale yellowish green (10GY 8/1) CLAYEY NANNOFOSSIL CHALK with thin, darker (10Y 6/1) interbeds of DIATOMACEOUS NANNOFOSSIL CHALK, slightly to moderately bioturbated with Planolites, Thalassinoides, Chondrites, and Zoophycos, with Chondrites often inside the others. Glauconite, pyrite, and dolomite occur within the burrows. Faint, green, glauconitic, sub-mm laminae occur throughout the core. The core is fractured into drilling biscuits which are embedded in drilling slurry. Most retain original way-up orientation.",CORE 207.6 - 217.2 MBSF
159,959,A,24,X,216.6,226.54,early Miocene,"CLAYEY NANNOFOSSIL CHALK, DIATOMACEOUS NANNOFOSSIL CHALK WITH CLAY and NANNOFOSSIL CLAY WITH FORAMS Major Lithologies: Pale yellowish green (5GY 5/1) CLAYEY NANNOFOSSIL CHALK and light greenish (5GY6/1) DIATOMACEOUS NANNOFOSSIL CHALK WITH CLAY. The latter type occurs especially in Section 3, 78-108 and 115-150 cm. The sediment is moderately bioturbated with Planolites, Zoophycos and Chondhtes. Some burrow fillings are brownish and dolomitic. Section 5, 96-110 cm, consists of individual beds of sand-sized intraclasts. The lower contact is scoured and the upper contact is gradational and contains burrows. The bed shows some internal lamination and intraclasts are dominantly NANNOFOSSIL CLAY WITH FORAMS. Minor Lithology: Dark grayish (10Y 3/1) DIATOMITE WITH NANNOFOSSILS interbed in Section 2, 57-72 cm. The part of this interval is laminated. General Description: The core is fractured by drilling into drilling biscuits.",CORE 216.6 - 226.54 MBSF
159,959,A,25,X,225.8,235.59,early Miocene,"CLAYEY NANNOFOSSIL CHALK WITH DIATOMS and DIATOMITE WITH CLAY Major Lithologies: Light greenish gray (5G 6/1 to 6/1 7/1) CLAYEY NANNOFOSSIL CHALK WITH DIATOMS, heavily bioturbated with Planolites, Chondrites, and a few Zoophycos, is interbedded with brown, moderately to heavily bioturbated DIATOMITE WITH CLAY. Minor Lithologies: Brownish gray (5G 4/1 to 5Y 6/1) beds of DIATOM CLAY WITH NANNOFOSSILS are intercalated in Section 1, 75-83 cm and in Section 2, 120-135 cm. A thin, light gray (5GY 6/1) layer of DIATOM NANNOFOSSIL CHALK WITH MICRITE occurs in Section 7, 19-20 cm within the DIATOMITE WITH CLAY.",CORE 225.8 - 235.59 MBSF
159,959,A,26,X,235.5,245.31,early Miocene,MICRITIC NANNOFOSSIL CHALK WITH RADIOLARIANS AND DIATOMS and DIATOMITE WITH CLAY Major Lithologies: Lighter colored (mainly 5GY 6/1-5GY 7/1) MICRITIC NANNOFOSSIL CHALK WITH RADIOLARIANS AND DIATOMS alternates with darker colored (5Y 3/2-5Y 5/1) DIATOMITE WITH CLAY. The core is moderately to heavily bioturbated. Chondrites is the most dominant trace fossil but Planolites and possibly Teichichnus are also present. Zoophycos traces are more common in DIATOMITE WITH CLAY. All lithologic units have gradational boundaries. Minor Lithology: NANNOFOSSIL DIATOMITE is dark gray-brown (5GY 5/1) and has traces of Chondrites and Planolites.,CORE 235.5 - 245.31 MBSF
159,959,A,27,X,245.1,254.94,early Miocene,"NANNOFOSSIL CHALK WITH MICRITE AND FORAMS and DIATOM CALCAREOUS CHALK WITH RADIOLARIANS Major Lithology: Light greenish gray (5GY 7/1) NANNOFOSSIL CHALK WITH MICRITE AND FORAMS alternates with slightly darker (5GY 6/1) DIATOM CALCAREOUS CHALK WITH RADIOLARIANS, the main difference being that the darker layers diatoms (25% vs. 5%) and radiolarians (19% vs. 10%). The boundary between the two lithologic units is gradational. The core is moderately to heavily bioturbated. Abundant burrows of Chondrites are present. Planolites and Zoophycos occur in a few horizons. Minor Lithology: Brownish gray (5Y 3/2) horizons of DIATOMITE WITH NANNOFOSSILS occur in Sections 2 to 4. This lithology has slight to moderate bioturbation and has several traces of Chondrites and Zoophycos. It has gradational boundary with NANNOFOSSIL CHALK WITH MICRITE AND FORAMS.",CORE 245.1 - 254.94 MBSF
159,959,A,28,X,254.8,264.71,early Miocene,NANNOFOSSIL CHALK WITH CLAY AND FORAMS and CLAYEY DIATOMITE WITH RADIOLARIANS Major Lithologies: Alternations of greenish-gray (5GY 6/1) NANNOFOSSIL CHALK WITH CLAY AND FORAMS and brownish (5GY5/1-5Y 5/1) CLAYEY DIATOMITE WITH RADIOLARIANS. Greenish layers in NANNOFOSSIL CHALK WITH CLAY AND FORAMS have very diffuse boundaries because of bioturbation. Abundant Chondrites traces present; Planolites burrows also occur but Zoophycos traces are more common in CLAYEY DIATOMITE WITH RADIOLARIANS. This lithology is also slightly less fractured. Minor Lithology: A few dark brown-gray (5Y 3/2) horizons of DIATOMITE WITH CLAY AND RADIOLARIANS occur in the core. The lithology is bioturbated with traces of Chondrites and Zoophycos.,CORE 254.8 - 264.71 MBSF
159,959,A,29,X,264.4,274.23,early Miocene,"NANNOFOSSIL CHALK WITH CLAY, CLAYEY NANNOFOSSIL CHALK and DIATOMITE WITH CLAY Major Lithologies: Interbeds of lighter green (8GY 5/1) NANNOFOSSIL CHALK WITH CLAY, darker green (9GY 4/1) CLAYEY NANNOFOSSIL CHALK, and brown (7Y 3/1) DIATOMITE WITH CLAY, all moderately to heavily bioturbated with Chondrites (especially in the diatomite), Zoophycos, and Planolites. Many burrows are composite. The beds range from 10 to 80-cm-thick and grade into one another with no sharp contacts. Pyritic nodule is partly replaced by gypsum in Core Catcher, 28 cm.",CORE 264.4 - 274.23 MBSF
159,959,A,30,X,274,283.77,early Miocene,"DIATOMITE WITH CLAY and DIATOM NANNOFOSSIL CHALK WITH CLAY Major Lithologies: Thick bedded (30-70 cm) dark brown (7.5GY 3/.6) DIATOMITE WITH CLAY contains about 40% clay and disseminated pyrite. This lithology is moderately burrowed by Zoophycus and Chondrites, although burrowing is best displayed in gradational upper and lower boundaries. This lithology is interbedded with a light to medium green (1 to 3GY 4/1) DIATOM NANNOFOSSIL CHALK WITH CLAY containing about 40% clay, and minor disseminated pyrite and glauconite. Zoophycus burrows (0.5 to 1 cm) are abundant throughout this interval.",CORE 274 - 283.77 MBSF
159,959,A,31,X,283.7,292.95,early Miocene,"DIATOMITE WITH CLAY and contains abundant diatoms, about 40% NANNOFOSSIL CHALK WITH CLAY Major Lithologies: DIATOMITE WITH CLAY is characteristically dark brown and clay and disseminated pyrite. Although heavily burrowed by Zoophycos and Chondrites, burrows are most visible adjacent to overlying and underlying lighter lithologies. NANNOFOSSIL CHALK WITH CLAY, light green gray forms the lighter interbedded lithology in this interval. DIATOM NANNOFOSSIL CHALK WITH CLAY, an admixture of these major lithologies, is variably developed within the cyclic alternations of this interval.",CORE 283.7 - 292.95 MBSF
159,959,A,32,X,293.3,302.62,early Miocene,"DIATOMITE WITH CLAY and NANNOFOSSIL CHALK Major Lithology: Interbedded interval of medium-thick beds (20-50 cm) consisting of dark gray brown, DIATOMITE WITH CLAY (2GY 4/1) and light gray green, NANNOFOSSIL CHALK (6GY 4/1). Transition between these lithologies is gradational with development of a DIATOM NANNOFOSSIL CHALK (4GY 4/1). Clay (40%) and glauconite are present throughout this interval. Bioturbation ranges from moderate to heavy and is dominated by Zoophycos.",CORE 293.3 - 302.62 MBSF
159,959,A,33,X,303,312.48,early Miocene,"NANNOFOSSIL CLAY WITH DIATOMS, CLAYEY DIATOMITE and DIATOM NANNOFOSSIL CHALK WITH CLAY Major Lithologies: Interbeds of sediment with varying amounts of three principal components: clay, nannofossils, and diatoms. The most nannofossil-rich sediment gives the lightest color (8GY 5/1), and comprises beds 6- to 60-cm-thick. The most diatom-rich sediment gives the darkest color (9Y 4/1), and comprises beds 15- to 50- cm-thick. There are all transitions between these end members, with a consistent clay component throughout. Moderately bioturbated throughout with Zoophycos burrows, some with internal pellet structure, Planolites, and Chondrites, the latter being more concentrated in the brown diatomite beds. Glauconite is persistent throughout. Rip-up clasts of glauconitic sediment occur in Section 6. Minor Lithology: Laminated, crudely graded CONGLOMERATE bed in Section 1, 35-104 cm, with erosive lower contact. The components are dominantly glauconite pellets and rip-up clasts of the major lithologies (80%-90%), with minor opaques and foraminifers.",CORE 303 - 312.48 MBSF
159,959,A,34,X,312.6,322.34,early Miocene,"CLAY WITH DIATOMS and CLAYEY DIATOMITE Major Lithologies: Interbeds of lighter gray (10GY 5/0) CLAY WITH DIATOMS and darker gray (5GY 4/1) CLAYEY DIATOMITE, thickly bedded. Moderately bioturbated. Burrows (i.e., Planolites, Chondolites, and Zoophycos) are frequently observed through all sections. Pyrite concretions, and 15 mm across, occur in Section 6. Minor Lithology: Black (1GY 4/0.5) CLAYEY DIATOMITE WITH PYRITE, occurs in Section 4, 20-30 cm, and Core Catcher, including 15% pyrite.",CORE 312.6 - 322.34 MBSF
159,959,A,35,X,322.2,331.97,early Miocene,"DIATOMITE WITH CLAY and CLAYEY DIATOMITE Major Lithologies: Greenish gray (5GY 5/1) DIATOMITE WITH CLAY alternates with darker (5Y 3/1) 10-90-cm-thick beds of CLAYEY DIATOMITE. Lower and upper contacts are generally gradational and disturbed by burrowing. The sediment is moderately bioturbated throughout with burrows as Chondrites, Zoophycos, and Planolites in both lithologies. In Section 1 there is a higher concentration of siliceous sponge spicules. ",CORE 322.2 - 331.97 MBSF
159,959,A,36,X,331.8,341.81,early Miocene,"CLAYEY DIATOMITE and DIATOM CLAY WITH NANNOFOSSILS Major Lithologies: Alternation between greenish gray (5GY 5/1) CLAYEY DIATOMITE and darker greenish gray (5GY 6/1) DIATOM CLAY WITH NANNOFOSSILS. Planolites and Zoophycos are common in both lithologies, while Chondrites is more frequent in the DIATOM CLAY WITH NANNOFOSSILS. The alternation is widely spaced in Sections 1, 2, and 3 and becomes more closely spaced below. Minor Lithologies: Dark brown (5Y 4/1) layers of CLAYEY DIATOMITE occur in Sections 4, 5, 6, and 7. Section 2, 50-135 cm is made up of light greenish gray (5GY 6/1) DIATOM CLAY WITH NANNOFOSSILS. General Description: Core is factured by drilling into biscuits enmeshed in drilling mud.",CORE 331.8 - 341.81 MBSF
159,959,A,37,X,341.5,351.31,late Oligocene-early Miocene,"DIATOM NANNOFOSSIL CHALK WITH CLAY and CLAYEY DIATOMITE Major Lithologies: Alternation between greenish gray (5GY 5/1) DIATOM NANNOFOSSIL CHALK WITH CLAY and darker greenish gray (5GY 4/1) CLAYEY DIATOMITE. Planolites and Zoophycos traces are equally common in both lithologies, while Chondrites traces are more frequent in the CLAYEY DIATOMITE. The alternation is widely spaced in Sections 1 to 4 and becomes more closely spaced below. Minor Lithologies: Light gray (5GY 6/1) DIATOM CLAY WITH NANNOFOSSILS is interbedded with the DIATOM NANNOFOSSIL CHALK WITH CLAY in Sections 1, 4, 5, and 6. Dark greenish gray (5Y 4/1) DIATOMITE WITH CLAY is either interbedded with the CLAYEY DIATOMITE the DIATOM NANNOFOSSIL CHALK WITH CLAY. General Description: The color alternation appears to be cyclic. Core is fractured by drilling into biscuits enmeshed in drilling mud.",CORE 341.5 - 351.31 MBSF
159,959,A,38,X,351.2,361.1,late Oligocene,"DIATOM NANNOFOSSIL CHALK WITH CLAY and DIATOMACEOUS CLAY WITH NANNOFOSSILS Major Lithologies: Greenish-gray (5GY 5/1) DIATOM NANNOFOSSIL CHALK WITH CLAY is the dominant lithology and it alternates with DIATOMACEOUS CLAY WITH NANNOFOSSILS (5Y 5/1-5GY 6/1). The core is moderately to heavily bioturbated with abundant traces of Chondrites, Planolites, and Zoophycos. Minor Lithology: Discrete beds of gray-brown (5Y 3/2) DIATOMITE WITH CLAY occur in Sections 1, 4, 5, and 6 of the core. The beds are heavily bioturbated and contain the same trace fossils as the major lithologies.",CORE 351.2 - 361.1 MBSF
159,959,A,39,X,360.8,370.65,late Oligocene,"DIATOM NANNOFOSSIL CHALK WITH CLAY, CLAYEY DIATOMITE and DIATOMITE WITH CLAY Major Lithologies: Greenish gray (5GY 5/1) DIATOM NANNOFOSSIL CHALK WITH CLAY interbedded with slightly brownish (5Y 3/2) CLAYEY DIATOMITE with gradational upper and lower contacts. DIATOMITE WITH CLAY interbeds occur in Sections 2, 3, 6, 7, and Core Catcher. The sediment is moderately bioturbated with Planolites and Chondrites.",CORE 360.8 - 370.65 MBSF
159,959,A,40,X,370.5,380.33,late Oligocene,"DIATOM NANNOFOSSIL CHALK WITH CLAY, DIATOMITE WITH CLAY, NANNOFOSSIL CHALK WITH DIATOMS and CLAYEY DIATOMITE Major Lithologies: Greenish gray (5GY 5/1) DIATOM NANNOFOSSIL CHALK WITH CLAY and slightly lighter greeenish (5GY 5Y 6/1) NANNOFOSSIL CHALK WITH DIATOMS interbedded with 20-40-cm- thick beds of dark brownish (10Y 3/1) DIATOMITE WITH CLAY slightly lighter brownish CLAYEY DIATOMITE. The sediment is moderately bioturbated with Planolites, Zoophycos, and Chondrites. Minor Lithologies: Dark brownish (10Y 3/1) DIATOMITE WITH CLAY interbeds are seen only in Sections 1, 2, and 4.",CORE 370.5 - 380.33 MBSF
159,959,A,41,X,380.2,389.97,late Oligocene,DIATOM NANNOFOSSIL CHALK WITH CLAY and DIATOMITE WITH CLAY Jd Major Lithologies: The dominant lithology is greenish- gray (5GY 5/1) DIATOM NANNOFOSSIL CHALK WITH CLAY which alternates with darker colored (5Y 3/1) DIATOMITE WITH CLAY. The core is moderately to heavily bioturbated with many burrows of Chondhtes and Planolites. Discrete traces of Zoophycos occur in Sections 5 and 6. The trace fossil formation appears to be in two phases: probably younger traces (mainly Chondhtes) are superimposed on larger burrows. A good trace of Teichichnus occurs in Section 3 (97-100 cm interval). Minor Lithologies: Few interbeds of lighter green-gray (5GY 6/1) NANNOFOSSIL CHALK WITH DIATOMS AND CLAY and brownish gray (5Y 5/1) CLAYEY DIATOMITE occur as minor lithologies. The style of bioturbation and preservation of trace fossils are similar to those in the major lithologies.,CORE 380.2 - 389.97 MBSF
159,959,A,42,X,389.8,399.44,late Oligocene,"CLAY, DIATOM CLAY, NANNOFOSSIL CLAY and DIATOM CLAY NANNOFOSSIL CHALK Major Lithologies: A steady background of CLAY (6GY 4/1 4/1), with locally increased levels of diatoms, nannofossils, both. Increased concentration of diatoms gives rise to brown (2GY 4/1) beds of DIATOM CLAY; increased concentration of coccoliths to beds of NANNOFOSSIL CLAY (6GY 4/1 and 5GY 4/1), and a combination to beds of DIATOM CLAY and NANNOFOSSIL CHALK (5GY 4/1). The beds range from 10-60 cm thick. All are moderately to highly bioturbated, with Chondrites in the brown, diatomaceous beds. Planolites, Zoophycos, and composite burrows are ubiquitous. In younger cores, calcareous beds could be distinguished by their lighter color, but color is not diagnostic in this core. Rare glauconite rip-up clasts occur, up to 5 mm across.",CORE 389.8 - 399.44 MBSF
159,959,A,43,X,399.2,409.06,late Oligocene,"NANNOFOSSIL DIATOM CLAYSTONE and DIATOM CLAYSTONE WITH SPICULES Major Lithologies: Medium, thick-bedded sequence comprising varying mixtures among diatoms, spicules, and nannofossils within a dominantly clay lithology. Color variation reflects changing concentrations of disseminated pyrite and, to a lesser extent, carbonate content. Carbonate content ranges from high in NANNOFOSSIL DIATOM CLAYSTONE in the upper part of the core to low in the DIATOM CLAYSTONE WITH SPICULES. Carbonate content decreases progressively toward the lower part of the core. Local enrichment in radiolarians occurs in Section 6.",CORE 399.2 - 409.06 MBSF
159,959,A,44,X,408.5,418.21,NA,"CLAY WITH DIATOMS Major Lithology: Interbeds of dark gray (10Y 3/1) and gray (5GY 4/1) CLAY WITH DIATOMS, thickly bedded. All heavily bioturbated. Burrows are Chondrites, Zoophycos, Planolites, and others. Minor Lithologies: Lighter gray (8GY 4/1) CLAYEY DIATOMITE occurs in Sections 1, 4, and 6. General Description: The age of this interval is unknown.",CORE 408.5 - 418.21 MBSF
159,959,A,45,X,418.1,428,NA,"DIATOM CLAYSTONE and CLAYEY DIATOMITE WITH PYRITE Major Lithologies: Sediment is a claystone with varying amounts of diatoms, radiolarians, and pyrite. The darker the color, the higher the content of diatoms and pyrite. Moderately bioturbated with Zoophycos, Planolites, composite burrows, and Chondrites. The latter is especially abundant in the darker, pyritic diatomites. Minor Lithology: In Sections 4 (30-86 cm), (0-150 cm), and 6 (0-33 cm), nannofossils comprise up to 30% of the sediment, giving it a lighter color (NANNOFOSSIL CLAYSTONE WITH DIATOMS). Bioturbated as described above. General Description: The age of this core is unknown.",CORE 418.1 - 428 MBSF
159,959,A,46,X,427.7,437.53,NA,"CLAYEY DIATOMITE and DIATOMACEOUS CLAYSTONE Major Lithologies: Medium brown (1GY 3/1 to 10Y 3/1) CLAYEY DIATOMITE and lighter greenish brown (2GY 4/1) This lithology is characterized by heavy biotubation of Planolites, Chondrites, and Zoophycos. Minor Lithologies: CLAYEY DIATOMITE WITH PYRITE CLAYSTONE WITH DIATOMS AND SPICULES occur in burrows in Sections 4 and 7. General Description: The age of this core is unknown.",CORE 427.7 - 437.53 MBSF
159,959,A,47,X,437.4,440.64,NA,"CLAYSTONE WITH RADIOLARIANS Major Lithology: Massive CLAYSTONE WITH RADIOLARIANS, with increased concentration of siliceous microfossils, especially radiolarians, in the darker (10Y 3/1) beds. Lower siliceous levels occur in the lighter (5YR 4/1) beds. Moderately to highly bioturbated, diffuse boundaries between beds. Siliceous intervals are 10 to 30 cm thick; the lighter intervals are up to 1 m thick. A strong oil smell emanates from the sediment. Teichichnus burrow in Section 2, 20-23 cm. General Description: The age of this core is unknown.",CORE 437.4 - 440.64 MBSF
159,959,A,48,X,447,447.47,NA,"CLAYSTONE WITH RADIOLARIANS Major Lithology: Three drilling biscuits of massive CLAYSTONE and some drilling mud, cimilar to the biscuits of Core 159-959A-47X. Oily smelling, with abundant siliceous fossils and pyrite. General Description: The age of this interval is unknown.",CORE 447 - 447.47 MBSF
159,959,A,49,X,456.6,456.96,NA,"CHERT Major Lithology: Drilling breccia of conchoidally fractured, transluscent, black CHERT, with ghosts of burrows. General Description: The age of this core is unknown.",CORE 456.6 - 456.96 MBSF
159,959,A,50,X,466.3,466.56,NA,"CHERT Major Lithology: Rubble of drilling breccia including drilling mud, black chert, and a few bits of the darker siliceous claystone as seen in Core 159-959A-47X. General Description: The age of the core is unknown",CORE 466.3 - 466.56 MBSF
159,959,A,51,X,475.9,476.14,NA,CHERT Major Lithology: Drilling breccia of black CHERT. Pyrite- filled burrow (2.5 x 2 cm wide) is present at about 8 cm from the top. General Description: The age of the core is not known.,CORE 475.9 - 476.14 MBSF
159,959,A,52,H,479.9,480.64,NA,"DRILLING BRECCIA, PYRITIZED BURROWS and CLAYSTONE WITH PYRITE Major Lithologies: This is a piston core taken at the bottom of Hole 959A and comprises DRILLING BRECCIA (rubble of mud and breccia) of uncertain stratigraphic position. From 20 to 36 cm, the rubble  is entirely rounded (by drilling) pieces 5-10 mm wide, broken into various lengths. Below this interval is drilling induced mud comprising CLAYSTONE WITH PYRITE. General Description: The age of the core is unknown.",CORE 479.9 - 480.64 MBSF
