Expedition.Leg,Site_Number,Hole,Core_Number,Core_Type,Core_Top_MBSF,Core_Bottom_MBSF,Age,Description,Core_ID
159,959,B,1,H,0,4.89,late Pleistocene,"NANNOFOSSIL OOZE WITH FORAMS Major Lithology: Dark gray, structureless NANNOFOSSIL OOZE WITH FORAMS is interbedded with 1-cm- thick layers of greenish gray FORAM NANNOFOSSIL OOZE in Section 1, 60-90 cm, Section 2, 55-70 cm, and Section 4, 7-15 cm. Sharp contact with increased concentration of foraminifers above it occurs in Section 1, 124 cm. Visible burrows are restricted to Section 2, 25-30 cm and to the Core Catcher.",CORE  0 - 4.89  MBSF
159,959,B,2,H,5,14.9,early Pleistocene,"NANNOFOSSIL OOZE WITH CLAY and NANNOFOSSIL OOZE WITH CALCITE Major Lithologies: Alternation of dark greenish gray (5GY 4/1) NANNOFOSSIL OOZE WITH CLAY and slightly lighter (5G 4/1) NANNOFOSSIL OOZE WITH CALCITE, both with coarse sand-sized shell fragments. Spacing of alternation wide in Sections 1 to 5, closer below. Minor Lithologies: One cm-thick layers of greenish gray (5G 5/1) NANNOFOSSIL OOZE occur in Sections 3, (20-110 cm), 6, and in the Core Catcher (10-35 cm). A single, dark bluish green (5 BG 4/1) layer in Section 3, 79-79.5 cm and the infill of burrows in Section 6, 99-111 cm comprise FORAM NANNOFOSSIL OOZE.",CORE  5 - 14.9  MBSF
159,959,B,3,H,14.5,24.43,late Pliocene-early Pleistocene,"NANNOFOSSIL OOZE WITH CALCITE and NANNOFOSSIL OOZE WITH FORAMS AND CLAY Major Lithologies: Alternation of dark gray, structureless NANNOFOSSIL OOZE WITH CALCITE is interbedded with dark greenish gray NANNOFOSSIL OOZE WITH FORAMS AND CLAY. Boundaries between the lithologies are gradational and often mottled. General Description: Larger burrows occur in Section 1, 80-108 cm, Section 3, 86-91 cm, and Section 7, 20-30 cm. A layer rich in foraminifers and coarse sand-sized shell fragments occurs in Section 5, 37-41 cm.",CORE  14.5 - 24.43  MBSF
159,959,B,4,H,24,33.88,late Pliocene,FORAM NANNOFOSSIL OOZE Major Lithology: The major lithology FORAM NANNOFOSSIL OOZE occurs as slightly lighter greenish gray (5GY 5/1) horizons with 40% foraminifers and a darker greenish gray (5GY 4/1) horizon (in Section 1) with 30% foraminifers. The sediment is slightly bioturbated and has disseminated foraminifer tests. A few thin color bands with diffuse boundaries occur in Sections 3 and 4. Minor Lithology: Two horizons of gray (5Y 5/1) NANNOFOSSIL OOZE WITH FORAMS AND CALCITE occur as a minor lithology in Sections 5 to 7. The sediment is also slightly bioturbated and has disseminated foraminifer tests.,CORE  24 - 33.88  MBSF
159,959,B,5,H,33.5,43.51,late Pliocene,"NANNOFOSSIL OOZE WITH FORAMS Major Lithology: Greenish gray (5GY 5/1-5GY 6/1) NANNOFOSSIL OOZE WITH FORAMS is slightly to heavily bioturbated. Nannofossil content increases by 4% in the lighter beds. Zoophycos traces occur in Sections 1 to 3. Disseminated pyrite and foraminifer tests occur throughout. A shell hash is present in Section 4, 40cm. Minor Lithology: A bed of gray (5Y 5/1) NANNOFOSSIL OOZE WITH CLAY AND FORAMS contains 5% pyrite and is slightly bioturbated. Other structures are similar to those of the major lithology. ",CORE  33.5 - 43.51  MBSF
159,959,B,6,H,43,52.84,early to late Pliocene,"NANNOFOSSIL OOZE WITH FORAMS and FORAM NANNOFOSSIL OOZE Major Lithologies: Greenish gray (5GY 5/1) NANNOFOSSIL OOZE WITH FORAMS alternates with lighter FORAM NANNOFOSSIL OOZE. Lighter color relates to slightly higher foraminifer content. Zoophycos burrowing occurs throughout the sediment. Burrow fills are richer with foraminifer tests and are mostly horizontally oriented. Some disseminated pyrite occurs in Sections 2 and 6. Individual darker bands occur in Section 4, 90-115 cm. Lower part of Section 6, Section 7, and Core Catcher are mottled. ",CORE  43 - 52.84  MBSF
159,959,B,7,H,52.5,62.38,early Pliocene,"NANNOFOSSIL OOZE WITH FORAMS and FORAM NANNOFOSSIL OOZE Major Lithologies: Mottled greenish gray (5GY 5/1) Cp) NANNOFOSSIL OOZE WITH FORAMS alternates with slightly lighter FORAM NANNOFOSSIL OOZE. Lighter color relates to higher foramifer content. Zoophycos burrowing occurs in Sections 3, 4, and 6. Disseminated pyrite and some pyrite concretions occur throughout the sediment.",CORE  52.5 - 62.38  MBSF
159,959,B,8,H,62,71.98,early Pliocene,"NANNOFOSSIL OOZE WITH FORAMS Major Lithology: Gray (5Y 5/1) to greenish gray (5GY 5/1-5GY 6/1) NANNOFOSSIL OOZE WITH FORAMS is the dominant lithology in which the lighter color reflects an increase in foraminifer content (20% vs. 15% for darker horizons). The core is moderately to heavily bioturbated. Chondrites burrows are identified in Section 2 while Zoophycos traces occur in Sections 3, 5, 6, and 7. The core has some glauconitic bands, and disseminated pyrite and foraminifer tests. ",CORE  62 - 71.98  MBSF
159,959,B,9,H,71.5,81.75,early Pliocene,"NANNOFOSSIL CHALK Major Lithology: NANNOFOSSIL CHALK characterized by interbeds of green glauconite-rich brown foraminifer-rich bands, 1 cm thick, which repeat throughout the core.",CORE  71.5 - 81.75  MBSF
159,959,B,10,H,81,91.03,late Miocene-early Pliocene,"NANNOFOSSIL CHALK and FORAM NANNOFOSSIL CHALK Major Lithologies: Interbeds of lighter (8Y 5/1) FORAM NANNOFOSSIL CHALK and darker (1GY 4/1-10G 4/1) NANNOFOSSIL CHALK, slightly to moderately bioturbated. Bioturbation has diffuse bed boundaries. Black pyrite specks scattered throughout; dolomite rhombs comprise up to 10% of the sediment in darker intervals. Color bands or laminae are generally green from increased glauconite concentration. The major lithologies also cause color banding on a finer scale throughout the core.",CORE  81 - 91.03  MBSF
159,959,B,11,H,90.5,100.31,late Miocene,"NANNOFOSSIL CHALK WITH FORAMS, FORAM NANNOFOSSIL CHALK and GLAUCONITE FORAM NANNOFOSSIL CHALK Major Lithologies: Small scale cycles of: 1) green gray NANNOFOSSIL CHALK WITH FORAMS (2.5GY 5/1); 2) grading into FORAM NANNOFOSSIL CHALK (10Y 5/1); and 3) GLAUCONITE FORAM NANNOFOSSIL CHALK (4GY 5/1) where forams exhibit increased fragmentation and corrosion. Cycle thickness varies from 10 to 80 cm. Black pyrite occurs disseminated throughout as a minor component, concentrated in thin bands within cycles, and as local small nodules. The sequence is moderately bioturbated, with forams concentrated in coarse burrows. Clay comprises approximately 20% of all lithologies.",CORE  90.5 - 100.31  MBSF
159,959,B,12,H,100,109.9,late Miocene,"NANNOFOSSIL CHALK WITH FORAMS, FORAM NANNOFOSSIL CHALK and GLAUCONITE FORAM NANNOFOSSIL CHALK Major Lithologies: Small scale cycles of: 1) light green gray NANNOFOSSIL CHALK WITH FORAMS; 2) grading into medium green gray FORAM NANNOFOSSIL CHALK; followed by 3) green (5G 4/1) GLAUCONITE FORAM NANNOFOSSIL CHALK which forms diffuse color bands 1-2 cm thick. Cycles are expressed by distinct color variation among lithologies and vary from 10 to 30 cm in thickness. Pyrite occurs as discrete thin laminae, local nodules, and as a disseminated component in all lithologies. Bioturbation is present throughout the core, and varies from slight to moderate. Minor Lithologies: Localized horizons of NANNOFOSSIL CHALK and NANNOFOSSIL CHALK WITH CLAY occur in the core.",CORE  100 - 109.9  MBSF
159,959,B,13,H,109.5,119.59,late Miocene,"NANNOFOSSIL CHALK WITH FORAMS, FORAM NANNOFOSSIL CHALK and GLAUCONITE FORAM NANNOFOSSIL CHALK Major Lithologies: Small scale cycles of 1) green gray NANNOFOSSIL CHALK WITH FORAMS (5GY 5/1) grading into 2) FORAM NANNOFOSSIL CHALK (10Y 5/1) and 3) GLAUCONITE FORAM NANNOFOSSIL CHALK (5G 4/1) where foraminifers exhibit increased fragmentation and corrosion. Cycle thickness varies from 20 to 40 cm. Pyrite occurs throughout as either thin laminae as disseminated framboids. Minor Lithology: A minor component of this sequence is the NANNOFOSSIL CHALK (5GY 5/1) which occurs in association with the NANNOFOSSIL CHALK WITH FORAMS. This lithology is composed of 95% nannofossil debris with only minor clay other biogenic material.",CORE  109.5 - 119.59  MBSF
159,959,B,14,H,119,129.06,late Miocene,"NANNOFOSSIL CHALK, NANNOFOSSIL CHALK WITH FORAMS and GLAUCONITIC NANNOFOSSIL CHALK Major Lithologies: These three lithologies, NANNOFOSSIL CHALK, NANNOFOSSIL CHALK WITH FORAMS, and GLAUCONITIC NANNOFOSSIL CHALK, are interbedded on a 5- to 30-cm scale throughout the core, with minor bioturbation blurring most of the contacts, identically to those in Core 159-959A-14H. Pyrite is disseminated throughout the core and is concentrated in burrows. A 2-cm-wide burrow, filled with corroded dolomite, occurs in Section 7.",CORE  119 - 129.06  MBSF
159,959,B,15,H,128.5,138.46,late Miocene,"NANNOFOSSIL CHALK Major Lithology: Greenish gray (2.5G 5/0), slightly bioturbated NANNOFOSSIL CHALK. This lithology is characterized by numerous color bands, 0.5 to 1 cm thick. Dark grayish, yellowish (10Y 5/1 in Section 3, 52-64 cm), greenish, light brownish, and grayish bands are present. These color variations are due to varying amounts of foraminifers, dolomite, pyrite, glauconite, and nannofossils. ",CORE  128.5 - 138.46  MBSF
159,959,B,16,H,138,147.99,late Miocene,"NANNOFOSSIL CLAY WITH FORAMS Major Lithology: Greenish-gray (5GY 5/1-5GY 6/1) NANNOFOSSIL CLAY WITH FORAMS is glauconitic, with several thin and diffuse color bands. Pyrite and foraminifer tests are disseminated throughout the core. Pyrite nodules are present locally. The core is slightly bioturbated. Minor Lithology: The core contains several gray-brown (10YR 5/2) bands. Spots of NANNOFOSSIL CLAY WITH DOLOMITE AND FORAMS occur, in particular, from Sections 3 to 7.",CORE  138 - 147.99  MBSF
159,959,B,17,H,147.5,157.56,middle to late Miocene,"CLAYEY NANNOFOSSIL CHALK and CLAYEY NANNOFOSSIL CHALK WITH FORAMS Major Lithologies: Darker greenish gray (5GY 5/1) CLAYEY NANNOFOSSIL CHALK alternates with lighter greenish gray (5Y 6/1) CLAYEY NANNOFOSSIL CHALK WITH FORAMS, each of which have <10% and 15%-20% foraminifers, respectively. The lighter horizons contain about 10% calcite vs. 5% for the darker horizons. The core is slightly to heavily bioturbated. A Chondrites-rich bed occurs in Section 7, 41-53 cm. Gray-brown (10YR 5/2) dolomite-rich bands are present, in addition to pyrite nodules, and disseminated pyrite and foraminifer tests.",CORE  147.5 - 157.56  MBSF
159,959,B,18,H,157,167.04,middle Miocene,"CLAYEY NANNOFOSSIL CHALK and NANNOFOSSIL CHALK WITH CLAY Major Lithologies: Greenish gray to gray (5GY 5/1-5Y 5/1) CLAYEY NANNOFOSSIL CHALK is interbedded with greenish gray (5GY 5/1-5GY 6/1) NANNOFOSSIL CHALK WITH CLAY in Sections 2 to 5. The core is slightly to moderately bioturbated. Other structures are similar to Core 159-959B-17H, but there are fewer disseminated foraminifer tests. Dolomite is found disseminated throughout.",CORE  157 - 167.04  MBSF
159,959,B,19,H,166.5,175.63,middle Miocene,"CLAYEY NANNOFOSSIL CHALK and NANNOFOSSIL CHALK WITH CLAY Major Lithologies: Darker greenish gray (5GY 5/1) CLAYEY NANNOFOSSIL CHALK interbedded with lighter greenish gray (5GY5/1-5GY6/1) NANNOFOSSIL CHALK WITH CLAY in Sections 2 to 4. The core appears more glauconitic in Section 5, where darker gray (5Y 4/1) layers occur, and in Section 6. In addition to dolomite-rich horizons being present, pyrite and foraminifer tests are disseminated throughout the core. Microfaults occur in Section 5. The core is slightly to moderately bioturbated.",CORE  166.5 - 175.63  MBSF
159,959,B,20,H,175.5,184.4,middle Miocene,"CLAYEY NANNOFOSSIL CHALK and NANNOFOSSIL CHALK WITH CLAY AND FORAMS Major Lithologies: Alternating horizons of darker greenish gray (5GY 5/1) CLAYEY NANNOFOSSIL CHALK and lighter (5GY 5/1-5GY 6/1) NANNOFOSSIL CHALK WITH CLAY AND FORAMS. Sedimentary structures are similar to those of Core 159-959B-19H. This core is slightly to moderately bioturbated. Below Section 5, 85 cm, core comprises ""flow in"".",CORE  175.5 - 184.4  MBSF
