Expedition.Leg,Site_Number,Hole,Core_Number,Core_Type,Core_Top_MBSF,Core_Bottom_MBSF,Age,Description,Core_ID
159,959,C,1,H,0,2.31,late Pleistocene,"NANNOFOSSIL OOZE WITH FORAMS and FORAM NANNOFOSSIL OOZE Major Lithologies: Alternating sequence of NANNOFOSSIL OOZE WITH FORAMS (5GY 5/1) and FORAM NANNOFOSSIL OOZE (10Y 4/1) exhibited by slight variations in color, which produce beds 10-80 cm thick. Local coarse laminae and occasional burrows are dominanted by foraminifers.",CORE 0 - 2.31 MBSF
159,959,C,2,H,2.3,12.2,early Pleistocene,"FORAM NANNOFOSSIL OOZE and NANNOFOSSIL FORAM OOZE Major Lithologies: Dark gray-green FORAM NANNOFOSSIL OOZE with lighter colors arising from increased foraminifer abundance. Laminated intervals in Sections 1, 4, 5, 6, and 7 are enriched in foraminifers as well. Scoured contacts, with increased abundance of foraminifers above, occur in Sections 2 and 6. Pyritic specks are scattered throughout. The core is slightly bioturbated throughout.",CORE 2.3 - 12.2 MBSF
159,959,C,3,H,11.8,21.58,late Pliocene-early Pleistocene,"NANNOFOSSIL OOZE WITH FORAMS Major Lithology: Gray (2.5G 5/0) NANNOFOSSIL OOZE WITH FORAMS, moderately bioturbated. Faint laminae are observed. Burrows, to 5 cm wide, occur in Sections 2, 3, and 5. Some of them are filled with lighter ooze. Foraminifer fragments are sparsely disseminated throughout. NANNOFOSSIL OOZE WITH FORAMS consists of 13% foraminifers, 20% clay, 65% nannofossils, and 2% pyrite. ",CORE 11.8 - 21.58 MBSF
159,959,C,4,H,21.3,31.21,late Pliocene,"NANNOFOSSIL OOZE WITH FORAMS AND CLAY and FORAM NANNOFOSSIL OOZE WITH CLAY Major Lithologies: Dark grayish green NANNOFOSSIL OOZE WITH FORAMS AND CLAY is interbedded with medium gray FORAM NANNOFOSSIL OOZE WITH CLAY on a scale of 10- to 80-cm-thick intervals. Locally, foraminifers are concentrated in thin (1 cm) laminae or within burrows. Pyrite is disseminated throughout the lower half of this core and is locally abundant as small nodules. Burrow mottling is moderate to heavy. Note that a 4-cm clay horizon at 140 cm, Section 3 is correlative with 159-959B-4H-1, 60 cm and 159-959A-3H-4, 95 cm. This horizon is largely carbonate poor (15% nannofossils) and dcontains minor silt and pyrite. ",CORE 21.3 - 31.21 MBSF
159,959,C,5,H,30.8,40.91,late Pliocene,"CLAYEY NANNOFOSSIL OOZE WITH FORAMS Major Lithology: Alternation of darker (5GY 4/1), more nannofossil-rich and lighter (5GY 5/1), more foraminifer- and calcite-rich CLAYEY NANNOFOSSIL OOZE WITH FORAMINIFERS AND CALCITE. Minor Lithology: Two dark gray layers of PYRITIZED CLAY occur in Section 1, 133-134 cm, and in Section 2, 134-135 cm. General Description: Darker and lighter layers alternate with gradational, sometimes mottled, contacts. A sharp contact occurs in the Core Catcher, 29 cm.",CORE 30.8 - 40.91 MBSF
159,959,C,6,H,40.3,50.25,late Pliocene,"CLAYEY NANNOFOSSIL OOZE WITH FORAMS Major Lithology: Alternation of darker (5GY 4/1), more nannofossil-rich and lighter (5GY 5/1), more foraminifer- and calcite-rich CLAYEY NANNOFOSSIL OOZE WITH FORAMS. General Description:  Darker and lighter layers alternate with gradational, sometimes mottled, contacts. A sharp contact occurs only a in Section 4, 87 cm, where it is overlain by a 10-cm layer richer in coarse shell material and foraminifers. An unknown void occurs in Section 1, 73-75 cm. ",CORE 40.3 - 50.25 MBSF
159,959,C,7,H,49.8,59.77,early Pliocene,"NANNOFOSSIL OOZE WITH FORAMS Major Lithology: Greenish gray (5GY 5/1) NANNOFOSSIL OOZE WITH FORAMS alternating with slightly darker gray (5Y 4/1) NANNOFOSSIL OOZE WITH CLAY. Disseminated crystalline calcite occurs in both lithologies up to 5%-10%. The sediment is moderately to heavily bioturbated. Chondrites burrows occur in Section 2, 40 to 57 cm. Disseminated shells occur throughout the sediment. Minor Lithologies: NANNOFOSSIL OOZE WITH CLAY alternates with the major lithology. Burrow fills are typically slightly coarser and brownish gray FORAM NANNOFOSSIL OOZE, which is richer in organic matter and pyrite content.",CORE 49.8 - 59.77 MBSF
159,959,C,8,H,59.3,69.39,early Pliocene,"NANNOFOSSIL OOZE WITH FORAMS Major Lithology: Greenish gray (5GY 5/1) to slightly darker (5GY 4/1) NANNOFOSSIL OOZE WITH FORAMS. Lighter color relates to higher foraminifer content. Disseminated pyrite and shell fragments occur throughout the sediment. Many burrows and some color bands in Sections 3, 4, and 5 are slightly brownish gray (5Y 4/1) NANNOFOSSIL OOZE WITH CLAY. Individual greenish glauconitic layer occurs in Section 3, 30 to 32 cm. Minor Lithology: The darker color of NANNOFOSSIL OOZE WITH CLAY is due to a higher content of organic matter and enrichment of phosphate minerals.",CORE 59.3 - 69.39 MBSF
159,959,C,9,H,68.8,78.93,early Pliocene,"NANNOFOSSIL OOZE WITH FORAMS and CLAYEY NANNOFOSSIL OOZE Major Lithologies: Greenish gray (5GY 5/1) to darker greenish gray (5GY 4/1) NANNOFOSSIL OOZE WITH FORAMS and dominantly greenish gray (5GY 5/1) CLAYEY NANNOFOSSIL OOZE. Lighter color relates to higher foraminifer content. Darker portions are seen as 20-40-cm-thick interbeds and their foraminifer content is low and clay content is increased. The sediment is slightly to moderately bioturbated. Zoophycos burrows occur in Section 2. Some burrows are brownish gray (5Y 4/1) with slightly coarser sediment fill. Greenish gray glauconitic color bands in Sections 1 and 3. Denser color banding occurs in Sections 4, 5, 6, and 7. Disseminated pyrite occurs throughout the sediment. ",CORE 68.8 - 78.93 MBSF
159,959,C,10,H,78.3,88.2,late Miocene-early Pliocene,"NANNOFOSSIL CHALK WITH FORAMS AND CLAY and CLAYEY NANNOFOSSIL CHALK Major Lithologies: Dominant lithology is greenish gray (5GY 5/1) to dark gray (5GY 4/1) NANNOFOSSIL CHALK WITH FORAMS AND CLAY alternating with 15-30-cm-thick beds of darker CLAYEY NANNOFOSSIL CHALK. Lighter intervals are thinly color banded with greenish glauconitic layers and are burrowed. Zoophycos burrows occur in Sections 3, 5, and 6. Some burrow fills are slightly brownish and richer in organic matter. The sediment is moderately to heavily bioturbated throughout.",CORE 78.3 - 88.2 MBSF
159,959,C,11,H,87.8,97.93,late Miocene,"NANNOFOSSIL CHALK, NANNOFOSSIL CHALK WITH FORAMS and GLAUCONITIC FORAM NANNOFOSSIL CHALK Major Lithologies: These three lithologies are inter laminated on a 1-cm scale, slightly bioturbated with gradational contacts. Lighter colors (5Y 7/2) are richer in foraminifers; darker colors (5Y 5/2) are richer in glauconite and pyrite, and are more distinctly and finely laminated. Pyrite specks scattered throughout, concentrated in glauconitic laminae, and locally replacing burrows as nodules. Some of the glauconitic laminae are distinctly coarser grained, possibly lags in Sections 1 (136 cm) and 2 (132-134 cm). Other glauconitic ""laminae"" appear much darker, fine- grained, possibly hardgrounds in Sections 2 (136 cm) and 5 (118 cm and 30 cm), the latter has an oxidized brown color.",CORE 87.8 - 97.93 MBSF
159,959,C,12,H,97.3,107.33,late Miocene,NANNOFOSSIL CHALK WITH FORAMS AND CLAY Major Lithology: Alternating beds of lighter (5GY 5/1) and darker (5GY 4/1) gray NANNOFOSSIL CHALK WITH FORAMS AND CLAY with some interbeds of dark gray (10Y 4/1) NANNOFOSSIL CHALK WITH FORAMS AND CLAY. Glauconite- and pyrite-rich bands are recognized throughout. The core is slightly to moderately bioturbated.,CORE 97.3 - 107.33 MBSF
159,959,C,13,H,106.8,116.75,late Miocene,"NANNOFOSSIL CHALK WITH CLAY AND FORAMS Major Lithology: NANNOFOSSIL CHALK WITH CLAY AND FORAMS with broad color variations related to slight differences in the clay and foraminifer content. Thin (1-2 cm) olive green beds of 2.5/0 GLAUCONITE NANNOFOSSIL 2.5G CHALK WITH CLAY AND FORAMS 2.5/0 occur periodically throughout and may reflect a cyclicity in sedimentation. Pyrite occurs locally in small nodules and is disseminated throughout this interval. At 52-57 cm in Section 3, a thin clay bed is developed, which correlates with 159-959A-12H-5, 0-5 cm and 159-959B-12H-CC, 30-35 cm. ",CORE 106.8 - 116.75 MBSF
159,959,C,14,H,116.3,126.37,late Miocene,"NANNOFOSSIL CHALK WITH FORAMS AND CLAY Major Lithology: Laminated gray NANNOFOSSIL CHALK WITH FORAMS AND CLAY with two minor lithologies, brown NANNOFOSSIL CHALK WITH FORAMS and greenish GLAUCONITIC NANNOFOSSIL CHALK. Pyrite specks are scattered throughout. The core is slightly bioturbated and laminae are usually faint.",CORE 116.3 - 126.37 MBSF
159,959,C,15,H,125.8,135.78,late Miocene,"NANNOFOSSIL CHALK WITH CLAY, NANNOFOSSIL CHALK WITH FORAMS AND CLAY and GLAUCONITIC NANNOFOSSIL CHALK WITH CLAY Major Lithologies: Interbedded interval comprising a sequence of alternations of light greenish gray NANNOFOSSIL CHALK WITH CLAY which grades upward into NANNOFOSSIL CHALK WITH FORAMS AND CLAY and is overlain by a GLAUCONITIC NANNOFOSSIL CHALK WITH CLAY. These alternations range in thickness from 10 to 50 cm. Pyrite is disseminated throughout all lithologies. However, it is most abundant in the NANNOFOSSIL CHALK WITH FORAMS AND CLAY where it also occurs as small nodules, concretions, thin laminae. ",CORE 125.8 - 135.78 MBSF
159,959,C,16,H,135.3,145.28,late Miocene,"NANNOFOSSIL CHALK WITH CLAY, NANNOFOSSIL CHALK WITH CLAY AND FORAMS and GLAUCONITIC NANNOFOSSIL CHALK WITH CLAY Major Lithologies: Three types of chalk with clay (NANNOFOSSIL CHALK WITH CLAY, NANNOFOSSIL CHALK WITH CLAY AND FORAMS, and GLAUCONITIC NANNOFOSSIL CHALK WITH CLAY), are inter-laminated, producing a color- banded appearance to the core. The core is slightly bioturbated with diffuse boundaries between lithotypes. Pyrite is disseminated throughout the core and concentrated in a few burrows and some of the glauconitic laminae. Some of the glauconitic laminae (in all sections) are oxidized to a goethitic color.",CORE 135.3 - 145.28 MBSF
159,959,C,17,H,144.8,154.78,middle to late Miocene,"NANNOFOSSIL CHALK WITH FORAMS AND CLAY, GLAUCONITE NANNOFOSSIL CHALK WITH CLAY and CLAYEY FORAM NANNOFOSSIL CHALK Major Lithologies: Alternating sequence comprising cycles of greenish gray NANNOFOSSIL CHALK WITH FORAMS AND CLAY which grades upward into darker colored GLAUCONITE NANNOFOSSIL CHALK WITH CLAY forming thin distinct color bands. Clay and foraminifer abundance varies throughout the core, with clay concentrations generally increasing in lower cycles where it imparts a yellowish brown color on burrows. Pyrite is common throughout this interval, occurring as discrete nodules, thin diffuse laminae, as a disseminated component. The thickness of lithologic cycles varies from 5 to 30 cm.",CORE 144.8 - 154.78 MBSF
159,959,C,18,H,154.3,164.28,middle Miocene,"NANNOFOSSIL CLAY Major Lithology: Light brownish gray (5Y 5/1) NANNOFOSSIL CLAY grades locally into CLAY WITH NANNOFOSSILS. Slightly bioturbated throughout but more heavily bioturbated in Sections 1 and 2. Greenish, blackish, and dark brownish thin color bands are present. Pyrite nodules are disseminated from top to bottom of the core. Yellowish brown CLAY WITH SIDERITE occurs as burrow fills in Sections 2 and 6. Siderite, up to 15%, is included in this clay. The bottom of the core shows ""flow in"". ",CORE 154.3 - 164.28 MBSF
159,959,C,19,H,163.8,172.66,middle Miocene,"CLAYEY NANNOFOSSIL CHALK Major Lithology: Greenish-gray (5GY 5/1-5GY 6/1) CLAYEY NANNOFOSSIL CHALK grades into the two minor lithoiogies (see below). The core is slightly bioturbated, glauconitic, and has disseminated pyrite and foraminifer tests. Several siderite-rich bands and spots (10YR 6/3) occur. Minor Lithoiogies: NANNOFOSSIL CLAY WITH SIDERITE (5GY 5/1-5Y 6/2) occurs in Section 1. In section 2 it grades into the dominant lithology. CLAY (5Y 5/2) occurs in Sections 1 (10�12 cm), (42-50 and 95-105 cm), (80-92 and 105-120 cm), and 6 (0-12 and 48-60 cm).",CORE 163.8 - 172.66 MBSF
159,959,C,20,H,173.3,179.63,middle Miocene,"CLAYEY NANNOFOSSIL CHALK Major Lithology: Greenish gray (5GY 5/1-5GY 6/1) CLAYEY NANNOFOSSIL CHALK is glauconitic, siderite-rich (10YR 6/3), and contains disseminated pyrite and foraminifer tests. This core is slightly bioturbated. Thin layers are seen with siderite and clay concretions throughout the core. Minor Lithologies: CLAY (5Y 5/2) horizons occur in Section 3 (5-10 and 68-73 cm). A very thin lamina of CLAYEY SIDERITE (with 75% siderite crystals) occurs in Section 3 (70 cm).",CORE 173.3 - 179.63 MBSF
