Expedition.Leg,Site_Number,Hole,Core_Number,Core_Type,Core_Top_MBSF,Core_Bottom_MBSF,Age,Description,Core_ID
169,1036,A,1,H,0,9.64,Holocene to Late Pleistocene,"CLASTIC SULFATE and SILTY CLAY Major lithologies: Collapsed chimney sulfide sands and clasts. Sections 169-1036A-1H-1, 0 cm through 1H-5,10 cm are an unconsolidated mixture of partly to completely dissaggregated, pebble- to sand-size, brown (10YR 5/3) to grayish green (5GY 5/1) chimney clasts. The collapse may have been partially caused by anhydrite dissolution. The clast size decreases to sand down-core and the upper part of the unit (Section 169-1035-1H-1, 0-55 cm) is slightly oxidized. The pebble-size clasts are composed of 1) relatively monomineralic, white, 2-4 mm long anhydrite fibers and 1-5 mm long euhedral crystals; 2) relatively monomineralic, very fine-grained pyrrhotite (� pyrite and sphalerite (?)); 3) complex intergrowths of anhydrite, pyrrhotite, � pyrite, sphalerite, and greenish Unit IX gray clay (Mg smectite?); and 4) rare 1-2 mm clasts of orange brown, oxidized pyrite burrows (?). The anhydrite is now very soft and friable and is likely almost all gypsum. Sulfide content ranges from 20 to 25%. Gypsum/anhydrite content ranges from 50 to 60%. Major lithologies: Homogeneous, greenish gray (5Y 5/1) SILTY CLAY with rare thin laminations and lenses of SILT. Lower portion (Section 169-1036A-1H-7, 0-49 cm) is bluish gray (5G 6/1); color may be indicative of slight alteration. Dolomitized burrows are present in Section 169-1036A-1H-7, 24 and 37 cm. Disseminated sulfides (pyrite?) are present in trace amounts near the base of Subunit IA the interval.",CORE  0 - 9.64  MBSF
169,1036,A,2,H,9.5,19.36,Late Pleistocene,"SILTY CLAY Major Lithology: Gray (5Y 5/1) to dark gray (N4) SILTY CLAY with anhydrite and pyrite disseminations and nodules. Several 1-3 cm white dolomite nodules occur in Interval 169-1036A-2H-2, 57-66 cm.",CORE  9.5 - 19.36  MBSF
169,1036,A,3,H,19,28.81,Late Pleistocene,"SILTY CLAY Major lithologies: Gray (N 5) homogeneous SILTY CLAY with abundant disseminated anhydrite and anhydrite nodules. Anhydrite occurs as clasts from 0.5 to 3 cm in diameter and as individual crystals up to 1 cm long. It comprises up to 7% of the core. Pyrite is present as disseminated crystals, fine-grained patches, and nodules from 3H-2, 97 cm downward, but generally makes up less than 2% of the core.",CORE  19 - 28.81  MBSF
169,1036,A,4,H,28.5,33.43,Late Pleistocene,"SILTY CLAY and SILT Major Lithology: Gray (N5) SILTY CLAY with minor 1-2 mm wide anhydrite veins and disseminated pyrite. The whole Subunit IC sequence is strongly disturbed by drilling. Void space, complex mixture of core liner and sediment. Major Lithology: Gray (N4), moderately indurated SILT with a few mm-thick veins of anhydrite and weak pyrite disseminations (2-5%).",CORE  28.5 - 33.43  MBSF
169,1036,A,5,X,33,33.35,Late Pleistocene,"SILTSTONE Major Lithology: Dark gray (N4), intensely clay-altered SILTSTONE rubble with a few crystals of anhydrite. ",CORE  33 - 33.35  MBSF
169,1036,A,6,X,37.5,37.7,Late Pleistocene,"SILTSTONE AND SILTY CLAYSTONE Major lithology: Gray (N6) to dark gray (N4), clay-altered SILTSTONE and SILTY CLAYSTONE.",CORE  37.5 - 37.7  MBSF
