Expedition.Leg,Site_Number,Hole,Core_Number,Core_Type,Core_Top_MBSF,Core_Bottom_MBSF,Age,Description,Core_ID
169,1036,B,1,H,0,8.69,Holocene to Late Pleistocene,"SILTY CLAY Major Lithologies: Dominantly weakly indurated gray (5Y 5/1) to dark greenish gray (5GY 4/1) calcareous SILTY CLAY. The upper 150 cm is nonindurated and displays a variety of colors (olive gray, 5Y 4/2; olive brown, 2.5Y 4/1; dark reddish brown, 5YR 3/4) that are likely associated with oxidation. Gas voids are present in Section 169-1036B- 1H-1, 0.5 to 2 cm and are common between 89 and 125 cm. Diatoms are also present in Section 169-1035B-1H-1. Rare SILT interbeds fine upward and display parallel lamination. Mineralized (carbonate) burrows are common as are small pockets of pyrite and foraminifera-rich sand. A Zoophycus- burrowed, reddish gray (5R 5/1) SILTY CLAY bed is present in Section 169-1035B- 1H-5, 7 to 40 cm. The Zoophycus bed has a relatively high magnetic susceptibility.",CORE  0 - 8.69  MBSF
169,1036,B,2,H,8.7,18.63,Late Pleistocene,"SILTY CLAY Major Lithology: Dark gray (N4) to greenish gray (5GY 4/1), weakly indurated SILTY CLAY with commonly disseminated pyrite (<2%). Section 169-1036B-2H-2 contains a few parallel laminations of SILT. The entire core is characterized by pyrite dissemination and dolomite and calcite nodules and cements. Minor Lithology: Homogeneous greenish gray dolomicrite in Interval 169-1035B-2H-4, 40-55 cm. Minor Lithology: Dark gray (N3) sulfide-rich SILTY CLAY in Interval 1035B-2H-5, 70-130 cm. Calcite nodules in this interval have rough surfaces and have partial sulfide replacement within.",CORE  8.7 - 18.63  MBSF
169,1036,B,3,H,18.2,27.85,Late Pleistocene,SILTY CLAY Major lithology: Gray (5Y 5/1) to greenish gray (5GY 5/1) SILTY CLAY interbedded with a few silty layers. The entire core shows disseminations of anhydrite and pyrite (<1%). Section 169-1035B-3H-5 and the upper 30 cm of Section 169-1035B-3H-1 are comprised of carbonate and dolomite nodules/concretions.,CORE  18.2 - 27.85  MBSF
169,1036,B,4,X,27.7,36.6,Late Pleistocene,SILTY CLAY Major lithologies: Gray (5Y 5/1) SILTY CLAY with minor layers/lenses of SILT and FINE SAND layers. The core contains disseminated pyrite and anhydrite throughout.,CORE  27.7 - 36.6  MBSF
169,1036,B,5,X,37.3,44.78,Late Pleistocene,"SILTY CLAY and CLAYEY SILT Major lithologies: Nonindurated, homogeneous, gray (N6) SILTY CLAY with very fine disseminated pyrite (<1%) throughout. Major lithologies: Gray (N6), slightly indurated CLAYEY SILT to SILT with fine-grained disseminated pyrite and <1 to 4 cm diameter patches of pyrite (60%) and sediment (40%). Parallel laminations and rare cross laminations are also present. Anhydrite is absent. SILT interval at 169-1036A-5X-CC, 22-35 cm contains 1-2% very fine-grained pyrite as disseminations along select laminae and several sub-cm pockets of very fine-grained pyrite in higher concentrations (70%).",CORE  37.3 - 44.78  MBSF
169,1036,B,6,X,45.2,47.27,Late Pleistocene,"SILTY CLAYSTONE Major lithologies: Well indurated, gray (N6) SILTY CLAYSTONE with rare dolomite and calcite nodules, trace disseminated pyrite, and local pyrite/sediment patches. Thin intervals of SILT and CLAYEY SILT are present in Sections 169-1036B-1X-1, 13-16 cm and 1X-2, 70-75 cm.",CORE  45.2 - 47.27  MBSF
