Expedition/Leg,Site,Hole,Core Number,Core Type,Top depth cored (m),Bottom depth recovered (m),Age,Description,Core ID
138,847,B,1,H,0,6.59,Pleistocene,"RADIOLARIAN NANNOFOSSIL DIATOM OOZE WITH FORAMINIFERS AND CLAY and NANNOFOSSIL OOZE Major Lithologies: The first three sections of this core are composed of greenish gray RADIOLARIAN NANNOFOSSIL DIATOM OOZE WITH FORAMINIFERS & CLAY, interbedded with light greenish gray more nannofossil rich sediment. Below the top of Section 4, the dominant lithology is light greenish gray NANNOFOSSIL OOZE. Minor Lithologies: The mudline, Section 1, 0-50 cm, is olive brown (2.5Y 4/4) CLAYEY NANNOFOSSIL OOZE WITH FORAMINIFERS, and olive brown (2.5Y4/4) FORAMINIFER CLAYEY NANNOFOSSIL OOZE. General Description: TRACE FOSSILS: A few solid, pyrite- rich, burrows occur throughout the core, and Zoophycos is present where indicated in the structures column. BANDING CONTRAST: Slight. ",CORE 0 - 6.59 MBSF
138,847,B,2,H,6.5,16.08,Pleistocene,"FORAMINIFER NANNOFOSSIL OOZE WITH DIATOMS and NANNOFOSSIL OOZE WITH FORAMINIFERS Major Lithologies: Down to about Section 4, 30 cm, this core is composed of light gray FORAMINIFER NANNOFOSSIL OOZE WITH DIATOMS with moderate to heavy bioturbation. Below Section 4, 30 cm, the core consists of white NANNOFOSSIL OOZE WITH FORAMINIFERS with slight to moderate bioturbation. General Description: TRACE FOSSILS: Rind burrows with dark gray diagenetic haloes, solid burrows are common and Zoophycos occurs where indicated in structure column. BANDING CONTRAST: Slight to moderate. ",CORE 6.5 - 16.08 MBSF
138,847,B,3,H,16,26.02,Pleistocene,NANNOFOSSIL OOZE Major Lithology: This core is entirely light gray NANNOFOSSIL OOZE with slight to moderate bioturbation. Light greenish gray (5GY 7/1) and gray (N 5) mottling and color laminations occur throughout the core. General Description: TRACE FOSSILS: Some solid and rinc burrows and a few Zoophycos are present. BANDING CONTRAST: Slight. ,CORE 16 - 26.02 MBSF
138,847,B,4,H,25.5,35.58,Pleistocene,"FORAMINIFER DIATOM NANNOFOSSIL OOZE WITH RADIOLARIANS Major Lithology: The dominant lithology is light gray to light greenish gray, mottled FORAMINIFER DIATOM NANNOFOSSIL OOZE WITH RADIOLARIANS. Trace amounts of pyrite and dark bluish black mottling are present thoughout. There is no color banding absent except for a slightly darker band in Section 7, 50-80 cm. Several bundles of dark purplish laminations are present, as indicated opposite. Minor Lithology: A thin band of pale gray (N 6) DIATOM FORAMINIFER NANNOFOSSIL OOZE occurs in Section 7, 30-32 cm. General Description: TRACE FOSSILS: Solid burrows and lanolites are most common. There are some Zoophycos structures. BANDING CONTRAST: Moderate. ",CORE 25.5 - 35.58 MBSF
138,847,B,5,H,35,45.09,Pleistocene,"FORAMINIFER DIATOM NANNOFOSSIL OOZE WITH RADIOLARIANS, and NANNOFOSSIL DIATOM OOZE WITH RADIOLARIANS FORAMINFERS AND CLAY Major Lithologies: The dominant lithology is light gray to greenish gray FORAMINIFER DIATOM NANNOFOSSIL OOZE WITH RADIOLARIANS. This lithology is mottled with dark bluish black color bands throughout, and interbedded with greenish gray NANNOFOSSIL DIATOM OOZE with RADIOLARIANS, FORAMINFERS and CLAY. Horizons of diatom-rich burrow fills occur at Section 3,110 cm to Section 4, 20 cm and Section 4, 78-102 cm. General Description: TRACE FOSSILS: Bioturbation is strong to moderate throughout, with solid burrows and Planolites common. A partly open burrow in Section 5, 110-130 cm, is coated with pyrite-rich material. BANDING CONTRAST: Moderate. ",CORE 35 - 45.09 MBSF
138,847,B,6,H,44.5,54.6,upper Pliocene,"FORAMINIFER DIATOM NANNOFOSSIL OOZE WITH RADIOLARIANS and FORAMINIFER NANNOFOSSIL DIATOM OOZE WITH CLAY Major Lithologies: This core consists of interbedded light gray FORAMINIFER DIATOM NANNOFOSSIL OOZE WITH RADIOLARIANS and olive gray to olive FORAMINIFER NANNOFOSSIL DIATOM OOZE WITH CLAY. Minor Lithologies: Section 7, 30 cm to the bottom of the core is composed of olive DIATOM OOZE WITH NANNOFOSSILS AND FORAMINIFERS. General Description: TRACE FOSSILS: Bioturbation varies throughout the core from slight to moderate in the lighter colored intervals to heavy within the darker intervals. Solid burrows, and Planolites are abundant; Zoophycos and Chondrites are also present. BANDING CONTRAST: Moderate. ",CORE 44.5 - 54.6 MBSF
138,847,B,7,H,54,64.1,upper Pliocene,"FORAMINIFER DIATOM NANNOFOSSIL OOZE WITH RADIOLARIANS, FORAMINIFER DIATOM NANNOFOSSIL OOZE, CLAYEY DIATOM OOZE WITH NANNOFOSSILS, RADIOLARIANS AND FORAMINIFERS Major Lithologies: The dominant lithologies are, for most of Sections 1,2,3 and 6, light olive gray to light gray FORAMINIFER DIATOM NANNOFOSSIL OOZE WITH RADIOLARIANS (with approximately 30% diatoms), and for Sections 4,5 and 7, light gray FORAMINIFER DIATOM NANNOFOSSIL OOZE (with approximately 15% diatoms). Interbedded with the FORAMINIFER DIATOM NANNOFOSSIL OOZE WITH RADIOLARIANS is olive gray (5Y 4/2) CLAYEY DIATOM OOZE WITH NANNOFOSSILS, RADIOLARIANS AND FORAMINIFERS (with approximately 50% diatoms). General Description: TRACE FOSSILS: Bioturbation is strong to moderate throughout, with Planolites and solid burrows common and Zoophycos in Section 2. BANDING CONTRAST: Moderate to high. ",CORE 54 - 64.1 MBSF
138,847,B,8,H,63.5,72.83,upper Pliocene,"DIATOM FORAMINIFER NANNOFOSSIL OOZE WITH RADIOLARIANS Major Lithology: Sediments in this core are mostly DIATOM FORAMINIFER NANNOFOSSIL OOZE WITH RADIOLARIANS. Colors range from light gray (5Y 7/1) to gray (5Y 6/1), but banding is very weak and difficult to discern by eye. Darker gray mottling and lamination appears to be diagenetic. Minor Lithology: The darkest bands in this core are FORAMINIFER DIATOM NANNOFOSSIL OOZE WITH RADIOLARIANS, composed of 60 % nannofossils, 20 % diatoms, and 10 % each foraminifers and radiolarians. General Description: TRACE FOSSILS: Burrow mottling is extensive, but discrete burrows are not clearly visible. BANDING CONTRAST: Slight. ",CORE 63.5 - 72.83 MBSF
138,847,B,9,H,73,83.12,upper Pliocene,"DIATOM NANNOFOSSIL OOZE and RADIOLARIAN NANNOFOSSIL DIATOM OOZE Major Lithologies: Sediments consist of light gray DIATOM NANNOFOSSIL OOZE banded throughout with light greenish gray and purplish gray colors. Small pyrite concretions are found which appear to partially fill burrows. There are two intervals of darker colored (5Y 6/2 to 5Y 5/2) RADIOLARIAN NANNOFOSSIL DIATOM OOZE. General Description: TRACE FOSSILS: Much of the core is characterized by only slight bioturbation. The two intervals containing the more siliceous material however, show moderate to strong bioturbation. Planolites and solid burrows are common, though several open burrows and Zoophycos are also found. Burrows commonly are surrounded with purplish-gray haloes. BANDING CONTRAST: High contrast in most of the core. ",CORE 73 - 83.12 MBSF
138,847,B,10,H,82.5,92.68,upper Pliocene,"DIATOM NANNOFOSSIL OOZE WITH RADIOLARIANS Major Lithology: The sediments consist of light gray DIATOM NANNOFOSSIL OOZE WITH RADIOLARIANS banded throughout with light greenish gray and purplish gray colors. General Description: TRACE FOSSILS: Only slight bioturbation is apparent throughout the core. Solid burrows and Planolites are most common. BANDING CONTRAST: Moderate to high banding contrast occurs in the purplish-gray and light greenish gray color bands. Fine laminations are also present throughout much of the core. NOTE: A small calcium carbonate concretion is found in Section 6, 10-12 ",CORE 82.5 - 92.68 MBSF
138,847,B,11,H,92,101.51,upper Pliocene,"DIATOM NANNOFOSSIL OOZE WITH RADIOLARIANS Major Lithology: Sediments consist of light gray DIATOM NANNOFOSSIL OOZE WITH RADIOLARIANS, which is banded in places with isolated dark gray (N4) diagenetic bands and laminations. General Description: TRACE FOSSILS: Bioturbation is very slight throughout the core. BANDING CONTRAST: Moderate to high. NOTE: The liner collapsed in Section 7, causing severe disturbance. ",CORE 92 - 101.51 MBSF
138,847,B,12,H,101.5,111.58,upper Pliocene,"NANNOFOSSIL OOZE WITH FORAMINFERS AND RADIOLARIANS and DIATOM RADIOLARIAN NANNOFOSSIL OOZE Major Lithologies: The sediments consist of light gray to light greenish gray NANNOFOSSIL OOZE WITH FORAMINERS AND RADIOLARIANS interbedded, on a 50-cm scale, with gray to greenish gray DIATOM RADIOLARIAN NANNOFOSSIL OOZE. Contacts are gradational between these lithologies, and bioturbation varies from slight to heavy throughout the core. Light gray and gray color banding is present on a 50 cm scale. Diagenetic laminations are also present throughout the core. eneral Description: TRACE FOSSILS: Solid burrows are jresent in the darker colored intervals. Planolites are present in Section 6. BANDING CONTRAST: Slight to moderate. ",CORE 101.5 - 111.58 MBSF
138,847,B,13,H,111,121.05,lower Pliocene,"RADIOLARIAN NANNOFOSSIL OOZE WITH FORAMINIFERS AND DIATOMS and NANNOFOSSIL OOZE Major Lithologies: The sediments grade from light greenish gray and greenish gray RADIOLARIAN NANNOFOSSIL OOZE WITH FORAMINIFERS AND DIATOMS in the upper part of the core, to very light gray and light greenish gray NANNOFOSSIL OOZE in the lower part of the core. Bioturbation is generally slight throughout, and diagenetic color banding and laminae are present. General Description: TRACE FOSSILS: A few solid burrows are present, particularly in Sections 1 and 2. BANDING CONTRAST: Moderate to high color banding contrast and laminations are present. NOTE: A micritic burrow and micritic concentration are present in Section 1, 100 cm, and Section 3, 30 cm respectively. ",CORE 111 - 121.05 MBSF
138,847,B,14,H,120.5,130.35,lower Pliocene,NANNOFOSSIL OOZE and DIATOM NANNOFOSSIL OOZE Major Lithologies: The sediments are very light gray to light greenish gray NANNOFOSSIL OOZE grading into very light gray and light olive gray DIATOM NANNOFOSSIL OOZE in the lower part of the core. Bioturbation and mottling are light in Sections 1-4 and very heavy throughout the diatom-rich but some rind burrows are visible in Sections 3-7. BANDING CONTRAST: Slight to none. ,CORE 120.5 - 130.35 MBSF
138,847,B,15,H,130,139.71,lower Pliocene,"DIATOM NANNOFOSSIL OOZE and NANNOFOSSIL DIATOM OOZE Major Lithologies: This core is composed of light gray DIATOM NANNOFOSSIL OOZE interbedded with light olive gray NANNOFOSSIL DIATOM OOZE. Although there is significant mixing and interbedding of these two lithologies, DIATOM NANNOFOSSIL OOZE is dominant down to the bottom of Section 4, and NANNOFOSSIL DIATOM OOZE is dominant below the top of Section 5. Mottling is moderate to extensive throughout the entire core. Minor Lithology: The bottom of Section 4, and the bottom of Section 7 are composed of white RADIOLARIAN NANNOFOSSIL OOZE with slight to moderate bioturbation. General Description: TRACE FOSSILS: Chondrites are present in the top half of Section 2. Rind burrows are present in Section 2, 15-20 cm, and 100 cm, and Section 3, 16 cm. Some solid burrows are filled with of pyrite. BANDING CONTRAST: Moderate to high. ",CORE 130 - 139.71 MBSF
138,847,B,16,X,139.5,148.98,lower Pliocene,"DIATOM NANNOFOSSIL OOZE Major Lithology: This core is composed entirely of white DIATOM NANNOFOSSIL OOZE with slight to moderate bioturbation. Mottling and bands are gray (N 6), light gray (5Y 7/1) and light greenish gray (5G 7/1). General Description: TRACE FOSSILS: No distinct trace fossils are present. BANDING CONTRAST: Slight to moderate. ",CORE 139.5 - 148.98 MBSF
138,847,B,17,X,145.8,155.13,lower Pliocene,"NANNOFOSSIL OOZE WITH DIATOMS Major Lithology: This core is composed of white, slightly to moderately bioturbated NANNOFOSSIL OOZE WITH DIATOMS. Gray (N6) and light green gray (5G 7/1) mottling occurs throughout the core. General Description: TRACE FOSSILS: Other than a few solid burrows, no distinct trace fossils can be identified. BANDING CONTRAST: Slight. ",CORE 145.8 - 155.13 MBSF
138,847,B,18,X,155.4,165.09,lower Pliocene,"NANNOFOSSIL OOZE WITH FORAMINIFERS AND DIATOMS Major Lithology: The dominant lithology of this core is light gray, slightly to moderately bioturbated NANNOFOSSIL OOZE WITH FORAMINIFERS AND DIATOMS. Diagenetic mottles and bands are gray (5Y 6/1) and dark gray (N 4). Burrows are commonly filled with a diatom-rich material. General Description: TRACE FOSSILS: A few solid burrows are scattered throughout the core, but for the most part there are very few distinct trace fossils. BANDING CONTRAST: Slight to moderate. ",CORE 155.4 - 165.09 MBSF
138,847,B,19,X,164.7,174.52,lower Pliocene,"RADIOLARIAN DIATOM NANNOFOSSIL OOZE WITH FORAMINIFERS Major Lithology: Sediments of this core consist of slightly mottled, light gray to gray RADIOLARIAN DIATOM NANNOFOSSIL OOZE WITH FORAMINIFERS. Purplish gray to light greenish gray color bands occur throughout. Darker intervals contain slightly greater proportions of diatoms and radiolarians and less foraminifers. General Description: TRACE FOSSILS: Bioturbation is moderate with mostly solid burrows, Planolites and Chondrites present. However, definitive distinction is difficult because of coring and splitting disturbance. Several burrows are filled with a gray (5Y 5/1) diatom-rich material. BANDING CONTRAST: Slight. ",CORE 164.7 - 174.52 MBSF
138,847,B,20,X,173.9,183.24,lower Pliocene,"FORAMINIFER DIATOM NANNOFOSSIL OOZE and NANNOFOSSIL DIATOM OOZE Major Lithologies: The dominant lithologies are interbedded light gray FORAMINIFER DIATOM NANNOFOSSIL OOZE WITH RADIOLARIANS and 5-50 cm beds of light olive gray NANNOFOSSIL DIATOM OOZE. Primary laminations are present as shown within the diatom ooze intervals with white, very thin laminations of monospecific (Thalassiothrix longissima) ooze interlaminated with olive-colored fine laminations of mixed diatom species material. General Description: TRACE FOSSILS: Bioturbation is generally moderate to strong except in the diatom ooze intervals, where it is light or absent. Solid burrows and Planolites are common and Chondrites is often seen within darker diatom-rich burrow fills. BANDING CONTRAST: There is moderate contrast in variation between the diatom ooze and nannofossil ooze. ",CORE 173.9 - 183.24 MBSF
138,847,B,21,X,183.5,193.35,upper Miocene,"RADIOLARIAN DIATOM NANNOFOSSIL OOZE and NANNOFOSSIL DIATOM OOZE Major Lithologies: Sediments alternate between two distinct lithologies: white to light gray RADIOLARIAN DIATOM NANNOFOSSIL OOZE and light olive gray NANNOFOSSIL DIATOM OOZE. The lighter material has purplish gray to light greenish gray diagenetic mottling. The darker NANNOFOSSIL DIATOM OOZE is laminated in Section 3, 90-103 cm and Section 5, 55-130 cm. General Description: TRACE FOSSILS: Bioturbation varies from slight within the diatom-rich interval to moderate within the lighter colored nannofossil-rich sediment. Chondrites, Planolites, and solid burrows are present although the rough surface texture of the core makes complete distinction of trace fossils difficult. BANDING CONTRAST: Moderate. ",CORE 183.5 - 193.35 MBSF
138,847,B,22,X,193.2,202.97,upper Miocene,"DIATOM NANNOFOSSIL OOZE WITH FORAMINIFERS and DIATOM NANNOFOSSIL OOZE Major Lithologies: The top 3 sections are dominated by light gray DIATOM NANNOFOSSIL OOZE WITH FORAMINIFERS. Sections 4-7 are mainly darker gray DIATOM NANNOFOSSIL OOZE. Sections 5 and 6 are speckled with small patches of black pyrite. Minor Lithology: The light olive gray band of NANNOFOSSIL DIATOM OOZE, from Section 3, 130 cm to Section 4, 50 cm, is laminated on the sub-mm scale. Lamination is disturbed by core splitting, causing a rough surface. General Description: TRACE FOSSILS: Bioturbation is weak to moderate throughout the core, but absent in the laminated zone in the bottom of Section 3 and top of Section 4. BANDING CONTRAST: Very weak contrast exists between different shades of light gray (N 7 and 5Y 7/1). Strong contrast occurs with the light olive gray laminated band. Speckling with the black pyrite(?) obscures the burrowing. ",CORE 193.2 - 202.97 MBSF
138,847,B,23,X,202.8,212.43,upper Miocene,DIATOM NANNOFOSSIL OOZE WITH RADIOLARIANS AND FORAMINIFERS Major Lithology: The entire core consists of light gray DIATOM NANNOFOSSIL OOZE WITH RADIOLARIANS AND FORAMINIFERS Sediments are slightly indurated and have been fractured near the bottom portion of the core. Faint light olive gray (5Y 6/2) color banding occurs in Section 6. General Description: TRACE FOSSILS: Only slight bioturbation is seen throughout the core with solid burrows and Planolites most common. BANDING CONTRAST: Slight. ,CORE 202.8 - 212.43 MBSF
138,847,B,24,X,212.5,222.27,upper Miocene,"FORAMINIFER DIATOM NANNOFOSSIL OOZE WITH RADIOLARIANS Major Lithology: The lithology throughout the core is light gray FORAMINIFER DIATOM NANNOFOSSIL OOZE WITH RADIOLARIANS, which is mottled with light olive gray, relatively diatom-rich burrow fills and speckled with dark bluish black. General Description: TRACE FOSSILS: Bioturbation is moderate throughout with Planolites and solid burrows commonly dotted with Chondrites. BANDING CONTRAST: Slight. Two darker bands in Sections 5 and 6 have slight color contrast. ",CORE 212.5 - 222.27 MBSF
138,847,B,25,X,222.2,232.01,upper Miocene,"DIATOM NANNOFOSSIL OOZE WITH RADIOLARIANS AND FORAMINIFERS Major Lithology: This core consists of light gray DIATOM NANNOFOSSIL OOZE WITH RADIOLARIANS AND FORAMINIFERS. Burrows are filled with a slightly darker colored (2.5Y 7/2) material. Purplish gray and light greenish gray diagenetic mottling is present. Altogether, a rather boring core. General Description: TRACE FOSSILS: Weak bioturbation occurs mostly as Planolites and solid burrows. BANDING CONTRAST: Slight. ",CORE 222.2 - 232.01 MBSF
138,847,B,26,X,231.9,232.04,upper Miocene,CHERT Major Lithology: Only 14 cm of dark gray to black CHERT fragments were recovered from the core catcher. ,CORE 231.9 - 232.04 MBSF
138,847,B,27,X,241.5,241.54,upper Miocene,"CHERT Major Lithology: CC, 0-4 cm consists of dark gray to black CHERT fragments. ",CORE 241.5 - 241.54 MBSF
