Expedition.Leg,Site_Number,Hole,Core_Number,Core_Type,Core_Top_MBSF,Core_Bottom_MBSF,Age,Description,Core_ID
161,974,C,1,H,0,4.36,Pleistocene,"NANNOFOSSIL CLAY TO NANNOFOSSIL-RICH CLAY Major Lithology: The core consists of homogeneous to thinly color banded NANNOFOSSIL CLAY TO NANNOFOSSIL-RICH CLAY, with locally dispersed foraminifers. Minor Lithology: Thin layers of olive gray (5Y 4/1) ash are distributed throughout the core.",CORE  0 - 4.36  MBSF
161,974,C,2,H,4.3,14.14,Pleistocene,NANNOFOSSIL-RICH CLAY Major Lithology: Color banding within NANNOFOSSIL- RICH CLAY includes subtle variations from light olive gray (5Y 6/1) to olive gray (5Y 4/1) Minor Lithologies: Ash layers range in color from dark gray (N4) to olive gray (5Y 4/1) and are locally altered to zeolites. One bed of nannofossil ooze is present in Section 6. General Description: Nannofossil-rich clay and ash layers are interbedded throughout the core.,CORE  4.3 - 14.14  MBSF
161,974,C,3,H,13.8,23.93,Pleistocene,NANNOFOSSIL CLAY AND NANNOFOSSIL OOZE Major Lithology: The core consists of NANNOFOSSIL CLAY AND NANNOFOSSIL OOZE. Minor Lithology: The ash layers range in color from grayish black to light olive gray (5Y 3/2) and are locally altered to zeolites. General Description: Color banding within the nannofossil clay and nannofossil ooze ranges from light olive gray (5Y 5/2) to light olive gray (5Y 6/1).,CORE  13.8 - 23.93  MBSF
161,974,C,4,H,23.3,33,Pleistocene,"NANNOFOSSIL CLAY TO NANNOFOSSIL-RICH CLAY Major Lithology: NANNOFOSSIL CLAY TO NANNOFOSSIL-RICH CLAY exhibits moderate color banding ranging from light olive gray (5Y 5/2) to pale olive gray (10Y 6/2) to moderate olive brown (5Y 4/4). Minor Lithologies: Ash layers range from brownish black (5YR 2/1) to medium gray and are locally altered to zeolites. Minor lithologies include nannofossil ooze and nannofossil-rich silty clay. General Description: There are two organic-rich layers at 124-130 cm in Section 4, and at 37-59 cm in Section 5.",CORE  23.3 - 33  MBSF
161,974,C,5,H,32.8,42.88,Pleistocene,"NANNOFOSSIL-RICH CLAY TO NANNOFOSSIL CLAY AND ZEOLITIC SILTY Major Lithology: The predominant lithologies are interbedded light olive gray (5Y 5/2) and grayish olive (10Y 4/2) NANNOFOSSIL-RICH CLAY to NANNOFOSSIL CLAY and ZEOLITIC SILTY CLAY. Color bands of dark greenish gray (5G 4/1) to olive gray (5Y 3/2) are common. Intervals of zeolitic silty clay, sometimes graded, contain at most a few percent volcanic glass. General Description: Laminae and layers of ash are common throughout the core. Organic- rich layers are present in Section 1 at 20-31.5 cm, Section 2 at 5.5-24 cm and 86-90 cm, and Section 3 at 72-73 cm.",CORE  32.8 - 42.88  MBSF
161,974,C,6,H,42.3,52.37,Pleistocene,"NANNOFOSSIL-RICH SILTY CLAY TO NANNOFOSSIL-RICH CLAY Major Lithology: The predominant lithology is light olive gray (5Y 5/2) to pale olive (10Y 6/2) NANNOFOSSIL-RICH SILTY CLAY to NANNOFOSSIL-RICH CLAY. Color bands ranging from grayish olive (10Y 4/2) to yellowish gray (5Y 7/2) to greenish black (5GY 2/1) alternate throughout the core. Dispersed ash and thin ash layers are common. Minor Lithology: Several intervals of grayish olive (10Y 4/2) to light olive gray (5Y 5/2) zeolitic silty clay, one of which is normally graded, are present as a minor lithology. Intervals of zeolitic silty clay too thin to indicate on the barrel sheet are present in Sections 1, 2, and 3. General Description: Greenish black (5GY 4/1 and 5GY 2/1) and olive gray (5Y 4/1) organic-rich layers are present in Section 5 at 36.5-46 cm and 57.5-63.5 cm, Section 6 at 25.5-30 cm, 38-39 cm(?), and 116-124 cm, and in CC at 31-37 cm. Ash laminae, ash layers, and dispersed ash are distributed throughout the core.",CORE  42.3 - 52.37  MBSF
161,974,C,7,H,51.8,61.62,Pleistocene,"NANNOFOSSIL CLAY Major Lithology: The predominant lithology is light olive gray (5Y 6/1, 5Y 5/2) to pale olive (1OY 6/2) NANNOFOSSIL CLAY with common color bands of olive gray (5Y 3/2) to dusky yellow (5Y 6/4). A few percent of silt-sized foraminifers and zeolites are disseminated throughout the core. Minor Lithology: Graded zeolitic vitric ash layers range from glass-rich silty sands at their bases to zeolite-rich silty clays at their tops. General Description: Thin silty zeolitized ash layers are common throughout the core. Thin, olive gray (10Y 4/2) organic-rich layers are present in Section 1 at 8-14.5 cm, Section 2 at 30.5-38.5 cm and 101-102 cm, Section 5 at 122-125 cm, and Section 6 at 44-47 cm.",CORE  51.8 - 61.62  MBSF
161,974,C,8,H,61.3,71.34,Pleistocene,"NANNOFOSSIL CLAY TO NANNOFOSSIL-RICH CLAY Major Lithology: The predominant lithology is pale olive (10Y 6/2) to light olive gray (5Y 5/2) NANNOFOSSIL CLAY to NANNOFOSSIL-RICH CLAY. Color bands of light olive green (5Y 6/1) to medium gray are common throughout the core. Silt-sized volcanic glass is disseminated throughout. General Description: Thin ash layers are common in Sectionsi through 4. The ashes are crystal-rich silty sands and typically contain admixed foraminifers, nannofossils, and carbonate bioclasts. Thin, grayish olive (10Y 4/2) to olive gray (5Y 3/2) organic-rich layers are present in Section 2, 70-71 cm; Section 5, 14-22 cm and 91-92 cm; Section 6, 103-105 cm; and CC, 11-15 cm.",CORE  61.3 - 71.34  MBSF
161,974,C,9,H,70.8,80.74,Pleistocene-late Pliocene,"NANNOFOSSIL CLAY Major Lithology: The predominant lithology is light olive gray (5Y 6/1 and 5Y 5/2) and pale olive (10Y 6/2) NANNOFOSSIL CLAY that contains trace amounts to a few percent of silt-sized foraminifers and zeolites. Color bands of dusky yellow (5Y 6/4) to moderate olive brown (5Y 4/4) are common throughout the core; color mottling is present in Sections 1 and 2. General Description: There is an unexplained void in Section 1, 140-150 cm. Several thin brownish gray (5YR 4/1) clay-rich, vitric ash layers are present in Sections 3 through 6, and blebs of ash are present in Section 2. Grayish olive (10Y 4/2) to brownish black (5YR 2/1) organic-rich layers are present in Section 1, 3.5-5 cm; Section 3, 42.5-43 cm; Section 4, 53-54 cm; Section 5, 27-28 cm; and Section 6, 105-107 cm.",CORE  70.8 - 80.74  MBSF
161,974,C,10,H,80.3,90.34,late Pliocene-Pleistocene,"NANNOFOSSIL SILTY CLAY Major Lithology: The predominant lithology is light olive gray (5Y 5/2) to dusky yellow (5Y 6/4) {3 and pale olive (10Y 6/2) NANNOFOSSIL SILTY CLAY. The silt- sized component is primarily nannofossils, but silt-sized glass is also disseminated throughout the core. Color bands of olive gray (5Y 4/1 and 5Y 3/2) and grayish olive green (5GY 3/2) are common, especially in association with ash layers and organic-rich layers. General Description: Light olive gray (5Y 5/2) to dark gray silty ash layers are present in Sections 2, 3, and 7. Those in Section 7 are normally graded. Olive gray (5Y 3/2) to dark gray organic-rich layers are present in Section 2, 53-57 cm and 57.5-62 cm; Section 3, 17-20 cm; Section 5, 35-45 cm; Section 6, 126-129 cm; and Section 7, 89-90.5 cm.",CORE  80.3 - 90.34  MBSF
161,974,C,11,H,89.8,99.79,late Pliocene,NANNOFOSSIL CLAY Major Lithology: The core consists of bioturbated NANNOFOSSIL CLAY deformed by slumping.,CORE  89.8 - 99.79  MBSF
161,974,C,12,H,99.3,109.23,late Pliocene,NANNOFOSSIL CLAY Major Lithology: Core consists of NANNOFOSSIL CLAY that has been bioturbated and deformed by slumping. Subtle color banding from pale yellowish brown (10YR 6/2) to dark yellowish brown (10YR 4/2) is present in a less deformed part of the core. Minor Lithology: Ash is dispersed throughout the core and occurs as medium gray to light gray discrete laminae in Sections 4 through 7. ,CORE  99.3 - 109.23  MBSF
161,974,C,13,H,108.8,118.68,late Pliocene,"NANNOFOSSIL CLAY Major Lithology: The major lithology is light olive gray (5Y 5/2) to pale yellowish brown (10YR 6/2) NANNOFOSSIL CLAY. Minor Lithologies: Olive gray (5Y 4/1) ash layers are silty at the base and grade upward to clay. Glass within these layers is locally altered to zeolites and clay minerals. General Description: Slump structures occur at 0-90 cm in Section 1. Water-escape structures occur at 50-65 cm in Section 4, below a layer of gravel-sized interclasts of other lithologies in the core, including altered tuff fragments.",CORE  108.8 - 118.68  MBSF
161,974,C,14,H,118.3,128.14,late Pliocene,"NANNOFOSSIL CLAY Major Lithology: Core consists of bioturbated NANNOFOSSIL CLAY that exhibits local color banding. The predominant lithology is greenish gray (5GY 6/1) and light olive gray (5Y 6/1 and 5Y 5/2) with common color bands of pale olive (10Y 6/2) and dusky yellow (5Y 6/4). Minor Lithology: Medium gray to dark greenish gray (5GY 4/1) ash layers, locally zeolitized, are present in Sections 1 and 2. Minor to moderate dispersed ash is present in Sections 1, 3, 5, 6, and 7.",CORE  118.3 - 128.14  MBSF
161,974,C,15,H,127.8,137.97,late Pliocene,NANNOFOSSIL CLAY TO NANNOFOSSIL OOZE Major Lithology: Thin color bands with the NANNOFOSSIL CLAY TO NANNOFOSSIL OOZE range from light olive gray (5Y 5/2) to dusky yellow (5Y 6/4). Minor Lithology: Ash is dispersed throughout the core. Ash-rich intervals of NANNOFOSSIL dusky yellow (5Y 6/4) in color. General Description: 5-55 cm in Section 4 may be due to slumping. ,CORE  127.8 - 137.97  MBSF
161,974,C,16,H,137.3,147.38,early to late Pliocene,"NANNOFOSSIL CLAY, NANNOFOSSIL OOZE and NANNOFOSSIL SILTY CLAY Major Lithologies: Beds of NANNOFOSSIL CLAY, NANNOFOSSIL SILTY CLAY, and NANNOFOSSIL OOZE comprise the core. These are locally thinly color banded and/or disturbed by slumping. Minor Lithology: Dispersed ash is present throughout the core.",CORE  137.3 - 147.38  MBSF
161,974,C,17,X,146.8,146.98,early Pliocene,NANNOFOSSIL CLAY Major Lithology: Only thin interval of homogeneous pale yellowish brown (10YR 6/2) NANNOFOSSIL CLAY recovered; 5 cm given to paleontologists.,CORE  146.8 - 146.98  MBSF
161,974,C,18,X,156.4,165.59,early Pliocene,NANNOFOSSIL CLAY Major Lithology: The predominant lithology is light olive gray (5Y 6/1) to pale olive (5Y 6/2) and olive gray (5Y 4/1) NANNOFOSSIL CLAY with local bioturbation and color banding. Minor Lithologies: Dispersed ash is present from Sections 1 to 6. ,CORE  156.4 - 165.59  MBSF
161,974,C,19,X,166.1,175.7,early Pliocene,"NANNOFOSSIL CLAY Major Lithology: The predominant lithology is light olive gray (5Y 5/2, 5Y 6/1) to dusky yellow (5Y 6/4) NANNOFOSSIL CLAY. Silt - sized nannofossils are commonly concentrated in pods. Alternation of the light olive gray and dusky yellow colors along with occasional intervals of dark gray create a color-banded appearance. General Description: A possible organic-rich layer is present in Section 2, at 36-57 cm.",CORE  166.1 - 175.7  MBSF
161,974,C,20,X,175.7,185.37,early Pliocene,"NANNOFOSSIL CLAY Major Lithology: The predominant lithology is NANNOFOSSIL CLAY, light olive gray (5Y 5/2) in color with bands of olive gray (5Y 4/1) and moderate olive brown (5Y 4/4). A bluish green (10G 4/2) clay layer is present from 82-92 cm in Section 6. General Description: The core is slightly to heavily bioturbated and color mottled throughout. Drilling disturbance is extensive as indicated by development of biscuits.",CORE  175.7 - 185.37  MBSF
161,974,C,21,X,185.3,194.99,late Miocene-early Pliocene,"NANNOFOSSIL CLAY Major Lithology: The main sediment type is a burrowed/bioturbated NANNOFOSSIL CLAY which is predominantly moderate olive brown (5Y 4/4) in color but also includes light olive brown (5Y 5/6) and light olive gray (5Y 5/2) varieties. Color mottles and burrows are most commonly dark greenish gray (5G 4/1). Rare very faint color bands are moderate olive brown (5Y 4/4) in the upper half of the core, but are moderate brown (5YR 4/4 to 5YR 3/4) below this. Minor Lithologies: Rare local concentrations of foraminifers occur both in layers and in isolated pods; the latter were probably formed by bioturbation of original layers. General Description: Core ""biscuiting"" occurs commonly throughout. Evidence for biological reworking ranges from indistinct mottling to clearly defined horizontal Zoophycos and Chondrites traces.",CORE  185.3 - 194.99  MBSF
161,974,C,22,X,194.9,202.51,late Miocene-early Pliocene,"NANNOFOSSIL CLAY Major Lithology: The predominant lithology is a NANNOFOSSIL CLAY that varies in color from moderate brown (5YR 3/4 and 5YR 4/4) to moderate olive brown (5Y 4/4) and moderate yellowish brown (10YR 5/4). This interval is moderately to highly bioturbated; burrows are commonly filled with gray white silty clay. Minor Lithologies: An interval of varicolored [very dusky red (10R 2/2), olive gray (5Y 4/1), moderate olive brown (5Y 4/4), and greenish black (5GY 2/1)] clay from Section 4, 85 cm to Section 5, 30 cm, contains a few thin interbeds of very light gray nannofossil ooze. Grayish olive (10Y 4/2) to olive gray (5Y 4/1) calcareous feldspathic(?) silty clay to clayey silt grades downward to calcareous sand near the bottom of Section 5. ",CORE  194.9 - 202.51  MBSF
