Expedition/Leg,Site,Hole,Core Number,Core Type,Top depth cored (m),Bottom depth recovered (m),Age,Description,Core ID
154,927,A,1,H,0,8.96,Pleistocene,"FORAMINIFER NANNOFOSSIL OOZE WITH CLAY and CLAYEY NANNOFOSSIL MIXED SEDIMENT WITH FE OXIDES General Description: This core contains pinkish gray (7.5YR 6/1) and reddish gray (10R 5/1) FORAMINIFER NANNOFOSSIL OOZE WITH CLAY with beds of grayish brown (10YR 5/2) CLAYEY NANNOFOSSIL MIXED SEDIMENT WITH FE OXIDES in Section 1, 0-38 cm and Section 4, 134 cm to Section 5, 26 cm. There are numerous iron oxide-rich faint orange color bands in the pinkish gray sediments and slight bioturbation throughout the core. ",CORE 0 - 8.96 MBSF
154,927,A,2,H,9.5,19.1,Pleistocene,"CLAYEY NANNOFOSSIL OOZE WITH FORAMINIFERS and NANNOFOSSIL OOZE WITH CLAY AND FORAMINIFERS General Description: This core contains reddish gray (2.5YR 5/1) NANNOFOSSIL OOZE WITH CLAY AND FORAMINIFERS interbedded with gray (10YR 6/1) CLAYEY NANNOFOSSIL OOZE WITH FORAMINIFERS with gradational color contacts. The reddish gray units always grade into orange, more iron oxide-rich material downcore, and there is a sharp contact between the orange base of each reddish gray unit and the gray unit underneath. There are numerous faint orange iron oxide-rich bands and disseminated pyrite bands in all sections. The entire core is slightly bioturbated and mottled, and there is a very large near vertical pyrite-rich burrow mottle in Section 7 from 20-33 cm.",CORE 9.5 - 19.1 MBSF
154,927,A,3,H,19,28.72,Pleistocene,"CLAYEY NANNOFOSSIL OOZE and CLAYEY NANNOFOSSIL OOZE WITH CLAY General Description: This core contains gray (N6) CLAYEY NANNOFOSSIL OOZE and gray (10YR 6/1) CLAYEY NANNOFOSSIL OOZE WITH FORAMINIFERS with gradational contacts. Disseminated pyrite, pyrite nodules, and orange iron oxide-rich bands are common. The entire core is slightly bioturbated and mottled.",CORE 19 - 28.72 MBSF
154,927,A,4,H,28.5,37.32,Pleistocene,"NANNOFOSSIL CLAY MIXED SEDIMENT WITH IRON OXIDES and CLAYEY NANNOFOSSIL OOZE WITH FE OXIDES General Description: This core contains gray (N5) NANNOFOSSIL CLAY MIXED SEDIMENT WITH IRON OXIDES and gray (10YR 6/1) CLAYEY NANNOFOSSIL OOZE WITH FE OXIDES with gradational contacts. Disseminated pyrite, pyrite nodules, and orange iron oxide rich bands are common. The entire core is slightly bioturbated and mottled. Long fractures occur in some sections because of passage through a partially collapsed core liner in Section 6. Section 6 is moderately to severely disturbed from being transfered to a new liner. ",CORE 28.5 - 37.32 MBSF
154,927,A,5,H,38,47.71,Pleistocene,"CLAYEY NANNOFOSSIL OOZE and CLAYEY NANNOFOSSIL OOZE WITH FORAMINIFERS General Description: This core contains gray (N6) CLAYEY NANNOFOSSIL OOZE and gray (10YR 6/1) CLAYEY NANNOFOSSIL OOZE WITH FORAMINIFERS interbedded with gradational contacts. Disseminated pyrite, pyrite nodules, and orange iron oxide-rich bands are common. The entire core is slightly bioturbated and mottled. Fragments of a small bivalve shell occur in Section 5, 83 cm. ",CORE 38 - 47.71 MBSF
154,927,A,6,H,47.5,57.3,Pleistocene,"CLAYEY NANNOFOSSIL OOZE and CLAYEY NANNOFOSSIL OOZE WITH FORAMINIFERS General Description: This core contains gray (N6) CLAYEY NANNOFOSSIL OOZE alternating with gray (10YR 6/1) CLAYEY NANNOFOSSIL OOZE WITH FORAMINIFERS. Disseminated pyrite, pyrite nodules, and orange iron-oxide rich bands are common. The entire core is slightly bioturbated. ",CORE 47.5 - 57.3 MBSF
154,927,A,7,H,57,64.74,Pleistocene,"CLAYEY NANNOFOSSIL OOZE WITH FORAMINIFERS and NANNOFOSSIL OOZE WITH CLAY AND FORAMINIFERS General Description: This core contains gray (N6) NANNOFOSSIL OOZE WITH CLAY AND FORAMINIFERS and gray (10YR 6/1) CLAYEY NANNOFOSSIL OOZE WITH FORAMINIFERS interbedded with extremely gradational contacts. Disseminated pyrite and pyrite nodules occur in many locations, and there are occasional orange iron oxide-rich bands. From Section 3, 90 cm to Section 4,10 cm, and from Section 5, 136 cm to the base of the core, there are flow-in structures. ",CORE 57 - 64.74 MBSF
154,927,A,8,H,66.5,76.41,Pliocene,"NANNOFOSSIL OOZE WITH CLAY AND FORAMINIFERS and CLAYEY NANNOFOSSIL OOZE General Description: This core contains gray (N5) CLAYEY NANNOFOSSIL OOZE and gray (10YR 7/1) CLAYEY NANNOFOSSIL OOZE WITH FORAMINIFERS interbedded with very gradational contacts. Disseminated pyrite and pyrite nodules occur in many locations, and orange iron oxide-rich bands are common. Section 1 from 0 to 50 cm and 110 to 136 cm contains flow-in structures. ",CORE 66.5 - 76.41 MBSF
154,927,A,9,H,76,86.05,Pliocene,"CLAYEY NANNOFOSSIL OOZE and FORAMINIFER CLAYEY NANNOFOSSIL OOZE General Description: This core contains medium light gray (N6) to medium gray (N5) CLAYEY NANNOFOSSIL OOZE and light grayish brown (2.5Y 6/2) FORAMINIFER CLAYEY NANNOFOSSIL OOZE interbedded with very gradational contacts. Disseminated pyrite and pyrite blebs occur throughout the core. One faint iron oxide layer occurs in Section 1, 78 cm. The entire core is slightly bioturbated. ",CORE 76 - 86.05 MBSF
154,927,A,10,H,85.5,95.23,Pliocene,"CLAYEY NANNOFOSSIL OOZE and CLAYEY NANNOFOSSIL OOZE WITH FORAMINIFERS General Description: This core contains gray (10YR 6/1) CLAYEY NANNOFOSSIL OOZE and gray (5YR 6/1) CLAYEY NANNOFOSSIL OOZE WITH FORAMINIFERS interbedded with very gradational contacts. Disseminated pyrite, pyrite blebs, and pyrite nodules occur throughout the core. The entire core is slightly bioturbated. ",CORE 85.5 - 95.23 MBSF
154,927,A,11,H,95,104.95,Pliocene,"CLAYEY NANNOFOSSIL OOZE and CLAYEY NANNOFOSSIL OOZE WITH FORAMINIFERS General Description: This core contains gray (5Y 6/1) CLAYEY NANNOFOSSIL OOZE WITH FORAMINIFERS and gray (7.5YR N6/0) CLAYEY NANNOFOSSIL OOZE interbedded with very gradational contacts. Disseminated pyrite occurs at discrete intervals throughout the core. A thin yellowish band occurs in Section 6, 40 cm. Probable Zoophycos burrows occur in Section 2, 35-45 cm and in Section 6, 50-70 cm. The core is slightly bioturbated throughout. ",CORE 95 - 104.95 MBSF
154,927,A,12,H,104.5,114.44,Pliocene,CLAYEY NANNOFOSSIL OOZE WITH FORAMINIFERS and CLAYEY NANNOFOSSIL OOZE General Description: This core contains gray (N6) CLAYEY NANNOFOSSIL OOZE and pinkish gray (7.5YR 6/1) CLAYEY NANNOFOSSIL OOZE WITH FORAMINIFERS interbedded with gradational contacts. Disseminated pyrite and pyrite nodules occur in many locations. The core is slightly bioturbated throughout. ,CORE 104.5 - 114.44 MBSF
154,927,A,13,H,114,123.19,Pliocene,FORAMINIFER NANNOFOSSIL OOZE WITH CLAY and CLAYEY NANNOFOSSIL OOZE WITH FORAMINIFERS General Description: This core contains interbedded pinkish gray (7.5YR 6/1) FORAMINIFER NANNOFOSSIL OOZE WITH CLAY and gray (2.5YR 6/1) CLAYEY NANNOFOSSIL OOZE WITH FORAMINIFERS. All contacts are gradational. Disseminated pyrite and pyrite nodules occur throughout the core. The core is slightly bioturbated. ,CORE 114 - 123.19 MBSF
154,927,A,14,H,123.5,133.25,early Pliocene,CLAYEY NANNOFOSSIL OOZE WITH FORAMINIFERS General Description: This core contains interbedded pinkish gray (7.5YR 6/1) to gray (2.5YR 6/1) CLAYEY NANNOFOSSIL OOZE WITH FORAMINIFERS. All contacts are gradational. Disseminated pyrite and pyrite nodules occur throughout the core. The core is slightly bioturbated. ,CORE 123.5 - 133.25 MBSF
154,927,A,15,H,133,142.81,early Pliocene,"CLAYEY NANNOFOSSIL OOZE and FORAMINIFER NANNOFOSSIL OOZE WITH CLAY General Description: This core contains interbedded pinkish gray (7.5YR 6/1) FORAMINIFER NANNOFOSSIL OOZE WITH CLAY and gray (2.5YR 6/2) CLAYEY NANNOFOSSIL OOZE. All contacts are gradational. Iron- manganese oxyhydroxides, disseminated pyrite, and pyrite nodules occur throughout the core. The core is slightly bioturbated. ",CORE 133 - 142.81 MBSF
154,927,A,16,H,142.5,151.82,early Pliocene,"FORAMINIFER NANNOFOSSIL OOZE WITH CLAY and CLAYEY NANNOFOSSIL OOZE WITH FORAMINIFERS General Description: This core contains interbedded gray (5YR 6/1) CLAYEY NANNOFOSSIL OOZE WITH FORAMINIFERS and light gray (2.5Y 7/2) FORAMINIFER NANNOFOSSIL OOZE WITH CLAY. All contacts are gradational. Iron oxyhydroxides, disseminated pyrite, and pyrite nodules occur throughout the core. The core is slightly bioturbated. ",CORE 142.5 - 151.82 MBSF
154,927,A,17,H,152,161.65,early Pliocene,"FORAMINIFER NANNOFOSSIL OOZE WITH CLAY and CLAYEY NANNOFOSSIL OOZE WITH FORAMINIFERS General Description: This core contains interbedded light gray (N7) and gray (N6) CLAYEY NANNOFOSSIL OOZE WITH FORAMINIFERS and white (2.5Y 6/1) FORAMINIFER NANNOFOSSIL OOZE WITH CLAY. All contacts are gradational. Disseminated pyrite occurs throughout the core, but is concentrated as blebs in two discrete 20 to 30 cm intervals of Section 2. The core is slightly bioturbated. ",CORE 152 - 161.65 MBSF
154,927,A,18,H,161.5,171.33,late Miocene-early Pliocene,NANNOFOSSIL OOZE WITH CLAY AND FORAMINIFERS and CLAYEY NANNOFOSSIL OOZE General Description: This core contains interbedded pinkish gray (7.5YR 6/2) CLAYEY NANNOFOSSIL OOZE and light gray (10YR 7/1) NANNOFOSSIL OOZE WITH CLAY AND FORAMINIFERS. All contacts are gradational. Disseminated pyrite and iron oxides occur throughout the core. The core is slightly bioturbated. ,CORE 161.5 - 171.33 MBSF
154,927,A,19,H,171,180.55,late Miocene,"NANNOFOSSIL OOZE WITH CLAY AND FORAMINIFERS and CLAYEY NANNOFOSSIL OOZE General Description: This core contains interbedded light gray (N7) NANNOFOSSIL OOZE WITH CLAY AND FORAMINIFERS and gray (5YR 6/1) CLAYEY NANNOFOSSIL OOZE. Bedding cycles are more condensed in Section 6 occurring every 30 to 40 cm. All contacts are gradational. Disseminated pyrite and iron oxides occur throughout the core. Coarse-grained foraminifers and pyrite-rich coring disturbance feature occurs in Section 2, 45 to 68 cm. The entire core is slightly bioturbated. ",CORE 171 - 180.55 MBSF
154,927,A,20,H,180.5,190.62,late Miocene,NANNOFOSSIL OOZE WITH CLAY AND FORAMINIFERS and CLAYEY NANNOFOSSIL OOZE General Description: This core contains interbedded light gray (10YR 7/1) NANNOFOSSIL OOZE WITH CLAY AND FORAMINIFERS and pinkish gray (7.5YR 6/2) CLAYEY NANNOFOSSIL OOZE. Bedding cycles are condensed occurring at 30 to 40 cm intervals throughout most of the core. All contacts are gradational. The entire core is slightly bioturbated and contains traces of disseminated pyrite and iron oxides. ,CORE 180.5 - 190.62 MBSF
154,927,A,21,H,190,200.26,late Miocene,CLAYEY NANNOFOSSIL OOZE WITH FORAMINIFERS and CLAYEY NANNOFOSSIL OOZE General Description: This core contains light gray (2.5Y 7/2) CLAYEY NANNOFOSSIL OOZE WITH FORAMINIFERS interbedded with 10- to 30-cm-thick intervals of pinkish gray (7.5YR 6/2) CLAYEY NANNOFOSSIL OOZE. Bedding cycles are most condensed in Sections 6 and 7 occurring at 30 to 40 cm intervals. All contacts are gradational. The entire core is slightly bioturbated and contains traces of disseminated pyrite and iron oxides. ,CORE 190 - 200.26 MBSF
154,927,A,22,H,199.5,209.52,late Miocene,NANNOFOSSIL OOZE WITH CLAY AND FORAMINIFERS and CLAYEY NANNOFOSSIL OOZE WITH FORAMINIFERS General Description: This core contains interbedded light gray (2.5Y 7/2) NANNOFOSSIL OOZE WITH CLAY AND FORAMINIFERS and pinkish gray (7.5YR 6/2) CLAYEY NANNOFOSSIL OOZE WITH FORAMINIFERS. All contacts are gradational. The entire core is slightly bioturbated and contains traces of disseminated pyrite and iron oxides. ,CORE 199.5 - 209.52 MBSF
154,927,A,23,H,209,217.18,late Miocene,"NANNOFOSSIL OOZE WITH CLAY AND FORAMINIFERS and CLAYEY NANNOFOSSIL OOZE General Description: The upper 130 cm of Section 1 consists of light brown gray (10YR 6/2) CLAYEY NANNOFOSSIL OOZE. Much of the core below Section 1 consists of light greenish gray (5GY 7/1) NANNOFOSSIL OOZE WITH CLAY AND FORAMINIFERS interbedded with 5- to 20-cm-thick bands of pinkish gray (5YR 6/2) CLAYEY NANNOFOSSIL OOZE. With the exception of several color bands in Section 2, all contacts are gradational. Section 2 shows some evidence of slumping in the form of contorted and tilted color bands. The entire core is slightly bioturbated. The upper 130 cm have been disturbed (stretched) by drilling. ",CORE 209 - 217.18 MBSF
154,927,A,24,H,217.5,227.25,late Miocene,NANNOFOSSIL OOZE WITH CLAY AND FORAMINIFERS and CLAYEY NANNOFOSSIL OOZE WITH FORAMINIFERS General Description: This core consists of light olive gray (5Y 6/2) NANNOFOSSIL OOZE WITH CLAY AND FORAMINIFERS interbedded with 5- to 20-cm-thick bands of light reddish brown (5YR 6/3) CLAYEY NANNOFOSSIL OOZE WITH FORAMINIFERS which are indicated by color bands in the structure column. All color contacts are gradational. The core is slightly bioturbated and also exhibits signs of slight coring disturbance (biscuiting). ,CORE 217.5 - 227.25 MBSF
154,927,A,25,H,227,237.23,late Miocene,"CLAYEY NANNOFOSSIL OOZE WITH FORAMINIFERS, NANNOFOSSIL OOZE WITH FORAMINIFERS AND CLAY and CLAYEY NANNOFOSSIL OOZE General Description: This core consists of light olive gray (5Y 7/2) CLAYEY NANNOFOSSIL OOZE WITH FORAMINIFERS and light gray (5GY 8/1) NANNOFOSSIL OOZE WITH FORAMINIFERS AND CLAY interbedded with 5- to 20-cm- thick bands of light reddish brown (5YR 6/3) CLAYEY NANNOFOSSIL OOZE. All color contacts are gradational. Section 1 shows some evidence of slumping in the form of contorted bedding and tilted color bands. The core is slightly bioturbated and also exhibits signs of slight coring disturbance (biscuiting). ",CORE 227 - 237.23 MBSF
154,927,A,26,H,236.5,246.72,late Miocene,"NANNOFOSSIL OOZE WITH CLAY AND FORAMINIFERS and CLAYEY NANNOFOSSIL OOZE General Description: This core consists of light olive gray (5Y 6/2) CLAYEY NANNOFOSSIL OOZE and light gray (5GY 8/1) NANNOFOSSIL OOZE WITH CLAY AND FORAMINIFERS interbedded with 5- to 20-cm-thick bands of light reddish brown (5YR 6/3) CLAYEY NANNOFOSSIL OOZE. All color contacts are gradational. Sections 1-6 show evidence of slumping in the form of contorted bedding, tilted color bands, and wedge-planar beds. Sharp color contacts occur in Section 2 at 120 cm, and in Section 6 at 90 cm. The core is slightly bioturbated and also exhibits signs of slight coring disturbance (early stage of biscuiting). ",CORE 236.5 - 246.72 MBSF
154,927,A,27,H,246,255.88,middle Miocene,"NANNOFOSSIL OOZE WITH FORAMINIFERS AND CLAY and CLAYEY NANNOFOSSIL OOZE General Description: This core contains light gray (2.5Y 7/2) NANNOFOSSIL OOZE WITH FORAMINIFERS AND CLAY and light reddish brown (5YR 6/4) CLAYEY NANNOFOSSIL OOZE in alternating beds with gradational contacts. There are several thick very light gray color bands in Sections 1 to 3 and occasional thin (mm scale) bands of the light reddish brown lithology. The entire core is slightly bioturbated and mottled, with more mottling apparent in the reddish brown sediments. The upper 10 cm of the core is flow-in, and 127 to 138 cm in Section 5 contains very soft drilling slough. ",CORE 246 - 255.88 MBSF
154,927,A,28,H,255.5,265.76,middle Miocene,"CLAYEY NANNOFOSSIL OOZE and NANNOFOSSIL OOZE WITH CLAY AND FORAMINIFERS General Description: This core consists of light olive gray (5Y 6/2) CLAYEY NANNOFOSSIL OOZE and light gray (5GY 8/1) NANNOFOSSIL OOZE WITH CLAY AND FORAMINIFERS, interbedded with 5- to 20-cm-thick bands of light reddish brown (5YR 6/3) CLAYEY NANNOFOSSIL OOZE. All color contacts are gradational. A thin (15 cm) turbidite that consists of sand- sized FORAMINIFER OOZE occurs in Section 3 at 60 cm and shows a sharp bottom contact, upward-fining sequence, and a gradational top contact. The core is slightly bioturbated and also exhibits signs of slight coring disturbance (early stage of biscuiting). ",CORE 255.5 - 265.76 MBSF
154,927,A,29,H,265,275.28,middle Miocene,"CLAYEY NANNOFOSSIL OOZE, NANNOFOSSIL OOZE WITH CLAY AND FORAMINIFERS and NANNOFOSSIL CLAY General Description: This core consists of light olive gray (10Y 7/2) CLAYEY NANNOFOSSIL OOZE and light gray (7.5GY 7/1) NANNOFOSSIL OOZE WITH CLAY AND FORAMINIFERS interbedded with 5- to 20-cm-thick bands of light reddish brown (7.5YR 6/2) NANNOFOSSIL CLAY. All color contacts are gradational. The core is slightly bioturbated and also exhibits signs of slight coring disturbance (early stage of biscuiting). ",CORE 265 - 275.28 MBSF
154,927,A,30,H,274.5,284.65,early Miocene,"NANNOFOSSIL CLAY/CLAYSTONE and CLAYEY NANNOFOSSIL OOZE/CHALK General Description: This core contains light greenish gray (10GY 7/2) CLAYEY NANNOFOSSIL OOZE/CHALK and moderate grayish green (10GY 6/1) NANNOFOSSIL CLAY/CLAYSTONE. In addition, at Section 1, 10-25 and 90-100 cm, there is a minor lithology; grayish brown (5Y 6/1) NANNOFOSSIL CLAY is indicated as thick color bands. In Section 6, 50-90 cm, there is evidence for redeposited sediment (sharp contacts, microfaults). Within this layer transition from ooze to chalk occurs. Sections 6 and 7 are heavily disturbed with evidence for drilling- induced shear and flow-in; the upper sections are slightly fractured. Slight burrow mottling is visible between flow-in intervals throughout the core. ",CORE 274.5 - 284.65 MBSF
154,927,A,31,H,284,290.42,early Miocene,"CLAYEY NANNOFOSSIL CHALK General Description: This core contains light greenish gray (7.5GY 8/1 to 10GY 7/2) CLAYEY NANNOFOSSIL CHALK. The whole core is heavily disturbed by coring with biscuits present in all sections. The core liner had been crushed and twisted. Drilling breccia is present in Section 2, 20-45 cm. Slight burrow mottling is present throughout the core.",CORE 284 - 290.42 MBSF
154,927,A,32,H,293.5,302.46,early Miocene,"NANNOFOSSIL CHALK WITH CLAY AND FORAMINIFERS General Description: This core contains light greenish gray (5GY8/1 to7.5GY7/1) NANNOFOSSIL CHALK WITH CLAY AND FORAMINIFERS. The entire core exhibits well-developed coring biscuits except Section 1,0-15 cm, which contains drilling slough. The core is slightly burrow mottled throughout. ",CORE 293.5 - 302.46 MBSF
154,927,A,33,H,303,313.03,early Miocene,NANNOFOSSIL CHALK WITH CLAY AND FORAMINIFERS and CLAYEY NANNOFOSSIL CHALK General Description: This core contains light greenish gray (5GY 8/1) NANNOFOSSIL CHALK WITH CLAY AND FORAMINIFERS and light greenish gray (7.5GY 7/1) CLAYEY NANNOFOSSIL CHALK. The entire core is severely disturbed with fractured coring biscuits and large amounts of drilling slough throughout. The whole core exhibits slight burrow mottling. ,CORE 303 - 313.03 MBSF
