Expedition/Leg,Site,Hole,Core Number,Core Type,Top depth cored (m),Bottom depth recovered (m),Age,Description,Core ID
130,804,C,1,H,0,6.31,Pleistocene,"NANNOFOSSIL OOZE with FORAMINIFERS Major lithology: This core contains NANNOFOSSIL OOZE with FORAMINIFERS. It is homogeneous, with abundant color mottling indicative of heavy bioturbation. Alternations of pale brown (10YR 6/3) and light gray (1OYR 7/2) colors are present throughout the core. Bioturbation is also evident from zones of disseminated pyrite.",CORE 0 - 6.31 MBSF
130,804,C,2,H,6.3,16.3,Pleistocene,"NANNOFOSSIL OOZE with FORAMINIFERS Major lithology: This core contains NANNOFOSSIL OOZE with FORAMINIFERS. It geneous. with abundant color mottling indicative of heavy bioturbation. The sediment dominantly white {10YR 8/2) but exhibits 10 to 20 cm thick, light gray (10YR 7/2) intervals that are spaced 20 to 30 cm apart. ",CORE 6.3 - 16.3 MBSF
130,804,C,3,H,15.8,25.58,upper Pliocene-Pleistocene,"FORAMINIFER NANNOFOSSIL OOZE and NANNOFOSSIL OOZE with FORAMINIFERS Major lithology: Section 1 to Section 3, 129 cm, contains NANNOFOSSIL OOZE with FORAMINIFERS, which is dominantly white (10YR 8/2) and homogeneous, with abundant color mottling indicative of heavy bioturbation. Section 3, 129 cm to CC is FORAMINIFER NANNOFOSSIL OOZE, which is dominantly white (2.5Y 8/0) with 10 to 20 cm thick, iight gray (2.5Y 7,0) intervals that are spaced 20 to 30 cm apart. Pale, 2 to 5 mm thick grayish green bands also are present in the light gray intervals.",CORE 15.8 - 25.58 MBSF
130,804,C,4,H,25.3,35.28,upper Pliocene,"NANNOFOSSIL OOZE with FORAMINIFERS Major lithology: This core contains NANNOFOSSIL OOZE with FORAMINIFERS. Sections 1 through 4, 40 cm, contain flow-in. The remaining sediments alternate between white (5Y 8/1) and light gray (5Y 7/1). Color contacts are gradational and color intervals are approximately of 10 to 35 cm thick and spaced about 40 cm apart. The degree of mottling and pyritized burrow infills suggests that the sediment has been moderately to heavily bioturbated. ",CORE 25.3 - 35.28 MBSF
130,804,C,5,H,34.8,44.85,lower Pliocene,"NANNOFOSSIL OOZE with FORAMINIFERS Major lithology: This core contains flow-in. Sections 1 through 3 and 6 through 7 are highly disturbed due to flow-in. From Section 4, 35 cm, to Section 6, 60 cm, drilling disturbance is moderate. The lithology within this interval is light gray (5Y 7/1) and heavily bioturbated NANNOFOSSIL OOZE with FORAMINIFERS. ",CORE 34.8 - 44.85 MBSF
130,804,C,6,H,44.3,54.37,upper Miocene,"NANNOFOSSIL OOZE Major lithology: This core consists of white (2.5Y 8/0) NANNOFOSSIL OOZE (Section 1, 0-50 cm, is flow-in. The core catcher is also highly disturbed). Abundant, irregular and wavy, mm to cm thick color bands are noted throughout the core. Most of the bands are gray (7.5R 6/0) or green (10GY 7/2), but a few white (2.5Y 8/2) bands are noted. All show gradational color con- tacts. Microfaultmg was observed in Sections 3, 5, 6 and 7. Moderate bioturbation is indicated by mottles, pyritized burrow fills and disseminated pyrite. ",CORE 44.3 - 54.37 MBSF
130,804,C,7,H,53.8,63.79,upper Miocene,"NANNOFOSSIL OOZE Major lithology: This core contains homogeneous and predominantly white (2.5Y 8/0) NANNOFOSSIL OOZE. Subhorizontal reddish gray (5R 6/1), white (2.5Y 8/2) and pale yellowish green (10GY 7/2) bands are present throughout. The bands are 2 to 10 mm thick and are spaced 1 to 10 cm apart. The sediment is bioturbated and has some pyritized burrow fills. ",CORE 53.8 - 63.79 MBSF
130,804,C,8,H,63.3,73.09,upper Miocene,"NANNOFOSSIL OOZE Major lithology: This core contains white (2.5Y 8/0) NANNOFOSSIL OOZE. Sections 1 and 2 contain abundant, tilted and wavy, faint, reddish gray (5R 6/1) color bands. The bands are about 0.5 to 1 cm thick and are separated by about 0.5 to 1 cm of white {2.5Y 8/0) ooze. Color banding is parallel and horizontal from Section 2, 130 cm, to Section 4, 28 cm. Only occasional color banding is observed below this level in the core. Minor lithology: A thin (3 cm thick) bed of FORAMINIFER NANNOFOSSIL OOZE is noted in Section 5, 78-81 cm. It forms a graded bed with a sharp, irregular lower contact and a distinct upper contact. This bed is very soft in comparison with the surrounding sediment.",CORE 63.3 - 73.09 MBSF
130,804,C,9,H,72.8,80.94,upper Miocene,"N?NNOFOSSIL OOZE Major lithology: This core contains slightly to moderately bioturbated, white (2.5Y 8/0) NANNOFOSSIL OOZE. Sections 1 through 4 display abundant tilted, reddish gray (5R 6/1), pale blue (5PB 7/2), pale blue green (5BG 7/2), and green (10GY 6/1) color bands. In Sections 3 and 5, color bands display mm to cm size microfaults.",CORE 72.8 - 80.94 MBSF
130,804,C,10,H,82.3,90.28,upper Miocene,"NANNOFOSSIL OOZE Major lithology: This core contains slightly to heavily bioturbated white (2.5Y 8/0) NANNOFOSSIL OOZE. Faint pale blue (5PB 7/2), pale purple (5P 6/2), and white (5YR 8/1) color bands are common throughout. Some color bands in Section 3 are heavily bioturbated. ",CORE 82.3 - 90.28 MBSF
130,804,C,11,H,91.8,100.71,upper Miocene,"NANNOFOSSIL OOZE Major lithology: This core contains white (2.5Y 8/0), slightly to heavily bioturbated NANNOFOSSIL OOZE. The core is more homogeneous and has less color banding than overlying cores. Faint pale blue (5PB 7/2) and grayish blue (5PB 5/2) color bands are present in Sections 5 and 6. Minor lithology: Section 2, 28-42 cm, contains NANNOFOSSIL FORAMINIFER OOZE. This interval has a sharp base and grades upward into the overlying lithology.",CORE 91.8 - 100.71 MBSF
130,804,C,12,H,101.3,111.07,upper Miocene,"NANNOFOSSIL OOZE Major lithology: This core contains white (2.5Y 8/0), slightly to heavily bioturbated NANNOFOSSIL OOZE. Faint pale blue (5PB 7/2), pale purple (5RP 7/2), and grayish blue (5PB 5/2) color bands are present in Sections 3, 6 and 7. Microfaults are evident in Section 3, 6 and 7. ",CORE 101.3 - 111.07 MBSF
130,804,C,13,H,110.8,120.3,? Upper Miocene,"NANNOFOSSIL OOZE Major lithology: This core contains white (2.5Y 8/0), slightly to heavily bioturbated NANNOFOSSIL OOZE. Faint reddish gray (5R 6/1), pale pink (5 RP 8/2), pale blue (5PB 7/2), pale purple (5RP 7/2), and grayish blue (5PB 5/2) color bands are present in Sections 1 through 3. ",CORE 110.8 - 120.3 MBSF
130,804,C,14,X,120.3,127.22,? Upper Miocene,"NANNOFOSSIL OOZE with FORAMINIFERS Major lithology: This core contains white (2.5Y 8/0), slightly to heavily bioturbated NANNOFOSSIL OOZE with FORAMINIFERS. The core is homogeneous with faint pale blue (5PB 7/2) color bands present in Section 2 only. ",CORE 120.3 - 127.22 MBSF
130,804,C,15,X,129.8,134.55,? Upper Miocene,"NANNOFOSSIL OOZE with FORAMINIFERS Major lithology: This core contains white (2.5Y 8/0), slightly to heavily bioturbated NANNO- FOSSIL OOZE with FORAMINIFERS. The core is relatively homogeneous with faint grayish blue (5PB 5/2) color band present only in Section 2. ",CORE 129.8 - 134.55 MBSF
130,804,C,16,X,139.3,141.81,? Upper Miocene,"NANNOFOSSIL OOZE Major lithology: This core contains white (2.5Y 8/0), homogeneous, moderately bioturbated NANNOFOSSIL OOZE.",CORE 139.3 - 141.81 MBSF
130,804,C,17,X,148.8,158.06,middle Miocene,"NANNOFOSSIL OOZE with FORAMINIFERS and FORAMINIFER NANNOFOSSIL OOZE Major lithology: Section 1 through Section 4, 55 cm, contain moderately bioturbated NANNOFOSSIL OOZE with FORAMINIFERS. In Sections 1 through 3. the color of the sediment is white (2.5Y 8/0) grading down to light gray (N7/) and light greenish gray (5G 7/1). The lower part of the core contains FORAMINIFER NANNOFOSSIL OOZE. The color grades from light with possible offset along a microfault, is seen in Section 6 between 100 and 125 cm. ",CORE 148.8 - 158.06 MBSF
130,804,C,18,X,158.3,166.9,middle Miocene,"NANNOFOSSIL OOZE with RADIOLARIANS Major lithology: This core contains slightly bioturbated NANNOFOSSIL OOZE with RADIO- LARIANS Section 1 is light gray (2.5Y 7/0) with a gray (2.5Y 6/0) color band at 140 cm. The remainder of the core is white (2.5Y 8/0). The sediment appears more lithified and harder than in the overlying cores, with relatively hard pieces within a softer matrix. Section 4, 80-95 cm appears disturbed by coring processes. ",CORE 158.3 - 166.9 MBSF
130,804,C,19,X,168,176.3,middle Miocene,"NANNOFOSSIL OOZE with FORAMINIFERS and NANNOFOSSIL OOZE with RADIO- LARIANS Major lithology: This core contains NANNOFOSSIL OOZE with FORAMINIFERS, grading to NANNOFOSSIL OOZE with RADIOLARIANS in Sections 5 through the Core Catcher. The core is predominantly white (2.5Y 8/0). with minor gradations to light blue gray (5B 7/1) and white (5YR 8/1). Light greenish gray (5GY 8/1), greenish gray (5GY 6/1), pale blue {5PB 7/2), and pale red purple (5RP 6/2) color bands are rare to common throughout the core. The entire core is moderately to heavily bioturbated Minor lithology: Two normally-graded layers ol NANNOFOSSIL FORAMINIFER OOZE are present in this core: the first is at Section 1, 30-80 cm, and the second is at Section 3, 10-22 cm. Both are white (2.5Y 8/0), have sharp top and bottom contacts, and are probably turbidites. ",CORE 168 - 176.3 MBSF
130,804,C,20,X,177.7,185.8,middle Miocene,"NANNOFOSSIL OOZE with RADIOLARIANS grading to NANNOFOSSIL CHALK Major lithology: This core contains bioturbated NANNOFOSSIL OOZE with RADIOLARIANS grading to NANNOFOSSIL CHALK in Section 3, 35 cm. The color of the sediment grades from white (2.5Y 8/0) to while (5Y 8/1 and 5Y 8/2). Light gray (N7/ and 5Y 7/1) and light greenish gray (5GY 7/1), 2 to 20 cm thick, heavily burrowed zones are present at 150 cm intervals. ",CORE 177.7 - 185.8 MBSF
130,804,C,21,X,187.4,193.98,middle Miocene,"NANNOFOSSIL CHALK Major lithology: This core contains white (10YR 8/2) NANNOFOSSIL CHALK. One to two light gray intervals (up to 20 cm thick) are observed in each section. The core catcher is light gray (2.5Y 7/2). The sediment is moderately to heavily bioturbated, as seen from mottles and burrow fills. Sections 2 through 4 contain elongate (2-5 cm long) features with faint outline that may be either burrows or ooze/chalk clasts (SEE MINOR LITHOLOGY). Minor lithology: The light gray (2.5Y 7/2) intervals in Section 2, 80-97 cm, and Section 3, 20-37 cm, contain FORAMINIFER NANNOFOSSIL CHALK and NANNOFOSSIL CHALK with FORAMINIFERS, respectively. ",CORE 187.4 - 193.98 MBSF
130,804,C,22,X,197.1,206.16,lower Miocene,"RADIOLARIAN NANNOFOSSIL CHALK Major lithology: This core contains RADIOLARIAN NANNOFOSSIL CHALK. The sediment color varies between very pale brown (10YR 8/4) and white (10YR 8/2). Intense bioturbation i indicated by abundant burrows, trace fossils, and mottling. Most of the bioturbation is highly contorted, swirled, or fractured. Thin color banding or lamination tn Section 4, 63-72 cm, appears to be stretched. Thin banding elsewhere exhibits micro-faulting, rotation, and irregular contacts. Angular, very pale brown (10YR 7/3) clasts are distributed irregularly through the core. Minor lithology: A biscuit in Section 5, 115 cm, consists of NANNOFOSSIL RADIOLARITE. ",CORE 197.1 - 206.16 MBSF
130,804,C,23,X,206.8,215.18,lower Miocene,"RADIOLARIAN NANNOFOSSIL CHALK Major lithology: Sections 1 through 4 of this core contain pale brown (10YR 7/4) RADIO- LARIAN NANNOFOSSIL CHALK. Moderate to heavy bioturbation is evident from well- preserved trace fossils. The sediment is otherwise structureless, although drilling disturbance is heavy. Section 4 grades from very pale brown (10YR8/3) to white (10YR8/1). This color gradation marks a transition from radiolarian nannofossil chalk to nannofossil ooze. Minor lithology: White (10YR 8/1), homogeneous NANNOFOSSIL OOZE is present in Sections 5 and 6 of this core. It is very stiff, structureless, and heavily disturbed by drilling.",CORE 206.8 - 215.18 MBSF
130,804,C,24,X,216.5,221.34,lower Miocene,"NANNOFOSSIL OOZE Major lithology: This core contains white (2.5Y 8/2), homogeneous, bioturbated NANNOFOSSIL OOZE. The top of Section 2 contains a few pyritized burrow fragments up to 20 mm long. Adjacent to one pyrite fragment is a pod of white (2.5Y 8/0) NANNOFOSSIL OOZE with RADIOLARIANS. ",CORE 216.5 - 221.34 MBSF
130,804,C,25,X,226.2,235.51,lower Miocene,"NANNOFOSSIL CHALK Major lithology: This core contains NANNOFOSSIL CHALK that grades to ooze in a few intervals. In Section 1, the chalk contains a significant percentage of RADIOLARIANS. The chalk is predominantly white (10YR 8/2) with intervals of light gray (10YR 7/2) that are 10 to 30 cm thick. The white colored intervals are slightly bioturbated and the light gray intervals are heavily bioturbated. Color bands (mm-scale) in the gray intervals of Section 2 are contorted. ",CORE 226.2 - 235.51 MBSF
130,804,C,26,X,235.8,244.95,lower Miocene,"NANNOFOSSIL CHALK with RADIOLARIANS Major lithology: This core contains white (10YR 8/1 and 10YR 8/2) NANNOFOSSIL CHALK with RADIOLARIANS. Heavy bioturbation is indicated by abundant trace fossils. Drilling disturbance is severe, resulting in abundant fragmentation and brecciation of the core.",CORE 235.8 - 244.95 MBSF
130,804,C,27,X,245.4,253.98,lower Miocene,"NANNOFOSSIL CHALK with RADIOLARIANS Major lilhology: This core consists of white (10YR 8/1) NANNOFOSSIL CHALK with RADIO- LARIANS. The color grades from very pale brown (10YR 7/3) in Section 3 to a darker shade of very pale brown (10YR 7/4) in Section 4. Sections 2, 3, 4, 6 and CC are brecciated or highly fragmented into biscuits. ",CORE 245.4 - 253.98 MBSF
130,804,C,28,X,255.1,264.05,upper Oligocene,"NANNOFOSSIL CHALK and NANNOFOSSIL CHALK with RADIOLARIANS Major lithology: Sections 1 through 3 are very pale brown (10YR 7/4 to 10YR 8/3) NANNO- FOSSIL CHALK with RADIOLARIANS. These sections are heavily bioturbated as evidence from abundant trace fossils. Below Section 3, the color grades from very pale brown (10YR 8/3) to white (10YR 8/2 and 10YR 8/1). The radiolarian content is reduced in the lower part of the core, where it becomes a NANNOFOSSIL CHALK. Bioturbation is abundant in this interval. Drilling disturbance is moderate to severe throughout the core. ",CORE 255.1 - 264.05 MBSF
130,804,C,29,X,264.7,272.51,Oligocene,NANNOFOSSIL CHALK with RADIOLARIANS Major lithology: This core contains slightly to heavily bioturbated NANNOFOSSIL CHALK with RADIOLARIANS. The color grades from white (2.5Y 8/0) in the upper three sections to alternating intervals of white (2.5Y 8/0) and very pale brown (10YR 8/3) in Sections 4 through 6. Drilling disturbance is moderate to severe throughout the core. ,CORE 264.7 - 272.51 MBSF
130,804,C,30,X,274.4,282.89,lower Oligocene,"NANNOFOSSIL CHALK Major lithology: This core contains NANNOFOSSIL CHALK. The color varies between shade; of white (10YR 8/2,10YR 8/1) in Section 1 and 2, and is more uniformly white (10YR 8/1) in the remainder of the core. Hard intervals are intermixed with softer ones in Section 1. In Section 1, 100 cm, there is a 5 cm thick section that exhibts discontinuous parallel lamination. The entire core is slightly to heavily bioturbated and is moderately fractured by drilling. ",CORE 274.4 - 282.89 MBSF
130,804,C,31,X,284,291.98,lower Oligocene,NANNOFOSSIL CHALK Major lithology: This core contains NANNOFOSSIL CHALK. The core is white (10YR 8/1) grading to white (10YR 8/2) at the base of Section 3. Bioturbation varies from minor to heavy throughout the core.,CORE 284 - 291.98 MBSF
130,804,C,32,X,293.7,301.17,lower Oligocene,"NANNOFOSSIL CHALK to NANNOFOSSIL CHALK with RADIOLARIANS Major lithology: This core contains NANNOFOSSIL CHALK, grading to NANNOFOSSIL CHALK with RADIOLARIANS. The core is white (10YR 8/1 to 10YR8/2) in both sediment types. Bioturbation is slight to heavy throughout the core, including well-developed Zoophycos trace fossils in Section 1. ",CORE 293.7 - 301.17 MBSF
130,804,C,33,X,303.3,311.77,lower Oligocene,"NANNOFOSSIL CHALK to NANNOFOSSIL CHALK with RADIOLARIANS Major lithology: This core contains NANNOFOSSIL CHALK, grading to NANNOFOSSIL CHALK with RADIOLARIANS. The core is white (10YR 8/1 to 10YR 8/2) in both sediment types. Bioturbation is slight to heavy throughout the core, including well-developed Zoophycos trace fossils in Section 1. ",CORE 303.3 - 311.77 MBSF
