Expedition/Leg,Site,Hole,Core Number,Core Type,Top depth cored (m),Bottom depth recovered (m),Age,Description,Core ID
130,804,A,1,H,0,1.26,Pleistocene,"NANNOFOSSIL OOZE with FORAMINIFERS Major lithology: This core contains heavily bioturbated, mottled, pale brown (10YR 6/3) to light yellowish brown (10YR 6/4) NANNOFOSSIL OOZE with FORAMINIFERS. ",CORE 0 - 1.26 MBSF
130,804,A,2,H,1.2,11.03,Pleistocene,"NANNOFOSSIL OOZE Major lithology: This core contains NANNOFOSSIL OOZE. The first section is heavily bioturbated and is dominantly very pale brown (10YR 7/3) with pale brown (10YR 6/3) mottling. The lower sections are moderately bioturbated. The color varies between pale brown (10YR 6/3) and very pale brown (10YR 7/3) on a 25 cm scale in Section 2, is very brown (1 OYR 7/3) in Section 3, and is white (1OYR 8/2 to 10YR 8/1) to light gray (1OYR 7/2) in the lowest part of the core. ",CORE 1.2 - 11.03 MBSF
130,804,A,3,H,10.7,20.73,Pliocene-Pleistocene,"NANNOFOSSIL OOZE with FORAMINIFERS Major lithology: This core contains moderately to heavily bioturbated NANNOFOSSIL OOZE with FORAMINIFERS. Section 1 through Section 6, 25 cm, have colors grading between white (10YR 8/1, 10YR 8/2 and 2.5Y 8/2) and light gray (10YR 7/2, 5Y 7/1, 5Y 7/2 and 2.5Y 7/2) to light brownish gray (2.5Y 6/2) on a 10 to 50 cm scale. Below Section 6, 25 cm, the color is bluish gray (5B 6/1) grading to light gray (5Y 7/1 and 10YR 7/1) and light greenish gray (5G 5/1). Three diffuse mm size light greenish gray (5G 5/1) color bands are present in Section 7. ",CORE 10.7 - 20.73 MBSF
130,804,A,4,H,20.2,30.12,upper Pliocene,"NANNOFOSSIL OOZE Major lithology: This core contains NANNOFOSSIL OOZE. It is moderately to heavily bioturbated and mottled, with a few mm to cm size pyrite nodules. The dominant color is white (10YR 8/1), with minor intervals of light gray (5Y 7/1). Color bands are light olive gray (5Y 6/2), pale purple (5P 6/2), dusky blue (5PB 3/2), pale yellowish green (10GY 7/2) and medium light gray (5B N6/6). ",CORE 20.2 - 30.12 MBSF
130,804,A,5,H,29.7,39.68,lower Pliocene,"NANNOFOSSIL OOZE Major lithology: This core contains NANNOFOSSIL OOZE. Foraminifers locally constitute up to 10% of the sediment. The sediment is moderately to heavily bioturbated and mottled, with isolated mm to cm size pyrite nodules. The dominant color is light gray (5Y 7/1) and mottle colors range from olive (5Y 5/2) to light gray (5Y 7/1). Color bands vary in thickness from 5 mm near the base of Section 3 to 30 cm in Sections 5, 6, and 7, and range in color from gray (2.5Y 6/1) to reddish gray (5R 6/1) to pale yellowish green (10GY 7/2). ",CORE 29.7 - 39.68 MBSF
130,804,A,6,H,39.2,48.7,upper Miocene,"NANNOFOSSIL OOZE Maior lithology: This core contains NANNOFOSSIL OOZE. Section 1, 0 145 cm, is flow-in. Sections 2 and 3 are heavily bioturbated as indicated from abundant gray (2.5Y 6/7), light gray (2.5Y 7/0) and white (2.5Y 8/0) mottling. The remainder of the core is primarily white (2.5Y 8/0) with some cm scale color bands of gray (2.5Y 6/1), reddish gray (5R 6/1), and pale yellowish green (10GY 7/2). These color bands are typically faint to smeared in appearance, wavy in form, and show abundant cm scale displacements (microfaulting) in the lower half of the core.",CORE 39.2 - 48.7 MBSF
