Expedition.Leg,Site_Number,Hole,Core_Number,Core_Type,Core_Top_MBSF,Core_Bottom_MBSF,Age,Description,Core_ID
157,953,A,1,H,0,7.6,Pleistocene,"CALCAREOUS SAND, CLAYEY NANNOFOSSIL OOZE WITH FORAMINIFER, and SILTY SAND WITH LITHIC AND CRYSTALS Major Lithologies: This core consists mainly of interbedded CALCAREOUS SAND, CLAYEY NANNOFOSSIL OOZE WITH FORAMINIFER, and SILTY SAND WITH LITHICS AND CRYSTALS. Units typically have sharp bases. to Minor Lithologies: Minor interbeds of white CALCAREOUS SAND, LITHIC CRYSTAL SAND, LITHIC FORAMINIFERAL SAND and PACKSTONE occur in Section 1, 102-103 cm, Section 2, 47-49 and 126 cm, Section 4, 24-26, 46-49, and 77-83 cm, Section 5, 8-17 cm, and Section CC, 0-15 cm. General Description: This core consists of distinct interbeds of the major and minor lithologies. Many of the major volcanic lithologies to have color changes in the upper parts.",CORE  0 - 7.6  MBSF
157,953,A,2,H,7.6,17.26,Pleistocene,"CLAYEY NANNOFOSSIL OOZE WITH FORAMINIFERS, CRYSTAL LITHIC SAND, and CALCAREOUS SAND Major Lithologies: This core consists mainly of interbedded white CLAYEY NANNOFOSSIL OOZE WITH FORAMINIFERS and CALCAREOUS SAND, and gray CRYSTAL LITHIC SAND. Units typically have sharp bases, and are normally graded. Minor Lithologies: Minor interbeds of white NANNOFOSSIL OOZE AND CRYSTAL SAND occur in Section 2, 102-119 cm, Section 4, 28-38 and 73-89 cm, Section 5, 122-124 cm, and Section 6, 97-108 and 117-119 cm. General Description: This core consists of distinct interbeds of the major and minor lithologies. Bioturbation is common in the upper parts of most lithologies. Crystal and lithic sands are volcaniclastic. Calcareous sands are generally composited of broken and whole shell fragments and whole foraminifer tests.",CORE  7.6 - 17.26  MBSF
157,953,A,3,H,17.1,26.96,Pleistocene,"CLAYEY NANNOFOSSIL OOZE WITH FORAMINIFERS, LITHIC SAND, and CALCAREOUS SAND Major Lithologies: This core consists mainly of to interbedded white CALCAREOUS SAND and CLAYEY NANNOFOSSIL OOZE WITH FORAMINIFERS AND LITHIC SAND. Units typically have sharp bases and are normally graded. Minor Lithologies: Minor interbeds of white CALCAREOUS SAND and LITHIC SAND occur in Section 1, 13-23 and 90-98 cm, Section 2, 25-27, 126-129, and 149-150 cm, Section 3, 95-102 cm, Section 4, 29-35 cm, and Section 6, 25-33 cm. General Description: This core consists of distinct interbeds to of the major and minor lithologies. Bioturbation is common in the upper parts of most lithologies. Lithic sands are volcaniclastic. Calcareous sands are generally composed of broken and whole shell fragments and whole foraminifer tests. ",CORE  17.1 - 26.96  MBSF
157,953,A,4,H,26.6,36.45,Pleistocene,"CALCAREOUS SAND and CLAYEY NANNOFOSSIL OOZE Major Lithologies: This core consists mainly of interbedded white CALCAREOUS SAND and CLAYEY NANNOFOSSIL OOZE. Units typically have sharp bases and are normally graded. to Minor Lithologies: Minor interbeds of white CALCAREOUS SAND WITH VOLCANIC LITHICS, gray LITHIC CRYSTAL SAND; black-gray VITRIC ASH occur in Section 1, 67-74 cm, Section 2, 81-85 and 110-112 cm, Section 3, 90-94 cm, Section 5, 16-20 and 77-87 cm. General Description: This core consists of distinct interbeds of the major and minor lithologies. Bioturbation is common in the upper parts of most lithologies. Crystal and lithic sands are volcaniclastic. Calcareous sands are generally composed of broken and whole shell fragments and whole foraminifer tests and a minor amount of volcaniclastic material.",CORE  26.6 - 36.45  MBSF
157,953,A,5,H,36.1,44.53,Pleistocene,"CLAYEY NANNOFOSSIL OOZE WITH FORAMINIFERS, CALCAREOUS SAND, and  CRYSTAL LITHIC SAND Major Lithologies: This core consists mainly of interbedded white CALCAREOUS SAND and gray CLAYEY NANNOFOSSIL OOZE WITH FORAMINIFERS, and black CRYSTAL LITHIC SAND. Units typically have sharp bases and are inverse to normally graded. Minor Lithologies: Minor interbeds of white CALCAREOUS SAND, black and gray CRYSTAL LITHIC SAND, and pale green VITRIC ASH occur in Section 1, 56-58, 70-79, and to 136-148 cm, Section 3, 100-104 and 132-134 cm, Section 4, 100-103 and N5/0 122-135 cm, and Section 5, 45-47 cm. General Description: This core consists of distinct interbeds of the major and minor lithologies. Bioturbation is common in the upper parts of most lithologies. Crystal and lithic sands are volcaniclastic. Calcareous sands are generally composed of broken and to whole shell fragments and whole foraminifer tests and a minor amount of volcaniclastic material. Colors range between white, black, light gray, and dark gray.",CORE  36.1 - 44.53  MBSF
157,953,A,6,H,45.6,55.38,Pleistocene,"CLAYEY NANNOFOSSIL OOZE WITH FORAMINIFERS, CALCAREOUS SAND, and CRYSTAL LITHIC SAND Major Lithologies: This core consists mainly of to interbedded white to light gray CALCAREOUS SAND and CLAYEY NANNOFOSSIL OOZE WITH FORAMINIFERS, and black CRYSTAL LITHIC SAND. Units typically have sharp bases and are normally graded. Minor Lithologies: Minor interbeds of white to light gray CALCAREOUS SAND and black LITHIC CRYSTAL SAND, occur in Section 2, 96-106 cm, and Section 5, 5-6 cm. General Description: This core consists of distinct interbeds of the major and minor lithologies. Bioturbation is common in the upper parts of most lithologies. Crystal and lithic sands are volcaniclastic. Calcareous sands are generally composed of broken and whole shell to fragments and whole foraminifer tests, and a minor amount of volcaniclastic material.",CORE  45.6 - 55.38  MBSF
157,953,A,7,H,55.1,64.9,Pleistocene,"CLAYEY NANNOFOSSIL OOZB WITH FORAMINIFERS, CRYSTAL LITHIC SAND, and CALCAREOUS SAND Major Lithologies: This core consists mainly of interbedded white to light gray CALCAREOUS SAND and CLAYEY NANNOFOSSIL OOZE WITH FORAMINIFERS, and dark gray to black CRYSTAL LITHIC SAND. Units typically have sharp bases and are normally graded. Minor Lithologies: Minor interbeds of white to light gray CALCAREOUS SAND, brown VITRIC ASH, and black LITHIC CRYSTAL SAND, occur in Section 2, 110-122 cm, Section 3, 8-10, 35-37, 70-73, 100-101, and 148-150 cm, Section 4, 78-82 cm, Section 5, 70-72 and to 80-81 cm, Section 6, 58-62, 80-88, and 109-110 cm. General Description: This core consists of distinct interbeds of the major and minor lithologies. Bioturbation is common in the upper parts of most lithologies. Crystal and lithic sands are volcaniclastic. Calcareous sands are generally composed of broken and whole shell fragments and whole foraminifer tests, and a minor amount of volcaniclastic material.",CORE  55.1 - 64.9  MBSF
157,953,A,8,H,64.6,74.26,Pleistocene,"CLAYEY NANNOFOSSIL OOZE WITH FORAMINIFERS and CALCAREOUS SAND Major Lithologies: This core consists mainly of interbedded white to light gray CALCAREOUS SAND and CLAYEY NANNOFOSSIL OOZE WITH FORAMINIFERS. Units typically have sharp bases and are normally and inversely graded. Minor Lithologies: Minor interbeds of white to light gray to CALCAREOUS SAND and black CRYSTAL LITHIC SAND, occur in Section 1, 32-37 and 80-85 cm, Section 3, 87-91 cm, Section 6, 77-79 cm, Section 7, 34-41 cm, and Section CC, 11-12 cm. General Description: This core consists of distinct interbeds of the major and minor lithologies. Bioturbation is common in the upper parts of most lithologies. Crystal and lithic sands are volcaniclastic. Calcareous sands are generally composed of broken and whole shell fragments and whole foraminifer tests, to and a minor amount of volcaniclastic material. Possible drilling breccia between 1.0-3.3 m.",CORE  64.6 - 74.26  MBSF
157,953,A,9,H,74.1,84,Pleistocene,"CLAYEY NANNOFOSSIL OOZE WITH FORAMINIFERS, CALCAREOUS SAND, and CRYSTAL LITHIC SILTY SAND Major Lithologies: This core consists mainly of interbedded white to light gray to CALCAREOUS SAND and CLAYEY NANNOFOSSIL OOZE WITH FORAMINIFERS, and dark gray to black CRYSTAL LITHIC SILTY SAND. Units typically have sharp bases and are normally graded. Minor Lithologies: Minor interbeds of white to light gray to CALCAREOUS SILTY SAND and black LITHIC CRYSTAL SILTY SAND, occur in Section 1, 108-110 and 124-136 cm, Section 2, 74-75 and 102-104 cm, Section 3, 21-27 cm, Section 4, 55-56 and 59-60 cm, Section 5,118-119 and 132-134 cm, Section 6, 28-29, 32-34, 70-78, and 90-92 cm, and Section 7, 40-44 cm. IF to General Description: This core consists of distinct interbeds of the major and minor lithologies. Bioturbation is common in the upper parts of most lithologies. Crystal and lithic sands are volcaniclastic. Calcareous sands are generally composed of broken and whole shell fragments and whole foraminifer tests, to and a minor amount of volcaniclastic material.",CORE  74.1 - 84  MBSF
157,953,A,10,H,83.6,93.73,Pleistocene,"CLAYEY NANNOFOSSIL OOZE WITH FORAMINIFERS, CALCAREOUS SILTY SAND and CRYSTAL LITHIC SILTY SAND Major Lithologies: This core consists mainly of interbedded white to light gray CALCAREOUS SILTY SAND and CLAYEY NANNOFOSSIL OOZE WITH FORAMINIFERS, and dark gray to black CRYSTAL LITHIC SILTY SAND. Units typically have sharp bases and are normally graded. Minor Lithologies: Minor interbeds of white to light gray CALCAREOUS SILTY SAND and black LITHIC CRYSTAL SILTY SAND, occur in Section 1, 27-29, 41-42, 57-59, 127-131, and 134-136 cm, Section 2, 54-58 and 58-60 cm, Section 3, 20-22 and 40-52 cm, Section 4, 30-40, 44-50, and 141-142 cm, Section 5, 12-14, 70-76, and 83-92 cm, Section 6, 24-26, 42-44, and 60-77 cm, and Section 7, 76-79 cm. General Description: This core consists of distinct interbeds of the major and minor lithologies. Bioturbation is common in the upper parts of most lithologies. Crystal and lithic silty sands are volcaniclastic. Calcareous silty sands are generally composed of broken and whole shell fragments and whole foraminifer tests, and a minor amount of volcaniclastic material.",CORE  83.6 - 93.73  MBSF
157,953,A,11,H,93.1,102.27,Pleistocene,"CLAYEY NANNOFOSSIL OOZE WITH FORAMINIFERS, LITHIC SAND, and CALCAREOUS SAND Major Lithologies: This core consists mainly of interbedded CLAYEY NANNOFOSSIL OOZE WITH FORAMINIFERS, LITHIC SAND, and CALCAREOUS SAND. Units typically have sharp bases and are normally graded. Minor Lithologies: Minor interbeds of CALCAREOUS SAND and LITHIC SAND occur in Section 1, 28-32 and 32-51 cm, Section 2, 100-105, 118-132, and 137-150 cm, Section 3, 4-12 and 52-54 cm, Section 4, 116-118 and 141-143 cm, and Section 5, 36-38 cm. General Description: This core consists of distinct interbeds of the major and minor lithologies. Bioturbation is common in the upper parts of most lithlogies. Crystal and lithic sands are volcaniclastic. Calcareous sands are generally so composed of broken and whole foraminifer tests and minor amounts of volcaniclastic material. ",CORE  93.1 - 102.27  MBSF
157,953,A,12,H,102.6,112.5,Pleistocene,"CLAYEY NANNOFOSSIL OOZE WITH FORAMINIFERS, CALCAREOUS SAND, and CRYSTAL LITHIC SAND Major Lithologies: This core consists mainly of nterbedded white to light gray CALCAREOUS SAND and CLAYEY NANNOFOSSIL OOZE WITH FORAMINIFERS, and dark gray to black CRYSTAL LITHIC SAND. Units typically have sharp bases and are normally graded. Minor Lithologies: Minor interbeds of white to light gray and black LITHIC SAND, occur in Section 1, 24-26 and 39-41 cm, Section 2, 140-141 and 147-150 cm, Section 3, 21-28 and 114-118 cm, Section 4, 30-32 cm, Section 6, 30-32, 56-57, 71-73, and 88-95 cm. General Description: This core consists of distinct interbeds of the major and minor lithologies. Bioturbation is common in the upper parts of most lithologies. Crystal and lithic sands are volcaniclastic. Calcareous sands are generally composed of broken and whole shell fragments and whole foraminifer tests, and a minor amount of volcaniclastic material.",CORE  102.6 - 112.5  MBSF
157,953,A,13,H,112.1,121.75,Pleistocene,"FORAMINIFERS, CALCAREOUS SAND, and CRYSTAL LITHIC SAND CLAYEY NANNOFOSSIL OOZE WITH Major Lithologies: This core consists mainly of interbedded white to light gray CALCAREOUS SAND and CLAYEY NANNOFOSSIL OOZE WITH FORAMINIFERS, and dark gray to black CRYSTAL LITHIC SAND. Units typically have sharp bases and are normally graded. Minor Lithologies: Minor interbeds of white to light gray CALCAREOUS SILTY SAND and black LITHIC CRYSTAL SAND, occur in Section 1, 124-130 cm, Section 2, to 114-122 cm, Section 3, 58-62 and 90-98 cm, Section 4, 66-76, 105-106, and 130-132 cm, Section 5, 34-36 and 66-69 cm, Section 6, 8-13, 38-42, 82-83, 105-108, 116-117, and 138-142 cm, and Section 7, 8-10 cm. to General Description: This core consists of distinct interbeds of the major and minor lithologies. Bioturbation is common in the upper parts of most lithologies. Crystal and lithic sands are volcaniclastic. Calcareous sands are generally composed of broken and whole shell fragments and whole foraminifer tests, and a minor amount of volcaniclastic material.",CORE  112.1 - 121.75  MBSF
157,953,A,14,H,121.6,131.71,Pleistocene,"CLAYEY NANNOFOSSIL OOZE WITH FORAMINIFERS and CALCAREOUS SAND Major Lithologies: This core consists mainly of interbedded white to light gray to CALCAREOUS SAND and CLAYEY NANNOFOSSIL OOZE WITH FORAMINIFERS. Units typically have sharp bases and are normally graded. Minor Lithologies: Minor interbeds of white to light gray CALCAREOUS SAND and black LITHIC CRYSTAL SAND, occur in Section 1, 0-3, 38-42, 72-74, 80-84, 108-114, 123-128, and 137-138 cm, Section 2, 33-44, 44-46 86-91, 107-114, 124-126, 135-148, and 148-150 cm, Section 3, 0-6, 35-46, 75-81, 91-105,115-117, and 117-132 cm, Section 4, 28-30, 45-52, 76-86, 86-91, 91-94, 131-183, 138-145, and 145-150 cm, Section 5, 0-17, 31-34, 50-56, 56-60, 80-84, 90-96, and 96-115 cm, Section 6, 28-38, 38-44, 69-70, 101-105, and 118-126 cm, Section 7, 65-80 cm, and Section CC, 0-10 cm. eneral Description: This core consists of distinct interbeds of the major and minor lithologies. Bioturbation is common in the upper to jarts of most lithologies. Crystal and ithic sands are volcaniclastic. Calcareous sands are generally composed of broken and whole shell ragments and whole foraminifer tests, and a minor amount of volcaniclastic material.",CORE  121.6 - 131.71  MBSF
157,953,A,15,H,131.1,140.76,Pleistocene,"CLAYEY NANNOFOSSIL OOZE WITH FORAMINIFERS Major Lithology: This core consists mainly of interbedded CLAYEY NANNOFOSSIL OOZE WITH FORAMINIFERS. Units typically have sharp bases and are normally graded. to Minor Lithologies: Minor interbeds of white to light gray CALCAREOUS SILTY SAND and black CRYSTAL LITHIC SAND, occur in Section 1,6-13, 16-18, 44-47, 77-79, 111-116,129-130, and136-142 cm, Section 2, 10-23, 44-49, 64-69, 79-90, 102-111, and 139-141 cm, Section 3, 15-17, 25-28, 58-60, 90-93, 109-113, and 144-146 cm, Section 4, 10-12, 44-46, 85-88, and 119-135 cm, Section 5, 0-3, 18-19, 48-54, 54-55, to and 101-106, Section 6, 11-20, 50-63, and 98-103 cm, Section 7, 0-5 and 57-75 cm, and Section CC, 0-5, 5-8, and 8-10 cm. General Description: This core consists of distinct interbeds of the major and minor lithologies. Bioturbation is common in the upper parts of most lithologies. Crystal and lithic sands are volcaniclastic. Calcareous sands are generally composed of broken and whole shell fragments and whole foraminifer tests, to and a minor amount of volcaniclastic material.",CORE  131.1 - 140.76  MBSF
157,953,A,16,H,140.6,150.72,late Pliocene,"CLAYEY NANNOFOSSIL OOZE WITH FORAMINIFERS, CALCAREOUS SAND, and to CRYSTAL LITHIC SAND Major Lithologies: This core consists mainly of interbedded white to light gray CALCAREOUS SAND and CLAYEY NANNOFOSSIL OOZE WITH FORAMINIFERS, and dark gray to black CRYSTAL LITHIC SAND. Units typically have sharp bases and are to normally graded. Minor Lithologies: Minor interbeds of white to light gray CALCAREOUS SILTY SAND and black LITHIC CRYSTAL SILTY SAND, occur in Section 1, 14-15, 70-84, 106-107, and 137-150 cm, to Section 2, 0-8, 26-44, 52-69, 76-78, 91-103, 117-123, and 141-150 cm, Section 3, 0-12, 23-39, 55-56, to 81-82, and 93-98 cm, Section 4, 16-17, 28-29, 52-54, and 92-102 cm, Section 5, 60-62 and 104-119 cm, Section 6, 62-64 and 86-87 cm, Section 7, 38-40 cm, and Section CC, 23-24 cm. General Description: to This core consists of distinct interbeds of the major and minor lithologies. Bioturbation is common in the upper parts of most lithologies. Crystal and lithic sands are volcaniclastic. Calcareous sands are generally composed of broken and whole shell fragments and whole foraminifer tests, and a minor amount of volcaniclastic material.",CORE  140.6 - 150.72  MBSF
157,953,A,17,H,150.1,159.92,late Pliocene,"CLAYEY NANNOFOSSIL OOZE WITH FORAMINIFERS and CALCAREOUS SAND WITH LITHICS AND CRYSTALS to Major Lithologies: This core consists mainly of interbedded white to light gray CALCAREOUS SAND WITH LITHICS AND CRYSTALS and CLAYEY NANNOFOSSIL OOZE WITH FORAMINIFERS. Units typically have sharp bases and are normally graded. Minor Lithologies: Minor interbeds of white to light gray CALCAREOUS SAND and black LITHIC CRYSTAL SAND, occur in Section 1, 77-90, 97-100, 129-130, and 144-146 cm, Section 3, 3-6, 6-7, to 26-30, 52-53, 113-115, and 133-136 cm, Section 5, 119-129, 129-130, and 136-141 cm, Section 6, 9-12, 30, 31, 33-38, 80-81, and 83-84 cm. General Description: This core consists of distinct interbeds of the major and minor lithologies. Bioturbation is common in the upper parts of most lithologies. Crystal and lithic sands are volcaniclastic. Calcareous sands are generally composed of broken and whole shell fragments and whole foraminifer tests, and a minor amount of volcaniclastic to material.",CORE  150.1 - 159.92  MBSF
157,953,A,18,H,159.6,169.69,late Pliocene,"CLAYEY NANNOFOSSIL OOZE WITH FORAMINIFERS and CALCAREOUS SAND WITH LITHICS AND CRYSTALS Major Lithologies: This core consists mainly of CALCAREOUS SAND WITH LITHICS to AND CRYSTALS and CLAYEY NANNOFOSSIL OOZE WITH FORAMINIFERS. Units typically have sharp bases and are normally graded. Minor Lithologies: Minor interbeds of white to light gray CALCAREOUS SILTY SAND and black LITHIC CRYSTAL SAND and TEPHRA LAYERS, occur in Section 1, 138-146 cm, Section 2, 44-55, 60-65, 84-88, 93-96, 111-113, and 130-131 cm, Section 3, 105-106, 121-124, and 138-139 cm, Section to 4, 34-39 and 55-60 cm, Section 5, 24�32 and 64-68 cm. General Description:This core consists of distinct interbeds of the major and minor lithologies. Bioturbation is common in the upper parts of most lithologies. to Crystal and lithic sands are volcaniclastic. Calcareous sands are generally composed of broken and whole shell fragments and whole foraminifer tests, and a minor amount of volcaniclastic material.",CORE  159.6 - 169.69  MBSF
157,953,A,19,H,169.1,178.87,late Pliocene,"CLAYEY NANNOFOSSIL OOZE WITH FORAMINIFERS Major Lithology: to This core consists mainly of interbedded CLAYEY NANNOFOSSIL OOZE WITH FORAMINIFERS. Units typically have sharp bases and are normally graded. Minor Lithologies: Minor interbeds of white to light gray CALCAREOUS SILTY SAND and black LITHIC CRYSTAL SILTY SAND, occur in Section 1, 32-33, 87-88, and 133-146 cm, Section 2, to 21-22, 33-34, 38, 82, and 83-84 cm, Section 3, 33-39, 51-52, 113-120, and 146-150 cm, Section 4, 100-110 and 122-123 cm, Section 5, 8-13, 23-24, 52-54, 54-56, 64-65, and 100-101 cm, Section 6, 124-125 cm, and Section 7, 62-64 cm. General Description: This core consists of distinct interbeds of the major and minor lithologies. Bioturbation is common in the upper parts of most lithologies. Crystal and lithic sands are volcaniclastic. Calcareous sands are generally composed of broken and whole shell fragments and whole foraminifer tests, and a minor amount of volcaniclastic material.",CORE  169.1 - 178.87  MBSF
157,953,A,20,H,178.6,188.78,late Pliocene,"CLAYEY NANNOFOSSIL OOZE WITH FORAMINIFERS and CALCAREOUS SAND WITH LITHICS AND CRYSTALS Major Lithologies: This core consists mainly of interbedded white to light gray CALCAREOUS SAND WITH LITHICS AND CRYSTALS and CLAYEY NANNOFOSSIL OOZE WITH FORAMINIFERS. Units typically have sharp bases and are normally graded. Minor Lithologies: Minor interbeds of white to light gray CALCAREOUS SILTY SAND and black LITHIC CRYSTAL SILTY SAND, occur in Section 1, 19-32 and 113 cm, Section 2,110-112,112-114, 122-128, 128-132, and 142-148 cm, to and 127-131 cm, Section 4, 8-10, 38-42, 56-60, and 135-137 cm, General Description: This core consists of distinct interbeds of the major and minor lithologies. Bioturbation is common in the upper parts of most lithologies. Crystal and lithic sands are volcaniclastic. Calcareous sands are generally  composed of broken and whole shell fragments and whole foraminifer tests, and a minor amount of volcaniclastic material.",CORE  178.6 - 188.78  MBSF
157,953,A,21,H,188.1,192.65,late Pliocene,"CLAYEY NANNOFOSSIL OOZE WITH FORAMINIFERS and CALCAREOUS SAND WITH LITHICS AND CRYSTALS to Major Lithologies: This core consists mainly of interbedded white to light gray CALCAREOUS SAND WITH LITHICS AND CRYSTALS and CLAYEY NANNOFOSSIL OOZE WITH FORAMINIFERS. Units typically have sharp bases and are normally graded. Minor Lithologies: Minor interbeds of white to light gray to CALCAREOUS SAND and black LITHIC CRYSTAL SAND, occur in Section 1, 30-32, 46, and 109-116 cm, Section 2, 57-63, 73, and 97-105 cm, and Section 3, 54-56 and 126- 128 cm. General Description: This core consists of distinct interbeds of the major and minor lithologies. Bioturbation is common in the upper parts of most lithologies. Crystal and lithic sands are volcaniclastic. Calcareous sands are generally composed of broken and whole shell fragments and whole foraminifer tests, and a minor amount of volcaniclastic material.",CORE  188.1 - 192.65  MBSF
