Expedition/Leg,Site,Hole,Core Number,Core Type,Top depth cored (m),Bottom depth recovered (m),Age,Description,Core ID
138,846,B,1,H,0,7.05,Pleistocene,"NANNOFOSSIL FORAMINIFER DIATOM OOZE Major Lithology: Sediments are composed of a NANNOFOSSIL FORAMINIFER DIATOM OOZE mottled in color between shades of olive gray (5Y 5/3 to 5Y 6/2). Section 1, 0-5 cm is a darker olive brown (2.5Y 4/4) sediment containing a greater proportion of calcareous sediment which grades slowly into the dominant lithology through the next 30 cm. General Description: TRACE FOSSILS: Moderate to strong bioturbation occurs throughout the core with solid burrows, Skolithos, Planolites, and Zoophycos structures abundant. Burrows commonly are surrounded with halo features. BANDING CONTRAST: Slight. ",CORE 0 - 7.05 MBSF
138,846,B,2,H,7,16.89,Pleistocene,"FORAMINIFER DIATOM NANNOFOSSIL OOZE Major Lithology: The core consists of gray (5Y 6/1 to 5Y 6/2) FORAMINIFER DIATOM NANNOFOSSIL OOZE which is moderately to intensely bioturbated. The bioturbation is frequently delineated by pale bluish gray markings due to reduction diagenesis. The diatom content varies from about 15-25% with the lighter shades of the lithology having fewer diatoms. Minor Lithology: Light gray intervals of the core (5Y 7/1) are FORAMINIFER NANNOFOSSIL OOZE WITH DIATOMS AND RADIOLARIANS, which are generally ess bioturbated than the more diatom-rich intervals. 3eneral Description: COLOR: The core varies between gray and light gray (5Y 6/2 to 5Y 7/1). The scale of these alternations is approximately 50 cm. TRACE FOSSILS: The bioturbation is dominated by solid burrows, but isolated Zoophycos are present and the interval between Section 2, 5 cm and Section 2, 40 cm is intensely bioturbated by Zoophycos. Isolated rind burrows are also present. BANDING CONTRAST: Slight. MOTE: There is a void in Section 1, 40-150 cm. ",CORE 7 - 16.89 MBSF
138,846,B,3,H,16.5,26.17,Pleistocene,"DIATOM NANNOFOSSIL OOZE and CLAYEY FORAMINIFER NANNOFOSSIL OOZE WITH DIATOMS Major Lithologies: Sections 1 -3 are extensively bioturbated light gray CLAYEY FORAMINIFER NANNOFOSSIL OOZE WITH DIATOMS. The remainder of the core consists of light gray to light greenish gray, extensively bioturbated DIATOM NANNOFOSSIL OOZE. There are greenish gray (5GY 5/1) mottles and streaks throughout, which are more pyrite and clay-rich, and burrow fills that are more foraminifer-rich than the dominant lithologies. General Description: TRACE FOSSILS: Zoophycos is abundant throughout the core, especially in the top 4 Sections. Large vertical burrows (Skolithos?) are found in Sections 2 through 6. Planolites are present in the bottom of Section 1. Teichichnus trace fossils are found in the bottom of Section 2. Solid burrows occur throughout the core. BANDING CONTRAST: Moderate. NOTE: There is a 15-cm thick bed in Section 5,100-110 cm with contacts at about a 45 degree dip, and no bioturbation. The bed grades from light greenish gray (5GY 7/1) at the bottom to light gray (5Y 7/1) at the top. The composition changes from slightly more nannofossil rich at the bottom to more radiolarian and diatom rich at the top. There are some silt-sized rock fragments found in the smear slides from this bed. ",CORE 16.5 - 26.17 MBSF
138,846,B,4,H,26,36.06,Pleistocene,"CLAYEY NANNOFOSSIL DIATOM OOZE and FORAMINIFER CLAYEY NANNOFOSSIL OOZE Major Lithologies: The bottom 4 sections of this core comprise light greenish gray, extensively bioturbated CLAYEY NANNOFOSSIL DIATOM OOZE. The remainder of the core consists of light greenish gray to light gray, extensively bioturbated FORAMINIFER CLAYEY NANNOFOSSIL OOZE. Some burrow fills are of slightly more diatom-rich nannofossil ooze. Some burrows (e.g. at Section 5,126 cm) are filled with foraminifer ooze dominated by sand-sized foraminifers. General Description: TRACE FOSSILS: Zoophycos are found in many places in core (see structures column). Solid burrows occur throughout core. An example of Zoophycos crosscutting Skolithos is seen in Section 6. BANDING CONTRAST: The only oands present are those associated with Zoophycos, and the banding contrast is slight to moderate. ",CORE 26 - 36.06 MBSF
138,846,B,5,H,35.5,45.54,Pleistocene,"FORAMINIFER NANNOFOSSIL OOZE WITH DIATOMS and DIATOM NANNOFOSSIL OOZE WITH FORAMINIFERS Major Lithologies: This core comprises interbedded olive gray to light gray FORAMINIFER NANNOFOSSIL OOZE WITH DIATOMS with olive gray DIATOM NANNOFOSSIL OOZE WITH FORAMINIFERS. The contacts between these lithologies are not well defined and there is mixing between lithologies due to extensive bioturbation throughout the core. Dark gray (5Y 3/1) mottling is common throughout core. General Description: TRACE FOSSILS: Solid burrows, rind burrows and Zoophycos are common throughout this core. Examples of very large rind burrows are at Section 2,90 cm, Section 4,110 cm, and the bottom half of Section 3. Examples of Zoophycos are indicated in structures column. BANDING CONTRAST: Moderate to high. ",CORE 35.5 - 45.54 MBSF
138,846,B,6,H,45,53.94,Pleistocene,"NANNOFOSSIL OOZE WITH DIATOMS and CLAYEY NANNOFOSSIL OOZE WITH FORAMINIFERS Major Lithologies: Down to about 22 cm in Section 6, this core is primarily light gray NANNOFOSSIL OOZE WITH DIATOMS interbedded with olive gray CLAYEY NANNOFOSSIL OOZE WITH FORAMINIFERS. Bioturbation is extensive throughout both these lithologies. Minor Lithology: The sediment below 22 cm in Section 6 is olive DIATOM CLAYEY NANNOFOSSIL OOZE with moderate bioturbation. General Description: TRACE FOSSILS: Solid burrows and rind burrows are common throughout the core. Examples of rind burrows are at Section 2,110 cm, Section 3,123-130 cm, Section 5,114 cm; of Skolithos at Section 7, 97 cm, and Section 3,10-20 cm; and of Zoophycos as indicated in the stuctures column. BANDING CONTRAST: Slight. Most color changes are gradational and subtle. ",CORE 45 - 53.94 MBSF
138,846,B,7,H,54.5,64.26,Pliocene,"DIATOM NANNOFOSSIL OOZE WITH FORAMINIFERS and CLAYEY FORAMINIFER NANNOFOSSIL OOZE WITH DIATOMS Major Lithologies: Much of the core is a light gray DIATOM NANNOFOSSIL OOZE WITH FORAMINIFERS, with extensive bioturbation throughout. This lithology is interbedded with an olive and dark olive color CLAYEY FORAMINIFER NANNOFOSSIL OOZE WITH DIATOMS, with the darker lithology increasing towards the bottom of the core. General Description: TRACE FOSSILS: Extensive mottling and bioturbation occurs throughout, with solid burrows of lighter and darker colors than the dominant color, ranging from light olive gray (5Y 6/2) to dark olive gray (5Y3/2). One Zoophycos is present in Section 3, 30 cm. BANDING CONTRAST: Moderate. ",CORE 54.5 - 64.26 MBSF
138,846,B,8,H,64,73.96,Pliocene,"DIATOM FORAMINIFER NANNOFOSSIL OOZE WITH CLAY and NANNOFOSSIL CLAYEY DIATOM OOZE Major Lithologies: This core contains a highly bioturbated and mottled light olive gray DIATOM FORAMINIFER NANNOFOSSIL OOZE WITH CLAY, which is interbedded with a darker, less bioturbated NANNOFOSSIL CLAYEY DIATOM OOZE. Towards the bottom of the core, sediments are light greenish gray to light olive gray in color. General Description: TRACE FOSSILS: Bioturbation is intense through the lighter colored intervals. In Section 1,24 cm is an individual Zoophycos. In Section 4, 100-160 cm, are several Zoophycos, and one Teichichnus trace fossil. Another series of Zoophycos trace fossils is seen in Section 5,120-150 cm, and a Skolithos is present from 97-130 cm BANDING CONTRAST: Slight to moderate. ",CORE 64 - 73.96 MBSF
138,846,B,9,H,73.5,83.07,Pliocene,"FORAMINIFER CLAYEY NANNOFOSSIL OOZE WITH DIATOMS Major Lithology: The entire core is composed of light gray, extensively bioturbated FORAMINIFER CLAYEY NANNOFOSSIL OOZE WITH DIATOMS. The color bands and burrows indicated in the structures column are usually light olive gray (5Y 6/2) and probably more diatom-rich. There is some gray (5Y 5/1) diagenetic mottling. General Description: TRACE FOSSILS: Solid burrows are common throughout, and some rind burrows (good example at 95 cm in Section 5) and Zoophycos also are present. BANDING CONTRAST: Slight. ",CORE 73.5 - 83.07 MBSF
138,846,B,10,H,83,93.23,Pliocene,"FORAMINIFER DIATOM NANNOFOSSIL OOZE and NANNOFOSSIL FORAMINIFER DIATOM OOZE Major Lithologies: The dominant lithology is a mottled pale gray (5Y 7/2) to white (5Y 8/1) FORAMINIFER DIATOM NANNOFOSSIL OOZE. This is interbedded on a 2 meter scale with 40-110 cm beds of darker, olive (5Y 5/3), NANNOFOSSIL FORAMINIFER DIATOM OOZE which contain minor quantities of pyrite. General Description: TRACE FOSSILS: Planolites and solid burrows are common throughout. Zoophycos is present in Sections 2, 3 , and 4. COLOR BANDING: There is an alternation of moderate intensity between white and olive colors with gradational transition between the two colors. ",CORE 83 - 93.23 MBSF
138,846,B,11,H,92.5,102.26,Pliocene,FORAMINIFER DIATOM NANNOFOSSIL OOZE WITH RADIOLARIANS and NANNOFOSSIL FORAMINIFER DIATOM OOZE Major Lithologies: The sediments recovered alternate between two major lithologies. The mottled light gray to light olive gray (5Y 7/2 to 5Y 6/2) material consists of FORAMINIFER DIATOM NANNOFOSSIL OOZE WITH RADIOLARIANS while intervals of NANNOFOSSIL FORAMINIFER DIATOM OOZE have a darker olive color (5Y 5/4). Minor amounts of clay are also found in both lithologies. Grayish purple haloes and streaks are common throughout the FORAMINIFER DIATOM NANNOFOSSIL OOZE WITH RADIOLARIANS but are not seen in the darker material. General Description: TRACE FOSSILS: Moderate to strong bioturbation occurs throughout the core with solid burrows and Planolites abundant; Zoophycos are common. Burrows commonly are surrounded with halo features. BANDING CONTRAST: Moderate. ,CORE 92.5 - 102.26 MBSF
138,846,B,12,H,102,111.8,Pliocene,"DIATOM NANNOFOSSIL OOZE WITH RADIOLARIANS and NANNOFOSSIL DIATOM OOZE Major Lithologies: Sediments are rhythmically banded on the scale of one meter, with subtle alternation between light gray (5Y 7/2) and light olive gray (5Y 6/2) to olive (5Y 5/3). Lighter bands are DIATOM NANNOFOSSIL OOZE WITH RADIOLARIANS and darker bands are NANNOFOSSIL DIATOM OOZE. Minor foraminifers are present in the major lithologies. General Description: TRACE FOSSILS: Burrow mottling is present throughout the core, weakest in Section 3, and strongest in Section 6. Filled burrows are most common, but Planolites is present, and one Skolithos burrow is preserved in Section 2. Grayish purple haloes and streaks are associated with bioturbation. BANDING CONTRAST: Contrast is weak on the meter scale, and contacts are obscured by bioturbation. ",CORE 102 - 111.8 MBSF
138,846,B,13,H,111.5,121.65,Pliocene,"FORAMINIFER DIATOM NANNOFOSSIL OOZE and FORAMINIFER NANNOFOSSIL DIATOM OOZE Major Lithologies: The lithology varies in color between a mottled light olive gray FORAMINIFER DIATOM NANNOFOSSIL OOZE and a darker olive colored FORAMINIFER NANNOFOSSIL DIATOM OOZE. Both lithologies also contain minor amounts of radiolarians and trace amounts of pyrite. General Description: TRACE FOSSILS: Moderate to strong bioturbation occurs throughout the core with solid burrows, rind burrows, Skolithos, and Planolites structures abundant. Burrows commonly are surrounded with halo features. BANDING CONTRAST: Moderate. ",CORE 111.5 - 121.65 MBSF
138,846,B,14,H,121,130.78,Pliocene,"FORAMINIFER DIATOM NANNOFOSSIL OOZE WITH CLAY Major Lithology: The dominant lithology is a FORAMINIFER DIATOM NANNOFOSSIL OOZE WITH CLAY which is mottled white (5Y 8/1) to pale gray (5Y 7/2) with dark bluish black blotches, burrow fills and haloes around burrows. Minor Lithology: There are very pale layers in Sections 5 and 6 of light olive gray (5Y 6/2) DIATOM NANNOFOSSIL OOZE. Some burrow fills also contain this lithology. General Description: TRACE FOSSILS: Bioturbation is heavy throughout, with solid burrows and Plan�lites common, and Zoophycos rare. COLOR BANDING: Moderate contrast in Sections 5 and 6. ",CORE 121 - 130.78 MBSF
138,846,B,15,H,130.5,140.62,Pliocene,"FORAMINIFER DIATOM NANNOFOSSIL OOZE Major Lithology: The sediments alternate between light gray (5Y 7/1) and light olive gray to olive gray (5Y 5/2 to 5Y 6/2) FORAMINIFER DIATOM NANNOFOSSIL OOZE. Darker color bands are associated with relatively higher diatom content and lower nannofossil content. Disseminated pyrite is present in Section 3. General Description: TRACE FOSSILS: Burrowing is generally moderate, but is weak in the light olive gray sediments from the base of Section 3 to the top of Section 5. Filled burrows with diagenetic halos are common. Chondrites are observed at the top of Section 3. BANDING CONTRAST: Color differences between bands are moderate. Contacts are gradational, and obscured by bioturbation. ",CORE 130.5 - 140.62 MBSF
138,846,B,16,H,140,149.82,Pliocene,"FORAMINIFER DIATOM NANNOFOSSIL OOZE Major Lithology: The entire core is composed of a FORAMINIFER DIATOM NANNOFOSSIL OOZE showing slightly mottled colors between various shades of light gray to olive gray. Darker bands of gray occur throughout the interval as a cnagenetic feature. General Description: TRACE FOSSILS: Moderate to strong bioturbation occurs throughout the core with solid burrows, Skolithos, Planolites, and Zoophycos structures common; Chondrites are also present. BANDING CONTRAST: Moderate. ",CORE 140 - 149.82 MBSF
138,846,B,17,H,149.5,159.65,Pliocene,"DIATOM CLAYEY NANNOFOSSIL OOZE WITH FORAMINIFERS Major Lithology: The major lithology is DIATOM CLAYEY NANNOFOSSIL OOZE WITH FORAMINIFERS. The light gray (5Y 7/1 j sediment is moderately to intensely bioturbated; the bioturbation is often highlighted with bluish black stains of pyrite. Minor Lithology: Between intervals of the major lithology the diatom content of the sediment is higher and the CLAYEY NANNOFOSSIL DIATOM OOZE is a darker shade of gray to light olive gray (5Y 6/2). These intervals are also bioturbated. General Description: COLOR: The entire core consists of shades of light olive gray to light gray (5Y 6/2 to 5Y 7/1). The color transitions are gradual. TRACE FOSSILS: The entire core is moderately to intensely bioturbated. The dominant trace fossil types are solid burrows and Planolites. BANDING: Although the color variations are subtle, the core is clearly banded on the scale of about 1.5 m. ",CORE 149.5 - 159.65 MBSF
138,846,B,18,H,159,169.17,Pliocene,"CLAYEY DIATOM NANNOFOSSIL OOZE Major Lithology: The CLAYEY DIATOM NANNOFOSSIL OOZE intervals of the core comprise the dominate lithology. These light gray (5Y 7/2) to light olive (5Y 5/2) sediments have minor amounts of foraminifers. The sediments are moderately to intensely bioturbated and are interbedded with the minor lithology. Minor Lithology: The minor lithology is DIATOM CLAYEY NANNOFOSSIL OOZE WITH FORAMINIFERS, which is generally lighter in color (light olive gray 5Y 7/1) and somewhat more intensely bioturbated than the more diatom-rich major lithology. General Description: COLOR: The sediments alternate between light gray (5Y 7/1) and olive gray (5Y 5/2). TRACE FOSSILS: The entire core is moderately to intensely bioturbated. There are many filled solid burrows, rind burrows with haloes, and Zoophycos are quite distinct in the interval Section 4,10-25. BANDING: The core is subtly banded on an approximately 1 -1.5 m scale. ",CORE 159 - 169.17 MBSF
138,846,B,19,H,168.5,178.65,Pliocene,"DIATOM CLAYEY NANNOFOSSIL OOZE WITH FORAMINIFERS Major Lithology: The major lithology is light gray (5Y 7/1) DIATOM CLAYEY NANNOFOSSIL OOZE WITH FORAMINIFERS. It is interbedded with a minor lithology that contains more diatoms; the contacts are gradational. The major lithology is moderately bioturbated, but the burrows are less distinct than cores higher up in the hole which contained more pyrite. Minor Lithology: The major lithology is interbedded with CLAYEY DIATOM NANNOFOSSIL OOZE, which is slightly darker (5Y 7/2) than the major lithology. General Description: COLOR: There are subtle color variations in shades of light gray (5Y 7/1 to 5Y 7/2), which delineate the major and minor lithologies. TRACE FOSSILS: The core is moderately bioturbated with solid burrows and Planolites. There are isolated Zoophycos. BANDING: The banding constrast is very slight, but the core is clearly banded at the 1 -1.5 m scale. ",CORE 168.5 - 178.65 MBSF
138,846,B,20,H,178,187.85,Pliocene,"DIATOM NANNOFOSSIL OOZE WITH FORAMINIFERS Major Lithology: The entire core is light gray to light greenish gray, moderately to heavily mottled DIATOM NANNOFOSSIL OOZE WITH FORAMINIFERS. The mottling is gray (N6), light greenish gray (5G 7/1), and light gray (2.5Y 7/2). General Description: TRACE FOSSILS: There are a few solid burrows and rind burrows outlined by diagenetic haloes, but in general, trace fossils are indistinct. BANDING CONTRAST: Slight. ",CORE 178 - 187.85 MBSF
138,846,B,21,H,187.5,197.68,Pliocene,"DIATOM NANNOFOSSIL OOZE WITH FORAMINIFERS Major Lithology: The core consists of DIATOM NANNOFOSSIL OOZE WITH FORAMINIFERS. There are slight variations in the proportions of diatoms and foraminifers in the core with lighter colors generally corresponding to sediment with fewer diatoms. The core is light gray (5Y 7/1 to 5GY 7/1), but it is intensely bioturbated and has many subtle gradations of color. General Description: COLOR: The light gray (5Y 7/1 to 5GY 7/1) colors vary only slightly through the core. The bioturbation is often highlighted with pale bluish gray pyrite. TRACE FOSSILS: The intense bioturbation makes it difficult to discern individual burrows, but most appear to be solid burrows. There is an isolated Skolithos burrow in Section 6, 0-25 cm. BANDING: The contrast in banding is very slight, but occurs at approximately meter-scale. ",CORE 187.5 - 197.68 MBSF
138,846,B,22,H,197,207.1,upper Miocene,"FORAMINIFER NANNOFOSSIL OOZE Major Lithology: The entire core is light gray to light greenish gray, moderately to extensively bioturbated FORAMINIFER NANNOFOSSIL OOZE. There is gray (5Y 6/1), pale olive (5Y 6/3) and gray (N 6) mottling and banding. The pale olive burrows are filled with foraminifer nannofossil diatom ooze. This lithology is interbedded with thin bands of the minor lithology. Minor Lithology: The color bands indicated in the structures column and most of Sections 6 and 7 are gray to light greenish gray, moderately to extensively bioturbated DIATOM CLAYEY NANNOFOSSIL OOZE. General Description: TRACE FOSSILS: Although there is extensive mottling, trace fossils are not distinct except in the bottom half of Section 2, and from Section 4,140 cm, to Section 6,40 cm, where there are solid burrows, Zoophycos and very thin horizontal to oblique burrows (possibly tiny Zoophycos). BANDING CONTRAST: Slight. ",CORE 197 - 207.1 MBSF
138,846,B,23,X,206.5,216.26,upper Miocene,"NANNOFOSSILOOZE Major Lithology: This core is entirely light gray to light greenish gray NANNOFOSSIL OOZE with moderate to extensive bioturbation. General Description: TRACE FOSSILS: Gray (N6) mottling is common throughout but only a few distinct trace fossils are seen: several solid burrows in Sections 4 and 5, and a few thin near-horizontal trace fossils in Section 6. BANDING CONTRAST: No banding present. NOTE: This is the first XCB core in the hole, and the color scan sampling interval was changed from 4 cm to 8 cm starting in Section 1 of this core. ",CORE 206.5 - 216.26 MBSF
138,846,B,24,X,216.2,225.78,upper Miocene,"NANNOFOSSILOOZE Major Lithology: This core is composed of light gray to light greenish gray NANNOFOSSIL OOZE with varying amounts of clay. Bioturbation and mottling are moderate to heavy throughout. General Description: TRACE FOSSILS: Skolithos are present in Section 5, 70-118 cm. Two individual Zoophycos are present in Section 6 140-150 cm. A few rind burrows are present throughout, but generally trace fossils are indistinct. BANDING CONTRAST: No banding present. ",CORE 216.2 - 225.78 MBSF
138,846,B,25,X,225.9,232.32,upper Miocene,"CLAYEY NANNOFOSSIL OOZE Major Lithology: The entire core is light gray to light greenish gray, moderately to heavily bioturbated CLAYEY NANNOFOSSIL OOZE with gray (N6) mottling. General Description: TRACE FOSSILS: There are some solid burrows and thin horizontal trace fossils between the middle of Section 4 and the bottom of the core. BANDING CONTRAST: No banding is present. ",CORE 225.9 - 232.32 MBSF
138,846,B,26,X,235.6,235.61,NA,Entire core given to paleontologists.,CORE 235.6 - 235.61 MBSF
138,846,B,27,X,245.2,253.56,upper Miocene,"DIATOM NANNOFOSSIL OOZE and CLAYEY DIATOM NANNOFOSSIL OOZE WITH FORAMINIFERS Major Lithologies: The top part of the core is a light gray to light greenish gray DIATOM NANNOFOSSIL OOZE, which gradualh grades to a light greenish gray and light gray CLAYEY DfATOM NANNOFOSSI OOZE WITH FORAMINIFERS. Bioturbation and mottling is extensive throughout. Some burrows are filled with diatom ooze. General Description: TRACE FOSSILS: Small Zoophycos-like trace fossils are present in much of the core. Occasional filled burrows are present, but most of the core is highly mottled. BANDING CONTRAST: There is no distinct banding, but there are faint laminations in sediment. ",CORE 245.2 - 253.56 MBSF
138,846,B,28,X,254.9,264.87,upper Miocene,"DIATOM NANNOFOSSIL OOZE WITH CLAY Major Lithology: The dominant lithology is a DIATOM NANNOFOSSIL OOZE WITH CLAY, which is mottled and variegated with white (5Y 8/1) to light gray (5Y 7/2) and dark bluish black colors. Minor Lithology: Bands of olive gray (5Y 5/2) CLAYEY NANNOFOSSIL OOZE WITH RADIOLARIANS occur at the intervals Section 1,100-135 cm; Section 2, 117-135 cm, Section 3, 38-45 cm and Section 6, 30 cm to 7, 62 cm. This sediment is mottled with surrounding paler colors. General Description: TRACE FOSSILS: The entire core is strongly bioturbated. Chondrites, Plan�lites, and solid burrows are common, particularly around the diatom ooze horizons. Small diameter (2 mm) sub-horizontal burrows occur throughout and are seen to cross-cut each other in Section 4,10-35 cm. COLOR BANDING: The banding described above is of moderate contrast, but with diffuse boundaries due to the heavy bioturbation. ",CORE 254.9 - 264.87 MBSF
138,846,B,29,X,264.2,273.74,upper Miocene,"CLAYEY RADIOLARIAN DIATOM OOZE WITH NANNOFOSSILS Major Lithology: Sediments are mainly CLAYEY RADIOLARIAN DIATOM OOZE WITH NANNOFOSSILS. Colors are quite variable and mottled between shades o gray and dark olive. Minor amounts of quartz, feldspar and foraminifers are also present throughout most of the core. Minor Lithology: Section 6,18-80 cm contains a white (5Y 8/1) DIATOM NANNOFOSSIL OOZE WITH FORAMINIFERS AND RADIOLARIANS. General Description: TRACE FOSSILS: Strong bioturbation occurs throughout the core with solid burrows, Planolites and Chondrites abundant; Zoophycos are also present. Truncated burrows are found in Section 2,135 cm. BANDING CONTRAST: Moderate to high. ",CORE 264.2 - 273.74 MBSF
138,846,B,30,X,273.9,283.75,upper Miocene,"CLAYEY RADIOLAIAN DIATOM OOZE Major Lithology: Sediments are a highly mottled, darker greenish gray to olive gray CLAYEY RADIOLARIAN DIATOM OOZE. Several bands of dark gray material are found throughout this interval which contain a relatively greater proportion of clay and diatoms. Minor Lithology: A lighter colored FORAMINIFER RADIOLARIAN NANNOFOSSIL OOZE is found in Section 1, 0-115 cm. General Description: TRACE FOSSILS: Moderate to strong bioturbation occurs throughout the core with solid burrows, Skolithos, Planolites, and Chondrites structures abundant. Burrows near the base of the core are filled with a pale olive-colored, diatom-rich sediment. BANDING CONTRAST: Generally moderate, however, several darker colored bands also occur. ",CORE 273.9 - 283.75 MBSF
138,846,B,31,X,283.5,293.34,upper Miocene,"RADIOLARIAN DIATOM NANNOFOSSIL OOZE, RADIOLARIAN NANNOFOSSIL DIATOM OOZE and CLAYEY RADIOLARIAN DIATOM OOZE WITH NANNOFOSSILS Major Lithologies: The dominant lithology varies from a RADIOLARIAN DIATOM NANNOFOSSIL OOZE to RADIOLARIAN NANNOFOSSIL DIATOM OOZE depending on the relative proportions of nannofossils and diatoms. The colors vary from a light gray to white (5Y 7/1 to 5Y 8/1) in the more nannofossil-rich sections to a darker greenish gray (5GY 6/1) in the more diatom-rich parts. These lithologies alternate with subordinate, darker, olive gray (5Y 4/2) bands of CLAYEY RADIOLARIAN DIATOM OOZE WITH NANNOFOSSILS. The entire core is very bioturbated so the above colors are mixed giving the core a variegated or mottled appearance. General Description: TRACE FOSSILS: Bioturbation is pervasive throughout the core with solid burrows, Planohtes and Chondrites abundant. COLOR BANDING: Moderate contrast but diffuse boundaries. ",CORE 283.5 - 293.34 MBSF
138,846,B,32,X,293.1,302.38,upper Miocene,"CLAYEY RADIOLARIAN DIATOM OOZE and RADIOLARIAN DIATOM OOZE Major Lithologies: The entire core is extensively mottled but shows gradual color changes between dark greenish gray (5GY 4/1) to gray (5Y 6/1) and darker shades of olive gray and dusky green (5G 3/2). The darkest material is a CLAYEY RADIOLARIAN DIATOM OOZE while olive (5Y 4/3) material is mostly RADIOLARIAN DIATOM OOZE. Minor Lithology: The lighter colored intervals, Section 1, 70-102 and Section 6, 89-123 cm, contain relatively more nannofossils and less clay and are best characterized as a RADIOLARIAN DIATOM NANNOFOSSIL OOZE. General Description: TRACE FOSSILS: Strong bioturbation occurs throughout the core. Although coring disturbance makes identification of individual structures difficult, solid burrows and Planolites appear to be abundant. BANDING CONTRAST: moderate ",CORE 293.1 - 302.38 MBSF
138,846,B,33,X,302.8,312.68,upper Miocene,"DIATOM RADIOLARIAN NANNOFOSSIL OOZE and DIATOM RADIOLARIAN CLAY Major Lithologies: These sediments alternate on a scale of about 2 meters, from gray (5Y 6/1) DIATOM RADIOLARIAN NANNOFOSSIL OOZE to black (5Y 2.5/1) DIATOM RADIOLARIAN CLAY. Contacts between these major lithologies are gradational. The sediments are partially indurated. General Description: TRACE FOSSILS: Burrow mottling is generally weak, but moderate to strong in the darker layers. Details of structures are obscured by the rough texture associated with core splitting. Olive (6Y 5/3) burrow fill was observed in the upper 60 cm of Section 1, and from 85 to 150 cm in Section 2. ",CORE 302.8 - 312.68 MBSF
138,846,B,34,X,312.4,322.29,middle Miocene,"DIATOM RADIOLARIAN NANNOFOSSIL OOZE WITH CLAY and RADIOLARIAN DIATOM NANNOFOSSIL OOZE Major Lithologies: Extensive mottling between various shades of greenisn gray occurs throughout the core. A more subtle color change occurs down core from dark greenish gray DIATOM RADfOLARIAN NANNOFOSSIL OOZE WITH CLAY to light gray RADIOLARIAN DIATOM NANNOFOSSIL OOZE as the proportion of nannofossils and diatoms increases. Streaks of darker greenish gray and purplish gray are common in both lithologies. General Description: TRACE FOSSILS: Strong bioturbation occurs throughout the core. Drilling disturbance made individual trace fossil recognition difficult, however, solid burrows and Planolites appear to be common. BANDING CONTRAST: Moderate. ",CORE 312.4 - 322.29 MBSF
138,846,B,35,X,322,331.72,middle Miocene,"RADIOLARIAN DIATOM NANNOFOSSIL OOZE WITH FORAMINIFERS Major Lithology: Sediments are composed of a RADIOLARIAN DIATOM NANNOFOSSIL OOZE WITH FORAMINIFERS, which varies slightly in color between light greenish gray and pale olive. Minor amounts of clay are also present. General Description: TRACE FOSSILS: Slight bioturbation occurs throughout the core with solid Durrows and Planolites common. Burrows commonly are filled with a pale olive colored (5Y 6/3) material. BANDING CONTRAST: Slight; pale gray to greenish gray bands occur throughout the core. ",CORE 322 - 331.72 MBSF
138,846,B,36,X,331.7,341.54,middle Miocene,"NANNOFOSSIL OOZE WITH DIATOMS AND RADIOLARIANS Major Lithology: The entire core is a gradationally interbedded greenish gray to light greenish gray NANNOFOSSIL OOZE WITH DIATOMS AND RADIOLARIANS. Mottling with light and dark shades of greenish gray, purplish gray and gray (5Y 6/1) is prevalent. Fine-scale structure of the mottled regions is present in Sections 4 through Minor Lithologies: General Description: TRACE FOSSILS: Rind burrows and solid burrows with diagenetic haloes are very common, particularly in Sections 4 through 7. BANDING CONTRAST: Banding of colors is subtle and gradational, consisting of lighter and darker shades of greenish gray and gray. ",CORE 331.7 - 341.54 MBSF
138,846,B,37,X,341.3,345.01,middle Miocene,"FORAMINIFER NANNOFOSSIL OOZE WITH DIATOMS Major Lithology: The entire core is a light gray to light greenish gray FORAMINIFER NANNOFOSSIL OOZE WITH DIATOMS. There are gray (N 6) and greenish gray (5G 6/1) color diagenetic laminations and banding. Burrows are filled with nannofossil ooze with diatoms. General Description: TRACE FOSSILS: Chondrites are seen in Section 2, 82-85 cm, rind burrows are common in the top of Section 2, and small solid burrows are found throughout core. BANDING CONTRAST: Slight to moderate. ",CORE 341.3 - 345.01 MBSF
138,846,B,38,X,351,360.2,middle Miocene,"NANNOFOSSIL OOZE and RADIOLARIAN NANNOFOSSIL OOZE WITH FORAMINIFERS Major Lithologies: The entire core is light greenish gray to greenish gray, slightly to heavily bioturbated NANNOFOSSIL OOZE interbedded with RADIOLARIAN NANNOFOSSIL OOZE WITH FORAMINIFERS. Diagenetic laminations are greenish gray (5GY 5/1) and bluish gray (5B 5/1). Burrows are filled with light gray (5Y 7/1) and gray (5Y6/1) material. General Description: TRACE FOSSILS: Chondrites are found in Section 1, 0-70 cm; Section 2, 18-20 cm and 112-120 cm; Section 4, 97 cm. Skolithos are found in Section 1, 62-66 cm. Rind burrows are found in Section 1,100 cm; Section 2, 25 cm; Section 4, 5 cm; Section 6,8 cm. Solid burrows are found in all sections. BANDING CONTRAST: Slight to high. NOTE: There is a recrystallized siliceous carbonate nodule in Section 1, 50 cm, and hard vitric clay pebble-sized nodules in Section 1, 58 cm, and Section 4,142 cm. A very thin layer at Section 5,143 cm consists of silty pyrite nannofossil ooze (ooze is concentrated in large sand sized 'balls' surrounded by the silty pyrite dark green matrix). ",CORE 351 - 360.2 MBSF
138,846,B,39,X,360.6,360.6,NA,NO RECOVERY,CORE 360.6 - 360.6 MBSF
138,846,B,40,X,370.3,378.19,middle Miocene,"CLAYEY FORAMINIFER NANNOFOSSIL OOZE Major Lithology: The entire core is a light greenish gray CLAYEY FORAMINIFER NANNOFOSSIL OOZE. Gradational greenish gray and grayish green (5G 5/2) color banding is present. General Description: COLOR: Although the dominant color of the core is pale greenish gray (5G 7/1), the core is intensely bioturbated in lighter and darker shades of green. TRACE FOSSILS: Trace fossils are abundant. There are many rind burrows and small Zoophycos, particularly in Section 4. Chondrites are present Section 3, 80-100 cm. BANDING CONTRAST: Gradational color banding between light greenish gray and grayish green is seen, particularly in Section 3, 80-100 cm. NOTE: Chert nodules are present in Section 1,3-4 cm and 18-20 cm, and a carbonate nodule occurs in Section 2, 43-47 cm. ",CORE 370.3 - 378.19 MBSF
138,846,B,41,X,379.9,387.11,middle Miocene,"CLAYEY FORAMINIFER NANNOFOSSIL CHALK Major Lithology: This entire core is light greenish gray, slightly to extensively bioturbated, CLAYEY FORAMINIFER NANNOFOSSIL CHALK with color banding of grayish green (5G 5/2). General Description: TRACE FOSSILS: There are Chondrites, Planolites, Zoophycos, rind burrows and solid burrows throughout the entire core, particularly in the dark bands. BANDING CONTRAST: Slight to moderate. ",CORE 379.9 - 387.11 MBSF
138,846,B,42,X,389.6,390.96,lower Miocene,"FORAMINIFER NANNOFOSSIL CHALK Major Lithology: The core is light greenish gray FORAMINIFER NANNOFOSSIL CHALK with a color band of greenish gray (5GY 6/1). General Description: TRACE FOSSILS: Solid burrows, Planolites, Skolithos and Chondrites are present. ",CORE 389.6 - 390.96 MBSF
138,846,B,43,X,399.2,399.41,early Miocene,"FORAMINIFER NANNOFOSSIL CHALK Major Lithology: The top 5 cm contains numerous chert fragments. CC, 5-21 cm is a highly fractured, pinkish-gray (7.5YR 7/2) FORAMINIFER NANNOFOSSIL CHALK. NOTE: Sediment was recovered only from the core catcher. Age: Early Miocene ",CORE 399.2 - 399.41 MBSF
138,846,B,44,X,408.9,414.15,lower Miocene,"METALLIFEROUS FORAMINIFER NANNOFOSSIL CHALK Major Lithology: This core consists primarily of interbedded METALLIFEROUS FORAMINIFER NANNOFOSSIL CHALK with varying amounts of clay and oxides (the darker units having more clay and oxides). Oxides are often coated with carbonate debris, and the nannofossils commonly are partially recrystallized. The graded bed, or turbidite, contains fine-grained sand-sized feldspar. It is underlain by a thin light gray layer of foraminifer nannofossil ooze with clay. General Description: TRACE FOSSILS: There are Planolites and solid burrows throughout the core. BANDING CONTRAST: Slight to high. ",CORE 408.9 - 414.15 MBSF
138,846,B,45,X,418.6,420.21,lower Miocene,"METALIFFEROUS SEDIMENT and BASALT Major Lithologies: This core is METALLIFEROUS SEDIMENT (nannofossil-rich) primarily olive in the top 63 cm of the core, with a layer of dark reddish brown between 60 and 63 cm. There are no trace fossils visible. The bottom of Section 1 is basalt drilling breccia, and the core catcher is basalt. ",CORE 418.6 - 420.21 MBSF
