Expedition/Leg,Site,Hole,Core Number,Core Type,Top depth cored (m),Bottom depth recovered (m),Age,Description,Core ID
135,837,A,1,H,0,7.96,NA,"CLAYEY NANNOFOSSIL OOZE Major Lithology: CLAYEY NANNO- FOSSIL OOZE, dark yellowish brown (10YR 3/4 to 10YR 4/4), generally homogenous with scattered pumice pebbles and mottling. Minor lithologies: CLAYEY VITRIC NANNOFOSSIL MIXED SEDIMENT WITH FORAMS occurs within the major lithology as burrow infillings. This lithology may comprise up to 10% of the sediment volume. A graded layer of FORAM OOZE WITH GLASS occurs in Section 1,122-126 cm. A discontinuous, normally graded layer of FORAM OOZE occurs in Section 4, 23-127 cm. A fining-upward bed of VITRIC SILT WITH FORAMS occurs in Section 5, 69-86 cm. ",CORE 0 - 7.96 MBSF
135,837,A,2,H,8,17.66,NA,"CLAYEY NANNOFOSSIL OOZE and CLAYEY NANNOFOSSIL OOZE WITH FORAMS Major lithologies: CLAYEY NANNOFOSSIL OOZE, brown (10YR 4/3) to dark brown (10YR 3/3), generally structureless and homogeneous with slight mottling due to burrows. The sediment contains pumice pebbles up to 8 mm in diameter. CLAYEY NANNOFOSSIL OOZE WITH FORAMS, brown (10YR 4/3). Minor lithologies: VITRIC SANDY SILT and VITRIC SILTY SAND, light brownish gray (10YR 6/2) to light yellowish brown (10YR 6/4) occur in a series of fining-upward intervals with sharp basal contacts. Graded layers of VITRIC SILT, very dark grayish brown (10YR 4/3) occur in Section 4, 97-104 cm, and in Section 5, 88-91 cm and 120-126 cm. ",CORE 8 - 17.66 MBSF
135,837,A,3,H,17.5,27.34,middle to lower Pleistocene,"CLAYEY NANNOFOSSIL OOZE WITH FORAMS, VITRIC SILT and VITRIC SILT WITH CLAY Major lithologies: CLAYEY NANNO- FOSSIL OOZE WITH FORAMS, brown (10YR 4/3) to dark yellowish brown (10YR 4/4) and yellowish brown (10YR 5/4). This Iithology is generally homogenous with only slight mottling. VITRIC SILT and VITRIC SILT WITH CLAY, gray (5YR/1) to olive gray (5Y 4/2 to 5Y 5/2), occuring in thick- to very thick-bedded units, and often showing planar-lamination and upward fining trends. Minor lithologies: None. ",CORE 17.5 - 27.34 MBSF
135,837,A,4,H,27,36.53,middle to lower Pleistocene,"VITRIC SILT WITH CLAY and SILTY VITRIC SAND WITH CLAY Major lithok>gies: VITRIC SILT WITH CLAY, dark yellowish brown (10YR 4/4) to pale brown (10YR 6/3). This lithology grades downward into VITRIC SILT WITH SAND AND CLAY, gray (10YR 5/1), which again grades downward into SANDY VITRIC SILT WITH CLAY, gray (5Y 5/1). At the base of this sequence there is SILTY VITRIC SAND WITH CLAY, gray (5Y 5/1). In the lowermost part of the core there is VITRIC SILT WITH CLAY and CLAYEY VITRIC SILT, both are light greenish gray (10Y 6/22). Minor lithology: None. ",CORE 27 - 36.53 MBSF
135,837,A,5,H,36.5,46.29,lower Pleistocene,"VITRIC SILT WITH CLAY Major lithology: VITRIC SILT WITH CLAY, light greenish gray (10Y 6/1). The sequence in this core is homogenous and without visible sedimentary structures. Minor lithology: None. ",CORE 36.5 - 46.29 MBSF
135,837,A,6,H,46,56.04,lower Pleistocene,"SILTY VITRIC SAND WITH CLAY Major lithologies: SILTY VITRIC SAND WITH CLAY, gray (5Y 5/1) grading downwards into medium- and then coarse-grained VITRIC SAND. In Section 4, the proportion of plagiodase feldspar and accessory minerals, mostly augite, increases to more than 10%. Minor lithology: CLAYEY NANNOFOSSIL OOZE, dark yellowish brown to dark brown (10YR 4/4 to 10YR4/3). Mud diapirs and dewatering structures are very common in the oozes. ",CORE 46 - 56.04 MBSF
135,837,A,7,H,55.5,65.2,NA,"VITRIC SAND WITH SILT AND CLAY, VITRIC SILT WITH SAND AND CLAY, and CLAYEY VITRIC SILT WITH NANNOFOSSILS Major lithologies: Three major and a number of minor fining-upward sequences can be defined. They start at the base with VITRIC SAND WITH SILT AND CLAY with colors varying from yellowish brown (10YR 5/4) and grayish brown (10YR 5/2) to gray (10YR 6/1), light olive gray (5Y 6/2) and pale olive (5Y 6/3). Upwards the sediment grades are transitions into CLAYEY VITRIC SILT WITH NANNOFOSSILS, brown (10YR 5/3) and VITRIC SILT WITH SAND AND CLAY, yellowish brown ((10YR 5/4). Minor lithologies: VITRIC SAND, yellowish brown to pale olive gray (5Y 6/3 to 10YR 5/4). These sediments are graded and occur near the base of fining-upward units. CLAYEY NANNOFOSSIL OOZE, dark yellowish brown(10YR 4/4), occurs in the upper part of the sequence. ",CORE 55.5 - 65.2 MBSF
135,837,A,8,H,65,74.78,NA,"VITRIC SILT, CLAYEY VITRIC SILT, VITRIC SAND and CLAYEY NANNOFOSSILOOZE Major lithologies: VITRIC SILT and CLAYEY VITRIC SILT, light olive gray to brown (10YR 5/3 to 5Y 6/2) are present in the upper parts of thick fining-upward units and as thin (3-14 cm) graded intervals in Section 3. In Sections 5,6, 7, and CC the sediments are massive and structureless. VITRIC SAND , light gray (10YR 7/1) occurs in Sections 1 and 2. CLAYEY NANNOFOSSIL OOZE, brown to light yellowish brown (10YR 4/3 to 10YR 6/4). Minor lithologies: CLAYEY VITRIC SAND, very dark gray (10YR 3/1), occur in the lower part of fining-upward sequences. Layers of FORAM VITRIC SAND WITH ACCESSORY MINERALS and VITRIC SANDY RAVEL, light gray (10YR 7/1), occur n Sections 1 and 2. ",CORE 65 - 74.78 MBSF
135,837,A,9,H,74.5,82.14,NA,"CLAYEY NANNOFOSSIL OOZE, VITRIC SAND and CLAYEY VITRIC SILT Major Iithologies: CLAYEY NANNO- FOSSIL OOZE, brown to dark brown (10YR 4/3 to 10YR 3/3). This lithology is massive, except for the presence of faint mottling and rare pumice clasts scattered in the matrix. VITRIC SILT WITH CLAY and VITRIC SAND, dark gray to black (5Y 4/1 to 2.5Y 2/0). These lithologies form graded, fining-upward intervals, with eroded bases. Planar-lamination occurs at the base of some of the intervals, e.g. in Section 1, 0-57 cm. In addition to major occurrences in Sections 4, 5, and the core catcher there are graded layers in Section 3. Minor lithology: In Section 2, 130-135 cm, there is a diffuse layer of NANNOFOSSIL CLAYEY VITRIC MIXED SEDIMENT, dark brown (10YR 3/3). ",CORE 74.5 - 82.14 MBSF
