Expedition/Leg,Site,Hole,Core Number,Core Type,Top depth cored (m),Bottom depth recovered (m),Age,Description,Core ID
138,853,E,1,H,0,8.48,Pleistocene,"OXIDE NANNOFOSSIL CLAYEY FORAMINIFER OOZE and CLAYEY NANNOFOSSIL FORAMINIFER OOZE Major Lithologies: Section 1 to Section 2,130 cm is OXIDE NANNOFOSSIL CLAYEY FORAMINIFER OOZE. Below this is CLAYEY NANNOFOSSIL FORAMINIFER OOZE. Colors are brown to dark yellowish brown. The uppermost portion of the core contains about 25% clay and is rich in iron and manganese oxides. Color variations appear related to the oxide content of the sediment. General Description: TRACE FOSSILS: Bioturbation is moderate throughout and solid burrows, rind burrows, and Planolites are common. Skolithos and Chondrites also are present. BANDING CONTRAST: Slight. ",CORE 0 - 8.48 MBSF
138,853,E,2,H,8.5,18.53,upper Pliocene,"NANNOFOSSIL CLAYEY FORAMINIFER OOZE and NANNOFOSSIL FORAMINIFER CLAY Major Lithologies: The dominant lithology down to Section 6, 103 cm is a brown to dark yellowish brown NANNOFOSSIL CLAYEY FORAMINIFER OOZE. From Section 6,103 cm to CC the dominant lithology is a dark yellowish brown to very dark brown NANNOFOSSIL FORAMINIFER CLAY. General Description: TRACE FOSSILS: Bioturbation is moderate to strong throughout with solid burrows abundant and rind burrows and Planolites common and Zoophycos and Skolithos are also present. BANNDING CONTRAST: Slight. ",CORE 8.5 - 18.53 MBSF
,,,,,,,,,
,,,,,,,,,
,,,,,,,,,
,,,,,,,,,
