Expedition/Leg,Site,Hole,Core Number,Core Type,Top depth cored (m),Bottom depth recovered (m),Age,Description,Core ID
138,853,C,1,H,0,9.06,Pleistocene,"OXIDE NANNOFOSSIL CLAYEY FORAMINIFER OOZE and CLAYEY NANNOFOSSIL FORAMINIFER OOZE Major Lithologies: The sediments are brown to dark yellowish brown OXIDE NANNOFOSSIL CLAYEY FORAMINIFER OOZE and CLAYEY NANNOFOSSIL FORAMINIFER OOZE. The upper portion of the core contains up to 25% clay and more iron and manganese oxides than lower portion. Color variations appear related to the oxide content of the sediments. General Description: TRACE FOSSILS: In general, the sediments are moderately bioturbated and contain abundant solid burrows, rind burrows, Skolithos, and Planolites. Chondrites and Zoophycos also are present. BANDING CONTRAST: Slight. ",CORE 0 - 9.06 MBSF
138,853,C,2,H,9,19.07,upper Pliocene,"CLAYEY FORAMINIFER NANNOFOSSIL OOZE WITH OXIDES Major Lithology: The dominant lithology is brown to dark yellowish brown CLAYEY FORAMINIFER NANNOFOSSIL OOZE with OXIDES. Color variability is related to the oxide content of the sediments with darker intervals containing up to 10% iron and manganese oxides. Minor Lithology: Section 4, 44 cm, to Section 5, 50 cm, is yellowish brown CLAYEY NANNOFOSSIL FORAMINIFER OOZE WITH OXIDES. Foraminifer percentages increase to about 35% in this lithology. General Description: The sediments are moderately to intensely bioturbated and contain abundant Skolithos, Planolites, and solid burrows. Rind burrows are common and Zoophycos also are present. ",CORE 9 - 19.07 MBSF
138,853,C,3,H,18.5,28.43,lower Pliocene,"FORAMINIFER CLAYEY NANNOFOSSIL OOZE WITH OXIDES Major Lithology: The dominant lithology is brown to yellowish brown moderately bioturbated FORAMINIFER CLAYEY NANNOFOSSIL OOZE with OXIDES. Darker brown intervals contain more iron and manganese oxides and less nannofossils than the lighter intervals. Minor Lithology: Section 5, 117 cm to Section 7, 15 cm is less intensely bioturbated pale brown CLAYEY NANNOFOSSIL OOZE WITH FORAMINIFERS. General Description: TRACE FOSSILS: The sediments contain abundant solid and rind burrows, Planolites and Skolithos. Zoophycos also are present. BANDING CONTRAST: Slight to moderate. NOTE: Coring difficulties resulted in numerous small voids: Section 1, 113-116 cm; Section 2, 64-67 cm; Section 3, 14-16 cm, 100-102 cm; Section 4, 9-13 cm; and Section 7, 8-9 cm. The core liner in Section 6 was extremely distorted. ",CORE 18.5 - 28.43 MBSF
138,853,C,4,H,28,37.51,upper Miocene-lower Pliocene,"CLAYEY FORAMINIFER NANNOFOSSIL OOZE and NANNOFOSSIL OOZE WITH FORAMINIFERS Major Lithologies: The dominant lithology from the top of the core to Section 4, 70 cm is a light yellowish brown (2.5Y 6/4) CLAYEY FORAMINIFER NANNOFOSSIL OOZE. The clay and foraminifer content decreases down core. From Section 4, 70 cm to Section 7, 48 cm the dominant lithology is white (10YR 8/2) NANNOFOSSIL OOZE WITH FORAMINIFERS in which the foraminifers show extensive dissolution. Minor Lithologies: Darker, 15-30 cm-thick, interbeds occur throughout the core. From Section 1, 0 cm to Section 4, 70 cm, these are mainly olive brown (2.5Y 4/4) OXIDE CLAYEY NANNOFOSSIL OOZE WITH FORAMINIFERS. From Section 4, 70 cm to Section 7, 48 cm, the interbeds are very pale brown (10YR 7/2) CLAYEY NANNOFOSSIL OOZE WITH OXIDE AND FORAMINIFERS. The foraminifers are highly fragmented and discoasters are a large component of the nannofossil fraction. General Description: TRACE FOSSILS: Bioturbation is light to moderate within the dominant lithology and moderate to strong within and around the interbeds. Solid burrows and Planolites are abundant and Zoophycos and Chondrites are common. Some Skolithos also are present, usually either above or below interbeds. BANDING CONTRAST: Moderate. ",CORE 28 - 37.51 MBSF
138,853,C,5,H,37.5,47.53,upper Miocene,"CLAYEY NANNOFOSSIL OOZE and NANNOFOSSIL OOZE Major Lithologies: This core contains CLAYEY NANNOFOSSIL OOZE, in the upper 4 sections, which varies in color from pale brown to very pale brown. An abrupt transition occurs in Section 5, 24 cm to homogeneous white NANNOFOSSIL OOZE. General Description: TRACE FOSSILS: This core is moderately to weakly bioturbated. Chondrites are found in Sections 1 and 4 and Skolithos is present in Sections 2, 3, and 4. Below 30 cm in Section 5, the sediment has very slight color contrast, and burrowing is not apparent. BANDING CONTRAST: Slight. ",CORE 37.5 - 47.53 MBSF
138,853,C,6,H,47,56.6,upper Miocene,"NANNOFOSSIL OOZE and CLAYEY NANNOFOSSIL OOZE Major Lithologies: The dominant lithology is very pale brown NANNOFOSSIL OOZE. The slightly darker intervals (10YR 7/3) contain up to 12% clay and consist of CLAYEY NANNOFOSSIL OOZE. Grayish (10YR 6/1) manganese-rich bands occur where indicated. General Description: TRACE FOSSILS: Sediments are slightly to moderately bioturbated and contain solid burrows and Planolites. A discrete Zoophycos structure is present in Section 3, 4 cm. BANDING CONTRAST: Moderate. ",CORE 47 - 56.6 MBSF
138,853,C,7,H,56.5,66.6,upper Miocene,"NANNOFOSSIL OOZE WITH CLAY AND FORAMINIFERS Major Lithology: This core is dominated by white NANNOFOSSIL OOZE WITH CLAY AND FORAMINIFERS with little to no bioturbation. Yellow (2.5Y 7/6) bands are present in Sections 1 and 2. Minor Lithology: Two thin intervals, one in Section 7 and the other in the core catcher, consist of dark grayish brown CLAYEY NANNOFOSSIL OOZE WITH FORAMINIFERS. General Description: TRACE FOSSILS: The bioturbated intervals have some solid burrows. BANDING CONTRAST: Slight. NOTE: Disseminated oxides are found throughout sections 3-6. ",CORE 56.5 - 66.6 MBSF
138,853,C,8,X,66,67.27,upper Miocene,NANNOFOSSIL OOZE WITH CLAY Major Lithology: This core is dominated by very pale brown to yellowish brown NANNOFOSSIL OOZE WITH CLAY with little to no bioturbation. General Description: TRACE FOSSILS: No distinct trace fossils are present. BANDING CONTRAST: None. ,CORE 66 - 67.27 MBSF
