Expedition.Leg,Site_Number,Hole,Core_Number,Core_Type,Core_Top_MBSF,Core_Bottom_MBSF,Age,Description,Core_ID
190,1173,A,1,H,0,7.14,Quaternary,"MAJOR LITHOLOGY: Clayey silt, greenish gray, with mild to moderate bioturbation. Horizontal laminae present. SECONDARY LITHOLOGY: Silt to silty sand, gray, local plane-parallel laminae. Bases of secondary lithology are as follows: Section 2: 110 cm Section 3: 46 cm Section 4: 138 cm Section 5: 35, 64 cm",CORE  0 - 7.14  MBSF
190,1173,A,2,H,7.1,17.14,Quaternary,"MAJOR LITHOLOGY: Clayey silt, greenish gray, scattered black framboidal pyrite, mottling and local faint laminae. SECONDARY LITHOLOGY: Silty sand, greenish gray, local plane-parallel laminae, mottling, sharp planar bases, fining upward. Bases of secondary lithology are as follows: Section 2: 24, 81 cm Section 3: 132 cm Section 4: 21, 72 cm Section 5: 86, 91, 126 cm Section 6: 24, 62 cm Section 7: 41 cm",CORE  7.1 - 17.14  MBSF
190,1173,A,3,H,16.6,26.17,Quaternary,"MAJOR LITHOLOGY: Clayey silt, greenish gray to gray, with mild to moderate bioturbation in finer-grained sections. Framboidal pyrite as black mottling. SECONDARY LITHOLOGY: Very fine-grained sandy silt, dark gray to greenish gray. Bottom contacts are sharp, upper contacts are gradational. Beds fine upward into clayey silt. Bases of secondary lithology are as follows: Section 1: 78, 124 cm Section 2: 53 cm Section 3: 36, 100, 150 cm Section 4: 112 cm Section 5: 46, 115 cm Section 7: 40, 68 cm Section 8: 30 cm TERTIARY LITHOLOGY: Mixed very fine sand, silt, and clay, gray. Some scattered pyrite. Bases of tertiary lithology are as follows: Section 7: 25 and 53 cm.",CORE  16.6 - 26.17  MBSF
190,1173,A,4,H,26.1,36.49,Quaternary,"MAJOR LITHOLOGY: Clayey silt, greenish gray to gray with mild to moderate bioturbation in finer-grained intervals. Framboidal pyrite as black mottling. SECONDARY LITHOLOGY: Sandy silt, dark gray to greenish gray, very fine grained. Bottom contacts are sharp, upper contacts are gradational. Beds fine upward into clayey silt. Bases of secondary lithology are as follows: Section 1: 16 cm Section 2: 35, 40, 51, 65, 99, 146 cm Section 3: 45, 123 cm Section 4: 31, 58, 122, 124 cm Section 5: 10, 57, 84, 122 cm Section 6: 18, 63, 92, 119 cm Section 7: 68 cm Section 8: 16, 43 cm",CORE  26.1 - 36.49  MBSF
190,1173,A,5,H,35.6,45.73,Quaternary,"MAJOR LITHOLOGY: Clayey silt, greenish gray to gray, with mild to moderate bioturbation in finer-grained sections. Framboidal pyrite as black mottling. SECONDARY LITHOLOGY: Very fine-grained sandy silt, dark gray to greenish gray. Bottom contacts are sharp, upper contacts are gradational. Beds fine upward into clayey silt. Bases of secondary lithology are as follows: Section 1: 48, 86, 98 cm Section 2: 30, 61, 102 cm Section 3: 50, 69, 119 cm Section 4: 20, 50, 83, 112, 119 cm Section 5: 48, 117 Section 6: 60, 93, 150 cm Section 7: 7, 39, 90 cm Section 8: 4 cm TERTIARY LITHOLOGY: Volcanic ash, gray-brown, sand-sized particles grading to silt upward. Bases of tertiary lithology are as follows: Section 1: 38 cm Section 6: 118 cm",CORE  35.6 - 45.73  MBSF
190,1173,A,6,H,45.1,49.06,Quaternary,"MAJOR LITHOLOGY: Clayey silt, greenish gray to gray with mild to moderate bioturbation in finer-grained intervals. Framboidal pyrite as black mottling. SECONDARY LITHOLOGY: Very fine grained sandy silt to silt, dark gray to greenish gray. Bottom contacts are sharp, upper contacts are gradational. Beds fine upward into clayey silt. Bases of secondary lithology are as follows: Section 1: 97, 147 cm Section 2: 77 cm Section 3: 72 cm TERTIARY LITHOLOGY: Thin silt bed, greenish gray. Bases of tertiary lithology are as follows: Section 1: 58 cm Section 2: 67 cm 5-15 cm: Irregular patches of silt",CORE  45.1 - 49.06  MBSF
190,1173,A,7,H,54.6,64.64,Quaternary,"MAJOR LITHOLOGY: Clayey silt, greenish gray to gray, with black mottling of framboidal pyrite. Numerous expansion cracks at and below Secton 5. SECONDARY LITHOLOGY: Interbeds of silt to silty sand, dark gray, with faint plane parallel laminae. In general, interbeds fine upward into clayey silt. Bottom contacts are sharp, upper contacts are gradational. Bases of secondary lithology are as follows: Section 1: 51, 90, 137, 144 cm Section 2: 26, 72, 116 cm Section 3: 53, 100, 129 cm Section 4: 13 cm Section 5: 4, 34, 62, 9, 115 cm Section 6: 7, 16, 31, 46, 76, 95, 97, 122, 150 cm Section 7: 6, 30, 61 cm Section 8: 22 cm TERTIARY LITHOLOGY: Volcanic ash, light greenish gray, silt-sized particles. Base of tertiary lithology is as follows: Section 4: 17 cm",CORE  54.6 - 64.64  MBSF
190,1173,A,8,H,64.1,74.24,Quaternary,"MAJOR LITHOLOGY: Clayey silt, greenish gray to gray, with black mottling of framboidal pyrite. SECONDARY LITHOLOGY: Interbeds and laminae of silt to sandy silt, dark gray, with normal grading. Interbeds fine upward into clayey silt. Basal contacts are sharp, upper contacts are gradational. Bases of secondary lithology are as follows: Section 1: 21, 40, 55, 60, 84, 131 cm Section 2: 21, 46, 53, 72, 76, 114 cm Section 3: 11, 22, 32, 52, 77, 95, 118, 129 cm Section 4: 10, 33, 44, 63, 77, 98 cm Section 5: 25, 80, 138 cm Section 6: 19, 50, 87, 126 cm Section 7: 19, 27, 37, 56, 59, 73, 76, 81 cm Monoclinal warping of beds in Section 2 (114-126 cm) and Section 5 (55-80 cm) - possible soft-sediment slumping.",CORE  64.1 - 74.24  MBSF
190,1173,A,9,H,73.6,83.62,Quaternary,"MAJOR LITHOLOGY: Clayey silt, gray to greenish gray. Framboidal pyrite as black mottling. SECONDARY LITHOLOGY: Very fine-grained sandy silt, dark gray to greenish gray. Bottom contacts are sharp, upper contacts are gradational. Beds fine upward into clayey silt. Bases of secondary lithology are as follows: Section 1: 29, 52, 92, 132, 138 cm Section 2: 4, 42, 123, 134 cm Section 3: 15, 36, 55, 74, 113 cm Section 4: 13, 36, 82, 106 cm Section 5: 57, 71, 107 cm TERTIARY LITHOLOGY: Volcanic ash, pale brown light gray. Plane-parallel laminae with sharp boundaries. Bases of tertiary lithology are as follows: Section 1: 102 cm Section 2: 80 cm Section 5: 106, 122 cm",CORE  73.6 - 83.62  MBSF
190,1173,A,10,H,83.1,93.39,Quaternary,"MAJOR LITHOLOGY: Clayey silt, gray to greenish gray. Mild to moderate bioturbation. SECONDARY LITHOLOGY: Volcanic ash, pale gray to brown green, silt to clay-sized particles. Plane-parallel laminae. Bases of secondary lithology are as follows: Section 1: 28, 87, 124 cm Section 2: 94 cm Section 3: 4 cm Section 5: 10, 134 cm",CORE  83.1 - 93.39  MBSF
190,1173,A,11,H,92.6,102.28,Quaternary,"MAJOR LITHOLOGY: Silty clay, gray to greenish gray. Faint laminae of greener color throughout. SECONDARY LITHOLOGY: Volcanic ash, gray, bases distinct but often irregular, top contacts grade upward into silty clay. Bases of secondary lithology are as follows: Section 1: 68, 137 cm Section 2: 88 cm Section 3: 33, 55, 130, 131 cm Section 4: 30, 57, 91, 105 cm Section 5: 95, 120, 124, 128, 143 cm Section 6: 31, 46, 81, 92, 110, 130 cm Section 7: 41 cm",CORE  92.6 - 102.28  MBSF
190,1173,A,12,H,102.1,111.97,Pliocene to Quaternary,"MAJOR LITHOLOGY: Clayey silt, gray to greenish gray, with faint dark green laminae. SECONDARY LITHOLOGY: Volcanic ash, gray, light yellow-brown green. Bottom contacts distinct, upper contacts commonly show normal grading into the clayey silt. Occurs mainly as thin beds ~1-3 cm. Bases of secondary lithology are as follows: Section 1: 129, 135, 136, 137 cm Section 2: 136 cm Section 3: 98 cm Section 4: 119, 132 cm (five beds) Section 5: 36, 69, 97 cm Section 7: 17 cm",CORE  102.1 - 111.97  MBSF
190,1173,A,13,H,111.6,120.95,Pliocene to Quaternary,"MAJOR LITHOLOGY: Clayey silt, gray to greenish gray, with diffuse dark green bands. Rare fragments of pumice. SECONDARY LITHOLOGY: Volcanic ash, gray to light gray brown. Bases are distinct, tops are diffuse and grade into clayey silt. Bases of secondary lithology are as follows: Section 1: 66, 134 cm Section 6: 111, 117, 122, 125 cm",CORE  111.6 - 120.95  MBSF
190,1173,A,14,H,121.1,130.73,Pliocene to Quaternary,"MAJOR LITHOLOGY: Clayey silt, gray to greenish gray, with faint dark green laminae. Local Zoophycos. SECONDARY LITHOLOGY: Volcanic ash, white-brown to gray. Lower contacts distinct, upper contacts show normal grading into clayey silt. Bases of secondary lithology are as follows: Section 1: 6 cm Section 3: 106 cm",CORE  121.1 - 130.73  MBSF
190,1173,A,15,H,130.6,140.37,Pliocene to Quaternary,"MAJOR LITHOLOGY: Clayey silt, gray to greenish gray, with darker green bands, bioturbated, scattered clasts of scoria and pyrite encrustations. SECONDARY LITHOLOGY: Volcanic ash, sand to silt-sized particles, light gray to buff, sharp bases with diffuse tops grading into clayey silt. Locally occur as thin beds ~2-3 cm as lenses. Bases of secondary lithology are as follows: Section 1: 144 cm Section 2: 37 cm Section 5: 44, 113 cm Section 6: 22, 46 cm",CORE  130.6 - 140.37  MBSF
190,1173,A,16,H,140.1,149.6,Pliocene to Quaternary,"MAJOR LITHOLOGY: Clayey silt, greenish gray, mottled with dark green bands. SECONDARY LITHOLOGY: Volcanic ash, light gray to gray, bases sharp but irregular, tops diffuse, sand-size particles grading upward into clayey silt. Thin beds irregular patches. Bases of secondary lithology are as follows: Section 3: 15, 36 cm Section 5: 113 cm Section 6: 8, 55 cm",CORE  140.1 - 149.6  MBSF
190,1173,A,17,H,149.6,158.64,Pliocene to Quaternary,"MAJOR LITHOLOGY: Clayey silt, greenish gray, mostly homogenous with sparse darker green bands and scattered blobs of gray ash. SECONDARY LITHOLOGY: Volcanic ash, light to dark gray with irregular green patches. Bases sharp, tops diffuse. Normal grading from sand-sized particles at base into clayey silt. Bases of secondary lithology are as follows: Section 1: 53 cm Section 3: 14 cm Section 5: 64 cm Section 6: 7, 71 cm",CORE  149.6 - 158.64  MBSF
190,1173,A,18,H,159.1,168.58,Pliocene to Quaternary,"MAJOR LITHOLOGY: Clayey silt, gray to greenish gray, subtle bands of darker green. Scattered patches of gray ash possibly following burrows. SECONDARY LITHOLOGY: Volcanic ash, medium to light gray green. Bases are sharp but irregular, tops are diffuse. Particles are fine sand-sized at bases and grade to silt. Bases of secondary lithology are as follows: Section 2: 46 cm Section 5: 57 cm",CORE  159.1 - 168.58  MBSF
190,1173,A,19,H,168.6,178.25,Pliocene to Quaternary,"MAJOR LITHOLOGY: Clayey silt, gray to greenish gray, faint darker green bands. SECONDARY LITHOLOGY: Volcanic ash, light gray to greenish gray. Bases irregular but distinct, tops gradational into clayey silt. Bases of secondary lithology are as follows: Section 1: 22, 97 cm Section 3: 14, 39, 102 cm",CORE  168.6 - 178.25  MBSF
190,1173,A,20,H,178.1,186.21,Pliocene to Quaternary,"MAJOR LITHOLOGY: Clayey silt, gray to greenish gray. Faint darker green bands. Local black clasts, probably scoria. Local bioturbation. SECONDARY LITHOLOGY: Volcanic ash, medium to light gray. Bases sharp but irregular, tops diffuse, fining upward. Base of secondary lithology is as follows: Section 2: 26 cm",CORE  178.1 - 186.21  MBSF
190,1173,A,21,H,187.6,197.33,Pliocene to Quaternary,"MAJOR LITHOLOGY: Silty clay to clayey silt, greenish gray to gray, with thin green beds, scattered ~1 mm ash patches, probably ash filled burrows. SECONDARY LITHOLOGY: Volcanic ash, gray, with irregular sharp bases, greenish clay for few mm below ash, diffuse tops. Base of secondary lithology is as follows: Section 6: 108 cm POINT OF NOTE: Pyrite nodule, 3 cm, rounded, in working half at Section 4: 99 cm",CORE  187.6 - 197.33  MBSF
190,1173,A,22,H,197.1,205.99,Pliocene to Quaternary,"MAJOR LITHOLOGY: Silty clay, gray to greenish gray. Faint laminae of darker green silty clay ~1 cm thick throughout. Scattered small white alteration patches ~1 mm. SECONDARY LITHOLOGY: Volcanic ash, light gray to gray green. Bases distinct, tops fine upward to silty clay. Typically appear as laminae layers, locally as lenses. Bases of secondary lithology are as follows: Section 1: 77 cm Section 2: 82 cm Section 3: 57 cm Section 4: 27 cm 87 -89 cm: Patch of ash, darker gray at edge of core.",CORE  197.1 - 205.99  MBSF
190,1173,A,23,H,206.6,216.07,Pliocene to Quaternary,"MAJOR LITHOLOGY: Silty clay, gray to greenish gray with sparse bands of dark green silty clay. Scattered blobs of gray ash. SECONDARY LITHOLOGY: Volcanic ash, black to light gray, in thin beds, laminae, lenses. Bases of secondary lithology are as follows: Section 1: 133 cm Section 2: 87 cm Section 3: 54 cm",CORE  206.6 - 216.07  MBSF
190,1173,A,24,H,216.1,225.48,Pliocene to Quaternary,"MAJOR LITHOLOGY: Clayey silt, greenish gray, mottled with sparse bands of dark green silty clay ~1 cm. SECONDARY LITHOLOGY: Volcanic ash, green to gray to light gray, in bands with diffuse tops and bases. Particles in the centers of bands are sand-sized and fine to clayey silt toward tops and bases. Bases of secondary lithology are as follows: Section 3: 62, 110 cm Lense of gray ash at 10 cm.",CORE  216.1 - 225.48  MBSF
190,1173,A,25,X,225.6,235.33,Pliocene to Quaternary,"MAJOR LITHOLOGY: Clayey siltstone, gray to greenish gray, faint color banding of darker green. SECONDARY LITHOLOGY: Volcanic ash, gray to light gray, brown, and green. Lower boundaries sharp, upper boundaries usually diffuse with normal grading. Bases of secondary lithology are as follows: Section 3: 39 cm Section 5: 23 cm Section 6: 14, 79 cm",CORE  225.6 - 235.33  MBSF
190,1173,A,26,X,235.2,245.1,Pliocene to Quaternary,"MAJOR LITHOLOGY: Clayey siltystone to silty claystone, gray to grayish green. Drill biscuits occur throughout core. SECONDARY LITHOLOGY: Volcanic ash, green to dark brown light to dark gray, banded. Particles are sand to silt-sized. Bases of secondary lithology are as follows: Section 1: 125 cm Section 5: 74 cm",CORE  235.2 - 245.1  MBSF
190,1173,A,27,X,244.9,254.73,Pliocene to Quaternary,"MAJOR LITHOLOGY: Silty claystone to clayey siltstone, gray to greenish gray. Local dark green laminae. Zoophycos common. Drilling biscuits throughout the core. SMALL NORMAL FAULT at 66 cm ~1 cm offset, ~ 70 degree to bedding plane Scoria clast at 90 cm, cutting lamination.",CORE  244.9 - 254.73  MBSF
190,1173,A,28,X,254.5,264.48,Pliocene to Quaternary,"MAJOR LITHOLOGY: Silty claystone to clayey siltstone, gray to greenish gray. Zoophycos and Chondrites throughout. Green laminae common. Drilling biscuits throughout. SECONDARY LITHOLOGY: Volcanic ash, light to dark gray and green. Sand to clay-sized particles. Ash of Section 7 (core catcher) appears as alternating light and dark gray laminae. Bases of secondary lithology are as follows: Section 2: 37 cm Section 8: 14 cm REVERSE FAULT: 4 mm apparent offset NORMAL FAULT: 2 mm offset Minor normal fault displaces Zoophycos burrow at 37 - 43 cm.",CORE  254.5 - 264.48  MBSF
190,1173,A,29,X,264,271.71,Pliocene to Quaternary,"MAJOR LITHOLOGY: Silty claystone to clayey siltstone, gray to greenish gray. Mottling with dark green bands. Zoophycos and Chondrites scattered throughout. Local dark green black laminae. Drill biscuits throughout. SECONDARY LITHOLOGY: Volcanic ash, light gray to green laminated light and dark gray. Bases of secondary lithology are as follows: Section 1: 76, 110, 141 cm Section 2: 28, 68 cm FAULTS: anastomosing zone of small faults FAULT: 3 mm displacement vertical fault on 2 small faults separated 1.5 cm FAULTS: conjugates-displacement 1 cm FAULT: small, 1.5 cm normal displacement of burrow FAULT: normal displacement 1 cm",CORE  264 - 271.71  MBSF
190,1173,A,30,X,273.6,282.98,Pliocene to Quaternary,"MAJOR LITHOLOGY: Silty claystone to clayey siltstone, gray to greenish gray. Faint darker green laminae. Zoophycos throughout, local Chondrites. Drill biscuits throughout. SECONDARY LITHOLOGY: Volcanic ash, light to dark gray and green. Upward fining. Base of secondary lithology is as follows: Section 4: 16 cm",CORE  273.6 - 282.98  MBSF
190,1173,A,31,X,283.2,293.05,Pliocene to Quaternary,"MAJOR LITHOLOGY: Silty claystone to clayey siltstone, gray to greenish gray. Faint dark green laminae. Zoophycos and Chondrites throughout. SECONDARY LITHOLOGY: Volcanic ash, green to dark gray alternating laminae of dark and medium gray. Sand-sized particles, fining upward. Bases of secondary lithology are as follows: Section 2: 63 cm Section 4: 19, 120 cm 108 - 110 cm: white ash patch, due to burrow",CORE  283.2 - 293.05  MBSF
190,1173,A,32,X,292.9,302.24,Pliocene to Quaternary,"MAJOR LITHOLOGY: Clayey siltstone to silty claystone, gray to greenish gray. Faint dark green lamination. Zoophycos and Chondrites throughout. Drill biscuits common. SECONDARY LITHOLOGY: Volcanic ash, white to dark gray green. Bases sharp, tops gradational. Sand-sized particles fining into silty clay. Bases of secondary lithology are as follows: Section 3: 75 cm Section 4: 43 cm Section 6: 102 cm",CORE  292.9 - 302.24  MBSF
190,1173,A,33,X,302.6,311.13,Pliocene to Quaternary,"MAJOR LITHOLOGY: Silty claystone to clayey siltstone, gray to greenish gray, local faint dark green laminae. Zoophycos and Chondrites throughout. Drill biscuits throughout. SECONDARY LITHOLOGY: Volcanic ash, gray to purple, with laminae. Fines upward. Base of secondary lithology is as follows: Section 3: 120 cm",CORE  302.6 - 311.13  MBSF
190,1173,A,34,X,311.9,321.75,Pliocene to Quaternary,"MAJOR LITHOLOGY: Silty claystone to clayey siltstone, gray to greenish gray, mottled and bioturbated. Zoophycos common. Drilling biscuits throughout. SECONDARY LITHOLOGY: Volcanic ash, brownish gray, horizontal laminae. Normal gradation. Base of secondary lithology is as follows: Section 7: 10 cm",CORE  311.9 - 321.75  MBSF
190,1173,A,35,X,321.5,331.37,Pliocene to Quaternary,"MAJOR LITHOLOGY: Silty claystone to clayey siltstone, greenish gray to gray, mottled throughout due to moderate bioturbation, scattered Zoophycos. Section 1: 62 - 63 cm pyrite nodule 3 pumice / scorria fragments at sec. cc: 27, 33 and 34 cm",CORE  321.5 - 331.37  MBSF
190,1173,A,36,X,331.1,340.2,Pliocene to Quaternary,"MAJOR LITHOLOGY: Clayey siltstone to silty claystone, greenish gray to gray. Mottled throughout due to moderate bioturbation, scattered Zoophycos burrows. SECONDARY LITHOLOGY: Volcanic ash beds, mainly dark gray. Ash beds at section 5, 35 - 40 and 90 - 93 change color from dark gray to light gray. Lower three ash beds have plane-parallel laminae. Ash bed at section 5: 35 - 40 cm coarsens upwards, then fines upwards and changes from dark gray to light gray. Base of ash beds at: Section 2: 30 cm Section 2: 120 cm (base missing due to whole round taken) Section 5: 40 cm Section 5: 60 cm Section 5: 93 cm Section 6: 107 - 108 cm, pyrite nodule",CORE  331.1 - 340.2  MBSF
190,1173,A,37,X,340.7,350.53,"340.7-343.77 mbsf: Pliocene to Quaternary, 343.77-350.53 mbsf: Pliocene to middle Miocene","MAJOR LITHOLOGY: Clayey siltstone to silty claystone, gray to greenish gray. Mottled throughout due to bioturbation, scattered Zoophycos and Chondrites burrows. SECONDARY LITHOLOGY: Volcanic ash bed, dark brown to gray, base of bed at: Section 3: 3 cm",CORE  340.7 - 350.53  MBSF
190,1173,A,38,X,350.3,360.25,Pliocene to middle Miocene,"MAJOR LITHOLOGY: Clayey siltstone to silty claystone, gray to greenish gray, moderate bioturbation throughout, mottled, Zoophycos burrows. Faint lamination (inclined few degrees at 59 cm). SECONDARY LITHOLOGY: Coarse sand to gravel (Section 2: 100 - 111 cm), greenish gray mudstone clasts (SS - 102) with pale grey silt matrix with carbonate cement (SS - 107), sharp, planar base at: Section 2: 111 cm Section 2: 45 - 46 cm, pyrite nodule, rounded, 1 cm across",CORE  350.3 - 360.25  MBSF
190,1173,A,39,X,359.9,369.83,Pliocene to middle Miocene,"MAJOR LITHOLOGY: Silty claystone, gray to greenish gray, moderate bioturbation throughout, mottled Zoophycos burrows. SECONDARY LITHOLOGY: Volcanic ash beds, pale greenish gray, sharp irregular base, gradational upper contact, upper and lower contacts disrupted by bioturbation. Coccoliths abundant and discoasters present. Bases of secondary lithology: Section 1: 103 cm Section 4: 81 cm Section 6: 61 cm Section 6: 144 cm",CORE  359.9 - 369.83  MBSF
190,1173,A,40,X,369.6,379.48,Pliocene to middle Miocene,"MAJOR LITHOLOGY: Silty claystone, greenish gray to gray, mottled throughout due to bioturbation, scattered Zoophycos burrows. Faint lamination. SECONDARY LITHOLOGY: Siliceous claystone, dark gray (4 cm thick). Possible altered volcanic ash. Base of secondary lithology: Section 3: 94 cm 23 - 32 cm: water escape structure bioturbation?",CORE  369.6 - 379.48  MBSF
190,1173,A,41,X,379.2,389.16,Pliocene to middle Miocene,"MAJOR LITHOLOGY: Silty claystone, gray to greenish gray, faint lamination. Mottled due to moderate bioturbation, variable inclination of beds from horizontal to up to 14 degrees. Scattered Zoophycos burrows. SECONDARY LITHOLOGY: Siliceous claystone and sandy siliceous claystone. Possible altered volcanic ash. Sharp base. Dark gray siliceous claystone at section 4: 37 - 39 cm. Bed in section 6: 27 - 36 cm, green to pale green to dark gray, gradational colour change, coarsens up from silt to medium sand, then fines upwards to fine sand/silt. Bed in section 6: 50 - 53 cm pale gray, contains fine sand. Ash in section 6: 89 - 90 cm - pale green, contains fine sand. Upper contacts gradational, contacts disrupted by bioturbation. Bases of secondary lithology: Section 4: 39 cm Section 6: 36 cm Section 6: 53 cm Section 6: 90 cm slickenlines slickenlines slickenlines",CORE  379.2 - 389.16  MBSF
190,1173,A,42,X,388.8,398.74,Pliocene to middle Miocene,"MAJOR LITHOLOGY: Silty claystone, gray to greenish gray, mottling due to moderate bioturbation throughout, Zoophycos common. Local horizontal to slightly inclined faint laminae, green in color. Drilling biscuits throughout. SECONDARY LITHOLOGY: Sandy claystone, green, fine to medium sand-sized particles. Upper and lower boundaries sharp. Bioturbated. Base of secondary lithology is as follows: Section 3: 47 cm",CORE  388.8 - 398.74  MBSF
190,1173,A,43,X,398.4,407.67,Pliocene to middle Miocene,"MAJOR LITHOLOGY: Silty claystone, medium gray to light gray with diffuse dark green, dark gray and rare gray-purplish bands. Bioturbated, Zoophycos throughout. Local sharp green laminae, ~1 mm. Drilling biscuits throughout, local drilling breccia.",CORE  398.4 - 407.67  MBSF
190,1173,A,44,X,408,417.99,Pliocene to middle Miocene,"MAJOR LITHOLOGY: Silty claystone, medium gray to light gray with diffuse dark green and dark gray bands. Bioturbated, Zoophycos throughout. Local sharp green laminae, ~1 mm. Drilling biscuits throughout.",CORE  408 - 417.99  MBSF
190,1173,A,45,X,417.6,427.51,Pliocene to middle Miocene,"MAJOR LITHOLOGY: Clayey silt to silty clay, gray to greenish gray, with moderate bioturbation, sharp green gray laminae bands. SECONDARY LITHOLOGY: Claystone, siliceous, greenish gray, with dark gray faint laminae, fining upward to dark green zeolitic clay. Bioturbated. Base of secondary lithology is as follows: Section 1: 36 cm",CORE  417.6 - 427.51  MBSF
190,1173,A,46,X,427.2,437.16,Pliocene to middle Miocene,"MAJOR LITHOLOGY: Silty claystone, gray to greenish gray, with moderate bioturbation. Laminae and darker color bands present. FAULT: drilling induced slickenline (?) on fault surface 77 - 87 cm: small normal fault",CORE  427.2 - 437.16  MBSF
190,1173,A,47,X,436.4,446.35,Pliocene to middle Miocene,"MAJOR LITHOLOGY: Silty claystone, medium to light gray, with faint green dark gray bands, laminae, moderately bioturbated. FOLIATED BRECCIA: Angular fragments of variably-colored clayey siltstone, bounded by cross-cutting, low-angle, planar surfaces. The entire 24 cm package exhibits low-angle foliation defined by clay parting surfaces. White vein filling occurs in vertical fracture cross-cutting the fabric.",CORE  436.4 - 446.35  MBSF
190,1173,A,48,X,445.8,455.83,Pliocene to middle Miocene,"MAJOR LITHOLOGY: Silty claystone to clayey siltstone, mostly medium gray with diffuse dark gray and dark green bands. Local sharp green laminae. Mottled throughout, due to moderate bioturbation, scattered Zoophycos. Drilling biscuits throughout.",CORE  445.8 - 455.83  MBSF
190,1173,A,49,X,455,464.91,Pliocene to middle Miocene,"MAJOR LITHOLOGY: Silty clay - gray to greenish gray with diffuse green bands, faint lamination, horizontal to inclined up to few degrees. Mottled throughout due to moderate bioturbation, Chondrites and Zoophycos burrows, dark gray alteration rims round few burrows. SECONDARY LITHOLOGY: Claystone, pale brown, diffuse upper and lower boundary, carbonate cemented claystone with abundant nannofossils. Base of claystone Section 4: 120 cm TERTIARY LITHOLOGY: Siliceous claystone, fine sand/clay, pale greenish gray, base disturbed by drilling biscuit, diffuse upper contact and disturbed by Chondrites burrows. Volcanic ash altered to siliceous claystone. Base of tertiary lithology: Section 6: 132 cm Section 4: 117 - 120 claystone Section 6: 129 - 132 cm Siliceous claystone",CORE  455 - 464.91  MBSF
190,1173,A,50,X,464.6,474.56,Pliocene to middle Miocene,"MAJOR LITHOLOGY: Silty claystone: gray to greenish gray, with diffuse green bands and pale brown to greenish brown thin beds burrow infills. Mottling throughout due to moderate to common bioturbation, some Zoophycos. At section 5: 17 - 18 cm 2 rounded to ellipsoidal carbonate clasts up to 1 cm across are probably cemented burrow infills. Faint diffuse lamination, sub-horizontal to inclined up to few degrees. SECONDARY LITHOLOGY: Claystone, thin beds, pale brown with diffuse margins. Abundant nannofossils and carbonate cement. Sub-horizontal to inclined up to few degrees. Bases of claystone: Section 6: 21 cm Section CC: 47 cm (base of core) Section 5: 18 - 19 cm 2 rounded (1cm) to ellipsoidal carbonate cemented clasts, probably cementation of burrow infills Section 6: 17 - 21 cm Claystone , pale brown carbonate cemented with abundant nannofossils Section CC: 38 - 47 cm Claystone, brown, abundant nannofossils, cemented by carbonate",CORE  464.6 - 474.56  MBSF
190,1173,A,51,X,474.3,484.25,Pliocene to middle Miocene,"MAJOR LITHOLOGY: Silty claystone, gray to greenish gray. Faint diffuse green laminae, sub-parallel to inclined up to few degrees. Mottling throughout due to bioturbation, scattered Zoophycos and Chondrites. Pale brown layers to burrow infill, cemented with carbonate. Drilling biscuits throughout. SECONDARY LITHOLOGY: Claystone thin beds, pale brown, contains abundant nannofossils and cemented by carbonate. Base of claystones: Section 3: 4 cm Section 3: 120 cm Section 3: 2 - 4 cm Claystone, brown cemented with carbonate Section 3: 116 - 120 cm Claystone thin bed, brown carbonate cemented",CORE  474.3 - 484.25  MBSF
190,1173,A,52,X,484,493.97,Pliocene to middle Miocene,"MAJOR LITHOLOGY: Silty claystone, gray to greenish gray. Faint diffuse green laminae, sub-parallel to inclined up to few degrees. Mottling throughout due to bioturbation, scattered Zoophycos. Pale brown layers to burrow infill, cemented with carbonate. Drilling biscuits throughout. Carbonate concretions. FAULT: polished and slicked surface FAULT: unbroken, microbreccia bounded by faults",CORE  484 - 493.97  MBSF
190,1173,A,53,X,493.7,503.69,Pliocene to middle Miocene,"MAJOR LITHOLOGY: Silty claystone, gray to greenish gray. Faint diffuse green laminae, sub-parallel to inclined up to few degrees. Mottling throughout due to bioturbation, scattered Zoophycos. Pale brown layers to burrow infill, cemented with carbonate. Drilling biscuits throughout. MICROBRECCIA: clasts with jigsaw-puzzle texture in dark sediment matrix; possible dewatering feature MICROBRECCIA: clasts within dark sediment matrix; subvertical fluid escape structure cuts and distorts burrow and bedding",CORE  493.7 - 503.69  MBSF
190,1173,A,54,X,503.3,513.26,Pliocene to middle Miocene,"MAJOR LITHOLOGY: Silty claystone, gray to greenish gray. Faint diffuse green laminae, sub-parallel to inclined up to few degrees. Mottling throughout due to bioturbation, scattered Zoophycos. Brown patches of carbonate. SECONDARY LITHOLOGY: Calcareous claystone with silty clay, brownish gray. Base of secondary lithology is as follows: Section 4: 97 cm",CORE  503.3 - 513.26  MBSF
190,1173,A,55,X,513,522.89,Pliocene to middle Miocene,"MAJOR LITHOLOGY: Silty claystone, gray to greenish gray, mottled with scattered green, brown and gray color bands. Bioturbated, Zoophycos throughout. Local pyrite. Local fluid escape features. Drilling biscuits throughout. SECONDARY LITHOLOGY: Calcareous claystone, light gray. Local plane-parallel beds. Bases of secondary lithology are as follows: Section 2: 116 cm Section 5: 98 cm Calcareous claystone is possibly recrystallized nanno ooze.",CORE  513 - 522.89  MBSF
190,1173,A,56,X,522.3,532.23,Pliocene to middle Miocene,"MAJOR LITHOLOGY: Silty claystone, gray to greenish gray, mottled with scattered green, brown and gray color bands. Bioturbated, Zoophycos throughout. Local thin green laminae. Drilling biscuits throughout. SECONDARY LITHOLOGY: Calcareous claystone, light brown. Base distinct, top, disrupted by drilling. Local plane-parallel bed. Base of secondary lithology is as follows: Section 4: 46 cm",CORE  522.3 - 532.23  MBSF
190,1173,A,57,X,532,541.94,Pliocene to middle Miocene,"MAJOR LITHOLOGY: Silty claystone, gray to greenish gray, faint diffuse green bands, pale brown carbonate cemented layers and along burrows. Mottled throughout due to moderate bioturbation. Drilling biscuits throughout. SECONDARY LITHOLOGY: Siliceous claystone, dark gray to brown, sharp base, slightly irregular, upper surface diffuse to irregular and bioturbated. Contains altered glass and opaques. Base of siliceous claystones: Section 2: 142 cm Section 4: 69 cm TERTIARY LITHOLOGY: Carbonate cemented layers and nodules, pale brown to cream. Base of layers: Section 6: 38 cm Section 6: 122 cm Section 2: 16 - 23 cm. Carbonate cemented claystone, cream to pale brown Section 2: 140 - 142 cm, dark grey bioturbated siliceous claystone BRECCIA: possible fluidization, but mainly bioturbation and possibly sed. breccia BRECCIA: fluidization burrows? Section 6: 30 - 38 cm Carbonate cemented claystone Section 6: 116 - 122 cm: Carbonate cemented claystone",CORE  532 - 541.94  MBSF
190,1173,A,58,X,541.7,551.67,Pliocene to middle Miocene,"MAJOR LITHOLOGY: Silty claystone, gray to greenish gray, faint green diffuse laminae. Sub-horizontal to inclined at few degrees. Pale brown carbonate cemented diffuse bands to nodules, commonly along burrow infills. Mottled throughout due to moderate bioturbation, scattered Zoophycos. Drilling biscuits breccia throughout. SECONDARY LITHOLOGY: Siliceous claystone, dark gray. Sharp slightly irregular base, mottled bioturbated top. Contains opaques and altered glass. Cut by drilling biscuit. Base of siliceous claystone: Section 3: 17 cm TERTIARY LITHOLOGY: Carbonate cemented claystone, pale brown, probably diagenetic, cemented along burrows. Base of carbonate cemented claystones: Section 7: 20 cm Section 3: 10 - 17 cm, siliceous claystone, dark gray. fractures with slickenlines cross-cutting the core biscuits Section 6: 82 cm, green siliceous claystone clasts incorporated / deformed in drilling breccia Section CC: 16 - 20 cm: pale brown carbonate cemented band, inclined few degrees, probably cemented burrow infill",CORE  541.7 - 551.67  MBSF
190,1173,A,59,X,551.3,561.19,Pliocene to middle Miocene,"MAJOR LITHOLOGY: Silty claystone, gray to greenish gray, faint green diffuse laminae, gently inclined at few degrees. Pale brown carbonate cemented diffuse bands to nodules, commonly along burrow infill. Mottled throughout due to moderate bioturbation, scattered Zoophycos. Drilling biscuits throughout. SECONDARY LITHOLOGY: Siliceous claystone, dark gray. Base of siliceous claystone: Section 5: 123 cm TERTIARY LITHOLOGY: Carbonate cemented claystone, pale brown. Base of carbonate cemented claystone: Section 3: 49, 60, 73, 95 cm Section 6: 87, 134 cm",CORE  551.3 - 561.19  MBSF
190,1173,A,60,X,561,570.87,Pliocene to middle Miocene,"MAJOR LITHOLOGY: Silty claystone, gray to greenish gray. Rare faint green lamination. Mottled throughout due to moderate bioturbation, pale brown carbonate cement along burrows. Drilling biscuits breccia throughout. SECONDARY LITHOLOGY: Siliceous claystone, dark gray - disturbed by drilling biscuits. May be altered ash. Base of siliceous claystone: Section 2: 130 cm Section 2: 127 - 130 cm, siliceous claystone, dark gray Section 4: 43 - 59 cm, 4 pale brown carbonate cemented nodules, probably along burrows Section 5: 45 - 60 cm, pale brown carbonate cemented burrows",CORE  561 - 570.87  MBSF
190,1173,A,61,X,570.7,580.62,Pliocene to middle Miocene,"MAJOR LITHOLOGY: Silty clay, gray to greenish gray. Mottled throughout moderate bioturbation, pale brown carbonate cement along burrows. Drilling biscuits breccia throughout. SECONDARY LITHOLOGY: Carbonate cemented claystone, pale brown. Bases of carbonate cemented claystone: Section 2: 47, 55 cm Section 3: 49, 128 cm Secition 4: 105 cm Section 6: 105 cm Section 7: 6, 10 cm TERTIARY LITHOLOGY: Siliceous claystone, dark gray, moderately bioturbated at base. Base of siliceous claystone: Section 6: 147 cm",CORE  570.7 - 580.62  MBSF
190,1173,A,62,X,580.4,590.3,Pliocene to middle Miocene,"MAJOR LITHOLOGY: Silty claystone, gray to greenish gray. Mottled due to moderate bioturbation throughout, scattered Zoophycos. Some carbonate cement along burrows (pale brown). Drilling biscuits throughout",CORE  580.4 - 590.3  MBSF
190,1173,A,63,X,589.9,591.53,Pliocene to middle Miocene,"MAJOR LITHOLOGY: Silty claystone, gray, mottled and bioturbated. Local carbonate concretions. Drilling biscuits throughout. SECONDARY LITHOLOGY: Carbonate-cemented claystone, brown. Plane-parallel bed. Top and bottom marked by 2 cm transition zones, greenish-brown. Base of secondary lithology is as follows: Section 1: 46 cm",CORE  589.9 - 591.53  MBSF
190,1173,A,64,X,599.5,608.99,Pliocene to middle Miocene,"MAJOR LITHOLOGY: Silty claystone, gray to greenish gray, mottled. Bioturbated, zoophycos. Scattered carbonate nodules, rare dark green planar laminae. Drilling biscuits throughout. SECONDARY LITHOLOGY: Silicious claystone, green. Wavy and irregular lower contact, diffuse upper contact. Base of secondary lithology is as follows: Section 4: 30 cm TERTIARY LITHOLOGY: Calcareous claystone, light gray. Top contact sharp, bottom contact removed by drilling. Base of tertiary lithology is as follows: Section 8: 33 cm",CORE  599.5 - 608.99  MBSF
190,1173,A,65,X,609.2,616.7,Pliocene to middle Miocene,"MAJOR LITHOLOGY: Silty claystone, gray to greenish gray, local color bands. Bioturbated, Zoophycos. Scattered carbonate nodules, scattered foraminifers. Drilling biscuits throughout. SECONDARY LITHOLOGY: Calcareous claystone, light gray. Bioturbated. Sharp contact. Base of secondary lithology is as follows: Section 1: 12 cm Section 6: 40 cm Vertical veins and white mineralization within carbonate-cemented claystone layer",CORE  609.2 - 616.7  MBSF
190,1173,A,66,X,618.8,620.83,Pliocene to middle Miocene,"MAJOR LITHOLOGY: Silty claystone, gray to greenish gray. Mottled, bioturbated. Local brown carbonate concretions. Drilling breccia throughout.",CORE  618.8 - 620.83  MBSF
190,1173,A,67,X,628.4,636.28,Pliocene to middle Miocene,"MAJOR LITHOLOGY: Silty claystone, gray to greenish gray. Mottled, bioturbated, Zoophycos. Two laminae of dark gray/brown claystone in section 3 (74 cm, 130 cm). Biscuits throughout and local drilling breccia.",CORE  628.4 - 636.28  MBSF
190,1173,A,68,X,638.1,646.81,Pliocene to middle Miocene,"MAJOR LITHOLOGY: Silty claystone, gray to greenish gray. Mottled, bioturbated, Zoophycos. Drilling biscuits throughout and local drilling breccia.",CORE  638.1 - 646.81  MBSF
190,1173,A,69,X,647.7,656.42,Pliocene to middle Miocene,"MAJOR LITHOLOGY: Silty claystone, gray to greenish gray. Mottled, bioturbated, Zoophycos. Laminae of green claystone in section 3 (114 cm) and section 4 (113 cm). Biscuits throughout and local drilling breccia. FAULT: irregular fault bearing green alteration",CORE  647.7 - 656.42  MBSF
190,1173,A,70,X,657.4,663.49,Pliocene to middle Miocene,"MAJOR LITHOLOGY: Silty claytone, gray to greenish gray, bioturbated by Zoophycos burrows, mottled throughout, brown carbonate cemented burrows. SECONDARY LITHOLOGY: Calcareous claystone, light brownish gray to pale brown. Bases of secondary lithology are follows: Section 2: 100 cm Section 3: 122 cm Section CC: 35 cm",CORE  657.4 - 663.49  MBSF
190,1173,A,71,X,667.1,675.14,Pliocene to middle Miocene,"MAJOR LITHOLOGY: Silty claystone, gray to greenish gray. Mottled throughout due to moderate bioturbation, scattered Zoophycos. Some burrows pale brown, cemented by carbonate and carbonate cemented interval, section 4: 117 - 120cm. SECONDARY LITHOLOGY: Matrix-supported gravel, clasts green silty claystone rip-up clasts from unit below, up to 1cm, generally less, rounded to sub-rounded. Matrix reddish-brown silty claystone. Faint lamination, and some disturbance due to Zoophycos burrows. Sharp irregular base, top cut by drilling biscuit. Base of matrix-supported gravel: Section 3: 43 cm TERTIARY LITHOLOGY: Silty claystone, green - faintly laminated. Rare bioturbation. Diffuse lower boundary and sharply overlain by matrix-supported gravel. Base of green silty claystone: Section 3: 70 cm",CORE  667.1 - 675.14  MBSF
190,1173,A,72,X,676.7,678.83,Pliocene to middle Miocene,"MAJOR LITHOLOGY: Silty claystone, gray to greenish gray, mottled throughout due to bioturbation, pale brown cementation along burrows, with faint lamination.",CORE  676.7 - 678.83  MBSF
190,1173,A,73,X,686.3,689.28,"686.3-687.99 mbsf: Pliocene to middle Miocene, 687.99-689.28 mbsf: middle Miocene","MAJOR LITHOLOGY: Silty claystone, gray to greenish gray. Mottled throughout due to bioturbation. Drilling biscuits drilling breccia throughout. SECONDARY LITHOLOGY: Siliceous claystone to silty claystone, brownish green to pale gray green gray. Homogeneous to faintly laminated. Strongly disrupted by drilling brecciation biscuiting. Probably altered ash. Base of siliceous claystones: Section 1: 50 cm Section 2: 23 cm VEIN: vertical white veins in fragments",CORE  686.3 - 689.28  MBSF
190,1173,A,74,X,695.9,696.8,middle Miocene,"MAJOR LITHOLOGY: Silty claystone, gray to greenish gray, moderately bioturbated. SECONDARY LITHOLOGY: Siliceous claystone, light greenish gray, extremely disrupted due to drilling. Probably altered ash bed. Base of secondary lithology is as follows: Section 1: 18 cm",CORE  695.9 - 696.8  MBSF
190,1173,A,75,X,705.6,705.93,middle Miocene,"MAJOR LITHOLOGY: Silty claystone, gray to greenish gray. Mottled throughout due to bioturbation. Drilling biscuits throughout.",CORE  705.6 - 705.93  MBSF
190,1173,A,76,X,715.3,715.72,middle Miocene,"MAJOR LITHOLOGY: Silty claystone, gray to greenish gray, mottled due to bioturbation.",CORE  715.3 - 715.72  MBSF
190,1173,A,77,X,724.6,724.9,middle Miocene,"MAJOR LITHOLOGY: Silty claystone, greenish gray, mottled reddish brown and yellow. Some mottling due to bioturbation. SECONDARY LITHOLOGY: Basalt clast, dark gray, rounded 2 cm in diameter. Yellow alteration of claystones around clast surrounded by reddish brown alteration products. Base of basalt: SECTION CC: 25 cm",CORE  724.6 - 724.9  MBSF
