Expedition.Leg,Site_Number,Hole,Core_Number,Core_Type,Core_Top_MBSF,Core_Bottom_MBSF,Age,Description,Core_ID
158,957,Q,1,R,0,5.8,NA," 158-957Q-1R-1 Pieces 0-139 cm ROCK TYPE: DRILL CUTTINGS CONTACTS: None. COLOR: Brassy yellow and red. TEXTURAL DESCRIPTION: Section consists of pyrite and red chert drill cuttings with partially silicified Fe- oxides. This section contains the finest grain size material in Core 158-957Q-1R. Grain size increases downsection, but this is most likely circulation induced. ",CORE 0 - 5.8 MBSF
158,957,Q,1,R,0,5.8,NA," 158-957Q-1R-2 Pieces 0-150 cm ROCK TYPE: DRILL CUTTINGS CONTACTS: None. COLOR: Brassy yellow and red. TEXTURAL DESCRIPTION: Section consists of pyrite and red chert drill cuttings with partially silicified Fe- o�ides. This section is somewhat coarser grained than the sand in Section 158-957Q-1R-1. Grain size increases downsection, but this is most likely circulation induced.",CORE 0 - 5.8 MBSF
158,957,Q,1,R,0,5.8,NA," 158-957Q-1R-3 Pieces 0-150 cm ROCK TYPE: DRILL CUTTINGS CONTACTS: None. COLOR: Brassy yellow and red. TEXTURAL DESCRIPTION: Section consists of pyrite and red chert drill cuttings with partially silicified Fe- oxides. This section is somewhat coarser grained than the sand in Sections 158-957Q-1 R-1 and -2R- 1. Grain size increases downsection, but this is most likely circulation induced. ADDITIONAL COMMENTS: At 120 cm, a 5-cm fragment of porous red chert with disseminated euhedral pyrite is embedded in the sand. Pyrite aggregates occur in open space. Euhedral fine-grained sphalerite lines a 1-cm-long vug. ",CORE 0 - 5.8 MBSF
158,957,Q,1,R,0,5.8,NA,"158-957Q-1R-4 Pieces 0-117 cm ROCK TYPE: DRILL CUTTINGS CONTACTS: None. COLOR: Brassy yellow and red. TEXTURAL DESCRIPTION: Section consists of pyrite and red chert drill cuttings with partially silicified Fe-oxides. This section is somewhat coarser grained than the sand in Sections 158-957Q-1R-1 through 1R-3. Grain size increases downsection, but this is most likely circulation induced. The section contains some pebble-sized fragments.",CORE 0 - 5.8 MBSF
158,957,Q,1,R,0,5.8,NA,"158-957Q-1R-CC Pieces 0-14 cm ROCK TYPE: DRILL CUTTINGS CONTACTS: None. COLOR: Brassy yellow and red. TEXTURAL DESCRIPTION: This is material removed from the Core Catcher. It consists of friable, pebble-sized fragments of porous red chert, with encrustations and some Fe-oxides. ",CORE 0 - 5.8 MBSF
158,957,Q,2,R,9.5,9.65,NA," 158-957Q-2R-1 Pieces 1-2 ROCK TYPE: RED AND GRAY CHERT (Types 2 and 3). CONTACTS: None. COLOR: Red and gray. MAJOR MINERALS: Name, Abundance (%), Size, Morphology, Characteristics Silica, 80%-95%, fine-grained, massive silica matrix. Fe-oxides, trace-20%, very fine-grained staining in chert. MINOR MINERALS: Name, Abundance (%), Size, Included in, Characteristics Pyrite, trace to 5%, fine- to medium-grained, disseminated in gray chert and rimming gray chert clast. TEXTURAL DESCRIPTION: Red chert and gray chert with gradational boundaries. ADDITIONAL COMMENTS: Piece 1 is red chert intergrown with gray chert. Piece 2 is gray chert with only traces of Fe-oxides. Euhedral pyrite is rimming the gray chert clast in Piece 2. Piece 3 ROCK TYPE: MASSIVE POROUS PYRITE (Type 5a). CONTACTS: None. COLOR: Brassy yellow gray MAJOR MINERALS: Name, Abundance (%), Size, Morphology, Characteristics Pyrite, 60%, fine- to coarse-grained, matrix to pyrite-siiica clasts, and disseminated in clasts. Quartz, 40%, matrix in pyrite-siiica clasts. TRACE MINERALS (<2%): Name, Size, Included in, Characteristics Chalcopyrite, fine-grained, disseminated in pyrite. Fe-oxides, very fine-grained, red chert clast. TEXTURAL DESCRIPTION: Pyrite-siiica clasts in a matrix of porous massive pyrite. ADDITIONAL COMMENTS: Single angular red chert clast (5 mm) in the massive pyrite.",CORE 9.5 - 9.65 MBSF
