Hole,Expedition.Leg,Site_Number,Hole.1,Core_Number,Core_Type,Core_Top_MBSF,Core_Bottom_MBSF,Age,Description,Core_ID
A,200,1224,A,1,X,0,0,NA,No Recovery,CORE  33 - 38.7  MBSF
A,200,1224,A,2,X,6,6.02,NA,Core Not Described,CORE  33 - 38.7  MBSF
A,200,1224,A,3,X,15.6,15.61,NA,Core Not Described,CORE  33 - 38.7  MBSF
A,200,1224,A,4,X,25.2,26.44,NA,"DARK BROWN AND DARK REDDISH BROWN CLAY and BASALT Section 1, 0-101 cm: Very soupy dark reddish brown clay. Highly disturbed by drilling, some clumps of different color: Section 1, 4.5 cm: brown (10YR 4/3) Section 1, 32 cm: very dark brown (7.5YR 2.5/3) Section 1, 70 cm: dark yellowish brown (10YR 4/4) Section 1, 87 cm: very dark brown (10YR 2/2) Core Catcher, 0-16: Highly disturbed, very dark brown (7.5YR 2.5/2) clay with basaltic pebbles and granules. Core Catcher, 16-21 cm: One piece of basalt.",CORE  25.2 - 26.44  MBSF
A,200,1224,A,4,X,25.2,26.44,NA,"IGNEOUS 200-1224A-4X-CC (Section top: 26.22 mbsf) Aphyric basalt Pieces: 1 PHENOCRYSTS: Plagioclase (1-2%) GROUNDMASS: Very fine grained )avg. size 0.2 mm) VESICLES: Rare (~2%) COLOR: Brownish gray STRUCTURE: Massive with no veins nor fractures ALTERATION: Low grade altered, dark colored ADDITIONAL COMMENTS: An approximately 2 mm thick, i cm wide rind of black glass with brown alteration coating",CORE  25.2 - 26.44  MBSF
A,200,1224,A,5,X,30.7,30.93,NA,"IGNEOUS 200-1224A-5X-1 (Section top: 30.70 mbsf) Aphyric basalt Pieces: 1 - 3 PHENOCRYSTS: Plagioclase (<1%) GROUNDMASS: Very fine grained (avg. size 0.2 mm) VESICLES: Low vesiculation. 0.1 - 1.5 mm in size. No grading of vesicle size COLOR: gray STRUCTURE: Massive. Some veining present ALTERATION: Green coloration on uncut surface in places: 0.2 mm wide by 3 mm long, 2 mm wide by 12 mm long",CORE  30.7 - 30.93  MBSF
A,200,1224,A,6,N,32,32.23,NA,IGNEOUS 200-1224A-6N-1 (Section top: 32.00 mbsf) Aphyric basalt Pieces: 1 - 3 PHENOCRYSTS: None. GROUNDMASS: Very fine grained (avg. size 0.2 mm) VESICLES:  0.1 - 1.5 mm in size. No grading of vesicles size. COLOR: gray STRUCTURE: Massive. Pyrite deposited vein 2 - 5 mm wide by 5 - 20 mm long. A small greenish/green-white deposited vein. ALTERATION: Slightly altered.,CORE  32 - 32.23  MBSF
B,200,1224,B,1,H,0,0.2,NA,BROWN CLAY 0-20 cm: Homogeneous brown (7.5YR 4/3) clay,CORE  0 - 0.2  MBSF
C,200,1224,C,1,H,0,6.53,middle Eocene,"MASSIVE BROWN CLAY The entire core is massive pelagic clay. Color varies gradually downcore from brown (7.5 4/3) to very dark brown (7.5YR 2.5/2). Section 1, 0-5 cm: Whole-round MBIO sample. Section 1, 145-150 cm: Whole-round MBIO sample.",CORE  0 - 6.53  MBSF
D,200,1224,D,1,R,25.5,30,NA,"IGNEOUS 200-1224D-1R-1 (Section top: 25.5 mbsf) Aphyric basalt Pieces: 1-5 PHENOCRYSTS: None GROUNDMASS: Very fine grained  (avg. size 0.3 mm). Appears to be a textural change at 74 - 79 cm. VESICLES: ~3% vesicles, rounded, size range is 0.5 - 1.5 mm, usually with green clays or carbonate, irregularly distributed. COLOR: N5, gray STRUCTURE: Some pieces bounded by fracture surfaces. Piece 3 has 3 small hairline cracks on the working half. Veins and fractures are hairline and aligned with clays and carbonate. No alteration halos present. ALTERATION: Slight alteration, vesicle are both empty and filled. Those that are filled contain clays and carbonate. Green clay and sulfides from 77 to 87 cm along concave side. Pyrite is also along cracks elsewhere in section. ADDITIONAL COMMENTS: This is the top of cooling unit that ends in Section 3R-3.",CORE  25.5 - 30  MBSF
D,200,1224,D,1,R,25.5,30,NA,"IGNEOUS 200-1224D-1R-2 (Section top: 26.64 mbsf) Aphyric basalt Pieces: 1-8 PHENOCRYSTS: Plagioclase (~1%) GROUNDMASS: Very fine grained (avg. size 0.3 mm). VESICLES: < 5 % vesicles, rounded, irregularly displaced filled and empty vesicles. Filled with carbonate and clays. Vesicles become larger at 77 cm, up to 2 mm.  COLOR: N5, gray STRUCTURE: No veins going through section, however, there is carbonate vein along the side of peice 6. ALTERATION: Carbonate and clay filling vesicles. Carbonate along side of peice 6 and middle part of peice 8. Pyrite along broken pieces. In addition, green clays along cracked surfaces and outside of core.",CORE  25.5 - 30  MBSF
D,200,1224,D,1,R,25.5,30,NA,"IGNEOUS 200-1224D-1R-3 (Section top: 28.1 mbsf) Aphyric to sparsely phyric basalt Pieces: 1-6 PHENOCRYSTS: Clinopyroxene (~1%) and Plagioclase (~1%). GROUNDMASS: Very fine grained (avg size ~0.3 mm). VESICLES: < 5 % vesicles, rounded, irregularly displaced filled and empty vesicles. Filled with carbonate and clays. Size range < 1 mm. COLOR: N5, gray STRUCTURE: and fractures in pieces 2 and 3, filled with carbonate, clays and suflide minerals (pyrite?). ALTERATION: Veins in pieces 2 and 3 are of carbonate and clays. Vesicles are filled with clays and carbonate. Green clays and pyrite aplong cracked pieces. No alteration halos apparent.",CORE  25.5 - 30  MBSF
D,200,1224,D,1,R,25.5,30,NA,"IGNEOUS 200-1224D-1R-4 (Section top: 28.99 mbsf) Sparsely phyric basalt Pieces: 1-4 PHENOCRYSTS: Plagioclase (<2%) GROUNDMASS: Very fine grained (avg. size 0.3 mm). Maybe slightly grading to coarser downward. VESICLES: < 5 % vesicles, rounded, irregularly displaced filled and empty vesicles. Filled with carbonate and clays. Size range up to 2.8 mm. COLOR: N5, gray STRUCTURE: Fractures in piece 1 and filling of fractures with clays and carbonate I pieces 2 and 4. are <1 mm wide. ALTERATION: Vesicles and veins contain carbonate and clays. Green clays and pyrite present along fractures. fv ADDITIONAL COMMENTS: Needle-like mineral (aragonite?) in fractures.",CORE  25.5 - 30  MBSF
D,200,1224,D,2,R,35.1,40.25,NA,"IGNEOUS 200-1224D-2R-1 (Section top: 35.1 mbsf) Sparsely phyric basalt Pieces: 1-8 PHENOCRYSTS: Plagioclase (<2%) and clinopyroxene (<1%) GROUNDMASS: Very fine grained (avg. size 0.4 mm), with no apparent changes in grain size, but section is coarser grained than near top of cooling unit. Glass in piece two (see additional comments). VESICLES: < 1 % vesicles, rounded COLOR: N5, gray. STRUCTURE: Fractures throughout. Filled with carbonate and clays. ALTERATION: Fractures are filled with carbonate and clays, alteration of piece two is moderate with Fe-oxides and carbonates. Vesicles are filled with clays and carbonate. Pyrite and green clay along fractures. ADDITIONAL COMMENTS: Pieces 1 and 2 may have fallen down the hole.",CORE  35.1 - 40.25  MBSF
D,200,1224,D,2,R,35.1,40.25,NA,IGNEOUS 200-1224D-2R-2 (Section top: 36.39 mbsf) Aphyric basalt Pieces: 1-6  PHENOCRYSTS: None GROUNDMASS: From very fine grained (avg. size 0.3 mm) to fine grained (avg. size 0.5 mm). Coarsest grained portion of cooling unit. VESICLES: < 1 % vesicles. COLOR: 5B 5/1. Bluish gray. STRUCTURE: Some fractures in pieces 3A and 5. ALTERATION: Some of the vesicles are filled with clays and carbonates. Veins are of carbonate and clays with alteration halo (0.5 mm) around vein at 102 cm. Some fractures contain pyrite.,CORE  35.1 - 40.25  MBSF
D,200,1224,D,2,R,35.1,40.25,NA,"IGNEOUS 200-1224D-2R-3 (Section top: 37.71 mbsf) Aphyric basalt Pieces 1-7 PHENOCRYSTS: None GROUNDMASS: Fine grained (avg. size 0.5 mm), but coarser than in 200-1224D-R2. Nearly coarsest grained portion of cooling unit. VESICLES: None COLOR: SB 5/1; Bluish gray STRUCTURE: Some pieces (#2and #7) have fractures filled with clay and oxides. ALTERATION: -1cm, in 2A; greenish and brownish in color. Some pyrite along fractures. ADDITIONAL COMMENTS: Continuation of cooling unit that ends in Section 3R-3.",CORE  35.1 - 40.25  MBSF
D,200,1224,D,2,R,35.1,40.25,NA,"IGNEOUS 200-1224D-2R-4 (Section top: 39.03 mbsf) Aphyric fine grained basalt Pieces 1-3 PHENOCRYSTS: None GROUNDMASS: fine grained (avg. size 0.6 mm) with no apparent change in grain size.VESICLES: <1 %, rounded COLOR: N5; gray STRUCTURE: fractures throughout.. ALTERATION: Slightly altered with minor clays filling fractures, alteration halos �1- 1.5cm (brown-green) in color, slight clay + pyrite in fractures, plus oxide. ADDITIONAL COMMENTS: A continuation of cooling unit that ends in Section 3R-3",CORE  35.1 - 40.25  MBSF
D,200,1224,D,3,R,44.7,48.18,NA,"IGNEOUS 200-1224D-3R-1 (Section top: 44.7 mbsf) Aphyric basalt Pieces 1-2 PHENOCRYSTS: None GROUNDMASS: Fine grained (avg. size 0.6 mm). VESICLES: None COLOR: N5: gray STRUCTURE: Massive, fractures are rare in the core. On the vein surfece, greenish clay and trace pyrite are deposited. ALTERATION: Low grade, slightly more altered along the vein, ~3mm width. ADDITIONAL COMMENTS: A continuation of cooling unit that ends in Section 3R-3.",CORE  44.7 - 48.18  MBSF
D,200,1224,D,3,R,44.7,48.18,NA,"IGNEOUS 200-1224D-3R-2 (Section top: 45.7 mbsf) Aphyric basalt Pieces: 1-6 PHENOCRYSTS: None GROUNDMASS: Very fine grained (avg. size <0.4 mm), appears to become slightly finer grained towards the bottom. VESICLES: None COLOR: N5, gray STRUCTURE: Fractures in piece 1, hairline fractures in piece 3 (orthogonal horizonta and verical fractures) ALTERATION: Slight alteration. Clays and pyrite along fractures. Bottom of piece 1 there is 0.5 cm alteration halo of Fe-oxides (brown). Piece 3 has 1 cm Fe-oxide (brown) alteration halo around orthogonal fractures, beyond this 1 cm halo is 1-2 cm dark gray green alteration halo. ADDITIONAL COMMENTS: Continuation of cooling unit that ends in Section 3R-3.",CORE  44.7 - 48.18  MBSF
D,200,1224,D,3,R,44.7,48.18,NA,"IGNEOUS 200-1224D-3R-3 (Section top: 47.14 mbsf) Aphyric basalt Pieces: 1-12 PHENOCRYSTS: Plagioclase (~1 %) GROUNDMASS: Very fine grained (avg. size 0.2 mm), however, it does become coaser grained at lower 20 cm. VESICLES: < 1% vesicles, rounded, size is < 1 mm, filled with green clays and carbonate.  COLOR: Mixture of browns and grays 0 - 65 cm, with brown being the dominant . 65-103, mixture of gray, brown, and green, with gray being the dominant . STRUCTURE: Fractures are abundant, some are filled with vein material. No orientation of fractures. ALTERATION: Altered to brownish gray 0 - 65 cm, alteration continues, but not as intense. Alteration halos 1 - 2 cm throughout. Calcite and Fe - oxides in veins. ADDITIONAL COMMENTS: Top of unit two. Spherulitic textures from 0 - 65 cm.",CORE  44.7 - 48.18  MBSF
D,200,1224,D,4,R,49.3,51.38,NA,"IGNEOUS 200-1224D-4R-1 (Section top: 49.3 mbsf) Aphyric basalt Pieces 1-8 PHENOCRYSTS: None GROUNDMASS: Very fine grained (avg. size 0.3 mm). VESICLES: Some small vesicles are observed in piece 5B to 5c, <1 %, round, >0.5 mm diameter, filled with calcite COLOR: 5BG 5/1: greenish gray (#1, 2, 3). 5G 5/1: greenish gray (#4, 5, 6, 7). 5/2: olive gray (#8). STRUCTURE: Massive. Pieces #4 and #5 have some fractures. One vein (under part of #5) is 2 mm width and filled with calcite and clay. Some veins have pyrite deposit. ALTERATION: Low grade, piece #8 is brownish color, under hydrothermal effect. ADDITIONAL COMMENTS: Presence of carbonate-filled gas pipes in piece 5B.",CORE  49.3 - 51.38  MBSF
D,200,1224,D,4,R,49.3,51.38,NA,"IGNEOUS 200-1224D-4R-2 (Section top: 50.62 mbsf) Aphyric basalt Pieces 1-4 PHENOCRYSTS: None GROUNDMASS: Very fine grained (avg. size 0.4 mm) VESICLES: Piece #2 has horizontal distributed voids (< 2 mm), dip at 20 degrees.
These voids are filled with calcite. COLOR: 5G 5/1: Greenish gray. STRUCTURE: Massive. Deposited material in veins is mainly oxide mineral. Some veins have trace pyrite deposits. ALTERATION: Low grade",CORE  49.3 - 51.38  MBSF
D,200,1224,D,5,R,51.3,52.7,NA,"IGNEOUS 200-1224D-5R-1 (Section top: 51.3 mbsf) Aphyric basalt Pieces: 1 - 9 PHENOCRYSTS: None GROUNDMASS: Very fine grained (avg. size 0.4 mm). VESICLES: Pieces 2A and 2C are slightly more vesicular than the pieces in the rest of the section. COLOR: 5BG 5/1 Greenish gray STRUCTURE: Fractures in pieces 2B and 2C and 9B and 9C. Veins in pieces 9B and 9C are vertical and are filled with carbonate, green clay, and minor amounts of pyrite. ALTERATION: Mostly carbonate filling the vesicles and few are filled with clays. Minor amounts of pyrite on edges of many of the pieces.",CORE  51.3 - 52.7  MBSF
E,200,1224,E,1,R,8,9.03,NA,"VERY DARK BROWN CLAY and SANDY SILTY CLAY. An RCB ""push core"" that resulted in extreme drilling disturbance throughout the core.",CORE  8 - 9.03  MBSF
E,200,1224,E,2,R,17.5,26.99,NA,"CLAY Dark brown, black, and dark yellowish brown clay that is highly disturbed. This is RCB ""push core"". Drilling disturbance mimics that seen in suck-in cores. Some bedding was apparent, but has been deformed throughout the core.",CORE  17.5 - 26.99  MBSF
E,200,1224,E,3,R,27.1,32.03,NA,"IGNEOUS 200-1224E-3R-1 (Section top: 27.10 mbsf) Aphyric basalt Pieces: 3 - 17 PHENOCRYSTS: None GROUNDMASS: Very fine grained VESICLES: Sparsely vesicular, round. Some are filled with greenish clay and carbonate. Vesicularity increases with depth. Size ~ 0.5 mm COLOR: Pieces 1 - 9 5GY 5/1, greenish gray. Pieces 10 - 17 N5, gray STRUCTURE: Fracture in pieces 3 - 9 with no orientation and filled with Fe oxyhydroxides and green clay. Pieces 10 - 17 are massive ALTERATION: Moderate alteration in # 3 - 9 with Fe oxyhydroxides, green clays, and alteration halos, 1 - 3 cm in width ADDITIONAL COMMENTS: Pieces 1 and 2 are hyaloclastitic breccia with carbonate cement.",CORE  27.1 - 32.03  MBSF
E,200,1224,E,3,R,27.1,32.03,NA,"IGNEOUS 200-1224E-3R-2 (Section top: 28.39 mbsf) UNIT 1: Aphyric basalt Pieces: 1 - 17 PHENOCRYSTS: None GROUNDMASS: Very fine grained (avg. size 0.3 mm). VESICLES: Sparsely vesicular, ranging in size from 1 mm, round, some are filled with clays, carbonate, and sulfides. The size of the vesicles becomes larger in piece 2 - 5. COLOR: N5, gray. STRUCTURE: Mainly massive, some fractures filled with carbonates, clays, and sulfides. ALTERATION: Slightly altered in fractures and veins.",CORE  27.1 - 32.03  MBSF
E,200,1224,E,3,R,27.1,32.03,NA,"IGNEOUS 200-1224E-3R-3 (Section top: 29.63 mbsf) Aphyric basalt Pieces: 1 - 4 PHENOCRYSTS: None GROUNDMASS: Very fine grained. VESICLES: Sparsely vesicular to non-vesicular. Some vesicles are filled with carbonate and clay, rounded, and the size is 1 - 3 mm. COLOR: N5, gray. STRUCTURE: Fractured throughout. Fractures contain mainly green clays and some sulfides. ALTERATION: Slightly altered along fractures with Fe-oxyhydroxides, green clay, carbonates, alteration halos 1 - 2 mm.",CORE  27.1 - 32.03  MBSF
E,200,1224,E,3,R,27.1,32.03,NA,"IGNEOUS 200-1224E-3R-4 (Section top: 30.66 mbsf) Aphyric basalt Pieces: 1 - 5 PHENOCRYSTS: None GROUNDMASS: Very fine grained. VESICLES: Sparsely vesicular, round, size 1 - 2 mm COLOR: N5, gray, but Piece # 5 is 10YR 5/1, gray. STRUCTURE: Piece #1 is fractured and Pieces # 2 - # 5 are massive. Piece # 1 has fractures filled with carbonate, greenish clay, and some sulfides. ALTERATION: Slightly altered along fractures: green clays, Fe-oxyhydroxides, calcite, alteration halos ~ 1 cm. ADDITIONAL COMMENTS: Piece 5 is similar to the pieces 3 - 9 in Core 1224E-3R.",CORE  27.1 - 32.03  MBSF
F,200,1224,F,1,R,27.7,34.18,NA,IGNEOUS 200-1224F-1R-1 (Section top: 27.7 mbsf) Aphyric basalt Pieces : 1 - 18 PHENOCRYSTS: None GROUNDMASS: Very fine grained. VESICLES: Sparcely vesicular. Round. Many pieces lower than piece 11 are filled with greenish clay and some are filled with carbonate. Size is ~ 0.5 mm. COLOR: 5GY 6/1: greenish gray for pieces 1 - 13. 5BG 5/1: greenish gray for pieces 14 - 18. STRUCTURE: Pieces 1 - 13 are fragmented. Pieces 14 - 18 are massive with some fractures with thin greenish clay deposit. ALTERATION: Low-grade altered (Pieces 1 - 13) and some pieces have dark- altered rind (~1 cm thick). Slightly altered (Pieces 14 - 18).,CORE  27.7 - 34.18  MBSF
F,200,1224,F,1,R,27.7,34.18,NA,"IGNEOUS 200-1224F-1R-2 (Section top: 29.14 mbsf) Aphyric basalt Pieces: 1 -7 PHENOCRYSTS: None GROUNDMASS: Very fine grained. VESICLES: Sparsely vesicular, round, size is ~ 2 mm. Vesicles in pieces # 1 - 3 are empty, those in pieces # 4 - 7 are filled with greenish clay, but some vesicles in pieces # 4 and 5 are filled with carbonate. COLOR: 5B 5/1: bluish gray. STRUCTURE: Massive with some fractures filled with thin greenish clay deposited. Piece 5 has 2 mm thick calcite vein. ALTERATION: Slightly altered.",CORE  27.7 - 34.18  MBSF
F,200,1224,F,1,R,27.7,34.18,NA,"IGNEOUS 200-1224F-1R-3 (Section top: 30.58 mbsf) Aphyric basalt Pieces: 1 - 6 PHENOCRYSTS: None GROUNDMASS: Very fine grained. VESICLES: Sparsely vesicular, rounded, ~ 1 mm, some are filled with clays. COLOR: N5: gray. COLOR: N5: gray. STRUCTURE: Fractures throughout. Veins of carbonate, Fe-oxyhydroxides and clays. Fractures contain clays and pyrite. No preferred orientation of fractures. ALTERATION: Slightly altered. Vesicles and fractures have green clays. Veins have carbonate clays, pyrite and some Fe-oxyhydroxides. Alteration haloes ~ 0.5",CORE  27.7 - 34.18  MBSF
F,200,1224,F,1,R,27.7,34.18,NA,"IGNEOUS 200-1224F-1R-4 (Section top: 32.09 mbsf) Aphyric basalt Pieces: 1 - 14 PHENOCRYSTS: None GROUNDMASS: From very fine grained (avg. size 0.4 mm) to fine grained (avg. size 0.5 mm) downcore. VESICLES: Sparsely vesicular in pieces 1 and 2, rounded and some are filled with clays. Pieces 3 - 14 are non-vesicular. COLOR: In slightly altered pieces N5: gray, in moderately altered pieces varies from brown gray to yellowish brown. STRUCTURE: Fractured. Alteration halos in Pieces 7 and 8 are ~0.5 cm. Pieces 3 - 6 have high amount of alteration haloes. Veins are filled with carbonate; fractures have clays and pyrite. ALTERATION: Slightly to moderate alteration with green clays and Fe-oxyhydroxides throughout. Pieces 3 - 6 are bleached with carbonate and Fe-oxyhydroxides.",CORE  27.7 - 34.18  MBSF
F,200,1224,F,1,R,27.7,34.18,NA,"IGNEOUS 200-1224F-1R-5 (Section top: 33.52 mbsf) UNIT 1: Aphyric basalt Pieces: 1 - 7 PHENOCRYSTS: Plagioclase and clinopyroxene (~1%). GROUNDMASS: Fine grained (avg. size 0.5 mm). VESICLES: None COLOR: N5: gray in slightly altered pieces, moderatly altered pieces range in from yellow brown to red brown. STRUCTURE: One vein in # 4 filled with Fe oxyhydroxides. ALTERATION: Slightly altered in pieces 1 to top of piece 4. Pieces 4 - 7 are moderately altered and bleached to yellow brown. Fe-oxyhydroxides with clays and carbonate. Alteration halo measuring ~ 3 cm.",CORE  27.7 - 34.18  MBSF
F,200,1224,F,2,R,39.7,45.9,NA,IGNEOUS 200-1224F-2R-1 (Section top: 39.70 mbsf) Aphyric basalt Pieces: 1 - 24 PHENOCRYSTS: None GROUNDMASS: Fine grained. VESICLES: None COLOR: Gray to yellowish brown. ALTERATION: Moderately altered and bleached to yellow brown.,CORE  39.7 - 45.9  MBSF
F,200,1224,F,2,R,39.7,45.9,NA,"IGNEOUS 200-1224F-2R-2 (Section top: 41.2 mbsf) Aphyric basalt Pieces: 1 - 18 PHENOCRYSTS: None GROUNDMASS: Fine grained. VESICLES: Non-vesicular. COLOR: Varies from gray to brown due to alteration. STRUCTURE: Fractured, no orientation. Fractures are thin and filled with Fe- oxyhydroxides and green clays. ALTERATION: Moderately altered from piece 1 to piece 13. Fe-oxyhydroxides and clays, bleaching, alteration haloes throughout, some pieces have large haloes that are filled with orange red material. Maybe some carbonate in piece 15. ADDITIONAL COMMENTS: Average size of groundmass crystals in thin section #62 changes from 0.8 mm (top) to 0.3 mm (bottom).",CORE  39.7 - 45.9  MBSF
F,200,1224,F,2,R,39.7,45.9,NA,"IGNEOUS 200-1224F-2R-3 (Section top: 42.62 mbsf) Aphyric basalt Pieces: 1 - 9 PHENOCRYSTS: None. GROUNDMASS: Very fine grained. VESICLES: None. COLOR: N5: gray. STRUCTURE: massive with one fracture in # 7. ALTERATION: Slightly alteration with pyrite, clays, and blackish blue material in fracture. No alteration haloes. Pieces 1 - 5 have holes (<1 mm - 3 mm) that appears to have formed during alteration.",CORE  39.7 - 45.9  MBSF
F,200,1224,F,2,R,39.7,45.9,NA,IGNEOUS 200-1224F-2R-4 (Section top: 43.76 mbsf) UNIT 1: Aphyric basalt Pieces: 1 - 3 PHENOCRYSTS: None GROUNDMASS: Fine grained (avg. size 0.5 mm). VESICLES: None. COLOR: N5: gray. STRUCTURE: Fractured. Multiple hairlike fractures in piece 2. of oxyhydroxides and fractures have green clays in them. ALTERATION: Slightly altered with an increase in alteration along piece # 2. Alteration halos measuring about 1 cm in thickness. Fe-oxyhydroxides and green clay material along fractures.,CORE  39.7 - 45.9  MBSF
F,200,1224,F,2,R,39.7,45.9,NA,"IGNEOUS 200-1224F-2R-5 (Section top: 45.21 mbsf) Aphyric basalt Pieces: None PHENOCRYSTS: None GROUNDMASS: Very fine grained. VESICLES: None. COLOR: N5: gray. STRUCTURE: Fractured, hairlike fractures in pieces 1 and 2. Fractured have green clay material and Fe-oxyhydroxides. ALTERATION: Slightly altered, pieces 1 and 2 have alteration halos ~ 1 cm. Fe- oxyhydroxides with green clay.",CORE  39.7 - 45.9  MBSF
F,200,1224,F,3,R,47.3,51.93,NA,"IGNEOUS 200-1224F-3R-1 (Section top: 47.3 mbsf) Aphyric to sparsely phyric basalt Pieces: 1 - 19 PHENOCRYSTS: Plagioclase (<2%) and Clinopyroxene (<2%) in piece #8 GROUNDMASS: Very fine grained (avg. size <0.4 mm) VESICLES: < 1 % vesicles to non-vesicular. In pieces 5 - 19, those vesicles that do exist are filled with clays COLOR: 5Y 5/1: gray (# 1), N5: gray (# 2 - 8), 5G 5/1: greenish gray (# 9 - 12) and 5Y 5/1: gray (# 13 - 19) STRUCTURE: Fractured throughout with hairlike fractures in # 8 - 19 ALTERATION: Slightly alteration, however piece 1, and 13 - 19 are more altered then the rest of the section. Alteration halos exist throughout pieces 1, 13 - 19, with Fe- oxyhydroxides and carbonate. Green clays in vesicles. Pieces 1, 13 - 19 are slightly bleached to a lighter color",CORE  47.3 - 51.93  MBSF
F,200,1224,F,3,R,47.3,51.93,NA,"IGNEOUS 200-1224F-3R-2 (Section top: 48.8 mbsf) Aphyric basalt Pieces: 1 - 12 PHENOCRYSTS: None. GROUNDMASS: Very fine grained (avg. size 0.3 mm). VESICLES: Sparsely vesicular, round, ?1 mm, some are filled and some are empty. COLOR: 5Y 7/1 to 5Y 5/1, grays, varies throughout due to alteration. STRUCTURE: Fractured throughout. They are subvertical to horizontal in direction. Fractures and vein are filled throughout with calcite and Fe oxyhydroxides. ALTERATION: Moderately altered with alteration haloes throghout. Fe oxyhydroxides and carbonates in veins and vesicles.",CORE  47.3 - 51.93  MBSF
F,200,1224,F,3,R,47.3,51.93,NA,"IGNEOUS 200-1224F-3R-3 (Section top: 50.03 mbsf) Aphyric basalt Pieces: 1 - 22 PHENOCRYSTS: None. GROUNDMASS: Very fine grained. VESICLES: Sparsely vesicular filled vesicles, rounded, filled with color carbonates and clays. Color of filling ranges from green to yellow to white. COLOR: Color varies due to alteration, ranges from 5Y 7/1 to 5Y 5/1: gray. STRUCTURE: Few hairlike fractures, no preferred orientation. ALTERATION: Slightly altered, alteration haloes throughout. Fe oxyhydroxides and carbonates filling veins and vesicles.",CORE  47.3 - 51.93  MBSF
F,200,1224,F,3,R,47.3,51.93,NA,"IGNEOUS 200-1224F-3R-4 (Section top: 51.53 mbsf) Aphyric basalt Pieces: 1 - 5 PHENOCRYSTS: None GROUNDMASS: Very fine grained. VESICLES: Trace COLOR: Bluish gray STRUCTURE: Massive with some empty vesicular veins and fractures. Trace of oxide and sulfide in ores, deposited on surface ALTERATION: Slightly.",CORE  47.3 - 51.93  MBSF
F,200,1224,F,4,R,56.4,62.9,NA,"IGNEOUS 200-1224F-4R-1 (Section top: 56.4 mbsf) Aphyric basalt Pieces: 1 - 4 PHENOCRYSTS: None. GROUNDMASS: Very fine grained (avg. size 0.3 mm). VESICLES: None. COLOR: N5: gray. STRUCTURE: Minor amount of fractures without any orientation. ALTERATION: Slightly with green clays and carbonates, pyrite and dark blue-black material in fractures. No alteration haloes.",CORE  56.4 - 62.9  MBSF
F,200,1224,F,4,R,56.4,62.9,NA,"IGNEOUS 200-1224F-4R-2 (Section top: 57.3 mbsf) Aphyric basalt Pieces: 1 - 8 PHENOCRYSTS: None GROUNDMASS: Very fine grained (avg. size 0.3 mm) VESICLES: Pieces 2 and 4 have some high vesicle zones. Other pieces are nonvesicular COLOR: N5: gray STRUCTURE: Minor amount of fractures in piece # 1 ALTERATION: Slightly, with green clays, carbonate and dark blue-black material in fractures. Alteration halos ~ 0.5 cm around area with holes that appear to have been caused by alteration",CORE  56.4 - 62.9  MBSF
F,200,1224,F,4,R,56.4,62.9,NA,"IGNEOUS 200-1224F-4R-3 (Section top: 58.8 mbsf) UNIT 1: Aphyric basalt Pieces: 1 - 4 PHENOCRYSTS: None. GROUNDMASS: Very fine grained (avg. size 0.4 mm). VESICLES: None. COLOR: N5: gray. STRUCTURE: Fractureal throughout, orientation is almost horizontal and vertical. Alteration material is green clays and minor Fe oxyhydroxides, minor pyrite, and carbonate in fractures. ALTERATION: Altered with green clays and minor Fe oxyhydroxides, minor pyrite, and carbonate, alteration haloes ~ 0.5 cm",CORE  56.4 - 62.9  MBSF
F,200,1224,F,4,R,56.4,62.9,NA,"IGNEOUS 200-1224F-4R-4 (Section top: 60.23 mbsf) Aphyric basalt Pieces: 1 - 3 PHENOCRYSTS: None. GROUNDMASS: Very fine grained. VESICLES: None. COLOR: N5: gray. STRUCTURE: Fractures without any preferential orientation. ALTERATION: Slightly altered with green clays, carbonate, and pyrite. Alteration halo in piece # 2 is ~ 0.5 cm. Minor amounts of oxyhydroxides in alteration halo.",CORE  56.4 - 62.9  MBSF
F,200,1224,F,4,R,56.4,62.9,NA,"IGNEOUS 200-1224F-4R-5 (Section top: 61.01 mbsf) Aphyric basalt Pieces: 1 - 11 PHENOCRYSTS: None. GROUNDMASS: Very fine grained. VESICLES: None. COLOR: N5: gray. STRUCTURE: Fractures. Vein deposit is transparent to translucent needle like crystals. ALTERATION: Slightly altered with green clays, carbonate, and pyrite. halo in piece # 2 is ~ 0.5 cm. Minor amounts of oxyhydroxides in alteration halo.",CORE  56.4 - 62.9  MBSF
F,200,1224,F,4,R,56.4,62.9,NA,"IGNEOUS 200-1224F-4R-6 (Section top: 62.48 mbsf) Aphyric basalt Pieces: 1 - 6 PHENOCRYSTS: Plagioclase (<1 %). GROUNDMASS: Very fine grained (avg. size <0.1 mm). VESICLES: ~ 7 % in piece 2, absent in the rest of the section. COLOR: Varies throughout due to alteration. 5Y 6/1: gray. STRUCTURE: Minor hairlike fractures without any preferential orientation. ALTERATION: Slightly alterated, halos range in size up to 3 cm. Fe oxyhydroxides and clay. ADDITIONAL COMMENTS: These pieces are pillow breccia. New unit.",CORE  56.4 - 62.9  MBSF
F,200,1224,F,5,R,65.9,66.97,NA,"IGNEOUS 200-1224F-5R-1 (Section top: 65.9 mbsf) Aphyric basalt Pieces: 1 - 19 PHENOCRYSTS: None GROUNDMASS: Very fine grained. VESICLES: Sparsely vesicular, rounded, < 1 mm, empty and filled with clays. COLOR: 5Y 5/1; gray, varies slightly due to alteration. STRUCTURE: No fracture. ALTERATION: Slightly altered, alteration halos surrounding each piece ~ 1 cm in thickness, Fe-oxyhydroxides. ADDITIONAL COMMENTS: Pieces 3 and 4 have carbonate deposits (< 1 mm) on surface.",CORE  65.9 - 66.97  MBSF
F,200,1224,F,6,R,75,76.7,NA,"IGNEOUS 200-1224F-6R-1 (Section top: 75.0 mbsf) Pillow basalt and Aphyric basalt Pieces: 1 - 23 PHENOCRYSTS: None. GROUNDMASS: Very fine grained to fine grained with glassy rinds on # 2 and 3. VESICLES: Non-vesicular. COLOR: Color ranges due to alteration, 2.5Y6/1, 2.5Y 5/1, and 2.5Y 5/3, gray to light olive brown on the alteration rims. STRUCTURE: Pillows, broken into 23 pieces. Slightly fractured with hairlike fractures in some pieces. No orientation. Veins in pieces 5, 8, 9, and 23 are of clays and carbonate. ALTERATION: Moderately altered. Carbonates and clays filling fractures. Alteration halos, ~ 1 cm, throughout all pieces. Fe oxyhydroxides. ADDITIONAL COMMENTS: The color on the sections outside may be from the drilling pipe, because it was sleeveless. Piece # 6 is hyoloclastite breccia with carbonate cement.",CORE  75 - 76.7  MBSF
F,200,1224,F,6,R,75,76.7,NA,"IGNEOUS 200-1224F-6R-2 (Section top: 76.5 mbsf) Pillow basalt Pieces: 1 - 5 PHENOCRYSTS: None. GROUNDMASS: Very fine grained. VESICLES: Non-vesicular. COLOR: Ranges due to alteration from 2.5Y 6/1, 2.5Y 5/1 and 2.5Y 5/3, gray to light olive gray on the alteration rims. STRUCTURE: Pillow basalt. Hairlike fractures in pieces 2 and 4. ALTERATION: Slight alteration, with alteration halos ~ 1 cm, with Fe oxyhydroxides. Some sub-pieces in piece 1 have calcite in them.",CORE  75 - 76.7  MBSF
F,200,1224,F,7,R,84.5,85.83,NA,"IGNEOUS 200-1224F-7R-1 (Section top: 84.5 mbsf) Pillow basalt Pieces: 1 - 14 PHENOCRYSTS: None. GROUNDMASS: Very fine grained (avg. size <0.1 mm). VESICLES: Non-vesicular, however, piece 10 is sparsely vesicular, some filled and some empty. COLOR: Varies due to alteration, 2.5Y 6/1 to 2.5Y 6/4, gray to light yellowish brown. STRUCTURE: Pillow basalt, broken into many pieces, some small hairlike fractures in pieces 1 - 6. Veins contain carbonate, clays and Fe oxyhydroxides. No orientation. ALTERATION: Moderately altered. Carbonates, clays, and Fe oxyhydroxides in fractures and on outside of section. Alteration halos up to 1.5 cm.",CORE  84.5 - 85.83  MBSF
F,200,1224,F,8,R,93.5,94.83,NA,"IGNEOUS 200-1224F-8R-1 (Section top: 93.5 mbsf) Pillow basalt Pieces: 1 - 14 PHENOCRYSTS: None. GROUNDMASS: Very fine grained with glass rind on piece 7. VESICLES: < 1% vesicles, those that are there < 1 mm COLOR: Color ranges due to alteration, 2.5Y 6/1, 2.5Y 6/2, gray to light brownish gray. STRUCTURE: Pillow basalt, broken into pieces. Vein fractures throughout, filled with the alteration material, carbonates, clays, and Fe oxyhydroxides. ALTERATION: Moderate alteration, alteration halos up to 2 cm thick. Carbonates, clays, and Fe oxyhydroxides.",CORE  93.5 - 94.83  MBSF
F,200,1224,F,9,R,102.7,103.31,NA,"IGNEOUS 200-1224F-9R-1 (Section top: 102.7 mbsf) Pillow basalt Pieces: 1 - 7 PHENOCRYSTS: None. GROUNDMASS: Very fine grained with glass rind on pieces 1 and 7. VESICLES: < 1% vesicles, the vesicles that are there are round, < 1 mm and some are filled with clays. COLOR: Color varies due to alteration, from 2.5Y 6/1 to 2.5Y 5/1, gray. STRUCTURE: Pillow basalts, some hairlike fractures. Veins in pieces 2 and 4, filled with carbonate and clays. No orientation. ALTERATION: Moderately altered, carbonates, clays, Fe-oxyhydroxides, epidote along piece 2, and blue material on piece 4. Alteration halos <= 0.7 cm.",CORE  102.7 - 103.31  MBSF
F,200,1224,F,10,R,111.8,113.25,NA,"IGNEOUS 200-1224F-10R-1 (Section top: 111.8 mbsf) Aphyric basalt and pillow basalt Pieces: 1 - 22 PHENOCRYSTS: None. GROUNDMASS: Very fine grained; pieces 4 and 14 have glass rinds. VESICLES: Pieces 1 - 13 are non-vesicular and pieces 14 - 22 are sparsely vesicular, rounded, some are filled and some are empty. COLOR: Color varies due to alteration, from 2.5Y 6/1 to 2.5Y 5/1, gray. STRUCTURE: Pillow basalt broken into pieces. Veins are filled with Fe oxyhydroxides, minor carbonate, and clays; no orientation of fractures. ALTERATION: Moderately altered with Fe oxyhydroxides, clays, and minor carbonate. Alteration halos about 1 cm. There are holes (vesicles ?) About 1 mm in size larger that appears to have been caused by alteration.",CORE  111.8 - 113.25  MBSF
F,200,1224,F,11,R,121.1,122.97,NA,"IGNEOUS 200-1224F-11R-1 (Section top: 121.1 mbsf) Pillow basalt Pieces: 1 - 22 PHENOCRYSTS: None. GROUNDMASS: Very fine grained piece 4 has glass. VESICLES: Non-vesicular. COLOR: Color ranges due to alteration, 2.5Y 6/1, 2.5Y 6/2, 2.5Y 6/3, gray, light brownish gay, light yellowish brown respectively. STRUCTURE: Pillow basalt. Fractures throughout with vein filling (Fe oxyhydroxides, carbonate, and clays). ALTERATION: Moderately altered with Fe oxyhydroxides, carbonate, and clays. Alteration halos throughout, measuring about <= 2 cm.",CORE  121.1 - 122.97  MBSF
F,200,1224,F,11,R,121.1,122.97,NA,"IGNEOUS 200-1224F-11R-2 (Section top: 122.6 mbsf) Pillow basalt Pieces: 1 - 6 PHENOCRYSTS: None. GROUNDMASS: Very fine grained (avg. size <0.1 mm) with glass on pieces 3, 4 and 6. VESICLES: Non-vesicular (< 1 %) COLOR: Color varies due to alteration from 2.5Y 6/1 to 2.5Y 5/1, gray. STRUCTURE: Pillow basalt, minor fractures throughout. Fractures have Fe oxyhydroxides and veins have clays and carbonate. ALTERATION: Moderately altered with Fe oxyhydroxides, carbonates, and clays in fractures and veins. Alteration halos ~ 1 cm.",CORE  121.1 - 122.97  MBSF
F,200,1224,F,12,R,128.5,129.83,NA,"IGNEOUS 200-1224F-12R-1 (Section top: 128.5 mbsf) Pillow basalt Pieces: 1 - 16 PHENOCRYSTS: None. GROUNDMASS: Very fine grained. VESICLES: None vesicular from piece 1 - 6, sparsely vesicular from piece 7 - 16, rounded and ~ 1 mm; some are filled, others are empty. COLOR: Varies due to alteration, from 2.5Y 5/1 to 2.5Y 5/2, gray to grayish brown. STRUCTURE: Section is broken into many pieces. ALTERATION: Moderately alteration, vesicles and veins are filled with, Fe oxyhydroxides, clays and minor carbonate alteration material. The section is yellow/green (epidote ?) on the outside. Alteration halos ~ 1 cm around several pieces and veins. Hyaloclastite has carbonate matrix, pieces of glass ~ 1 - 2 mm.",CORE  128.5 - 129.83  MBSF
F,200,1224,F,13,R,133.5,136.48,NA,"IGNEOUS 200-1224F-13R-1 (Section top: 133.5 mbsf) Aphyric basalt Pieces: 1 - 14 PHENOCRYSTS: None. GROUNDMASS: Very fine grained (avg. size 0.3 mm). VESICLES: Non-vesicular COLOR: Varies due to alteration, 2.5Y 5/1, 2.5Y 5/2, 2.5Y 5/3, gray, grayish brown, light olive brown reectively. STRUCTURE: Fractures and veins. Every piece is fractured. Veins throughout with the alteration material is Fe oxyhydroxides, clay, and green material (epidote ?). ALTERATION: Moderately to high alteration. Abundant Fe oxyhydroxides throughout, clay material throughout. High amount of carbonate in pieces 9 and 10. Green material (epidote ?) Is abundant in pieces 1 - 7.",CORE  133.5 - 136.48  MBSF
F,200,1224,F,13,R,133.5,136.48,NA,"IGNEOUS 200-1224F-13R-2 (Section top: 134.98 mbsf) Aphyric basalt Pieces: 1 - 22 PHENOCRYSTS: None. GROUNDMASS: Very fine grained. VESICLES: Non-vesicular in pieces 1 - 5, sparsely vesicular in pieces 6 - 22, rounded, ? 1 mm, some are filled and some are empty. COLOR: Varies due to alteration, 2.5Y 6/1, 2.5Y 5/1, 2.5Y 5/2, gray to grayish brown. STRUCTURE: Section is broken into pieces, hairlike fractures in pieces 9, 11, 16, 17, and 19. No preferred orientation. Filling is Fe oxyhydroxides, carbonate and clays. ALTERATION: Moderately altered, Fe oxyhydroxides, carbonate and clays throughout. Green material (epidote ?) on the outside of pieces 8 - 11. Alteration halos throughout <= 2.5 cm.",CORE  133.5 - 136.48  MBSF
F,200,1224,F,14,R,143.2,145.41,NA,"IGNEOUS 200-1224F-14R-1 (Section top: 143.2 mbsf) Aphyritic basalt Pieces: 1 - 11 PHENOCRYSTS: None. GROUNDMASS: Very fine grained (avg. size 0.4 mm). VESICLES: Non-vesicular in pieces 1 and 7- 11. Sparsely vesicular in pieces 2 - 6. Rounded, some empty.  COLOR: Varies due to alteration, 2.5Y 5/1, 2.5Y 5/2, 2.5Y 5/3, 2.5Y 5/4, gray grayish brown, light olive brown. STRUCTURE: Appears that fractures and veins in pieces 5 - 8 have preferred orientation, (diagonal, subparallel). ALTERATION: Alteration ranges from slightly in piece 1, to moderate in pieces 2, 10, and 11, to high in pieces 3 - 9. Fe oxyhydroxides, carbonates, and clays fill veins and vesicles. Alteration halos are large ranging from 0.5 cm - 6 cm. ADDITIONAL COMMENTS: Piece 1 may be out of place (fallen downcore).",CORE  143.2 - 145.41  MBSF
F,200,1224,F,14,R,143.2,145.41,NA,"IGNEOUS 200-1224F-14R-2 (Section top: 144.62 mbsf) Fine grained basalt Pieces: 1 - 9 PHENOCRYSTS: None. GROUNDMASS: Fine grained (avg. size 0.8 mm). VESICLES: None. COLOR: Varies around veins due to alteration. The area with no halos is 5BG 4/1, dark greenish gray. The section is more bluish than any other. STRUCTURE: Section fractured. Veins and fractures in pieces 1 - 6. Veins are subvertical. ALTERATION: Slight alteration. Pieces 1 - 6 have alteration halos measuring about 0.5 cm - 1.0 cm. Green gray material throughout; and Fe oxyhydroxides and carbonates filling fractures. Pieces 7 - 9 are less altered (contain no green gray material, Fe oxyhydroxides or carbonate).",CORE  143.2 - 145.41  MBSF
F,200,1224,F,15,R,152.4,153.74,NA,"IGNEOUS 200-1224F-15R-1 (Section top: 152.4 mbsf) Basalt Pieces: 1 - 13 PHENOCRYSTS: None. GROUNDMASS: Pieces 1 - 9 are very fine grained, pieces 10 - 13 are fine grained (avg. size 0.8 mm). VESICLES: Non-vesicular in pieces 4 and 7 - 13, sparsely vesicular in pieces 1 - 3, 5 and 6. Rounded, some are filled, some are empty COLOR: Pieces 1 - 9 are 2.5Y 5/1, gray. Pieces 10 - 13 are 5B 5/1, bluish gray. STRUCTURE: Pieces 1- 9 are more fractured than pieces 10 - 13, which are basically massive. ALTERATION: Pieces 1 - 9 are moderately altered, contain clays, Fe oxyhydroxides alteration halos measuring about 1 cm. Pieces 10 - 13 are slightly altered and only have minor clays and some pyrite in fracture.",CORE  152.4 - 153.74  MBSF
