Expedition.Leg,Site_Number,Hole,Core_Number,Core_Type,Core_Top_MBSF,Core_Bottom_MBSF,Age,Description,Core_ID
188,1166,A,1,R,0,3.03,"0-2.79 mbsf: Holocene, 2.79-3.03 mbsf:  Holocene to late Pliocene","SANDY SILTY CLAY and DIAMICTON Sections 1 and 2 are composed of homogeneous, poorly sorted SANDY SILTY CLAY with scattered lonestones, of both igneous and metamorphic origin, up to 4 cm in diameter. Section 3, 0-17 cm, is structureless clast-poor massive DIAMICTON.",CORE  0 - 3.03  MBSF
188,1166,A,2,R,10.4,10.7,Holocene to late Pliocene,PEBBLES AND COBBLES Only 7 loose PEBBLES and COBBLES were recovered in this core. Most are granite and dolerite. No sediment was recovered and the pebbles may have fallen downhole during drilling.,CORE  10.4 - 10.7  MBSF
188,1166,A,3,R,19.8,21.59,Holocene to late Pliocene,"DIAMICTON This core is massive clast-rich DIAMICTON with matrix of silty and clayey sand. Coal granules occur in Section 1, 87 cm. Section 1, 0-31 cm is diorite (granodiorite?) boulder. There is garnet-bearing quartzite pebble (2 3 cm) in Section 1, 100 cm. Section 2 is only loose pebbles, which include diorite, gneiss and granodiorite, and are up to 5 cm in diameter. No sediment occurs with the pebbles, so they may have fallen downhole during drilling.",CORE  19.8 - 21.59  MBSF
188,1166,A,4,R,29.2,29.31,Holocene to late Pliocene,PEBBLES Core consists of 2 pebbles; each is 4 cm in diameter. One is gneiss and the other is dolerite. These pebbles may have fallen downhole during drilling.,CORE  29.2 - 29.31  MBSF
188,1166,A,5,R,38.2,39.6,Holocene to late Pliocene,"DIAMICTON This core is massive clast-rich DIAMICTON with matrix of silty and clayey sand. There is quartzite pebble (2 2 cm) at 57 cm and scattered igneous and metamorphic pebble-sized lonestones are observed thoughout. Section1, 0-9 cm contains 2 large (up to 6 cm diameter) dark igneous lonestones. Section 1, 126-135 cm contains 4 large lonestones (up to 7 cm in diameter), which are granites and quartzites.",CORE  38.2 - 39.6  MBSF
188,1166,A,6,R,47.3,47.41,Holocene to late Pliocene,PEBBLES This core consists of 3 loose PEBBLES of metamorphic rock up to 3 cm in diameter.,CORE  47.3 - 47.41  MBSF
188,1166,A,7,R,56.4,56.53,Holocene to late Pliocene,"PEBBLES This core contains 5 loose PEBBLES up to 5 cm in diameter. These pebbles are garnet-bearing quartzite, igneous, dark metamorphic and dolerite rocks. No sediment was recovered.",CORE  56.4 - 56.53  MBSF
188,1166,A,8,R,65.4,66.33,Holocene to late Pliocene,"DIAMICTON This core consists of dark gray, massive, clast-rich DIAMICTON with matrix of silty and clayey sand. Granule and pebble-sized clasts are dispersed through the lenght of the core and appear to be igneous and metamorphic in origin. Section1, 85-93 cm, contains 1 large (up to 8 cm diameter) dark metamorphic lonestone.",CORE  65.4 - 66.33  MBSF
188,1166,A,9,R,75,76.2,Holocene to late Pliocene,"DIAMICTON This core consists of dark gray, massive, clast-rich DIAMICTON with matrix of silty and clayey sand. Granule and pebble-sized clasts are dispersed through the length of the core and appear to be igneous and metamorphic in origin. Section 1, 0-6 cm, contains one large dark colored dolerite lonestone (up to 6 cm diameter). In Section 1, 68-74 cm, 2 cm clast of reddish diorite and 1 cm clast of garnet gneiss occur. In Section 2, 0-6 cm, two lonestones (2x4 cm garnet gneiss, 1 cm-scale quartz diorite) and 16-19 cm, one biotite gneiss (2x4 cm) are present.",CORE  75 - 76.2  MBSF
188,1166,A,10,R,84.4,85.18,Holocene to late Pliocene,"DIAMICTON This core consists of dark gray, massive, clast-rich DIAMICTON with matrix of silty and clayey sand. Granule and pebble-sized clasts are dispersed through the lenght of the core and appear to be igneous and metamorphic in origin. Section 1, 0-5 cm, contains 3 loose lonestones; 2 are dark colored dolerite. Section 1, 29-30 cm, contains 2x3 cm clast of dark hornblende gneiss and Section 1, 35-39 cm contains 3x4 cm gneiss clast.",CORE  84.4 - 85.18  MBSF
188,1166,A,11,R,94,95.75,Holocene to late Pliocene,"DIAMICTON This core consists of dark gray, massive, clast-rich DIAMICTON with matrix of sandy, clayey silt. Granule and pebble-sized clasts are dispersed throughout the length of the core and appear to be igneous and metamorphic in origin. Thin sand and granule-rich layers are present in Section 1, 71-72 cm, 79-80 cm, and 82-84 cm. Section1, 2-6 cm, contains 2x6 cm gneiss pebble, 74-75 cm, shows cm-scale coal clast, and Section 2, 20-24 cm, an isolated grayish granite clast. In Section 1, 49-50 cm, calcareous shell fragment is present.",CORE  94 - 95.75  MBSF
188,1166,A,12,R,103.7,106.42,Holocene to late Pliocene,"DIAMICTON This core consists of dark gray, massive, clast-poor DIAMICTON with matrix of clayey silt. Granule- and pebble-sized clasts (up to 4 cm diameter) are dispersed throughout the length of the core and are predominantly igneous and metamorphic. Section 1, 59 cm, contains 1 cm piece of coal.",CORE  103.7 - 106.42  MBSF
188,1166,A,13,R,113.3,117.25,Pleistocene to late Pliocene,"SANDY CLAYEY SILT, CLAYEY SILT and DIATOM-BEARING SILTY CLAY This core consists of dark gray, poorly sorted SANDY CLAYEY SILT with lonestones and granules interbedded with greenish gray CLAYEY SILT with dispersed granules and sand and DIATOM-BEARING SILTY CLAY. Section 1, 48-95 cm contains less sandy material and faint laminae are present. In Section 2, 69 cm, sharp inclined contact occurs between sandy clayey silt and poorly sorted pebbly clayey silt material. Sandy clayey silt material contains few mudclasts. In Section 3, 20-31 cm, the sediments are more clayey. Pebbles and granules are common throughout the core in dark gray intervals. The lonestones include mafic igneous rocks and white quartzite. Burrows occur in Section 1, 51-52 cm, 129-130 cm, and Section 3, 20-22 cm.",CORE  113.3 - 117.25  MBSF
188,1166,A,14,R,123,131.93,Pleistocene to late Pliocene,"DIAMICTON, CLAYEY SILT and CLAYEY SANDY SILT This core consists of massive clast-poor to clast-rich DIAMICTON, CLAYEY SILT, and CLAYEY SANDY SILT. Pebbles and granules are common throughout the core. DIAMICTON occurs in Section 1, 0 cm, to Section 2, 60 cm and is clast rich in Section 1, 0-52 cm and clast poor below 52 cm. The clast-poor DIAMICTON displays minor faint bedding and crude lamination. Clast lithologies are diorite gneiss, granite and rare coal. CLAYEY SILT and CLAYEY SANDY SILT comprise most of the remainder of the core down to Section 6, 95 cm. Pebbles are common in the silt and include rare coal (Section 1, 46 cm and Section 5, 112 cm), pyrite, granite, and diorite. Section 6, 95 cm, through Section 7 is clast-poor DIAMICTON.",CORE  123 - 131.93  MBSF
188,1166,A,15,R,132.6,142.5,"132.6-135.41 mbsf: Pleistocene to late Pliocene, 135.63-142.5 mbsf:  early Oligocene to late Eocene","SANDY CLAYEY SILT, CLAYEY SILT, CLAYSTONE and DIATOM-BEARING CLAYSTONE This core consists of dark gray, poorly sorted SANDY CLAYEY SILT to CLAYEY SILT with dispersed granules and sand clasts and olive green CLAYSTONE with 2-5 cm thick SAND beds as minor lithology. A sand bed in Section 6 is graded with sharp lower contact. Pebbles are mostly igneous rocks gneiss. Rare pebble-size coal fragments occur in Section 2. In Section 6, 65 cm, to Section 7, 53 cm, the major sediment type is DIATOM-BEARING CLAYSTONE. Clayey intervals with thin sand beds show burrows.",CORE  132.6 - 142.5  MBSF
188,1166,A,16,R,142.2,148.36,early Oligocene to late Eocene,"CLAYSTONE and CLAYEY SAND This core consists of massive, olive green CLAYSTONE with 5-20 cm thick CLAYEY SAND beds. In Section 2, the sand beds are not as well defined as in the rest of the core, and are much more strongly bioturbated in their lower contacts. CLAYSTONE is moderately bioturbated and contains few dispersed sand to granule-sized clasts throughout the core. Some sand beds are graded and show sharp lower contacts.",CORE  142.2 - 148.36  MBSF
188,1166,A,17,R,151.4,156.99,"151.4-156.45 mbsf: early Oligocene to late Eocene, 156.45-156.99 mbsf: Eocene","CLAYSTONE and CLAYEY SAND This core consists of massive, dark greenish CLAYSTONE with dispersed clasts and an interval of interbedded CLAYSTONE and SAND beds with rare dispersed clasts. Some convergent CLAYSTONE beds in these intervals indicate cross-lamination. Dispersed clasts include dark-colored metamorphic and igneous rock, light-colored quartzite fragments, also whitish biogenic fragmentary material. In Section 1, 0-45 cm, CLAYSTONE is bioturbated. In Section 4, 70-95 cm, the core consists of massive to normal graded coarse SAND as minor lithology.",CORE  151.4 - 156.99  MBSF
188,1166,A,18,R,161,163.6,Eocene,"SAND and SANDSTONE This core is massive, coarse gray SAND from Section 1, 0 cm, to Section 2, 66 cm. The rest of the core is massive, coarse gray SANDSTONE. Dispersed granules are common throughout and pebbles are rare.",CORE  161 - 163.6  MBSF
188,1166,A,19,R,170.6,170.98,Eocene,"SAND This core is massive, coarse gray SAND. Dispersed granules are common and pebbles are rare.",CORE  170.6 - 170.98  MBSF
188,1166,A,20,R,180.3,180.4,Eocene,"SAND This core is massive, coarse gray SAND. Granules are common and pebbles are rare.",CORE  180.3 - 180.4  MBSF
188,1166,A,22,R,199.5,200.67,Eocene,"SAND and SANDSTONE This core is gray medium to coarse SAND and SANDSTONE. Section 1, 10-101 cm, is matrix-supported very coarse sand with abundant dispersed granules and common dispersed pebbles. The sand is quartz rich and grains are angular to rounded. Section 1, 101-111 cm, is medium to coarse sandstone with abundant dispersed granules. Three loose pebbles up to 5 cm in diameter occur in Section1, 0-10 cm, and probably fell downhole during drilling.",CORE  199.5 - 200.67  MBSF
188,1166,A,23,R,209.1,210.18,Eocene,"SAND This core is matrix-supported, very coarse gray SAND with abundant dispersed granules and rare pebbles. Coal fragments are rare (e.g., in Section 1, 45 cm). Sand grains are angular to subrounded.",CORE  209.1 - 210.18  MBSF
188,1166,A,24,R,218.7,220.85,Eocene,"SAND This core is gray, matrix-supported very coarse SAND with abundant granules and rare small pebbles. Grains are angular to rounded. Rare pieces of carbonized wood are present and Section CC, 13-15 cm contains large (3 cm) piece of carbonized wood low-grade coal. Section 1, 0-4 cm, contains 3-cm diameter garnet-bearing quartzite pebble, which probably fell downhole during drilling.",CORE  218.7 - 220.85  MBSF
188,1166,A,25,R,228.3,230.05,Eocene,"SAND This core is gray matrix-supported, very coarse SAND with abundant granules and rare small pebbles.",CORE  228.3 - 230.05  MBSF
188,1166,A,26,R,237.9,240.36,Eocene,"SAND and SILTY SANDSTONE This core is predominantly gray matrix-supported, very coarse SAND with abundant dispersed granules and rare pebbles. Grains are angular to rounded. Rare fragments of carbonized wood coal are present. Section 2, 70-76 cm, is dark gray SILTY SANDSTONE composed mainly of fine sand grains and cemented with carbonate cement. The upper contact of this bed is inclined from 70 to 76 cm. A mixing zone at this contact contains coal fragment and sand pebble from the coarse sand above.",CORE  237.9 - 240.36  MBSF
188,1166,A,27,R,247.6,249.42,Eocene,"SAND This core is gray matrix-supported, very coarse SAND with abundant granules and rare small pebbles. Sand is deformed by soft-sediment deformation in Section 1, 83-150 cm, and Section 2, 0-27 cm. Deformation features include inclined layers, folds, flowage and truncated layers. These deformed layers show both gray and brownish gray color bands.",CORE  247.6 - 249.42  MBSF
188,1166,A,28,R,257.2,259.04,Eocene,"SAND This core consists of matrix-supported, very coarse SAND with abundant granules and rare small pebbles. Colors range from light to very dark gray. The sands are highly deformed by soft sediment deformation which includes folds, truncated and dipping beds and flowage. Section 1, 36-60 cm, has deformed beds of carbonitized organic material lignite. Section 1, 0-7 cm, has clay clasts, cemented sand clasts and gneiss pebble, which probably were emplaced by drilling.",CORE  257.2 - 259.04  MBSF
188,1166,A,29,R,266.8,267.18,Eocene,"SAND This core is matrix-supported, gray to black very coarse SAND with abundant granules and rare small pebbles. The entire core appears to be deformed by soft-sediment deformation. Section 1, 0-10 cm, contains claystone and mud chips that were apparently emplaced by drilling.",CORE  266.8 - 267.18  MBSF
188,1166,A,30,R,276.4,276.6,Turonian (Late Cretaceous),"CLAY This core is black CLAY. Section 1, 0-4 cm, has 4 cm pebble and carbonitized wood coal clast, both of which may have been emplaced by drilling.",CORE  276.4 - 276.6  MBSF
188,1166,A,31,R,286,288.26,Turonian (Late Cretaceous),"SANDY SILT and SAND This core consists of interbeds of dark gray to black SANDY SILT and laminated very fine to fine SAND. The sand displays cross-stratification in some intervals. The sand and sandy silt intervals contain abundant mica and varying amounts of dark organic detritus. In Section 1, 4-7 cm, the sediment is dark gray to black fine-grained SAND. In Section1, 7-11 cm and Section 2, 19-53 cm, the sand is olive brown. An interval with synsedimentary deformation is present in Section 2, 36-48 cm, and is probably caused by fluid escape.",CORE  286 - 288.26  MBSF
188,1166,A,32,R,295.3,298.33,Turonian (Late Cretaceous),"SANDY SILT and SAND This core consists of dark gray to black, very fine SANDY SILT and thin intervals of laminated, very fine to fine SAND, which displays intervals of cross-stratification. Sand and sandy silt intervals consist varying amounts of dark organic detritus, which forms laminae in some intervals. In Section 1, 82-90 cm, 114-119 cm and Section 2, 96-101 cm, 2-6 cm thick intervals of brownish lithified SAND with possible siderite cement occur. Burrow-like structures are present in Section 1, 48-62 cm, 100-104 cm, 121-134 cm, and in Section 2, 5-17 cm , 88-96 cm, and 100-128 cm.",CORE  295.3 - 298.33  MBSF
188,1166,A,34,R,313.9,314.96,Turonian (Late Cretaceous),"SANDY SILT and SAND This core consists of dark gray to black, very fine SANDY SILT and thin cm-scale intervals of laminated, very fine to fine SAND. Sand and sandy silt intervals show color alternations from dark gray to brown. Dark organic detritus forms individual laminae in Section 1, 30-38 cm. In Section 1, 97-101 cm, coarser sandy material occurs. One 1x1 cm pyrite nodule is present in Section 1, 36 cm.",CORE  313.9 - 314.96  MBSF
188,1166,A,37,R,342.8,343,Turonian (Late Cretaceous),SANDY SILT and CLAY This core consists of gray SANDY SILT and laminated gray CLAY. The core is disturbed by drilling and consists of two biscuits showing these lithologies and gray drilling slurry.,CORE  342.8 - 343  MBSF
188,1166,A,39,R,362,362.03,NA,This core consists of one 6x4 cm granite pebble and no sediment recovery,CORE  362 - 362.03  MBSF
