Expedition/Leg,Site,Hole,Core Number,Core Type,Top depth cored (m),Bottom depth recovered (m),Age,Description,Core ID
141,862,B,1,W,0,0.4,NA,"SILTSTONE Major Lithology: Interval 21-32 cm in this core consists of dark greenish gray (5GY 4/1), structureless SILTSTONE. General Description: Rest of the core consists of igneous rock pieces. 141-862B-1W-1 SUBUNIT IA: MODERATELY PLAGIOCLASE-HORNBLENDE PHYRIC RHYO- LITE, SUBUNIT IA or IB: MODERATELY PLAGIOCLASE-HORNBLENDE PHYRIC DACITE ",CORE 0 - 0.4 MBSF
141,862,B,2,X,17.5,21.65,NA,"CLAYSTONE AND SILTY CLAYSTONE and SANDSTONE Major Lithologies: This core consists of olive gray (5Y 4/1) CLAYSTONE and SILTY CLAYSTONE moderately interbedded with thin layers of dark greenish gray (5GY 4/1), laminated to cross-bedded, very fine- to fine-grained SANDSTONE. Minor Lithologies: Sandstone interval 45-50 cm in Section 1 is trough cross-bedded but in 142-150 cm foreset laminae sets truncate at a relatively low angle. Layers of lapilli-sized, blocky shaped vitric fragments occur in Section 2, 11-12 cm, 85-86 cm, and 126-128 cm. Laminated fine- to medium-grained SANDSTONE occurs in Section CC, 21-27 cm. From 25 to 27 cm in CC, color is brownish (10 YR 3/4). Underlying SILTY CLAYSTONE in CC, 28-29 cm is brownish gray (10 YR 4/1) and has a lower contact against glassy-rimmed pillow basalt. Brownish colors are mostly due to iron-oxide pigment occuring in sandstone and silty claystone. General Description: Fine-grained portions of this core are predominantly brecciated in situ. Normal faulting is present in Section CC, 20-30 cm. 141-862B-2X-CC SUBUNIT Ha: MODERATELY PLAGIOCLASE-OLIVINE PHYRIC BASALT",CORE 17.5 - 21.65 MBSF
141,862,B,3,X,27.1,28.39,NA,141-862B-3X-1 SUBUNIT IIB: HIGHLY PLAGIOCLASE-PYROXENE-OLIVINE PHYRIC BASALT,CORE 27.1 - 28.39 MBSF
141,862,B,4,X,36.5,38.46,NA,"141-862B-4X-1 SUBUNIT IIC: MODERATELY PLAGIOCLASE-HORNBLENDE PHYRIC RHYOLITE, SUBUNIT IId: MODERATELY PLAGIOCLASE PHYRIC BASALT, SUBUNIT IIe: MODERATELY PLAGIOCLASE PHYRIC BASALT ; 141-862B-4X-2 SUBUNIT llf: HIGHLY PYROXENE-PLAGIOCLASE-OLIVINE PHYRIC BASALT",CORE 36.5 - 38.46 MBSF
,,,,,,,,,
,,,,,,,,,
